prompt_id,checkpoint,n,q,rho,attack,support_size,selection_combined,statistic,test_rate,relative_l2,final_relative_residual,delta_residual_cosine,cosine_after_attack
eval_001,prefill__C1,16384,64,0.0,honest,0,,spike,0.00439453125,0.0,0.006155069813723601,0.0,0.9999927276506787
eval_001,prefill__C1,16384,64,0.0,honest,0,,energy,0.00439453125,0.0,0.006155069813723601,0.0,0.9999927276506787
eval_001,prefill__C1,16384,64,0.0,honest,0,,directional,0.00439453125,0.0,0.006155069813723601,0.0,0.9999927276506787
eval_001,prefill__C1,16384,64,0.0,honest,0,,combined,0.00634765625,0.0,0.006155069813723601,0.0,0.9999927276506787
eval_001,prefill__C1,16384,64,0.01,fixed_diffuse,16384,1.0,spike,0.00244140625,0.01,0.01174243945744714,-2.5265343833020014e-18,0.9999423393010997
eval_001,prefill__C1,16384,64,0.01,fixed_diffuse,16384,1.0,energy,1.0,0.01,0.01174243945744714,-2.5265343833020014e-18,0.9999423393010997
eval_001,prefill__C1,16384,64,0.01,fixed_diffuse,16384,1.0,directional,0.1875,0.01,0.01174243945744714,-2.5265343833020014e-18,0.9999423393010997
eval_001,prefill__C1,16384,64,0.01,fixed_diffuse,16384,1.0,combined,1.0,0.01,0.01174243945744714,-2.5265343833020014e-18,0.9999423393010997
eval_001,prefill__C1,16384,64,0.01,fixed_directional,16371,1.0,spike,0.00244140625,0.009999999999999998,0.01174243945744714,-2.1233640029878523e-18,0.9999424538820826
eval_001,prefill__C1,16384,64,0.01,fixed_directional,16371,1.0,energy,1.0,0.009999999999999998,0.01174243945744714,-2.1233640029878523e-18,0.9999424538820826
eval_001,prefill__C1,16384,64,0.01,fixed_directional,16371,1.0,directional,0.99755859375,0.009999999999999998,0.01174243945744714,-2.1233640029878523e-18,0.9999424538820826
eval_001,prefill__C1,16384,64,0.01,fixed_directional,16371,1.0,combined,1.0,0.009999999999999998,0.01174243945744714,-2.1233640029878523e-18,0.9999424538820826
eval_001,prefill__C1,16384,64,0.01,fixed_sparse16,16,0.078125,spike,0.0595703125,0.01,0.011742439457447141,-2.687802535427661e-20,0.9999422479775196
eval_001,prefill__C1,16384,64,0.01,fixed_sparse16,16,0.078125,energy,0.0595703125,0.01,0.011742439457447141,-2.687802535427661e-20,0.9999422479775196
eval_001,prefill__C1,16384,64,0.01,fixed_sparse16,16,0.078125,directional,0.05859375,0.01,0.011742439457447141,-2.687802535427661e-20,0.9999422479775196
eval_001,prefill__C1,16384,64,0.01,fixed_sparse16,16,0.078125,combined,0.06103515625,0.01,0.011742439457447141,-2.687802535427661e-20,0.9999422479775196
eval_001,prefill__C1,16384,64,0.01,adaptive_joint,16,0.0390625,spike,0.03857421875,0.01000000019384314,0.011742439622472156,-1.0319621655293724e-11,0.9999422453937212
eval_001,prefill__C1,16384,64,0.01,adaptive_joint,16,0.0390625,energy,0.0390625,0.01000000019384314,0.011742439622472156,-1.0319621655293724e-11,0.9999422453937212
eval_001,prefill__C1,16384,64,0.01,adaptive_joint,16,0.0390625,directional,0.037109375,0.01000000019384314,0.011742439622472156,-1.0319621655293724e-11,0.9999422453937212
eval_001,prefill__C1,16384,64,0.01,adaptive_joint,16,0.0390625,combined,0.0419921875,0.01000000019384314,0.011742439622472156,-1.0319621655293724e-11,0.9999422453937212
eval_001,prefill__C1,16384,64,0.02,fixed_diffuse,16384,1.0,spike,0.013671875,0.02,0.02092569913794546,8.221316005239358e-18,0.99979152931683
eval_001,prefill__C1,16384,64,0.02,fixed_diffuse,16384,1.0,energy,1.0,0.02,0.02092569913794546,8.221316005239358e-18,0.99979152931683
eval_001,prefill__C1,16384,64,0.02,fixed_diffuse,16384,1.0,directional,0.5146484375,0.02,0.02092569913794546,8.221316005239358e-18,0.99979152931683
eval_001,prefill__C1,16384,64,0.02,fixed_diffuse,16384,1.0,combined,1.0,0.02,0.02092569913794546,8.221316005239358e-18,0.99979152931683
eval_001,prefill__C1,16384,64,0.02,fixed_directional,16371,1.0,spike,0.01806640625,0.019999999999999997,0.020925699137945463,-2.1233640029878523e-18,0.999791234810511
eval_001,prefill__C1,16384,64,0.02,fixed_directional,16371,1.0,energy,1.0,0.019999999999999997,0.020925699137945463,-2.1233640029878523e-18,0.999791234810511
eval_001,prefill__C1,16384,64,0.02,fixed_directional,16371,1.0,directional,1.0,0.019999999999999997,0.020925699137945463,-2.1233640029878523e-18,0.999791234810511
eval_001,prefill__C1,16384,64,0.02,fixed_directional,16371,1.0,combined,1.0,0.019999999999999997,0.020925699137945463,-2.1233640029878523e-18,0.999791234810511
eval_001,prefill__C1,16384,64,0.02,fixed_sparse16,16,0.06640625,spike,0.06640625,0.02,0.020925699137945467,-5.980360641326546e-19,0.9997908352730334
eval_001,prefill__C1,16384,64,0.02,fixed_sparse16,16,0.06640625,energy,0.06640625,0.02,0.020925699137945467,-5.980360641326546e-19,0.9997908352730334
eval_001,prefill__C1,16384,64,0.02,fixed_sparse16,16,0.06640625,directional,0.064453125,0.02,0.020925699137945467,-5.980360641326546e-19,0.9997908352730334
eval_001,prefill__C1,16384,64,0.02,fixed_sparse16,16,0.06640625,combined,0.06787109375,0.02,0.020925699137945467,-5.980360641326546e-19,0.9997908352730334
eval_001,prefill__C1,16384,64,0.02,adaptive_joint,16,0.0703125,spike,0.05126953125,0.019999999473931003,0.02092569863647944,2.2625947020293206e-10,0.9997908496745648
eval_001,prefill__C1,16384,64,0.02,adaptive_joint,16,0.0703125,energy,0.05224609375,0.019999999473931003,0.02092569863647944,2.2625947020293206e-10,0.9997908496745648
eval_001,prefill__C1,16384,64,0.02,adaptive_joint,16,0.0703125,directional,0.04638671875,0.019999999473931003,0.02092569863647944,2.2625947020293206e-10,0.9997908496745648
eval_001,prefill__C1,16384,64,0.02,adaptive_joint,16,0.0703125,combined,0.0537109375,0.019999999473931003,0.02092569863647944,2.2625947020293206e-10,0.9997908496745648
eval_001,prefill__C1,16384,64,0.05,fixed_diffuse,16384,1.0,spike,0.52587890625,0.05000000000000002,0.05037742435269803,-1.34390126771383e-18,0.9987331698960284
eval_001,prefill__C1,16384,64,0.05,fixed_diffuse,16384,1.0,energy,1.0,0.05000000000000002,0.05037742435269803,-1.34390126771383e-18,0.9987331698960284
eval_001,prefill__C1,16384,64,0.05,fixed_diffuse,16384,1.0,directional,0.77783203125,0.05000000000000002,0.05037742435269803,-1.34390126771383e-18,0.9987331698960284
eval_001,prefill__C1,16384,64,0.05,fixed_diffuse,16384,1.0,combined,1.0,0.05000000000000002,0.05037742435269803,-1.34390126771383e-18,0.9987331698960284
eval_001,prefill__C1,16384,64,0.05,fixed_directional,16371,1.0,spike,0.57470703125,0.05,0.05037742435269802,-7.117301113812444e-18,0.9987334702743951
eval_001,prefill__C1,16384,64,0.05,fixed_directional,16371,1.0,energy,1.0,0.05,0.05037742435269802,-7.117301113812444e-18,0.9987334702743951
eval_001,prefill__C1,16384,64,0.05,fixed_directional,16371,1.0,directional,1.0,0.05,0.05037742435269802,-7.117301113812444e-18,0.9987334702743951
eval_001,prefill__C1,16384,64,0.05,fixed_directional,16371,1.0,combined,1.0,0.05,0.05037742435269802,-7.117301113812444e-18,0.9987334702743951
eval_001,prefill__C1,16384,64,0.05,fixed_sparse16,16,0.06640625,spike,0.06005859375,0.05,0.05037742435269802,1.1826331155881706e-19,0.9987329438246779
eval_001,prefill__C1,16384,64,0.05,fixed_sparse16,16,0.06640625,energy,0.06005859375,0.05,0.05037742435269802,1.1826331155881706e-19,0.9987329438246779
eval_001,prefill__C1,16384,64,0.05,fixed_sparse16,16,0.06640625,directional,0.06005859375,0.05,0.05037742435269802,1.1826331155881706e-19,0.9987329438246779
eval_001,prefill__C1,16384,64,0.05,fixed_sparse16,16,0.06640625,combined,0.06201171875,0.05,0.05037742435269802,1.1826331155881706e-19,0.9987329438246779
eval_001,prefill__C1,16384,64,0.05,adaptive_joint,16,0.076171875,spike,0.06396484375,0.05000000273764303,0.0503774270706357,1.317541852570054e-10,0.9987329570479149
eval_001,prefill__C1,16384,64,0.05,adaptive_joint,16,0.076171875,energy,0.06396484375,0.05000000273764303,0.0503774270706357,1.317541852570054e-10,0.9987329570479149
eval_001,prefill__C1,16384,64,0.05,adaptive_joint,16,0.076171875,directional,0.0634765625,0.05000000273764303,0.0503774270706357,1.317541852570054e-10,0.9987329570479149
eval_001,prefill__C1,16384,64,0.05,adaptive_joint,16,0.076171875,combined,0.06591796875,0.05000000273764303,0.0503774270706357,1.317541852570054e-10,0.9987329570479149
eval_001,prefill__C1,16384,128,0.0,honest,0,,spike,0.01171875,0.0,0.006155069813723601,0.0,0.9999927276506787
eval_001,prefill__C1,16384,128,0.0,honest,0,,energy,0.01171875,0.0,0.006155069813723601,0.0,0.9999927276506787
eval_001,prefill__C1,16384,128,0.0,honest,0,,directional,0.01171875,0.0,0.006155069813723601,0.0,0.9999927276506787
eval_001,prefill__C1,16384,128,0.0,honest,0,,combined,0.01171875,0.0,0.006155069813723601,0.0,0.9999927276506787
eval_001,prefill__C1,16384,128,0.01,fixed_diffuse,16384,0.001953125,spike,0.01171875,0.01,0.011742439457447141,4.582703322904162e-18,0.999942139991039
eval_001,prefill__C1,16384,128,0.01,fixed_diffuse,16384,0.001953125,energy,0.01171875,0.01,0.011742439457447141,4.582703322904162e-18,0.999942139991039
eval_001,prefill__C1,16384,128,0.01,fixed_diffuse,16384,0.001953125,directional,0.00927734375,0.01,0.011742439457447141,4.582703322904162e-18,0.999942139991039
eval_001,prefill__C1,16384,128,0.01,fixed_diffuse,16384,0.001953125,combined,0.01171875,0.01,0.011742439457447141,4.582703322904162e-18,0.999942139991039
eval_001,prefill__C1,16384,128,0.01,fixed_directional,16371,1.0,spike,0.01171875,0.009999999999999998,0.01174243945744714,-2.1233640029878523e-18,0.9999424538820826
eval_001,prefill__C1,16384,128,0.01,fixed_directional,16371,1.0,energy,0.01171875,0.009999999999999998,0.01174243945744714,-2.1233640029878523e-18,0.9999424538820826
eval_001,prefill__C1,16384,128,0.01,fixed_directional,16371,1.0,directional,1.0,0.009999999999999998,0.01174243945744714,-2.1233640029878523e-18,0.9999424538820826
eval_001,prefill__C1,16384,128,0.01,fixed_directional,16371,1.0,combined,1.0,0.009999999999999998,0.01174243945744714,-2.1233640029878523e-18,0.9999424538820826
eval_001,prefill__C1,16384,128,0.01,fixed_sparse16,16,0.001953125,spike,0.01171875,0.01,0.011742439457447143,-8.063407606282983e-20,0.9999422375854392
eval_001,prefill__C1,16384,128,0.01,fixed_sparse16,16,0.001953125,energy,0.01171875,0.01,0.011742439457447143,-8.063407606282983e-20,0.9999422375854392
eval_001,prefill__C1,16384,128,0.01,fixed_sparse16,16,0.001953125,directional,0.01220703125,0.01,0.011742439457447143,-8.063407606282983e-20,0.9999422375854392
eval_001,prefill__C1,16384,128,0.01,fixed_sparse16,16,0.001953125,combined,0.0126953125,0.01,0.011742439457447143,-8.063407606282983e-20,0.9999422375854392
eval_001,prefill__C1,16384,128,0.01,adaptive_joint,16384,0.0,spike,0.0,0.00999999710444207,0.011742437206479371,4.1002388237267266e-08,0.9999368807602934
eval_001,prefill__C1,16384,128,0.01,adaptive_joint,16384,0.0,energy,0.0,0.00999999710444207,0.011742437206479371,4.1002388237267266e-08,0.9999368807602934
eval_001,prefill__C1,16384,128,0.01,adaptive_joint,16384,0.0,directional,0.00390625,0.00999999710444207,0.011742437206479371,4.1002388237267266e-08,0.9999368807602934
eval_001,prefill__C1,16384,128,0.01,adaptive_joint,16384,0.0,combined,0.00390625,0.00999999710444207,0.011742437206479371,4.1002388237267266e-08,0.9999368807602934
eval_001,prefill__C1,16384,128,0.02,fixed_diffuse,16384,0.03515625,spike,0.01171875,0.020000000000000004,0.020925699137945463,2.9565827889704264e-18,0.9997912168938429
eval_001,prefill__C1,16384,128,0.02,fixed_diffuse,16384,0.03515625,energy,0.01171875,0.020000000000000004,0.020925699137945463,2.9565827889704264e-18,0.9997912168938429
eval_001,prefill__C1,16384,128,0.02,fixed_diffuse,16384,0.03515625,directional,0.0390625,0.020000000000000004,0.020925699137945463,2.9565827889704264e-18,0.9997912168938429
eval_001,prefill__C1,16384,128,0.02,fixed_diffuse,16384,0.03515625,combined,0.04052734375,0.020000000000000004,0.020925699137945463,2.9565827889704264e-18,0.9997912168938429
eval_001,prefill__C1,16384,128,0.02,fixed_directional,16371,1.0,spike,0.01171875,0.019999999999999997,0.020925699137945463,-2.1233640029878523e-18,0.999791234810511
eval_001,prefill__C1,16384,128,0.02,fixed_directional,16371,1.0,energy,0.01171875,0.019999999999999997,0.020925699137945463,-2.1233640029878523e-18,0.999791234810511
eval_001,prefill__C1,16384,128,0.02,fixed_directional,16371,1.0,directional,1.0,0.019999999999999997,0.020925699137945463,-2.1233640029878523e-18,0.999791234810511
eval_001,prefill__C1,16384,128,0.02,fixed_directional,16371,1.0,combined,1.0,0.019999999999999997,0.020925699137945463,-2.1233640029878523e-18,0.999791234810511
eval_001,prefill__C1,16384,128,0.02,fixed_sparse16,16,0.1015625,spike,0.12158203125,0.02,0.02092569913794546,-2.4862173452705863e-18,0.999790855590982
eval_001,prefill__C1,16384,128,0.02,fixed_sparse16,16,0.1015625,energy,0.12158203125,0.02,0.02092569913794546,-2.4862173452705863e-18,0.999790855590982
eval_001,prefill__C1,16384,128,0.02,fixed_sparse16,16,0.1015625,directional,0.1162109375,0.02,0.02092569913794546,-2.4862173452705863e-18,0.999790855590982
eval_001,prefill__C1,16384,128,0.02,fixed_sparse16,16,0.1015625,combined,0.12158203125,0.02,0.02092569913794546,-2.4862173452705863e-18,0.999790855590982
eval_001,prefill__C1,16384,128,0.02,adaptive_joint,16384,0.017578125,spike,0.01171875,0.02000000078666888,0.020925699908790302,3.2257099127094667e-09,0.9997900773506458
eval_001,prefill__C1,16384,128,0.02,adaptive_joint,16384,0.017578125,energy,0.01171875,0.02000000078666888,0.020925699908790302,3.2257099127094667e-09,0.9997900773506458
eval_001,prefill__C1,16384,128,0.02,adaptive_joint,16384,0.017578125,directional,0.02490234375,0.02000000078666888,0.020925699908790302,3.2257099127094667e-09,0.9997900773506458
eval_001,prefill__C1,16384,128,0.02,adaptive_joint,16384,0.017578125,combined,0.03125,0.02000000078666888,0.020925699908790302,3.2257099127094667e-09,0.9997900773506458
eval_001,prefill__C1,16384,128,0.05,fixed_diffuse,16384,1.0,spike,0.01171875,0.05,0.05037742435269802,-5.655136534539798e-18,0.9987334184406421
eval_001,prefill__C1,16384,128,0.05,fixed_diffuse,16384,1.0,energy,1.0,0.05,0.05037742435269802,-5.655136534539798e-18,0.9987334184406421
eval_001,prefill__C1,16384,128,0.05,fixed_diffuse,16384,1.0,directional,0.34765625,0.05,0.05037742435269802,-5.655136534539798e-18,0.9987334184406421
eval_001,prefill__C1,16384,128,0.05,fixed_diffuse,16384,1.0,combined,1.0,0.05,0.05037742435269802,-5.655136534539798e-18,0.9987334184406421
eval_001,prefill__C1,16384,128,0.05,fixed_directional,16371,1.0,spike,0.01171875,0.05,0.05037742435269802,-7.117301113812444e-18,0.9987334702743951
eval_001,prefill__C1,16384,128,0.05,fixed_directional,16371,1.0,energy,1.0,0.05,0.05037742435269802,-7.117301113812444e-18,0.9987334702743951
eval_001,prefill__C1,16384,128,0.05,fixed_directional,16371,1.0,directional,1.0,0.05,0.05037742435269802,-7.117301113812444e-18,0.9987334702743951
eval_001,prefill__C1,16384,128,0.05,fixed_directional,16371,1.0,combined,1.0,0.05,0.05037742435269802,-7.117301113812444e-18,0.9987334702743951
eval_001,prefill__C1,16384,128,0.05,fixed_sparse16,16,0.10546875,spike,0.1201171875,0.05000000000000001,0.050377424352698034,-1.1181258547379067e-18,0.9987329439257328
eval_001,prefill__C1,16384,128,0.05,fixed_sparse16,16,0.10546875,energy,0.1201171875,0.05000000000000001,0.050377424352698034,-1.1181258547379067e-18,0.9987329439257328
eval_001,prefill__C1,16384,128,0.05,fixed_sparse16,16,0.10546875,directional,0.11865234375,0.05000000000000001,0.050377424352698034,-1.1181258547379067e-18,0.9987329439257328
eval_001,prefill__C1,16384,128,0.05,fixed_sparse16,16,0.10546875,combined,0.1201171875,0.05000000000000001,0.050377424352698034,-1.1181258547379067e-18,0.9987329439257328
eval_001,prefill__C1,16384,128,0.05,adaptive_joint,16,0.103515625,spike,0.0966796875,0.04999999915340673,0.05037742349982864,-2.0656092430056577e-09,0.998732947452469
eval_001,prefill__C1,16384,128,0.05,adaptive_joint,16,0.103515625,energy,0.0966796875,0.04999999915340673,0.05037742349982864,-2.0656092430056577e-09,0.998732947452469
eval_001,prefill__C1,16384,128,0.05,adaptive_joint,16,0.103515625,directional,0.095703125,0.04999999915340673,0.05037742349982864,-2.0656092430056577e-09,0.998732947452469
eval_001,prefill__C1,16384,128,0.05,adaptive_joint,16,0.103515625,combined,0.0966796875,0.04999999915340673,0.05037742349982864,-2.0656092430056577e-09,0.998732947452469
eval_001,prefill__C1,16384,256,0.0,honest,0,,spike,0.01220703125,0.0,0.006155069813723601,0.0,0.9999927276506787
eval_001,prefill__C1,16384,256,0.0,honest,0,,energy,0.01220703125,0.0,0.006155069813723601,0.0,0.9999927276506787
eval_001,prefill__C1,16384,256,0.0,honest,0,,directional,0.01220703125,0.0,0.006155069813723601,0.0,0.9999927276506787
eval_001,prefill__C1,16384,256,0.0,honest,0,,combined,0.01220703125,0.0,0.006155069813723601,0.0,0.9999927276506787
eval_001,prefill__C1,16384,256,0.01,fixed_diffuse,16384,0.013671875,spike,0.01220703125,0.010000000000000002,0.01174243945744714,-1.1423160775567557e-18,0.9999423068182992
eval_001,prefill__C1,16384,256,0.01,fixed_diffuse,16384,0.013671875,energy,0.01220703125,0.010000000000000002,0.01174243945744714,-1.1423160775567557e-18,0.9999423068182992
eval_001,prefill__C1,16384,256,0.01,fixed_diffuse,16384,0.013671875,directional,0.01123046875,0.010000000000000002,0.01174243945744714,-1.1423160775567557e-18,0.9999423068182992
eval_001,prefill__C1,16384,256,0.01,fixed_diffuse,16384,0.013671875,combined,0.0146484375,0.010000000000000002,0.01174243945744714,-1.1423160775567557e-18,0.9999423068182992
eval_001,prefill__C1,16384,256,0.01,fixed_directional,16371,1.0,spike,0.01220703125,0.009999999999999998,0.01174243945744714,-2.1233640029878523e-18,0.9999424538820826
eval_001,prefill__C1,16384,256,0.01,fixed_directional,16371,1.0,energy,0.01220703125,0.009999999999999998,0.01174243945744714,-2.1233640029878523e-18,0.9999424538820826
eval_001,prefill__C1,16384,256,0.01,fixed_directional,16371,1.0,directional,1.0,0.009999999999999998,0.01174243945744714,-2.1233640029878523e-18,0.9999424538820826
eval_001,prefill__C1,16384,256,0.01,fixed_directional,16371,1.0,combined,1.0,0.009999999999999998,0.01174243945744714,-2.1233640029878523e-18,0.9999424538820826
eval_001,prefill__C1,16384,256,0.01,fixed_sparse16,16,0.041015625,spike,0.025390625,0.01,0.01174243945744714,5.375605070855322e-20,0.9999422417771597
eval_001,prefill__C1,16384,256,0.01,fixed_sparse16,16,0.041015625,energy,0.0283203125,0.01,0.01174243945744714,5.375605070855322e-20,0.9999422417771597
eval_001,prefill__C1,16384,256,0.01,fixed_sparse16,16,0.041015625,directional,0.02685546875,0.01,0.01174243945744714,5.375605070855322e-20,0.9999422417771597
eval_001,prefill__C1,16384,256,0.01,fixed_sparse16,16,0.041015625,combined,0.03515625,0.01,0.01174243945744714,5.375605070855322e-20,0.9999422417771597
eval_001,prefill__C1,16384,256,0.01,adaptive_joint,256,0.01171875,spike,0.01220703125,0.009999999284293242,0.011742438850135558,4.1832204849451484e-10,0.9999422253610132
eval_001,prefill__C1,16384,256,0.01,adaptive_joint,256,0.01171875,energy,0.01220703125,0.009999999284293242,0.011742438850135558,4.1832204849451484e-10,0.9999422253610132
eval_001,prefill__C1,16384,256,0.01,adaptive_joint,256,0.01171875,directional,0.01123046875,0.009999999284293242,0.011742438850135558,4.1832204849451484e-10,0.9999422253610132
eval_001,prefill__C1,16384,256,0.01,adaptive_joint,256,0.01171875,combined,0.01416015625,0.009999999284293242,0.011742438850135558,4.1832204849451484e-10,0.9999422253610132
eval_001,prefill__C1,16384,256,0.02,fixed_diffuse,16384,0.1171875,spike,0.01220703125,0.020000000000000007,0.02092569913794547,-7.619920187937416e-18,0.9997907569516352
eval_001,prefill__C1,16384,256,0.02,fixed_diffuse,16384,0.1171875,energy,0.01220703125,0.020000000000000007,0.02092569913794547,-7.619920187937416e-18,0.9997907569516352
eval_001,prefill__C1,16384,256,0.02,fixed_diffuse,16384,0.1171875,directional,0.10888671875,0.020000000000000007,0.02092569913794547,-7.619920187937416e-18,0.9997907569516352
eval_001,prefill__C1,16384,256,0.02,fixed_diffuse,16384,0.1171875,combined,0.1142578125,0.020000000000000007,0.02092569913794547,-7.619920187937416e-18,0.9997907569516352
eval_001,prefill__C1,16384,256,0.02,fixed_directional,16371,1.0,spike,0.01220703125,0.019999999999999997,0.020925699137945463,-2.1233640029878523e-18,0.999791234810511
eval_001,prefill__C1,16384,256,0.02,fixed_directional,16371,1.0,energy,0.01220703125,0.019999999999999997,0.020925699137945463,-2.1233640029878523e-18,0.999791234810511
eval_001,prefill__C1,16384,256,0.02,fixed_directional,16371,1.0,directional,1.0,0.019999999999999997,0.020925699137945463,-2.1233640029878523e-18,0.999791234810511
eval_001,prefill__C1,16384,256,0.02,fixed_directional,16371,1.0,combined,1.0,0.019999999999999997,0.020925699137945463,-2.1233640029878523e-18,0.999791234810511
eval_001,prefill__C1,16384,256,0.02,fixed_sparse16,16,0.216796875,spike,0.23095703125,0.019999999999999997,0.020925699137945463,-1.3439012677138306e-19,0.9997908348425099
eval_001,prefill__C1,16384,256,0.02,fixed_sparse16,16,0.216796875,energy,0.23095703125,0.019999999999999997,0.020925699137945463,-1.3439012677138306e-19,0.9997908348425099
eval_001,prefill__C1,16384,256,0.02,fixed_sparse16,16,0.216796875,directional,0.20849609375,0.019999999999999997,0.020925699137945463,-1.3439012677138306e-19,0.9997908348425099
eval_001,prefill__C1,16384,256,0.02,fixed_sparse16,16,0.216796875,combined,0.23095703125,0.019999999999999997,0.020925699137945463,-1.3439012677138306e-19,0.9997908348425099
eval_001,prefill__C1,16384,256,0.02,adaptive_joint,16384,0.099609375,spike,0.01220703125,0.019999997304600024,0.020925696572053072,1.7457722336224798e-09,0.9997902970987328
eval_001,prefill__C1,16384,256,0.02,adaptive_joint,16384,0.099609375,energy,0.01220703125,0.019999997304600024,0.020925696572053072,1.7457722336224798e-09,0.9997902970987328
eval_001,prefill__C1,16384,256,0.02,adaptive_joint,16384,0.099609375,directional,0.111328125,0.019999997304600024,0.020925696572053072,1.7457722336224798e-09,0.9997902970987328
eval_001,prefill__C1,16384,256,0.02,adaptive_joint,16384,0.099609375,combined,0.11669921875,0.019999997304600024,0.020925696572053072,1.7457722336224798e-09,0.9997902970987328
eval_001,prefill__C1,16384,256,0.05,fixed_diffuse,16384,1.0,spike,0.01220703125,0.05000000000000001,0.05037742435269802,-5.590629273689534e-19,0.9987334813334309
eval_001,prefill__C1,16384,256,0.05,fixed_diffuse,16384,1.0,energy,1.0,0.05000000000000001,0.05037742435269802,-5.590629273689534e-19,0.9987334813334309
eval_001,prefill__C1,16384,256,0.05,fixed_diffuse,16384,1.0,directional,0.51416015625,0.05000000000000001,0.05037742435269802,-5.590629273689534e-19,0.9987334813334309
eval_001,prefill__C1,16384,256,0.05,fixed_diffuse,16384,1.0,combined,1.0,0.05000000000000001,0.05037742435269802,-5.590629273689534e-19,0.9987334813334309
eval_001,prefill__C1,16384,256,0.05,fixed_directional,16371,1.0,spike,0.01220703125,0.05,0.05037742435269802,-7.117301113812444e-18,0.9987334702743951
eval_001,prefill__C1,16384,256,0.05,fixed_directional,16371,1.0,energy,1.0,0.05,0.05037742435269802,-7.117301113812444e-18,0.9987334702743951
eval_001,prefill__C1,16384,256,0.05,fixed_directional,16371,1.0,directional,1.0,0.05,0.05037742435269802,-7.117301113812444e-18,0.9987334702743951
eval_001,prefill__C1,16384,256,0.05,fixed_directional,16371,1.0,combined,1.0,0.05,0.05037742435269802,-7.117301113812444e-18,0.9987334702743951
eval_001,prefill__C1,16384,256,0.05,fixed_sparse16,16,0.19140625,spike,0.2001953125,0.05,0.05037742435269802,1.693315597319426e-19,0.9987329306055674
eval_001,prefill__C1,16384,256,0.05,fixed_sparse16,16,0.19140625,energy,0.2001953125,0.05,0.05037742435269802,1.693315597319426e-19,0.9987329306055674
eval_001,prefill__C1,16384,256,0.05,fixed_sparse16,16,0.19140625,directional,0.1953125,0.05,0.05037742435269802,1.693315597319426e-19,0.9987329306055674
eval_001,prefill__C1,16384,256,0.05,fixed_sparse16,16,0.19140625,combined,0.2001953125,0.05,0.05037742435269802,1.693315597319426e-19,0.9987329306055674
eval_001,prefill__C1,16384,256,0.05,adaptive_joint,16,0.23046875,spike,0.20947265625,0.050000004318687494,0.050377428642828855,6.218168345789904e-10,0.9987329445431404
eval_001,prefill__C1,16384,256,0.05,adaptive_joint,16,0.23046875,energy,0.20947265625,0.050000004318687494,0.050377428642828855,6.218168345789904e-10,0.9987329445431404
eval_001,prefill__C1,16384,256,0.05,adaptive_joint,16,0.23046875,directional,0.205078125,0.050000004318687494,0.050377428642828855,6.218168345789904e-10,0.9987329445431404
eval_001,prefill__C1,16384,256,0.05,adaptive_joint,16,0.23046875,combined,0.20947265625,0.050000004318687494,0.050377428642828855,6.218168345789904e-10,0.9987329445431404
eval_001,prefill__C1,16384,512,0.0,honest,0,,spike,0.03515625,0.0,0.006155069813723601,0.0,0.9999927276506787
eval_001,prefill__C1,16384,512,0.0,honest,0,,energy,0.03515625,0.0,0.006155069813723601,0.0,0.9999927276506787
eval_001,prefill__C1,16384,512,0.0,honest,0,,directional,0.0234375,0.0,0.006155069813723601,0.0,0.9999927276506787
eval_001,prefill__C1,16384,512,0.0,honest,0,,combined,0.03515625,0.0,0.006155069813723601,0.0,0.9999927276506787
eval_001,prefill__C1,16384,512,0.01,fixed_diffuse,16384,0.04296875,spike,0.03515625,0.010000000000000002,0.011742439457447143,6.517921148412076e-19,0.9999426247385788
eval_001,prefill__C1,16384,512,0.01,fixed_diffuse,16384,0.04296875,energy,0.03515625,0.010000000000000002,0.011742439457447143,6.517921148412076e-19,0.9999426247385788
eval_001,prefill__C1,16384,512,0.01,fixed_diffuse,16384,0.04296875,directional,0.0234375,0.010000000000000002,0.011742439457447143,6.517921148412076e-19,0.9999426247385788
eval_001,prefill__C1,16384,512,0.01,fixed_diffuse,16384,0.04296875,combined,0.0400390625,0.010000000000000002,0.011742439457447143,6.517921148412076e-19,0.9999426247385788
eval_001,prefill__C1,16384,512,0.01,fixed_directional,16371,1.0,spike,0.03515625,0.009999999999999998,0.01174243945744714,-2.1233640029878523e-18,0.9999424538820826
eval_001,prefill__C1,16384,512,0.01,fixed_directional,16371,1.0,energy,0.03515625,0.009999999999999998,0.01174243945744714,-2.1233640029878523e-18,0.9999424538820826
eval_001,prefill__C1,16384,512,0.01,fixed_directional,16371,1.0,directional,1.0,0.009999999999999998,0.01174243945744714,-2.1233640029878523e-18,0.9999424538820826
eval_001,prefill__C1,16384,512,0.01,fixed_directional,16371,1.0,combined,1.0,0.009999999999999998,0.01174243945744714,-2.1233640029878523e-18,0.9999424538820826
eval_001,prefill__C1,16384,512,0.01,fixed_sparse16,16,0.07421875,spike,0.03515625,0.01,0.011742439457447141,9.407308873996814e-20,0.9999422448033308
eval_001,prefill__C1,16384,512,0.01,fixed_sparse16,16,0.07421875,energy,0.04833984375,0.01,0.011742439457447141,9.407308873996814e-20,0.9999422448033308
eval_001,prefill__C1,16384,512,0.01,fixed_sparse16,16,0.07421875,directional,0.04052734375,0.01,0.011742439457447141,9.407308873996814e-20,0.9999422448033308
eval_001,prefill__C1,16384,512,0.01,fixed_sparse16,16,0.07421875,combined,0.0634765625,0.01,0.011742439457447141,9.407308873996814e-20,0.9999422448033308
eval_001,prefill__C1,16384,512,0.01,adaptive_joint,16384,0.03515625,spike,0.03515625,0.009999999559541178,0.0117424391037553,4.0841646123672955e-09,0.9999419506212752
eval_001,prefill__C1,16384,512,0.01,adaptive_joint,16384,0.03515625,energy,0.03515625,0.009999999559541178,0.0117424391037553,4.0841646123672955e-09,0.9999419506212752
eval_001,prefill__C1,16384,512,0.01,adaptive_joint,16384,0.03515625,directional,0.0244140625,0.009999999559541178,0.0117424391037553,4.0841646123672955e-09,0.9999419506212752
eval_001,prefill__C1,16384,512,0.01,adaptive_joint,16384,0.03515625,combined,0.0439453125,0.009999999559541178,0.0117424391037553,4.0841646123672955e-09,0.9999419506212752
eval_001,prefill__C1,16384,512,0.02,fixed_diffuse,16384,0.18359375,spike,0.03515625,0.019999999999999993,0.02092569913794546,-2.190559066373544e-18,0.9997909206539485
eval_001,prefill__C1,16384,512,0.02,fixed_diffuse,16384,0.18359375,energy,0.03515625,0.019999999999999993,0.02092569913794546,-2.190559066373544e-18,0.9997909206539485
eval_001,prefill__C1,16384,512,0.02,fixed_diffuse,16384,0.18359375,directional,0.1904296875,0.019999999999999993,0.02092569913794546,-2.190559066373544e-18,0.9997909206539485
eval_001,prefill__C1,16384,512,0.02,fixed_diffuse,16384,0.18359375,combined,0.20458984375,0.019999999999999993,0.02092569913794546,-2.190559066373544e-18,0.9997909206539485
eval_001,prefill__C1,16384,512,0.02,fixed_directional,16371,1.0,spike,0.03515625,0.019999999999999997,0.020925699137945463,-2.1233640029878523e-18,0.999791234810511
eval_001,prefill__C1,16384,512,0.02,fixed_directional,16371,1.0,energy,0.03515625,0.019999999999999997,0.020925699137945463,-2.1233640029878523e-18,0.999791234810511
eval_001,prefill__C1,16384,512,0.02,fixed_directional,16371,1.0,directional,1.0,0.019999999999999997,0.020925699137945463,-2.1233640029878523e-18,0.999791234810511
eval_001,prefill__C1,16384,512,0.02,fixed_directional,16371,1.0,combined,1.0,0.019999999999999997,0.020925699137945463,-2.1233640029878523e-18,0.999791234810511
eval_001,prefill__C1,16384,512,0.02,fixed_sparse16,16,0.380859375,spike,0.38916015625,0.019999999999999997,0.020925699137945463,1.4379743564537986e-18,0.9997908344161776
eval_001,prefill__C1,16384,512,0.02,fixed_sparse16,16,0.380859375,energy,0.38916015625,0.019999999999999997,0.020925699137945463,1.4379743564537986e-18,0.9997908344161776
eval_001,prefill__C1,16384,512,0.02,fixed_sparse16,16,0.380859375,directional,0.2509765625,0.019999999999999997,0.020925699137945463,1.4379743564537986e-18,0.9997908344161776
eval_001,prefill__C1,16384,512,0.02,fixed_sparse16,16,0.380859375,combined,0.38916015625,0.019999999999999997,0.020925699137945463,1.4379743564537986e-18,0.9997908344161776
eval_001,prefill__C1,16384,512,0.02,adaptive_joint,16384,0.18359375,spike,0.03515625,0.019999998669734318,0.02092569786380524,-4.6271937392299925e-10,0.9997910235019463
eval_001,prefill__C1,16384,512,0.02,adaptive_joint,16384,0.18359375,energy,0.03515625,0.019999998669734318,0.02092569786380524,-4.6271937392299925e-10,0.9997910235019463
eval_001,prefill__C1,16384,512,0.02,adaptive_joint,16384,0.18359375,directional,0.15087890625,0.019999998669734318,0.02092569786380524,-4.6271937392299925e-10,0.9997910235019463
eval_001,prefill__C1,16384,512,0.02,adaptive_joint,16384,0.18359375,combined,0.17529296875,0.019999998669734318,0.02092569786380524,-4.6271937392299925e-10,0.9997910235019463
eval_001,prefill__C1,16384,512,0.05,fixed_diffuse,16384,1.0,spike,0.03515625,0.05,0.050377424352698014,-2.34376381089292e-18,0.9987328211671115
eval_001,prefill__C1,16384,512,0.05,fixed_diffuse,16384,1.0,energy,1.0,0.05,0.050377424352698014,-2.34376381089292e-18,0.9987328211671115
eval_001,prefill__C1,16384,512,0.05,fixed_diffuse,16384,1.0,directional,0.56689453125,0.05,0.050377424352698014,-2.34376381089292e-18,0.9987328211671115
eval_001,prefill__C1,16384,512,0.05,fixed_diffuse,16384,1.0,combined,1.0,0.05,0.050377424352698014,-2.34376381089292e-18,0.9987328211671115
eval_001,prefill__C1,16384,512,0.05,fixed_directional,16371,1.0,spike,0.03515625,0.05,0.05037742435269802,-7.117301113812444e-18,0.9987334702743951
eval_001,prefill__C1,16384,512,0.05,fixed_directional,16371,1.0,energy,1.0,0.05,0.05037742435269802,-7.117301113812444e-18,0.9987334702743951
eval_001,prefill__C1,16384,512,0.05,fixed_directional,16371,1.0,directional,1.0,0.05,0.05037742435269802,-7.117301113812444e-18,0.9987334702743951
eval_001,prefill__C1,16384,512,0.05,fixed_directional,16371,1.0,combined,1.0,0.05,0.05037742435269802,-7.117301113812444e-18,0.9987334702743951
eval_001,prefill__C1,16384,512,0.05,fixed_sparse16,16,0.380859375,spike,0.43359375,0.05,0.05037742435269803,4.838044563769789e-19,0.9987329935883388
eval_001,prefill__C1,16384,512,0.05,fixed_sparse16,16,0.380859375,energy,0.43359375,0.05,0.05037742435269803,4.838044563769789e-19,0.9987329935883388
eval_001,prefill__C1,16384,512,0.05,fixed_sparse16,16,0.380859375,directional,0.40625,0.05,0.05037742435269803,4.838044563769789e-19,0.9987329935883388
eval_001,prefill__C1,16384,512,0.05,fixed_sparse16,16,0.380859375,combined,0.43359375,0.05,0.05037742435269803,4.838044563769789e-19,0.9987329935883388
eval_001,prefill__C1,16384,512,0.05,adaptive_joint,16,0.357421875,spike,0.337890625,0.050000003376445924,0.050377427704371744,8.575815784212143e-11,0.9987329263079127
eval_001,prefill__C1,16384,512,0.05,adaptive_joint,16,0.357421875,energy,0.337890625,0.050000003376445924,0.050377427704371744,8.575815784212143e-11,0.9987329263079127
eval_001,prefill__C1,16384,512,0.05,adaptive_joint,16,0.357421875,directional,0.31103515625,0.050000003376445924,0.050377427704371744,8.575815784212143e-11,0.9987329263079127
eval_001,prefill__C1,16384,512,0.05,adaptive_joint,16,0.357421875,combined,0.337890625,0.050000003376445924,0.050377427704371744,8.575815784212143e-11,0.9987329263079127
eval_001,prefill__C2,16384,64,0.0,honest,0,,spike,0.00830078125,0.0,0.006190349703432448,0.0,0.9999924775332905
eval_001,prefill__C2,16384,64,0.0,honest,0,,energy,0.0078125,0.0,0.006190349703432448,0.0,0.9999924775332905
eval_001,prefill__C2,16384,64,0.0,honest,0,,directional,0.0078125,0.0,0.006190349703432448,0.0,0.9999924775332905
eval_001,prefill__C2,16384,64,0.0,honest,0,,combined,0.0107421875,0.0,0.006190349703432448,0.0,0.9999924775332905
eval_001,prefill__C2,16384,64,0.01,fixed_diffuse,16384,1.0,spike,0.0068359375,0.010000000000000002,0.011760970599860632,-5.879465409224336e-19,0.9999418674582268
eval_001,prefill__C2,16384,64,0.01,fixed_diffuse,16384,1.0,energy,1.0,0.010000000000000002,0.011760970599860632,-5.879465409224336e-19,0.9999418674582268
eval_001,prefill__C2,16384,64,0.01,fixed_diffuse,16384,1.0,directional,0.1845703125,0.010000000000000002,0.011760970599860632,-5.879465409224336e-19,0.9999418674582268
eval_001,prefill__C2,16384,64,0.01,fixed_diffuse,16384,1.0,combined,1.0,0.010000000000000002,0.011760970599860632,-5.879465409224336e-19,0.9999418674582268
eval_001,prefill__C2,16384,64,0.01,fixed_directional,16378,1.0,spike,0.00439453125,0.009999999999999998,0.011760970599860632,2.7793836479969603e-18,0.9999415923450551
eval_001,prefill__C2,16384,64,0.01,fixed_directional,16378,1.0,energy,1.0,0.009999999999999998,0.011760970599860632,2.7793836479969603e-18,0.9999415923450551
eval_001,prefill__C2,16384,64,0.01,fixed_directional,16378,1.0,directional,0.99560546875,0.009999999999999998,0.011760970599860632,2.7793836479969603e-18,0.9999415923450551
eval_001,prefill__C2,16384,64,0.01,fixed_directional,16378,1.0,combined,1.0,0.009999999999999998,0.011760970599860632,2.7793836479969603e-18,0.9999415923450551
eval_001,prefill__C2,16384,64,0.01,fixed_sparse16,16,0.076171875,spike,0.07373046875,0.01,0.011760970599860636,6.413962264608368e-19,0.9999419887665103
eval_001,prefill__C2,16384,64,0.01,fixed_sparse16,16,0.076171875,energy,0.0732421875,0.01,0.011760970599860636,6.413962264608368e-19,0.9999419887665103
eval_001,prefill__C2,16384,64,0.01,fixed_sparse16,16,0.076171875,directional,0.07177734375,0.01,0.011760970599860636,6.413962264608368e-19,0.9999419887665103
eval_001,prefill__C2,16384,64,0.01,fixed_sparse16,16,0.076171875,combined,0.07568359375,0.01,0.011760970599860636,6.413962264608368e-19,0.9999419887665103
eval_001,prefill__C2,16384,64,0.01,adaptive_joint,16,0.068359375,spike,0.0576171875,0.010000000264949557,0.011760970824941389,-3.759815503732261e-11,0.9999419827198048
eval_001,prefill__C2,16384,64,0.01,adaptive_joint,16,0.068359375,energy,0.05419921875,0.010000000264949557,0.011760970824941389,-3.759815503732261e-11,0.9999419827198048
eval_001,prefill__C2,16384,64,0.01,adaptive_joint,16,0.068359375,directional,0.04833984375,0.010000000264949557,0.011760970824941389,-3.759815503732261e-11,0.9999419827198048
eval_001,prefill__C2,16384,64,0.01,adaptive_joint,16,0.068359375,combined,0.06103515625,0.010000000264949557,0.011760970824941389,-3.759815503732261e-11,0.9999419827198048
eval_001,prefill__C2,16384,64,0.02,fixed_diffuse,16384,1.0,spike,0.02294921875,0.019999999999999997,0.020936103492550522,-2.4052358492281385e-18,0.9997913006062928
eval_001,prefill__C2,16384,64,0.02,fixed_diffuse,16384,1.0,energy,1.0,0.019999999999999997,0.020936103492550522,-2.4052358492281385e-18,0.9997913006062928
eval_001,prefill__C2,16384,64,0.02,fixed_diffuse,16384,1.0,directional,0.47119140625,0.019999999999999997,0.020936103492550522,-2.4052358492281385e-18,0.9997913006062928
eval_001,prefill__C2,16384,64,0.02,fixed_diffuse,16384,1.0,combined,1.0,0.019999999999999997,0.020936103492550522,-2.4052358492281385e-18,0.9997913006062928
eval_001,prefill__C2,16384,64,0.02,fixed_directional,16378,1.0,spike,0.0234375,0.019999999999999997,0.020936103492550526,2.7793836479969603e-18,0.9997898476349373
eval_001,prefill__C2,16384,64,0.02,fixed_directional,16378,1.0,energy,1.0,0.019999999999999997,0.020936103492550526,2.7793836479969603e-18,0.9997898476349373
eval_001,prefill__C2,16384,64,0.02,fixed_directional,16378,1.0,directional,1.0,0.019999999999999997,0.020936103492550526,2.7793836479969603e-18,0.9997898476349373
eval_001,prefill__C2,16384,64,0.02,fixed_directional,16378,1.0,combined,1.0,0.019999999999999997,0.020936103492550526,2.7793836479969603e-18,0.9997898476349373
eval_001,prefill__C2,16384,64,0.02,fixed_sparse16,16,0.0703125,spike,0.064453125,0.019999999999999997,0.020936103492550522,-5.344968553840308e-20,0.9997905883931649
eval_001,prefill__C2,16384,64,0.02,fixed_sparse16,16,0.0703125,energy,0.06396484375,0.019999999999999997,0.020936103492550522,-5.344968553840308e-20,0.9997905883931649
eval_001,prefill__C2,16384,64,0.02,fixed_sparse16,16,0.0703125,directional,0.06396484375,0.019999999999999997,0.020936103492550522,-5.344968553840308e-20,0.9997905883931649
eval_001,prefill__C2,16384,64,0.02,fixed_sparse16,16,0.0703125,combined,0.06640625,0.019999999999999997,0.020936103492550522,-5.344968553840308e-20,0.9997905883931649
eval_001,prefill__C2,16384,64,0.02,adaptive_joint,16,0.052734375,spike,0.05322265625,0.01999999933285945,0.020936102854519408,-1.2175804026828766e-10,0.9997906141787838
eval_001,prefill__C2,16384,64,0.02,adaptive_joint,16,0.052734375,energy,0.05078125,0.01999999933285945,0.020936102854519408,-1.2175804026828766e-10,0.9997906141787838
eval_001,prefill__C2,16384,64,0.02,adaptive_joint,16,0.052734375,directional,0.05029296875,0.01999999933285945,0.020936102854519408,-1.2175804026828766e-10,0.9997906141787838
eval_001,prefill__C2,16384,64,0.02,adaptive_joint,16,0.052734375,combined,0.05615234375,0.01999999933285945,0.020936102854519408,-1.2175804026828766e-10,0.9997906141787838
eval_001,prefill__C2,16384,64,0.05,fixed_diffuse,16384,1.0,spike,0.50732421875,0.05,0.05038174698688788,-4.6180528305180254e-18,0.9987325927633154
eval_001,prefill__C2,16384,64,0.05,fixed_diffuse,16384,1.0,energy,1.0,0.05,0.05038174698688788,-4.6180528305180254e-18,0.9987325927633154
eval_001,prefill__C2,16384,64,0.05,fixed_diffuse,16384,1.0,directional,0.75927734375,0.05,0.05038174698688788,-4.6180528305180254e-18,0.9987325927633154
eval_001,prefill__C2,16384,64,0.05,fixed_diffuse,16384,1.0,combined,1.0,0.05,0.05038174698688788,-4.6180528305180254e-18,0.9987325927633154
eval_001,prefill__C2,16384,64,0.05,fixed_directional,16378,1.0,spike,0.54541015625,0.049999999999999996,0.050381746986887875,9.407144654758942e-18,0.998731804747802
eval_001,prefill__C2,16384,64,0.05,fixed_directional,16378,1.0,energy,1.0,0.049999999999999996,0.050381746986887875,9.407144654758942e-18,0.998731804747802
eval_001,prefill__C2,16384,64,0.05,fixed_directional,16378,1.0,directional,1.0,0.049999999999999996,0.050381746986887875,9.407144654758942e-18,0.998731804747802
eval_001,prefill__C2,16384,64,0.05,fixed_directional,16378,1.0,combined,1.0,0.049999999999999996,0.050381746986887875,9.407144654758942e-18,0.998731804747802
eval_001,prefill__C2,16384,64,0.05,fixed_sparse16,16,0.078125,spike,0.0576171875,0.05,0.05038174698688789,9.834742139066165e-19,0.9987327572722903
eval_001,prefill__C2,16384,64,0.05,fixed_sparse16,16,0.078125,energy,0.05712890625,0.05,0.05038174698688789,9.834742139066165e-19,0.9987327572722903
eval_001,prefill__C2,16384,64,0.05,fixed_sparse16,16,0.078125,directional,0.05224609375,0.05,0.05038174698688789,9.834742139066165e-19,0.9987327572722903
eval_001,prefill__C2,16384,64,0.05,fixed_sparse16,16,0.078125,combined,0.05908203125,0.05,0.05038174698688789,9.834742139066165e-19,0.9987327572722903
eval_001,prefill__C2,16384,64,0.05,adaptive_joint,16,0.068359375,spike,0.0791015625,0.05000000086632749,0.05038174784125156,-8.78917919703175e-10,0.9987326814429275
eval_001,prefill__C2,16384,64,0.05,adaptive_joint,16,0.068359375,energy,0.07861328125,0.05000000086632749,0.05038174784125156,-8.78917919703175e-10,0.9987326814429275
eval_001,prefill__C2,16384,64,0.05,adaptive_joint,16,0.068359375,directional,0.0732421875,0.05000000086632749,0.05038174784125156,-8.78917919703175e-10,0.9987326814429275
eval_001,prefill__C2,16384,64,0.05,adaptive_joint,16,0.068359375,combined,0.0810546875,0.05000000086632749,0.05038174784125156,-8.78917919703175e-10,0.9987326814429275
eval_001,prefill__C2,16384,128,0.0,honest,0,,spike,0.009765625,0.0,0.006190349703432448,0.0,0.9999924775332905
eval_001,prefill__C2,16384,128,0.0,honest,0,,energy,0.009765625,0.0,0.006190349703432448,0.0,0.9999924775332905
eval_001,prefill__C2,16384,128,0.0,honest,0,,directional,0.009765625,0.0,0.006190349703432448,0.0,0.9999924775332905
eval_001,prefill__C2,16384,128,0.0,honest,0,,combined,0.009765625,0.0,0.006190349703432448,0.0,0.9999924775332905
eval_001,prefill__C2,16384,128,0.01,fixed_diffuse,16384,0.00390625,spike,0.009765625,0.009999999999999998,0.011760970599860632,6.988546384146203e-18,0.9999418727419795
eval_001,prefill__C2,16384,128,0.01,fixed_diffuse,16384,0.00390625,energy,0.009765625,0.009999999999999998,0.011760970599860632,6.988546384146203e-18,0.9999418727419795
eval_001,prefill__C2,16384,128,0.01,fixed_diffuse,16384,0.00390625,directional,0.009765625,0.009999999999999998,0.011760970599860632,6.988546384146203e-18,0.9999418727419795
eval_001,prefill__C2,16384,128,0.01,fixed_diffuse,16384,0.00390625,combined,0.009765625,0.009999999999999998,0.011760970599860632,6.988546384146203e-18,0.9999418727419795
eval_001,prefill__C2,16384,128,0.01,fixed_directional,16378,1.0,spike,0.009765625,0.009999999999999998,0.011760970599860632,2.7793836479969603e-18,0.9999415923450551
eval_001,prefill__C2,16384,128,0.01,fixed_directional,16378,1.0,energy,0.009765625,0.009999999999999998,0.011760970599860632,2.7793836479969603e-18,0.9999415923450551
eval_001,prefill__C2,16384,128,0.01,fixed_directional,16378,1.0,directional,1.0,0.009999999999999998,0.011760970599860632,2.7793836479969603e-18,0.9999415923450551
eval_001,prefill__C2,16384,128,0.01,fixed_directional,16378,1.0,combined,1.0,0.009999999999999998,0.011760970599860632,2.7793836479969603e-18,0.9999415923450551
eval_001,prefill__C2,16384,128,0.01,fixed_sparse16,16,0.01171875,spike,0.009765625,0.01,0.011760970599860632,-2.6724842769201533e-19,0.999941986697814
eval_001,prefill__C2,16384,128,0.01,fixed_sparse16,16,0.01171875,energy,0.01171875,0.01,0.011760970599860632,-2.6724842769201533e-19,0.999941986697814
eval_001,prefill__C2,16384,128,0.01,fixed_sparse16,16,0.01171875,directional,0.01318359375,0.01,0.011760970599860632,-2.6724842769201533e-19,0.999941986697814
eval_001,prefill__C2,16384,128,0.01,fixed_sparse16,16,0.01171875,combined,0.0146484375,0.01,0.011760970599860632,-2.6724842769201533e-19,0.999941986697814
eval_001,prefill__C2,16384,128,0.01,adaptive_joint,256,0.00390625,spike,0.009765625,0.010000000228937628,0.011760970796398339,3.5697320839782223e-10,0.9999419937953762
eval_001,prefill__C2,16384,128,0.01,adaptive_joint,256,0.00390625,energy,0.009765625,0.010000000228937628,0.011760970796398339,3.5697320839782223e-10,0.9999419937953762
eval_001,prefill__C2,16384,128,0.01,adaptive_joint,256,0.00390625,directional,0.00927734375,0.010000000228937628,0.011760970796398339,3.5697320839782223e-10,0.9999419937953762
eval_001,prefill__C2,16384,128,0.01,adaptive_joint,256,0.00390625,combined,0.009765625,0.010000000228937628,0.011760970796398339,3.5697320839782223e-10,0.9999419937953762
eval_001,prefill__C2,16384,128,0.02,fixed_diffuse,16384,0.03515625,spike,0.009765625,0.02,0.020936103492550526,-2.7793836479969595e-18,0.9997906723456959
eval_001,prefill__C2,16384,128,0.02,fixed_diffuse,16384,0.03515625,energy,0.009765625,0.02,0.020936103492550526,-2.7793836479969595e-18,0.9997906723456959
eval_001,prefill__C2,16384,128,0.02,fixed_diffuse,16384,0.03515625,directional,0.0498046875,0.02,0.020936103492550526,-2.7793836479969595e-18,0.9997906723456959
eval_001,prefill__C2,16384,128,0.02,fixed_diffuse,16384,0.03515625,combined,0.05322265625,0.02,0.020936103492550526,-2.7793836479969595e-18,0.9997906723456959
eval_001,prefill__C2,16384,128,0.02,fixed_directional,16378,1.0,spike,0.009765625,0.019999999999999997,0.020936103492550526,2.7793836479969603e-18,0.9997898476349373
eval_001,prefill__C2,16384,128,0.02,fixed_directional,16378,1.0,energy,0.009765625,0.019999999999999997,0.020936103492550526,2.7793836479969603e-18,0.9997898476349373
eval_001,prefill__C2,16384,128,0.02,fixed_directional,16378,1.0,directional,1.0,0.019999999999999997,0.020936103492550526,2.7793836479969603e-18,0.9997898476349373
eval_001,prefill__C2,16384,128,0.02,fixed_directional,16378,1.0,combined,1.0,0.019999999999999997,0.020936103492550526,2.7793836479969603e-18,0.9997898476349373
eval_001,prefill__C2,16384,128,0.02,fixed_sparse16,16,0.08203125,spike,0.0947265625,0.019999999999999997,0.020936103492550522,1.2026179246140693e-19,0.9997905531672036
eval_001,prefill__C2,16384,128,0.02,fixed_sparse16,16,0.08203125,energy,0.0947265625,0.019999999999999997,0.020936103492550522,1.2026179246140693e-19,0.9997905531672036
eval_001,prefill__C2,16384,128,0.02,fixed_sparse16,16,0.08203125,directional,0.08984375,0.019999999999999997,0.020936103492550522,1.2026179246140693e-19,0.9997905531672036
eval_001,prefill__C2,16384,128,0.02,fixed_sparse16,16,0.08203125,combined,0.09521484375,0.019999999999999997,0.020936103492550522,1.2026179246140693e-19,0.9997905531672036
eval_001,prefill__C2,16384,128,0.02,adaptive_joint,16384,0.0234375,spike,0.009765625,0.01999999977502184,0.020936103276316762,-2.2235593796896833e-10,0.9997901952509599
eval_001,prefill__C2,16384,128,0.02,adaptive_joint,16384,0.0234375,energy,0.009765625,0.01999999977502184,0.020936103276316762,-2.2235593796896833e-10,0.9997901952509599
eval_001,prefill__C2,16384,128,0.02,adaptive_joint,16384,0.0234375,directional,0.0439453125,0.01999999977502184,0.020936103276316762,-2.2235593796896833e-10,0.9997901952509599
eval_001,prefill__C2,16384,128,0.02,adaptive_joint,16384,0.0234375,combined,0.04541015625,0.01999999977502184,0.020936103276316762,-2.2235593796896833e-10,0.9997901952509599
eval_001,prefill__C2,16384,128,0.05,fixed_diffuse,16384,1.0,spike,0.009765625,0.05000000000000001,0.0503817469868879,-1.0689937107680612e-19,0.9987324078085761
eval_001,prefill__C2,16384,128,0.05,fixed_diffuse,16384,1.0,energy,1.0,0.05000000000000001,0.0503817469868879,-1.0689937107680612e-19,0.9987324078085761
eval_001,prefill__C2,16384,128,0.05,fixed_diffuse,16384,1.0,directional,0.39794921875,0.05000000000000001,0.0503817469868879,-1.0689937107680612e-19,0.9987324078085761
eval_001,prefill__C2,16384,128,0.05,fixed_diffuse,16384,1.0,combined,1.0,0.05000000000000001,0.0503817469868879,-1.0689937107680612e-19,0.9987324078085761
eval_001,prefill__C2,16384,128,0.05,fixed_directional,16378,1.0,spike,0.009765625,0.049999999999999996,0.050381746986887875,9.407144654758942e-18,0.998731804747802
eval_001,prefill__C2,16384,128,0.05,fixed_directional,16378,1.0,energy,1.0,0.049999999999999996,0.050381746986887875,9.407144654758942e-18,0.998731804747802
eval_001,prefill__C2,16384,128,0.05,fixed_directional,16378,1.0,directional,1.0,0.049999999999999996,0.050381746986887875,9.407144654758942e-18,0.998731804747802
eval_001,prefill__C2,16384,128,0.05,fixed_directional,16378,1.0,combined,1.0,0.049999999999999996,0.050381746986887875,9.407144654758942e-18,0.998731804747802
eval_001,prefill__C2,16384,128,0.05,fixed_sparse16,16,0.111328125,spike,0.1162109375,0.05,0.05038174698688788,1.9241886793825104e-19,0.9987326852976511
eval_001,prefill__C2,16384,128,0.05,fixed_sparse16,16,0.111328125,energy,0.1162109375,0.05,0.05038174698688788,1.9241886793825104e-19,0.9987326852976511
eval_001,prefill__C2,16384,128,0.05,fixed_sparse16,16,0.111328125,directional,0.11328125,0.05,0.05038174698688788,1.9241886793825104e-19,0.9987326852976511
eval_001,prefill__C2,16384,128,0.05,fixed_sparse16,16,0.111328125,combined,0.1162109375,0.05,0.05038174698688788,1.9241886793825104e-19,0.9987326852976511
eval_001,prefill__C2,16384,128,0.05,adaptive_joint,16,0.09375,spike,0.10107421875,0.05000000111114302,0.05038174808713918,-4.024606988852731e-10,0.9987327098891216
eval_001,prefill__C2,16384,128,0.05,adaptive_joint,16,0.09375,energy,0.10107421875,0.05000000111114302,0.05038174808713918,-4.024606988852731e-10,0.9987327098891216
eval_001,prefill__C2,16384,128,0.05,adaptive_joint,16,0.09375,directional,0.0986328125,0.05000000111114302,0.05038174808713918,-4.024606988852731e-10,0.9987327098891216
eval_001,prefill__C2,16384,128,0.05,adaptive_joint,16,0.09375,combined,0.10107421875,0.05000000111114302,0.05038174808713918,-4.024606988852731e-10,0.9987327098891216
eval_001,prefill__C2,16384,256,0.0,honest,0,,spike,0.01318359375,0.0,0.006190349703432448,0.0,0.9999924775332905
eval_001,prefill__C2,16384,256,0.0,honest,0,,energy,0.01318359375,0.0,0.006190349703432448,0.0,0.9999924775332905
eval_001,prefill__C2,16384,256,0.0,honest,0,,directional,0.01318359375,0.0,0.006190349703432448,0.0,0.9999924775332905
eval_001,prefill__C2,16384,256,0.0,honest,0,,combined,0.01318359375,0.0,0.006190349703432448,0.0,0.9999924775332905
eval_001,prefill__C2,16384,256,0.01,fixed_diffuse,16384,0.01953125,spike,0.01318359375,0.01,0.011760970599860632,-4.7035723273794704e-18,0.999942186271301
eval_001,prefill__C2,16384,256,0.01,fixed_diffuse,16384,0.01953125,energy,0.01318359375,0.01,0.011760970599860632,-4.7035723273794704e-18,0.999942186271301
eval_001,prefill__C2,16384,256,0.01,fixed_diffuse,16384,0.01953125,directional,0.01025390625,0.01,0.011760970599860632,-4.7035723273794704e-18,0.999942186271301
eval_001,prefill__C2,16384,256,0.01,fixed_diffuse,16384,0.01953125,combined,0.01318359375,0.01,0.011760970599860632,-4.7035723273794704e-18,0.999942186271301
eval_001,prefill__C2,16384,256,0.01,fixed_directional,16378,1.0,spike,0.01318359375,0.009999999999999998,0.011760970599860632,2.7793836479969603e-18,0.9999415923450551
eval_001,prefill__C2,16384,256,0.01,fixed_directional,16378,1.0,energy,0.01318359375,0.009999999999999998,0.011760970599860632,2.7793836479969603e-18,0.9999415923450551
eval_001,prefill__C2,16384,256,0.01,fixed_directional,16378,1.0,directional,1.0,0.009999999999999998,0.011760970599860632,2.7793836479969603e-18,0.9999415923450551
eval_001,prefill__C2,16384,256,0.01,fixed_directional,16378,1.0,combined,1.0,0.009999999999999998,0.011760970599860632,2.7793836479969603e-18,0.9999415923450551
eval_001,prefill__C2,16384,256,0.01,fixed_sparse16,16,0.0234375,spike,0.01318359375,0.01,0.011760970599860634,2.1379874215361227e-19,0.9999419893427507
eval_001,prefill__C2,16384,256,0.01,fixed_sparse16,16,0.0234375,energy,0.01513671875,0.01,0.011760970599860634,2.1379874215361227e-19,0.9999419893427507
eval_001,prefill__C2,16384,256,0.01,fixed_sparse16,16,0.0234375,directional,0.02197265625,0.01,0.011760970599860634,2.1379874215361227e-19,0.9999419893427507
eval_001,prefill__C2,16384,256,0.01,fixed_sparse16,16,0.0234375,combined,0.0244140625,0.01,0.011760970599860634,2.1379874215361227e-19,0.9999419893427507
eval_001,prefill__C2,16384,256,0.01,adaptive_joint,16384,0.009765625,spike,0.0,0.009999998912172733,0.011760969752843823,1.4805831035461638e-08,0.9999371673064095
eval_001,prefill__C2,16384,256,0.01,adaptive_joint,16384,0.009765625,energy,0.0,0.009999998912172733,0.011760969752843823,1.4805831035461638e-08,0.9999371673064095
eval_001,prefill__C2,16384,256,0.01,adaptive_joint,16384,0.009765625,directional,0.00732421875,0.009999998912172733,0.011760969752843823,1.4805831035461638e-08,0.9999371673064095
eval_001,prefill__C2,16384,256,0.01,adaptive_joint,16384,0.009765625,combined,0.00732421875,0.009999998912172733,0.011760969752843823,1.4805831035461638e-08,0.9999371673064095
eval_001,prefill__C2,16384,256,0.02,fixed_diffuse,16384,0.08984375,spike,0.01318359375,0.02,0.020936103492550522,5.3182437110711054e-18,0.9997900237336249
eval_001,prefill__C2,16384,256,0.02,fixed_diffuse,16384,0.08984375,energy,0.01318359375,0.02,0.020936103492550522,5.3182437110711054e-18,0.9997900237336249
eval_001,prefill__C2,16384,256,0.02,fixed_diffuse,16384,0.08984375,directional,0.1083984375,0.02,0.020936103492550522,5.3182437110711054e-18,0.9997900237336249
eval_001,prefill__C2,16384,256,0.02,fixed_diffuse,16384,0.08984375,combined,0.11279296875,0.02,0.020936103492550522,5.3182437110711054e-18,0.9997900237336249
eval_001,prefill__C2,16384,256,0.02,fixed_directional,16378,1.0,spike,0.01318359375,0.019999999999999997,0.020936103492550526,2.7793836479969603e-18,0.9997898476349373
eval_001,prefill__C2,16384,256,0.02,fixed_directional,16378,1.0,energy,0.01318359375,0.019999999999999997,0.020936103492550526,2.7793836479969603e-18,0.9997898476349373
eval_001,prefill__C2,16384,256,0.02,fixed_directional,16378,1.0,directional,1.0,0.019999999999999997,0.020936103492550526,2.7793836479969603e-18,0.9997898476349373
eval_001,prefill__C2,16384,256,0.02,fixed_directional,16378,1.0,combined,1.0,0.019999999999999997,0.020936103492550526,2.7793836479969603e-18,0.9997898476349373
eval_001,prefill__C2,16384,256,0.02,fixed_sparse16,16,0.205078125,spike,0.2255859375,0.02,0.020936103492550526,-7.48295597537643e-19,0.99979061023195
eval_001,prefill__C2,16384,256,0.02,fixed_sparse16,16,0.205078125,energy,0.2255859375,0.02,0.020936103492550526,-7.48295597537643e-19,0.99979061023195
eval_001,prefill__C2,16384,256,0.02,fixed_sparse16,16,0.205078125,directional,0.1953125,0.02,0.020936103492550526,-7.48295597537643e-19,0.99979061023195
eval_001,prefill__C2,16384,256,0.02,fixed_sparse16,16,0.205078125,combined,0.2255859375,0.02,0.020936103492550526,-7.48295597537643e-19,0.99979061023195
eval_001,prefill__C2,16384,256,0.02,adaptive_joint,16384,0.0859375,spike,0.01318359375,0.019999996458667603,0.02093610011157837,3.4137367528142433e-10,0.9997896466936597
eval_001,prefill__C2,16384,256,0.02,adaptive_joint,16384,0.0859375,energy,0.01318359375,0.019999996458667603,0.02093610011157837,3.4137367528142433e-10,0.9997896466936597
eval_001,prefill__C2,16384,256,0.02,adaptive_joint,16384,0.0859375,directional,0.08349609375,0.019999996458667603,0.02093610011157837,3.4137367528142433e-10,0.9997896466936597
eval_001,prefill__C2,16384,256,0.02,adaptive_joint,16384,0.0859375,combined,0.087890625,0.019999996458667603,0.02093610011157837,3.4137367528142433e-10,0.9997896466936597
eval_001,prefill__C2,16384,256,0.05,fixed_diffuse,16384,1.0,spike,0.01318359375,0.049999999999999996,0.05038174698688789,-1.0583037736603809e-18,0.9987336697607989
eval_001,prefill__C2,16384,256,0.05,fixed_diffuse,16384,1.0,energy,1.0,0.049999999999999996,0.05038174698688789,-1.0583037736603809e-18,0.9987336697607989
eval_001,prefill__C2,16384,256,0.05,fixed_diffuse,16384,1.0,directional,0.486328125,0.049999999999999996,0.05038174698688789,-1.0583037736603809e-18,0.9987336697607989
eval_001,prefill__C2,16384,256,0.05,fixed_diffuse,16384,1.0,combined,1.0,0.049999999999999996,0.05038174698688789,-1.0583037736603809e-18,0.9987336697607989
eval_001,prefill__C2,16384,256,0.05,fixed_directional,16378,1.0,spike,0.01318359375,0.049999999999999996,0.050381746986887875,9.407144654758942e-18,0.998731804747802
eval_001,prefill__C2,16384,256,0.05,fixed_directional,16378,1.0,energy,1.0,0.049999999999999996,0.050381746986887875,9.407144654758942e-18,0.998731804747802
eval_001,prefill__C2,16384,256,0.05,fixed_directional,16378,1.0,directional,1.0,0.049999999999999996,0.050381746986887875,9.407144654758942e-18,0.998731804747802
eval_001,prefill__C2,16384,256,0.05,fixed_directional,16378,1.0,combined,1.0,0.049999999999999996,0.050381746986887875,9.407144654758942e-18,0.998731804747802
eval_001,prefill__C2,16384,256,0.05,fixed_sparse16,16,0.193359375,spike,0.2060546875,0.05,0.05038174698688789,-5.558767295993919e-19,0.998732699978358
eval_001,prefill__C2,16384,256,0.05,fixed_sparse16,16,0.193359375,energy,0.2060546875,0.05,0.05038174698688789,-5.558767295993919e-19,0.998732699978358
eval_001,prefill__C2,16384,256,0.05,fixed_sparse16,16,0.193359375,directional,0.1943359375,0.05,0.05038174698688789,-5.558767295993919e-19,0.998732699978358
eval_001,prefill__C2,16384,256,0.05,fixed_sparse16,16,0.193359375,combined,0.2060546875,0.05,0.05038174698688789,-5.558767295993919e-19,0.998732699978358
eval_001,prefill__C2,16384,256,0.05,adaptive_joint,16,0.1015625,spike,0.12939453125,0.05000000088308751,0.05038174786365703,6.069416519850045e-11,0.9987327432805939
eval_001,prefill__C2,16384,256,0.05,adaptive_joint,16,0.1015625,energy,0.12939453125,0.05000000088308751,0.05038174786365703,6.069416519850045e-11,0.9987327432805939
eval_001,prefill__C2,16384,256,0.05,adaptive_joint,16,0.1015625,directional,0.12939453125,0.05000000088308751,0.05038174786365703,6.069416519850045e-11,0.9987327432805939
eval_001,prefill__C2,16384,256,0.05,adaptive_joint,16,0.1015625,combined,0.12939453125,0.05000000088308751,0.05038174786365703,6.069416519850045e-11,0.9987327432805939
eval_001,prefill__C2,16384,512,0.0,honest,0,,spike,0.02734375,0.0,0.006190349703432448,0.0,0.9999924775332905
eval_001,prefill__C2,16384,512,0.0,honest,0,,energy,0.02734375,0.0,0.006190349703432448,0.0,0.9999924775332905
eval_001,prefill__C2,16384,512,0.0,honest,0,,directional,0.02197265625,0.0,0.006190349703432448,0.0,0.9999924775332905
eval_001,prefill__C2,16384,512,0.0,honest,0,,combined,0.02734375,0.0,0.006190349703432448,0.0,0.9999924775332905
eval_001,prefill__C2,16384,512,0.01,fixed_diffuse,16384,0.029296875,spike,0.02734375,0.01,0.011760970599860632,-2.0310880504593168e-18,0.9999419509456665
eval_001,prefill__C2,16384,512,0.01,fixed_diffuse,16384,0.029296875,energy,0.02734375,0.01,0.011760970599860632,-2.0310880504593168e-18,0.9999419509456665
eval_001,prefill__C2,16384,512,0.01,fixed_diffuse,16384,0.029296875,directional,0.02392578125,0.01,0.011760970599860632,-2.0310880504593168e-18,0.9999419509456665
eval_001,prefill__C2,16384,512,0.01,fixed_diffuse,16384,0.029296875,combined,0.0380859375,0.01,0.011760970599860632,-2.0310880504593168e-18,0.9999419509456665
eval_001,prefill__C2,16384,512,0.01,fixed_directional,16378,1.0,spike,0.02734375,0.009999999999999998,0.011760970599860632,2.7793836479969603e-18,0.9999415923450551
eval_001,prefill__C2,16384,512,0.01,fixed_directional,16378,1.0,energy,0.02734375,0.009999999999999998,0.011760970599860632,2.7793836479969603e-18,0.9999415923450551
eval_001,prefill__C2,16384,512,0.01,fixed_directional,16378,1.0,directional,1.0,0.009999999999999998,0.011760970599860632,2.7793836479969603e-18,0.9999415923450551
eval_001,prefill__C2,16384,512,0.01,fixed_directional,16378,1.0,combined,1.0,0.009999999999999998,0.011760970599860632,2.7793836479969603e-18,0.9999415923450551
eval_001,prefill__C2,16384,512,0.01,fixed_sparse16,16,0.05078125,spike,0.02734375,0.01,0.011760970599860632,-2.1379874215361227e-19,0.9999419196951193
eval_001,prefill__C2,16384,512,0.01,fixed_sparse16,16,0.05078125,energy,0.0322265625,0.01,0.011760970599860632,-2.1379874215361227e-19,0.9999419196951193
eval_001,prefill__C2,16384,512,0.01,fixed_sparse16,16,0.05078125,directional,0.02880859375,0.01,0.011760970599860632,-2.1379874215361227e-19,0.9999419196951193
eval_001,prefill__C2,16384,512,0.01,fixed_sparse16,16,0.05078125,combined,0.04443359375,0.01,0.011760970599860632,-2.1379874215361227e-19,0.9999419196951193
eval_001,prefill__C2,16384,512,0.01,adaptive_joint,16384,0.03515625,spike,0.02734375,0.01000000014734214,0.011760970754052802,5.4928743433192555e-09,0.9999405705238321
eval_001,prefill__C2,16384,512,0.01,adaptive_joint,16384,0.03515625,energy,0.02734375,0.01000000014734214,0.011760970754052802,5.4928743433192555e-09,0.9999405705238321
eval_001,prefill__C2,16384,512,0.01,adaptive_joint,16384,0.03515625,directional,0.01953125,0.01000000014734214,0.011760970754052802,5.4928743433192555e-09,0.9999405705238321
eval_001,prefill__C2,16384,512,0.01,adaptive_joint,16384,0.03515625,combined,0.03759765625,0.01000000014734214,0.011760970754052802,5.4928743433192555e-09,0.9999405705238321
eval_001,prefill__C2,16384,512,0.02,fixed_diffuse,16384,0.189453125,spike,0.02734375,0.020000000000000004,0.020936103492550526,-1.0609762579373007e-17,0.9997903030225976
eval_001,prefill__C2,16384,512,0.02,fixed_diffuse,16384,0.189453125,energy,0.02734375,0.020000000000000004,0.020936103492550526,-1.0609762579373007e-17,0.9997903030225976
eval_001,prefill__C2,16384,512,0.02,fixed_diffuse,16384,0.189453125,directional,0.17041015625,0.020000000000000004,0.020936103492550526,-1.0609762579373007e-17,0.9997903030225976
eval_001,prefill__C2,16384,512,0.02,fixed_diffuse,16384,0.189453125,combined,0.18505859375,0.020000000000000004,0.020936103492550526,-1.0609762579373007e-17,0.9997903030225976
eval_001,prefill__C2,16384,512,0.02,fixed_directional,16378,1.0,spike,0.02734375,0.019999999999999997,0.020936103492550526,2.7793836479969603e-18,0.9997898476349373
eval_001,prefill__C2,16384,512,0.02,fixed_directional,16378,1.0,energy,0.02734375,0.019999999999999997,0.020936103492550526,2.7793836479969603e-18,0.9997898476349373
eval_001,prefill__C2,16384,512,0.02,fixed_directional,16378,1.0,directional,1.0,0.019999999999999997,0.020936103492550526,2.7793836479969603e-18,0.9997898476349373
eval_001,prefill__C2,16384,512,0.02,fixed_directional,16378,1.0,combined,1.0,0.019999999999999997,0.020936103492550526,2.7793836479969603e-18,0.9997898476349373
eval_001,prefill__C2,16384,512,0.02,fixed_sparse16,16,0.416015625,spike,0.39306640625,0.020000000000000004,0.020936103492550526,-1.977638364920913e-18,0.9997905943092845
eval_001,prefill__C2,16384,512,0.02,fixed_sparse16,16,0.416015625,energy,0.39306640625,0.020000000000000004,0.020936103492550526,-1.977638364920913e-18,0.9997905943092845
eval_001,prefill__C2,16384,512,0.02,fixed_sparse16,16,0.416015625,directional,0.22021484375,0.020000000000000004,0.020936103492550526,-1.977638364920913e-18,0.9997905943092845
eval_001,prefill__C2,16384,512,0.02,fixed_sparse16,16,0.416015625,combined,0.39306640625,0.020000000000000004,0.020936103492550526,-1.977638364920913e-18,0.9997905943092845
eval_001,prefill__C2,16384,512,0.02,adaptive_joint,16384,0.15625,spike,0.02734375,0.02000000485761022,0.02093610811910425,-2.3439534407812034e-09,0.9997917725480866
eval_001,prefill__C2,16384,512,0.02,adaptive_joint,16384,0.15625,energy,0.02734375,0.02000000485761022,0.02093610811910425,-2.3439534407812034e-09,0.9997917725480866
eval_001,prefill__C2,16384,512,0.02,adaptive_joint,16384,0.15625,directional,0.17236328125,0.02000000485761022,0.02093610811910425,-2.3439534407812034e-09,0.9997917725480866
eval_001,prefill__C2,16384,512,0.02,adaptive_joint,16384,0.15625,combined,0.1875,0.02000000485761022,0.02093610811910425,-2.3439534407812034e-09,0.9997917725480866
eval_001,prefill__C2,16384,512,0.05,fixed_diffuse,16384,1.0,spike,0.02734375,0.05,0.05038174698688789,3.6345786166114085e-18,0.9987334004428735
eval_001,prefill__C2,16384,512,0.05,fixed_diffuse,16384,1.0,energy,1.0,0.05,0.05038174698688789,3.6345786166114085e-18,0.9987334004428735
eval_001,prefill__C2,16384,512,0.05,fixed_diffuse,16384,1.0,directional,0.5712890625,0.05,0.05038174698688789,3.6345786166114085e-18,0.9987334004428735
eval_001,prefill__C2,16384,512,0.05,fixed_diffuse,16384,1.0,combined,1.0,0.05,0.05038174698688789,3.6345786166114085e-18,0.9987334004428735
eval_001,prefill__C2,16384,512,0.05,fixed_directional,16378,1.0,spike,0.02734375,0.049999999999999996,0.050381746986887875,9.407144654758942e-18,0.998731804747802
eval_001,prefill__C2,16384,512,0.05,fixed_directional,16378,1.0,energy,1.0,0.049999999999999996,0.050381746986887875,9.407144654758942e-18,0.998731804747802
eval_001,prefill__C2,16384,512,0.05,fixed_directional,16378,1.0,directional,1.0,0.049999999999999996,0.050381746986887875,9.407144654758942e-18,0.998731804747802
eval_001,prefill__C2,16384,512,0.05,fixed_directional,16378,1.0,combined,1.0,0.049999999999999996,0.050381746986887875,9.407144654758942e-18,0.998731804747802
eval_001,prefill__C2,16384,512,0.05,fixed_sparse16,16,0.416015625,spike,0.427734375,0.04999999999999999,0.05038174698688788,2.351786163689736e-19,0.9987327122270343
eval_001,prefill__C2,16384,512,0.05,fixed_sparse16,16,0.416015625,energy,0.427734375,0.04999999999999999,0.05038174698688788,2.351786163689736e-19,0.9987327122270343
eval_001,prefill__C2,16384,512,0.05,fixed_sparse16,16,0.416015625,directional,0.38720703125,0.04999999999999999,0.05038174698688788,2.351786163689736e-19,0.9987327122270343
eval_001,prefill__C2,16384,512,0.05,fixed_sparse16,16,0.416015625,combined,0.427734375,0.04999999999999999,0.05038174698688788,2.351786163689736e-19,0.9987327122270343
eval_001,prefill__C2,16384,512,0.05,adaptive_joint,16,0.1796875,spike,0.1943359375,0.0500000021532675,0.05038174912374766,-1.5011359652071237e-11,0.9987326673828744
eval_001,prefill__C2,16384,512,0.05,adaptive_joint,16,0.1796875,energy,0.1943359375,0.0500000021532675,0.05038174912374766,-1.5011359652071237e-11,0.9987326673828744
eval_001,prefill__C2,16384,512,0.05,adaptive_joint,16,0.1796875,directional,0.18359375,0.0500000021532675,0.05038174912374766,-1.5011359652071237e-11,0.9987326673828744
eval_001,prefill__C2,16384,512,0.05,adaptive_joint,16,0.1796875,combined,0.19482421875,0.0500000021532675,0.05038174912374766,-1.5011359652071237e-11,0.9987326673828744
eval_001,prefill__C3,16384,64,0.0,honest,0,,spike,0.01171875,0.0,0.01816041891368219,0.0,0.9998359238882945
eval_001,prefill__C3,16384,64,0.0,honest,0,,energy,0.01513671875,0.0,0.01816041891368219,0.0,0.9998359238882945
eval_001,prefill__C3,16384,64,0.0,honest,0,,directional,0.00244140625,0.0,0.01816041891368219,0.0,0.9998359238882945
eval_001,prefill__C3,16384,64,0.0,honest,0,,combined,0.02197265625,0.0,0.01816041891368219,0.0,0.9998359238882945
eval_001,prefill__C3,16384,64,0.01,fixed_diffuse,16384,0.05859375,spike,0.01171875,0.010000000000000002,0.020731638023089874,-4.226904743209841e-18,0.9997857812379266
eval_001,prefill__C3,16384,64,0.01,fixed_diffuse,16384,0.05859375,energy,0.03857421875,0.010000000000000002,0.020731638023089874,-4.226904743209841e-18,0.9997857812379266
eval_001,prefill__C3,16384,64,0.01,fixed_diffuse,16384,0.05859375,directional,0.0078125,0.010000000000000002,0.020731638023089874,-4.226904743209841e-18,0.9997857812379266
eval_001,prefill__C3,16384,64,0.01,fixed_diffuse,16384,0.05859375,combined,0.046875,0.010000000000000002,0.020731638023089874,-4.226904743209841e-18,0.9997857812379266
eval_001,prefill__C3,16384,64,0.01,fixed_directional,16384,0.77734375,spike,0.01123046875,0.010000000000000002,0.020731638023089877,1.5450065613111833e-17,0.9997948891585806
eval_001,prefill__C3,16384,64,0.01,fixed_directional,16384,0.77734375,energy,0.0390625,0.010000000000000002,0.020731638023089877,1.5450065613111833e-17,0.9997948891585806
eval_001,prefill__C3,16384,64,0.01,fixed_directional,16384,0.77734375,directional,0.77197265625,0.010000000000000002,0.020731638023089877,1.5450065613111833e-17,0.9997948891585806
eval_001,prefill__C3,16384,64,0.01,fixed_directional,16384,0.77734375,combined,0.77734375,0.010000000000000002,0.020731638023089877,1.5450065613111833e-17,0.9997948891585806
eval_001,prefill__C3,16384,64,0.01,fixed_sparse16,16,0.08203125,spike,0.05859375,0.010000000000000002,0.020731638023089877,-8.016543478501422e-19,0.9997857267588556
eval_001,prefill__C3,16384,64,0.01,fixed_sparse16,16,0.08203125,energy,0.060546875,0.010000000000000002,0.020731638023089877,-8.016543478501422e-19,0.9997857267588556
eval_001,prefill__C3,16384,64,0.01,fixed_sparse16,16,0.08203125,directional,0.01416015625,0.010000000000000002,0.020731638023089877,-8.016543478501422e-19,0.9997857267588556
eval_001,prefill__C3,16384,64,0.01,fixed_sparse16,16,0.08203125,combined,0.06787109375,0.010000000000000002,0.020731638023089877,-8.016543478501422e-19,0.9997857267588556
eval_001,prefill__C3,16384,64,0.01,adaptive_joint,16384,0.015625,spike,0.0,0.009999999503893993,0.020731637701616585,-9.380884751343942e-09,0.9997853469332689
eval_001,prefill__C3,16384,64,0.01,adaptive_joint,16384,0.015625,energy,0.0029296875,0.009999999503893993,0.020731637701616585,-9.380884751343942e-09,0.9997853469332689
eval_001,prefill__C3,16384,64,0.01,adaptive_joint,16384,0.015625,directional,0.00439453125,0.009999999503893993,0.020731637701616585,-9.380884751343942e-09,0.9997853469332689
eval_001,prefill__C3,16384,64,0.01,adaptive_joint,16384,0.015625,combined,0.00732421875,0.009999999503893993,0.020731637701616585,-9.380884751343942e-09,0.9997853469332689
eval_001,prefill__C3,16384,64,0.02,fixed_diffuse,16384,0.57421875,spike,0.0185546875,0.020000000000000004,0.027014825839165167,-7.287766798637656e-18,0.9996355314838955
eval_001,prefill__C3,16384,64,0.02,fixed_diffuse,16384,0.57421875,energy,0.564453125,0.020000000000000004,0.027014825839165167,-7.287766798637656e-18,0.9996355314838955
eval_001,prefill__C3,16384,64,0.02,fixed_diffuse,16384,0.57421875,directional,0.0390625,0.020000000000000004,0.027014825839165167,-7.287766798637656e-18,0.9996355314838955
eval_001,prefill__C3,16384,64,0.02,fixed_diffuse,16384,0.57421875,combined,0.572265625,0.020000000000000004,0.027014825839165167,-7.287766798637656e-18,0.9996355314838955
eval_001,prefill__C3,16384,64,0.02,fixed_directional,16384,1.0,spike,0.01708984375,0.020000000000000004,0.02701482583916517,1.5450065613111833e-17,0.9996879571142535
eval_001,prefill__C3,16384,64,0.02,fixed_directional,16384,1.0,energy,0.5400390625,0.020000000000000004,0.02701482583916517,1.5450065613111833e-17,0.9996879571142535
eval_001,prefill__C3,16384,64,0.02,fixed_directional,16384,1.0,directional,1.0,0.020000000000000004,0.02701482583916517,1.5450065613111833e-17,0.9996879571142535
eval_001,prefill__C3,16384,64,0.02,fixed_directional,16384,1.0,combined,1.0,0.020000000000000004,0.02701482583916517,1.5450065613111833e-17,0.9996879571142535
eval_001,prefill__C3,16384,64,0.02,fixed_sparse16,16,0.111328125,spike,0.0693359375,0.02,0.027014825839165164,-1.4939921937207198e-18,0.9996354088781034
eval_001,prefill__C3,16384,64,0.02,fixed_sparse16,16,0.111328125,energy,0.0732421875,0.02,0.027014825839165164,-1.4939921937207198e-18,0.9996354088781034
eval_001,prefill__C3,16384,64,0.02,fixed_sparse16,16,0.111328125,directional,0.052734375,0.02,0.027014825839165164,-1.4939921937207198e-18,0.9996354088781034
eval_001,prefill__C3,16384,64,0.02,fixed_sparse16,16,0.111328125,combined,0.07958984375,0.02,0.027014825839165164,-1.4939921937207198e-18,0.9996354088781034
eval_001,prefill__C3,16384,64,0.02,adaptive_joint,16,0.05859375,spike,0.05908203125,0.019999999374576742,0.02701482537296657,-2.36252055227789e-10,0.9996353398762325
eval_001,prefill__C3,16384,64,0.02,adaptive_joint,16,0.05859375,energy,0.0634765625,0.019999999374576742,0.02701482537296657,-2.36252055227789e-10,0.9996353398762325
eval_001,prefill__C3,16384,64,0.02,adaptive_joint,16,0.05859375,directional,0.03564453125,0.019999999374576742,0.02701482537296657,-2.36252055227789e-10,0.9996353398762325
eval_001,prefill__C3,16384,64,0.02,adaptive_joint,16,0.05859375,combined,0.0693359375,0.019999999374576742,0.02701482537296657,-2.36252055227789e-10,0.9996353398762325
eval_001,prefill__C3,16384,64,0.05,fixed_diffuse,16384,1.0,spike,0.02734375,0.05,0.053195872162419014,-9.328341502256202e-19,0.9985846668075213
eval_001,prefill__C3,16384,64,0.05,fixed_diffuse,16384,1.0,energy,1.0,0.05,0.053195872162419014,-9.328341502256202e-19,0.9985846668075213
eval_001,prefill__C3,16384,64,0.05,fixed_diffuse,16384,1.0,directional,0.27880859375,0.05,0.053195872162419014,-9.328341502256202e-19,0.9985846668075213
eval_001,prefill__C3,16384,64,0.05,fixed_diffuse,16384,1.0,combined,1.0,0.05,0.053195872162419014,-9.328341502256202e-19,0.9985846668075213
eval_001,prefill__C3,16384,64,0.05,fixed_directional,16384,1.0,spike,0.0712890625,0.05000000000000001,0.05319587216241902,1.3292886640715086e-17,0.9989941803977522
eval_001,prefill__C3,16384,64,0.05,fixed_directional,16384,1.0,energy,1.0,0.05000000000000001,0.05319587216241902,1.3292886640715086e-17,0.9989941803977522
eval_001,prefill__C3,16384,64,0.05,fixed_directional,16384,1.0,directional,1.0,0.05000000000000001,0.05319587216241902,1.3292886640715086e-17,0.9989941803977522
eval_001,prefill__C3,16384,64,0.05,fixed_directional,16384,1.0,combined,1.0,0.05000000000000001,0.05319587216241902,1.3292886640715086e-17,0.9989941803977522
eval_001,prefill__C3,16384,64,0.05,fixed_sparse16,16,0.07421875,spike,0.0634765625,0.05,0.053195872162419014,-2.856804585065962e-18,0.9985858689693752
eval_001,prefill__C3,16384,64,0.05,fixed_sparse16,16,0.07421875,energy,0.06640625,0.05,0.053195872162419014,-2.856804585065962e-18,0.9985858689693752
eval_001,prefill__C3,16384,64,0.05,fixed_sparse16,16,0.07421875,directional,0.05224609375,0.05,0.053195872162419014,-2.856804585065962e-18,0.9985858689693752
eval_001,prefill__C3,16384,64,0.05,fixed_sparse16,16,0.07421875,combined,0.0732421875,0.05,0.053195872162419014,-2.856804585065962e-18,0.9985858689693752
eval_001,prefill__C3,16384,64,0.05,adaptive_joint,16,0.091796875,spike,0.0537109375,0.05000000007196823,0.05319587222845889,-9.400948448240791e-11,0.9985847686112216
eval_001,prefill__C3,16384,64,0.05,adaptive_joint,16,0.091796875,energy,0.05908203125,0.05000000007196823,0.05319587222845889,-9.400948448240791e-11,0.9985847686112216
eval_001,prefill__C3,16384,64,0.05,adaptive_joint,16,0.091796875,directional,0.0400390625,0.05000000007196823,0.05319587222845889,-9.400948448240791e-11,0.9985847686112216
eval_001,prefill__C3,16384,64,0.05,adaptive_joint,16,0.091796875,combined,0.0654296875,0.05000000007196823,0.05319587222845889,-9.400948448240791e-11,0.9985847686112216
eval_001,prefill__C3,16384,128,0.0,honest,0,,spike,0.017578125,0.0,0.01816041891368219,0.0,0.9998359238882945
eval_001,prefill__C3,16384,128,0.0,honest,0,,energy,0.01318359375,0.0,0.01816041891368219,0.0,0.9998359238882945
eval_001,prefill__C3,16384,128,0.0,honest,0,,directional,0.00341796875,0.0,0.01816041891368219,0.0,0.9998359238882945
eval_001,prefill__C3,16384,128,0.0,honest,0,,combined,0.0263671875,0.0,0.01816041891368219,0.0,0.9998359238882945
eval_001,prefill__C3,16384,128,0.01,fixed_diffuse,16384,0.056640625,spike,0.013671875,0.01,0.020731638023089877,-4.008271739250712e-18,0.9997857658953759
eval_001,prefill__C3,16384,128,0.01,fixed_diffuse,16384,0.056640625,energy,0.06787109375,0.01,0.020731638023089877,-4.008271739250712e-18,0.9997857658953759
eval_001,prefill__C3,16384,128,0.01,fixed_diffuse,16384,0.056640625,directional,0.0078125,0.01,0.020731638023089877,-4.008271739250712e-18,0.9997857658953759
eval_001,prefill__C3,16384,128,0.01,fixed_diffuse,16384,0.056640625,combined,0.0751953125,0.01,0.020731638023089877,-4.008271739250712e-18,0.9997857658953759
eval_001,prefill__C3,16384,128,0.01,fixed_directional,16384,0.986328125,spike,0.025390625,0.010000000000000002,0.020731638023089877,1.5450065613111833e-17,0.9997948891585806
eval_001,prefill__C3,16384,128,0.01,fixed_directional,16384,0.986328125,energy,0.076171875,0.010000000000000002,0.020731638023089877,1.5450065613111833e-17,0.9997948891585806
eval_001,prefill__C3,16384,128,0.01,fixed_directional,16384,0.986328125,directional,0.9775390625,0.010000000000000002,0.020731638023089877,1.5450065613111833e-17,0.9997948891585806
eval_001,prefill__C3,16384,128,0.01,fixed_directional,16384,0.986328125,combined,0.978515625,0.010000000000000002,0.020731638023089877,1.5450065613111833e-17,0.9997948891585806
eval_001,prefill__C3,16384,128,0.01,fixed_sparse16,16,0.126953125,spike,0.13134765625,0.010000000000000002,0.020731638023089874,8.745320158365189e-19,0.9997857181119368
eval_001,prefill__C3,16384,128,0.01,fixed_sparse16,16,0.126953125,energy,0.12744140625,0.010000000000000002,0.020731638023089874,8.745320158365189e-19,0.9997857181119368
eval_001,prefill__C3,16384,128,0.01,fixed_sparse16,16,0.126953125,directional,0.00830078125,0.010000000000000002,0.020731638023089874,8.745320158365189e-19,0.9997857181119368
eval_001,prefill__C3,16384,128,0.01,fixed_sparse16,16,0.126953125,combined,0.13916015625,0.010000000000000002,0.020731638023089874,8.745320158365189e-19,0.9997857181119368
eval_001,prefill__C3,16384,128,0.01,adaptive_joint,16384,0.025390625,spike,0.0,0.010000000388936283,0.02073163801856716,-2.1933007734245393e-08,0.9997853154332701
eval_001,prefill__C3,16384,128,0.01,adaptive_joint,16384,0.025390625,energy,0.0234375,0.010000000388936283,0.02073163801856716,-2.1933007734245393e-08,0.9997853154332701
eval_001,prefill__C3,16384,128,0.01,adaptive_joint,16384,0.025390625,directional,0.005859375,0.010000000388936283,0.02073163801856716,-2.1933007734245393e-08,0.9997853154332701
eval_001,prefill__C3,16384,128,0.01,adaptive_joint,16384,0.025390625,combined,0.0283203125,0.010000000388936283,0.02073163801856716,-2.1933007734245393e-08,0.9997853154332701
eval_001,prefill__C3,16384,128,0.02,fixed_diffuse,16384,0.970703125,spike,0.017578125,0.02,0.027014825839165164,3.0608620554278163e-18,0.9996351809441275
eval_001,prefill__C3,16384,128,0.02,fixed_diffuse,16384,0.970703125,energy,0.9677734375,0.02,0.027014825839165164,3.0608620554278163e-18,0.9996351809441275
eval_001,prefill__C3,16384,128,0.02,fixed_diffuse,16384,0.970703125,directional,0.0263671875,0.02,0.027014825839165164,3.0608620554278163e-18,0.9996351809441275
eval_001,prefill__C3,16384,128,0.02,fixed_diffuse,16384,0.970703125,combined,0.96826171875,0.02,0.027014825839165164,3.0608620554278163e-18,0.9996351809441275
eval_001,prefill__C3,16384,128,0.02,fixed_directional,16384,1.0,spike,0.025390625,0.020000000000000004,0.02701482583916517,1.5450065613111833e-17,0.9996879571142535
eval_001,prefill__C3,16384,128,0.02,fixed_directional,16384,1.0,energy,0.9560546875,0.020000000000000004,0.02701482583916517,1.5450065613111833e-17,0.9996879571142535
eval_001,prefill__C3,16384,128,0.02,fixed_directional,16384,1.0,directional,1.0,0.020000000000000004,0.02701482583916517,1.5450065613111833e-17,0.9996879571142535
eval_001,prefill__C3,16384,128,0.02,fixed_directional,16384,1.0,combined,1.0,0.020000000000000004,0.02701482583916517,1.5450065613111833e-17,0.9996879571142535
eval_001,prefill__C3,16384,128,0.02,fixed_sparse16,16,0.15625,spike,0.12744140625,0.02,0.027014825839165164,1.4575533597275317e-19,0.9996354066805743
eval_001,prefill__C3,16384,128,0.02,fixed_sparse16,16,0.15625,energy,0.12353515625,0.02,0.027014825839165164,1.4575533597275317e-19,0.9996354066805743
eval_001,prefill__C3,16384,128,0.02,fixed_sparse16,16,0.15625,directional,0.0546875,0.02,0.027014825839165164,1.4575533597275317e-19,0.9996354066805743
eval_001,prefill__C3,16384,128,0.02,fixed_sparse16,16,0.15625,combined,0.13623046875,0.02,0.027014825839165164,1.4575533597275317e-19,0.9996354066805743
eval_001,prefill__C3,16384,128,0.02,adaptive_joint,16,0.083984375,spike,0.09375,0.020000000052919874,0.027014825884788176,4.793395142619903e-10,0.9996355326321744
eval_001,prefill__C3,16384,128,0.02,adaptive_joint,16,0.083984375,energy,0.09033203125,0.020000000052919874,0.027014825884788176,4.793395142619903e-10,0.9996355326321744
eval_001,prefill__C3,16384,128,0.02,adaptive_joint,16,0.083984375,directional,0.0439453125,0.020000000052919874,0.027014825884788176,4.793395142619903e-10,0.9996355326321744
eval_001,prefill__C3,16384,128,0.02,adaptive_joint,16,0.083984375,combined,0.10302734375,0.020000000052919874,0.027014825884788176,4.793395142619903e-10,0.9996355326321744
eval_001,prefill__C3,16384,128,0.05,fixed_diffuse,16384,1.0,spike,0.068359375,0.05,0.053195872162419014,3.23576845859512e-18,0.9985844272818244
eval_001,prefill__C3,16384,128,0.05,fixed_diffuse,16384,1.0,energy,1.0,0.05,0.053195872162419014,3.23576845859512e-18,0.9985844272818244
eval_001,prefill__C3,16384,128,0.05,fixed_diffuse,16384,1.0,directional,0.2822265625,0.05,0.053195872162419014,3.23576845859512e-18,0.9985844272818244
eval_001,prefill__C3,16384,128,0.05,fixed_diffuse,16384,1.0,combined,1.0,0.05,0.053195872162419014,3.23576845859512e-18,0.9985844272818244
eval_001,prefill__C3,16384,128,0.05,fixed_directional,16384,1.0,spike,0.1025390625,0.05000000000000001,0.05319587216241902,1.3292886640715086e-17,0.9989941803977522
eval_001,prefill__C3,16384,128,0.05,fixed_directional,16384,1.0,energy,1.0,0.05000000000000001,0.05319587216241902,1.3292886640715086e-17,0.9989941803977522
eval_001,prefill__C3,16384,128,0.05,fixed_directional,16384,1.0,directional,1.0,0.05000000000000001,0.05319587216241902,1.3292886640715086e-17,0.9989941803977522
eval_001,prefill__C3,16384,128,0.05,fixed_directional,16384,1.0,combined,1.0,0.05000000000000001,0.05319587216241902,1.3292886640715086e-17,0.9989941803977522
eval_001,prefill__C3,16384,128,0.05,fixed_sparse16,16,0.126953125,spike,0.13427734375,0.05000000000000001,0.05319587216241902,-6.996256126692151e-19,0.9985846308827871
eval_001,prefill__C3,16384,128,0.05,fixed_sparse16,16,0.126953125,energy,0.1298828125,0.05000000000000001,0.05319587216241902,-6.996256126692151e-19,0.9985846308827871
eval_001,prefill__C3,16384,128,0.05,fixed_sparse16,16,0.126953125,directional,0.1162109375,0.05000000000000001,0.05319587216241902,-6.996256126692151e-19,0.9985846308827871
eval_001,prefill__C3,16384,128,0.05,fixed_sparse16,16,0.126953125,combined,0.1416015625,0.05000000000000001,0.05319587216241902,-6.996256126692151e-19,0.9985846308827871
eval_001,prefill__C3,16384,128,0.05,adaptive_joint,16,0.130859375,spike,0.1044921875,0.050000000847665475,0.05319587295410712,-2.959564227252171e-10,0.9985850413522004
eval_001,prefill__C3,16384,128,0.05,adaptive_joint,16,0.130859375,energy,0.1015625,0.050000000847665475,0.05319587295410712,-2.959564227252171e-10,0.9985850413522004
eval_001,prefill__C3,16384,128,0.05,adaptive_joint,16,0.130859375,directional,0.07470703125,0.050000000847665475,0.05319587295410712,-2.959564227252171e-10,0.9985850413522004
eval_001,prefill__C3,16384,128,0.05,adaptive_joint,16,0.130859375,combined,0.11328125,0.050000000847665475,0.05319587295410712,-2.959564227252171e-10,0.9985850413522004
eval_001,prefill__C3,16384,256,0.0,honest,0,,spike,0.0205078125,0.0,0.01816041891368219,0.0,0.9998359238882945
eval_001,prefill__C3,16384,256,0.0,honest,0,,energy,0.0107421875,0.0,0.01816041891368219,0.0,0.9998359238882945
eval_001,prefill__C3,16384,256,0.0,honest,0,,directional,0.00048828125,0.0,0.01816041891368219,0.0,0.9998359238882945
eval_001,prefill__C3,16384,256,0.0,honest,0,,combined,0.02880859375,0.0,0.01816041891368219,0.0,0.9998359238882945
eval_001,prefill__C3,16384,256,0.01,fixed_diffuse,16384,0.14453125,spike,0.03662109375,0.01,0.020731638023089877,-1.3117980237547784e-18,0.9997856838021754
eval_001,prefill__C3,16384,256,0.01,fixed_diffuse,16384,0.14453125,energy,0.12548828125,0.01,0.020731638023089877,-1.3117980237547784e-18,0.9997856838021754
eval_001,prefill__C3,16384,256,0.01,fixed_diffuse,16384,0.14453125,directional,0.00146484375,0.01,0.020731638023089877,-1.3117980237547784e-18,0.9997856838021754
eval_001,prefill__C3,16384,256,0.01,fixed_diffuse,16384,0.14453125,combined,0.13427734375,0.01,0.020731638023089877,-1.3117980237547784e-18,0.9997856838021754
eval_001,prefill__C3,16384,256,0.01,fixed_directional,16384,1.0,spike,0.0517578125,0.010000000000000002,0.020731638023089877,1.5450065613111833e-17,0.9997948891585806
eval_001,prefill__C3,16384,256,0.01,fixed_directional,16384,1.0,energy,0.130859375,0.010000000000000002,0.020731638023089877,1.5450065613111833e-17,0.9997948891585806
eval_001,prefill__C3,16384,256,0.01,fixed_directional,16384,1.0,directional,1.0,0.010000000000000002,0.020731638023089877,1.5450065613111833e-17,0.9997948891585806
eval_001,prefill__C3,16384,256,0.01,fixed_directional,16384,1.0,combined,1.0,0.010000000000000002,0.020731638023089877,1.5450065613111833e-17,0.9997948891585806
eval_001,prefill__C3,16384,256,0.01,fixed_sparse16,16,0.24609375,spike,0.24169921875,0.009999999999999998,0.020731638023089874,-8.016543478501424e-19,0.9997857443907221
eval_001,prefill__C3,16384,256,0.01,fixed_sparse16,16,0.24609375,energy,0.2353515625,0.009999999999999998,0.020731638023089874,-8.016543478501424e-19,0.9997857443907221
eval_001,prefill__C3,16384,256,0.01,fixed_sparse16,16,0.24609375,directional,0.0029296875,0.009999999999999998,0.020731638023089874,-8.016543478501424e-19,0.9997857443907221
eval_001,prefill__C3,16384,256,0.01,fixed_sparse16,16,0.24609375,combined,0.2490234375,0.009999999999999998,0.020731638023089874,-8.016543478501424e-19,0.9997857443907221
eval_001,prefill__C3,16384,256,0.01,adaptive_joint,16384,0.1015625,spike,0.0,0.009999997931934387,0.02073163697660542,-5.5873305343000914e-09,0.9997853373384562
eval_001,prefill__C3,16384,256,0.01,adaptive_joint,16384,0.1015625,energy,0.0859375,0.009999997931934387,0.02073163697660542,-5.5873305343000914e-09,0.9997853373384562
eval_001,prefill__C3,16384,256,0.01,adaptive_joint,16384,0.1015625,directional,0.0,0.009999997931934387,0.02073163697660542,-5.5873305343000914e-09,0.9997853373384562
eval_001,prefill__C3,16384,256,0.01,adaptive_joint,16384,0.1015625,combined,0.0859375,0.009999997931934387,0.02073163697660542,-5.5873305343000914e-09,0.9997853373384562
eval_001,prefill__C3,16384,256,0.02,fixed_diffuse,16384,1.0,spike,0.0673828125,0.02,0.027014825839165164,1.1660426877820253e-18,0.9996356438196776
eval_001,prefill__C3,16384,256,0.02,fixed_diffuse,16384,1.0,energy,1.0,0.02,0.027014825839165164,1.1660426877820253e-18,0.9996356438196776
eval_001,prefill__C3,16384,256,0.02,fixed_diffuse,16384,1.0,directional,0.025390625,0.02,0.027014825839165164,1.1660426877820253e-18,0.9996356438196776
eval_001,prefill__C3,16384,256,0.02,fixed_diffuse,16384,1.0,combined,1.0,0.02,0.027014825839165164,1.1660426877820253e-18,0.9996356438196776
eval_001,prefill__C3,16384,256,0.02,fixed_directional,16384,1.0,spike,0.0517578125,0.020000000000000004,0.02701482583916517,1.5450065613111833e-17,0.9996879571142535
eval_001,prefill__C3,16384,256,0.02,fixed_directional,16384,1.0,energy,1.0,0.020000000000000004,0.02701482583916517,1.5450065613111833e-17,0.9996879571142535
eval_001,prefill__C3,16384,256,0.02,fixed_directional,16384,1.0,directional,1.0,0.020000000000000004,0.02701482583916517,1.5450065613111833e-17,0.9996879571142535
eval_001,prefill__C3,16384,256,0.02,fixed_directional,16384,1.0,combined,1.0,0.020000000000000004,0.02701482583916517,1.5450065613111833e-17,0.9996879571142535
eval_001,prefill__C3,16384,256,0.02,fixed_sparse16,16,0.265625,spike,0.24169921875,0.02,0.027014825839165164,1.7490640316730377e-18,0.9996353530406601
eval_001,prefill__C3,16384,256,0.02,fixed_sparse16,16,0.265625,energy,0.234375,0.02,0.027014825839165164,1.7490640316730377e-18,0.9996353530406601
eval_001,prefill__C3,16384,256,0.02,fixed_sparse16,16,0.265625,directional,0.02880859375,0.02,0.027014825839165164,1.7490640316730377e-18,0.9996353530406601
eval_001,prefill__C3,16384,256,0.02,fixed_sparse16,16,0.265625,combined,0.24755859375,0.02,0.027014825839165164,1.7490640316730377e-18,0.9996353530406601
eval_001,prefill__C3,16384,256,0.02,adaptive_joint,16,0.166015625,spike,0.17138671875,0.0200000005129696,0.027014826215040862,-2.8957357005446007e-10,0.9996364691372903
eval_001,prefill__C3,16384,256,0.02,adaptive_joint,16,0.166015625,energy,0.16259765625,0.0200000005129696,0.027014826215040862,-2.8957357005446007e-10,0.9996364691372903
eval_001,prefill__C3,16384,256,0.02,adaptive_joint,16,0.166015625,directional,0.0380859375,0.0200000005129696,0.027014826215040862,-2.8957357005446007e-10,0.9996364691372903
eval_001,prefill__C3,16384,256,0.02,adaptive_joint,16,0.166015625,combined,0.1787109375,0.0200000005129696,0.027014826215040862,-2.8957357005446007e-10,0.9996364691372903
eval_001,prefill__C3,16384,256,0.05,fixed_diffuse,16384,1.0,spike,0.0771484375,0.05,0.053195872162419014,-2.5652939131204555e-18,0.9985846731837652
eval_001,prefill__C3,16384,256,0.05,fixed_diffuse,16384,1.0,energy,1.0,0.05,0.053195872162419014,-2.5652939131204555e-18,0.9985846731837652
eval_001,prefill__C3,16384,256,0.05,fixed_diffuse,16384,1.0,directional,0.2001953125,0.05,0.053195872162419014,-2.5652939131204555e-18,0.9985846731837652
eval_001,prefill__C3,16384,256,0.05,fixed_diffuse,16384,1.0,combined,1.0,0.05,0.053195872162419014,-2.5652939131204555e-18,0.9985846731837652
eval_001,prefill__C3,16384,256,0.05,fixed_directional,16384,1.0,spike,0.16650390625,0.05000000000000001,0.05319587216241902,1.3292886640715086e-17,0.9989941803977522
eval_001,prefill__C3,16384,256,0.05,fixed_directional,16384,1.0,energy,1.0,0.05000000000000001,0.05319587216241902,1.3292886640715086e-17,0.9989941803977522
eval_001,prefill__C3,16384,256,0.05,fixed_directional,16384,1.0,directional,1.0,0.05000000000000001,0.05319587216241902,1.3292886640715086e-17,0.9989941803977522
eval_001,prefill__C3,16384,256,0.05,fixed_directional,16384,1.0,combined,1.0,0.05000000000000001,0.05319587216241902,1.3292886640715086e-17,0.9989941803977522
eval_001,prefill__C3,16384,256,0.05,fixed_sparse16,16,0.23828125,spike,0.25,0.05,0.05319587216241902,2.9151067194550633e-19,0.9985852039556329
eval_001,prefill__C3,16384,256,0.05,fixed_sparse16,16,0.23828125,energy,0.2470703125,0.05,0.05319587216241902,2.9151067194550633e-19,0.9985852039556329
eval_001,prefill__C3,16384,256,0.05,fixed_sparse16,16,0.23828125,directional,0.17529296875,0.05,0.05319587216241902,2.9151067194550633e-19,0.9985852039556329
eval_001,prefill__C3,16384,256,0.05,fixed_sparse16,16,0.23828125,combined,0.25830078125,0.05,0.05319587216241902,2.9151067194550633e-19,0.9985852039556329
eval_001,prefill__C3,16384,256,0.05,adaptive_joint,16,0.228515625,spike,0.22119140625,0.05000000366743965,0.05319587559469273,-8.691313253318602e-10,0.9985845986964651
eval_001,prefill__C3,16384,256,0.05,adaptive_joint,16,0.228515625,energy,0.20703125,0.05000000366743965,0.05319587559469273,-8.691313253318602e-10,0.9985845986964651
eval_001,prefill__C3,16384,256,0.05,adaptive_joint,16,0.228515625,directional,0.13720703125,0.05000000366743965,0.05319587559469273,-8.691313253318602e-10,0.9985845986964651
eval_001,prefill__C3,16384,256,0.05,adaptive_joint,16,0.228515625,combined,0.22998046875,0.05000000366743965,0.05319587559469273,-8.691313253318602e-10,0.9985845986964651
eval_001,prefill__C3,16384,512,0.0,honest,0,,spike,0.0,0.0,0.01816041891368219,0.0,0.9998359238882945
eval_001,prefill__C3,16384,512,0.0,honest,0,,energy,0.01171875,0.0,0.01816041891368219,0.0,0.9998359238882945
eval_001,prefill__C3,16384,512,0.0,honest,0,,directional,0.00146484375,0.0,0.01816041891368219,0.0,0.9998359238882945
eval_001,prefill__C3,16384,512,0.0,honest,0,,combined,0.01318359375,0.0,0.01816041891368219,0.0,0.9998359238882945
eval_001,prefill__C3,16384,512,0.01,fixed_diffuse,16384,0.373046875,spike,0.0,0.010000000000000002,0.020731638023089874,2.4778407115368033e-18,0.9997858735244056
eval_001,prefill__C3,16384,512,0.01,fixed_diffuse,16384,0.373046875,energy,0.40087890625,0.010000000000000002,0.020731638023089874,2.4778407115368033e-18,0.9997858735244056
eval_001,prefill__C3,16384,512,0.01,fixed_diffuse,16384,0.373046875,directional,0.0048828125,0.010000000000000002,0.020731638023089874,2.4778407115368033e-18,0.9997858735244056
eval_001,prefill__C3,16384,512,0.01,fixed_diffuse,16384,0.373046875,combined,0.40234375,0.010000000000000002,0.020731638023089874,2.4778407115368033e-18,0.9997858735244056
eval_001,prefill__C3,16384,512,0.01,fixed_directional,16384,1.0,spike,0.0,0.010000000000000002,0.020731638023089877,1.5450065613111833e-17,0.9997948891585806
eval_001,prefill__C3,16384,512,0.01,fixed_directional,16384,1.0,energy,0.4052734375,0.010000000000000002,0.020731638023089877,1.5450065613111833e-17,0.9997948891585806
eval_001,prefill__C3,16384,512,0.01,fixed_directional,16384,1.0,directional,1.0,0.010000000000000002,0.020731638023089877,1.5450065613111833e-17,0.9997948891585806
eval_001,prefill__C3,16384,512,0.01,fixed_directional,16384,1.0,combined,1.0,0.010000000000000002,0.020731638023089877,1.5450065613111833e-17,0.9997948891585806
eval_001,prefill__C3,16384,512,0.01,fixed_sparse16,16,0.361328125,spike,0.3720703125,0.009999999999999998,0.020731638023089874,1.0931650197956488e-19,0.9997857941583416
eval_001,prefill__C3,16384,512,0.01,fixed_sparse16,16,0.361328125,energy,0.3876953125,0.009999999999999998,0.020731638023089874,1.0931650197956488e-19,0.9997857941583416
eval_001,prefill__C3,16384,512,0.01,fixed_sparse16,16,0.361328125,directional,0.00341796875,0.009999999999999998,0.020731638023089874,1.0931650197956488e-19,0.9997857941583416
eval_001,prefill__C3,16384,512,0.01,fixed_sparse16,16,0.361328125,combined,0.39111328125,0.009999999999999998,0.020731638023089874,1.0931650197956488e-19,0.9997857941583416
eval_001,prefill__C3,16384,512,0.01,adaptive_joint,16,0.146484375,spike,0.13623046875,0.009999999596077842,0.020731637824864042,-3.872413504148342e-10,0.9997858240748299
eval_001,prefill__C3,16384,512,0.01,adaptive_joint,16,0.146484375,energy,0.14599609375,0.009999999596077842,0.020731637824864042,-3.872413504148342e-10,0.9997858240748299
eval_001,prefill__C3,16384,512,0.01,adaptive_joint,16,0.146484375,directional,0.0029296875,0.009999999596077842,0.020731637824864042,-3.872413504148342e-10,0.9997858240748299
eval_001,prefill__C3,16384,512,0.01,adaptive_joint,16,0.146484375,combined,0.146484375,0.009999999596077842,0.020731637824864042,-3.872413504148342e-10,0.9997858240748299
eval_001,prefill__C3,16384,512,0.02,fixed_diffuse,16384,1.0,spike,0.0,0.019999999999999997,0.027014825839165164,5.247192095019114e-18,0.9996355485514238
eval_001,prefill__C3,16384,512,0.02,fixed_diffuse,16384,1.0,energy,1.0,0.019999999999999997,0.027014825839165164,5.247192095019114e-18,0.9996355485514238
eval_001,prefill__C3,16384,512,0.02,fixed_diffuse,16384,1.0,directional,0.0146484375,0.019999999999999997,0.027014825839165164,5.247192095019114e-18,0.9996355485514238
eval_001,prefill__C3,16384,512,0.02,fixed_diffuse,16384,1.0,combined,1.0,0.019999999999999997,0.027014825839165164,5.247192095019114e-18,0.9996355485514238
eval_001,prefill__C3,16384,512,0.02,fixed_directional,16384,1.0,spike,0.0,0.020000000000000004,0.02701482583916517,1.5450065613111833e-17,0.9996879571142535
eval_001,prefill__C3,16384,512,0.02,fixed_directional,16384,1.0,energy,1.0,0.020000000000000004,0.02701482583916517,1.5450065613111833e-17,0.9996879571142535
eval_001,prefill__C3,16384,512,0.02,fixed_directional,16384,1.0,directional,1.0,0.020000000000000004,0.02701482583916517,1.5450065613111833e-17,0.9996879571142535
eval_001,prefill__C3,16384,512,0.02,fixed_directional,16384,1.0,combined,1.0,0.020000000000000004,0.02701482583916517,1.5450065613111833e-17,0.9996879571142535
eval_001,prefill__C3,16384,512,0.02,fixed_sparse16,16,0.408203125,spike,0.392578125,0.02,0.027014825839165164,-2.9151067194550633e-19,0.9996353378069088
eval_001,prefill__C3,16384,512,0.02,fixed_sparse16,16,0.408203125,energy,0.39990234375,0.02,0.027014825839165164,-2.9151067194550633e-19,0.9996353378069088
eval_001,prefill__C3,16384,512,0.02,fixed_sparse16,16,0.408203125,directional,0.0068359375,0.02,0.027014825839165164,-2.9151067194550633e-19,0.9996353378069088
eval_001,prefill__C3,16384,512,0.02,fixed_sparse16,16,0.408203125,combined,0.400390625,0.02,0.027014825839165164,-2.9151067194550633e-19,0.9996353378069088
eval_001,prefill__C3,16384,512,0.02,adaptive_joint,16,0.3125,spike,0.275390625,0.02000000007961276,0.027014825876046436,-1.6406949503369235e-09,0.9996353897022107
eval_001,prefill__C3,16384,512,0.02,adaptive_joint,16,0.3125,energy,0.28662109375,0.02000000007961276,0.027014825876046436,-1.6406949503369235e-09,0.9996353897022107
eval_001,prefill__C3,16384,512,0.02,adaptive_joint,16,0.3125,directional,0.015625,0.02000000007961276,0.027014825876046436,-1.6406949503369235e-09,0.9996353897022107
eval_001,prefill__C3,16384,512,0.02,adaptive_joint,16,0.3125,combined,0.287109375,0.02000000007961276,0.027014825876046436,-1.6406949503369235e-09,0.9996353897022107
eval_001,prefill__C3,16384,512,0.05,fixed_diffuse,16384,1.0,spike,0.03076171875,0.05,0.053195872162419014,-2.448689644342253e-18,0.9985844693963459
eval_001,prefill__C3,16384,512,0.05,fixed_diffuse,16384,1.0,energy,1.0,0.05,0.053195872162419014,-2.448689644342253e-18,0.9985844693963459
eval_001,prefill__C3,16384,512,0.05,fixed_diffuse,16384,1.0,directional,0.140625,0.05,0.053195872162419014,-2.448689644342253e-18,0.9985844693963459
eval_001,prefill__C3,16384,512,0.05,fixed_diffuse,16384,1.0,combined,1.0,0.05,0.053195872162419014,-2.448689644342253e-18,0.9985844693963459
eval_001,prefill__C3,16384,512,0.05,fixed_directional,16384,1.0,spike,0.09130859375,0.05000000000000001,0.05319587216241902,1.3292886640715086e-17,0.9989941803977522
eval_001,prefill__C3,16384,512,0.05,fixed_directional,16384,1.0,energy,1.0,0.05000000000000001,0.05319587216241902,1.3292886640715086e-17,0.9989941803977522
eval_001,prefill__C3,16384,512,0.05,fixed_directional,16384,1.0,directional,1.0,0.05000000000000001,0.05319587216241902,1.3292886640715086e-17,0.9989941803977522
eval_001,prefill__C3,16384,512,0.05,fixed_directional,16384,1.0,combined,1.0,0.05000000000000001,0.05319587216241902,1.3292886640715086e-17,0.9989941803977522
eval_001,prefill__C3,16384,512,0.05,fixed_sparse16,16,0.390625,spike,0.37646484375,0.05,0.05319587216241902,2.0988768380076455e-18,0.9985851604652446
eval_001,prefill__C3,16384,512,0.05,fixed_sparse16,16,0.390625,energy,0.38427734375,0.05,0.05319587216241902,2.0988768380076455e-18,0.9985851604652446
eval_001,prefill__C3,16384,512,0.05,fixed_sparse16,16,0.390625,directional,0.1162109375,0.05,0.05319587216241902,2.0988768380076455e-18,0.9985851604652446
eval_001,prefill__C3,16384,512,0.05,fixed_sparse16,16,0.390625,combined,0.384765625,0.05,0.05319587216241902,2.0988768380076455e-18,0.9985851604652446
eval_001,prefill__C3,16384,512,0.05,adaptive_joint,16,0.28515625,spike,0.29052734375,0.0500000027779924,0.05319587476916252,-2.550884496243999e-10,0.998585323746222
eval_001,prefill__C3,16384,512,0.05,adaptive_joint,16,0.28515625,energy,0.29931640625,0.0500000027779924,0.05319587476916252,-2.550884496243999e-10,0.998585323746222
eval_001,prefill__C3,16384,512,0.05,adaptive_joint,16,0.28515625,directional,0.15576171875,0.0500000027779924,0.05319587476916252,-2.550884496243999e-10,0.998585323746222
eval_001,prefill__C3,16384,512,0.05,adaptive_joint,16,0.28515625,combined,0.2998046875,0.0500000027779924,0.05319587476916252,-2.550884496243999e-10,0.998585323746222
eval_005,prefill__C1,15360,64,0.0,honest,0,,spike,0.00439453125,0.0,0.0037549022650899327,0.0,0.9999929503297903
eval_005,prefill__C1,15360,64,0.0,honest,0,,energy,0.00390625,0.0,0.0037549022650899327,0.0,0.9999929503297903
eval_005,prefill__C1,15360,64,0.0,honest,0,,directional,0.00390625,0.0,0.0037549022650899327,0.0,0.9999929503297903
eval_005,prefill__C1,15360,64,0.0,honest,0,,combined,0.0068359375,0.0,0.0037549022650899327,0.0,0.9999929503297903
eval_005,prefill__C1,15360,64,0.01,fixed_diffuse,15360,1.0,spike,0.0,0.009999999999999998,0.01068172696806923,5.96848559045871e-18,0.9999429687655041
eval_005,prefill__C1,15360,64,0.01,fixed_diffuse,15360,1.0,energy,1.0,0.009999999999999998,0.01068172696806923,5.96848559045871e-18,0.9999429687655041
eval_005,prefill__C1,15360,64,0.01,fixed_diffuse,15360,1.0,directional,0.19384765625,0.009999999999999998,0.01068172696806923,5.96848559045871e-18,0.9999429687655041
eval_005,prefill__C1,15360,64,0.01,fixed_diffuse,15360,1.0,combined,1.0,0.009999999999999998,0.01068172696806923,5.96848559045871e-18,0.9999429687655041
eval_005,prefill__C1,15360,64,0.01,fixed_directional,15347,1.0,spike,0.0087890625,0.009999999999999998,0.010681726968069231,1.7365003351767662e-17,0.999942999302711
eval_005,prefill__C1,15360,64,0.01,fixed_directional,15347,1.0,energy,1.0,0.009999999999999998,0.010681726968069231,1.7365003351767662e-17,0.999942999302711
eval_005,prefill__C1,15360,64,0.01,fixed_directional,15347,1.0,directional,1.0,0.009999999999999998,0.010681726968069231,1.7365003351767662e-17,0.999942999302711
eval_005,prefill__C1,15360,64,0.01,fixed_directional,15347,1.0,combined,1.0,0.009999999999999998,0.010681726968069231,1.7365003351767662e-17,0.999942999302711
eval_005,prefill__C1,15360,64,0.01,fixed_sparse16,16,0.06640625,spike,0.0732421875,0.01,0.010681726968069233,5.639513943740512e-19,0.9999429536692659
eval_005,prefill__C1,15360,64,0.01,fixed_sparse16,16,0.06640625,energy,0.07275390625,0.01,0.010681726968069233,5.639513943740512e-19,0.9999429536692659
eval_005,prefill__C1,15360,64,0.01,fixed_sparse16,16,0.06640625,directional,0.06884765625,0.01,0.010681726968069233,5.639513943740512e-19,0.9999429536692659
eval_005,prefill__C1,15360,64,0.01,fixed_sparse16,16,0.06640625,combined,0.07568359375,0.01,0.010681726968069233,5.639513943740512e-19,0.9999429536692659
eval_005,prefill__C1,15360,64,0.01,adaptive_joint,16,0.033203125,spike,0.04736328125,0.010000000123900482,0.010681727084037305,-7.071699868299442e-12,0.9999429538498475
eval_005,prefill__C1,15360,64,0.01,adaptive_joint,16,0.033203125,energy,0.04638671875,0.010000000123900482,0.010681727084037305,-7.071699868299442e-12,0.9999429538498475
eval_005,prefill__C1,15360,64,0.01,adaptive_joint,16,0.033203125,directional,0.0380859375,0.010000000123900482,0.010681727084037305,-7.071699868299442e-12,0.9999429538498475
eval_005,prefill__C1,15360,64,0.01,adaptive_joint,16,0.033203125,combined,0.0498046875,0.010000000123900482,0.010681727084037305,-7.071699868299442e-12,0.9999429538498475
eval_005,prefill__C1,15360,64,0.02,fixed_diffuse,15360,1.0,spike,0.013671875,0.02,0.020349429746810536,6.814412682019785e-19,0.9997930758053641
eval_005,prefill__C1,15360,64,0.02,fixed_diffuse,15360,1.0,energy,1.0,0.02,0.020349429746810536,6.814412682019785e-19,0.9997930758053641
eval_005,prefill__C1,15360,64,0.02,fixed_diffuse,15360,1.0,directional,0.49560546875,0.02,0.020349429746810536,6.814412682019785e-19,0.9997930758053641
eval_005,prefill__C1,15360,64,0.02,fixed_diffuse,15360,1.0,combined,1.0,0.02,0.020349429746810536,6.814412682019785e-19,0.9997930758053641
eval_005,prefill__C1,15360,64,0.02,fixed_directional,15347,1.0,spike,0.0341796875,0.019999999999999997,0.02034942974681053,1.7365003351767662e-17,0.9997932777358329
eval_005,prefill__C1,15360,64,0.02,fixed_directional,15347,1.0,energy,1.0,0.019999999999999997,0.02034942974681053,1.7365003351767662e-17,0.9997932777358329
eval_005,prefill__C1,15360,64,0.02,fixed_directional,15347,1.0,directional,1.0,0.019999999999999997,0.02034942974681053,1.7365003351767662e-17,0.9997932777358329
eval_005,prefill__C1,15360,64,0.02,fixed_directional,15347,1.0,combined,1.0,0.019999999999999997,0.02034942974681053,1.7365003351767662e-17,0.9997932777358329
eval_005,prefill__C1,15360,64,0.02,fixed_sparse16,16,0.056640625,spike,0.06494140625,0.02,0.020349429746810536,9.399189906234186e-20,0.9997930098426937
eval_005,prefill__C1,15360,64,0.02,fixed_sparse16,16,0.056640625,energy,0.064453125,0.02,0.020349429746810536,9.399189906234186e-20,0.9997930098426937
eval_005,prefill__C1,15360,64,0.02,fixed_sparse16,16,0.056640625,directional,0.064453125,0.02,0.020349429746810536,9.399189906234186e-20,0.9997930098426937
eval_005,prefill__C1,15360,64,0.02,fixed_sparse16,16,0.056640625,combined,0.0673828125,0.02,0.020349429746810536,9.399189906234186e-20,0.9997930098426937
eval_005,prefill__C1,15360,64,0.02,adaptive_joint,16,0.0703125,spike,0.06591796875,0.020000001306352752,0.020349431030869943,3.757211789354032e-11,0.9997930087349409
eval_005,prefill__C1,15360,64,0.02,adaptive_joint,16,0.0703125,energy,0.0654296875,0.020000001306352752,0.020349431030869943,3.757211789354032e-11,0.9997930087349409
eval_005,prefill__C1,15360,64,0.02,adaptive_joint,16,0.0703125,directional,0.0654296875,0.020000001306352752,0.020349431030869943,3.757211789354032e-11,0.9997930087349409
eval_005,prefill__C1,15360,64,0.02,adaptive_joint,16,0.0703125,combined,0.068359375,0.020000001306352752,0.020349431030869943,3.757211789354032e-11,0.9997930087349409
eval_005,prefill__C1,15360,64,0.05,fixed_diffuse,15360,1.0,spike,0.521484375,0.05000000000000002,0.05014079467878804,-2.8009585920577868e-18,0.9987461138619199
eval_005,prefill__C1,15360,64,0.05,fixed_diffuse,15360,1.0,energy,1.0,0.05000000000000002,0.05014079467878804,-2.8009585920577868e-18,0.9987461138619199
eval_005,prefill__C1,15360,64,0.05,fixed_diffuse,15360,1.0,directional,0.77392578125,0.05000000000000002,0.05014079467878804,-2.8009585920577868e-18,0.9987461138619199
eval_005,prefill__C1,15360,64,0.05,fixed_diffuse,15360,1.0,combined,1.0,0.05000000000000002,0.05014079467878804,-2.8009585920577868e-18,0.9987461138619199
eval_005,prefill__C1,15360,64,0.05,fixed_directional,15347,1.0,spike,0.638671875,0.05,0.05014079467878802,1.394839782085153e-17,0.9987485757489617
eval_005,prefill__C1,15360,64,0.05,fixed_directional,15347,1.0,energy,1.0,0.05,0.05014079467878802,1.394839782085153e-17,0.9987485757489617
eval_005,prefill__C1,15360,64,0.05,fixed_directional,15347,1.0,directional,1.0,0.05,0.05014079467878802,1.394839782085153e-17,0.9987485757489617
eval_005,prefill__C1,15360,64,0.05,fixed_directional,15347,1.0,combined,1.0,0.05,0.05014079467878802,1.394839782085153e-17,0.9987485757489617
eval_005,prefill__C1,15360,64,0.05,fixed_sparse16,16,0.0625,spike,0.0751953125,0.05,0.050140794678788035,-5.451530145615828e-19,0.9987452817761184
eval_005,prefill__C1,15360,64,0.05,fixed_sparse16,16,0.0625,energy,0.0751953125,0.05,0.050140794678788035,-5.451530145615828e-19,0.9987452817761184
eval_005,prefill__C1,15360,64,0.05,fixed_sparse16,16,0.0625,directional,0.07421875,0.05,0.050140794678788035,-5.451530145615828e-19,0.9987452817761184
eval_005,prefill__C1,15360,64,0.05,fixed_sparse16,16,0.0625,combined,0.07763671875,0.05,0.050140794678788035,-5.451530145615828e-19,0.9987452817761184
eval_005,prefill__C1,15360,64,0.05,adaptive_joint,16,0.037109375,spike,0.060546875,0.05000000054535882,0.05014079522232641,-7.720632357049303e-11,0.9987452815318053
eval_005,prefill__C1,15360,64,0.05,adaptive_joint,16,0.037109375,energy,0.060546875,0.05000000054535882,0.05014079522232641,-7.720632357049303e-11,0.9987452815318053
eval_005,prefill__C1,15360,64,0.05,adaptive_joint,16,0.037109375,directional,0.060546875,0.05000000054535882,0.05014079522232641,-7.720632357049303e-11,0.9987452815318053
eval_005,prefill__C1,15360,64,0.05,adaptive_joint,16,0.037109375,combined,0.06298828125,0.05000000054535882,0.05014079522232641,-7.720632357049303e-11,0.9987452815318053
eval_005,prefill__C1,15360,128,0.0,honest,0,,spike,0.0,0.0,0.0037549022650899327,0.0,0.9999929503297903
eval_005,prefill__C1,15360,128,0.0,honest,0,,energy,0.0,0.0,0.0037549022650899327,0.0,0.9999929503297903
eval_005,prefill__C1,15360,128,0.0,honest,0,,directional,0.0,0.0,0.0037549022650899327,0.0,0.9999929503297903
eval_005,prefill__C1,15360,128,0.0,honest,0,,combined,0.0,0.0,0.0037549022650899327,0.0,0.9999929503297903
eval_005,prefill__C1,15360,128,0.01,fixed_diffuse,15360,0.0,spike,0.0,0.01,0.010681726968069231,6.156469388583392e-18,0.9999429487439154
eval_005,prefill__C1,15360,128,0.01,fixed_diffuse,15360,0.0,energy,0.0,0.01,0.010681726968069231,6.156469388583392e-18,0.9999429487439154
eval_005,prefill__C1,15360,128,0.01,fixed_diffuse,15360,0.0,directional,0.0,0.01,0.010681726968069231,6.156469388583392e-18,0.9999429487439154
eval_005,prefill__C1,15360,128,0.01,fixed_diffuse,15360,0.0,combined,0.0,0.01,0.010681726968069231,6.156469388583392e-18,0.9999429487439154
eval_005,prefill__C1,15360,128,0.01,fixed_directional,15347,1.0,spike,0.0,0.009999999999999998,0.010681726968069231,1.7365003351767662e-17,0.999942999302711
eval_005,prefill__C1,15360,128,0.01,fixed_directional,15347,1.0,energy,0.0,0.009999999999999998,0.010681726968069231,1.7365003351767662e-17,0.999942999302711
eval_005,prefill__C1,15360,128,0.01,fixed_directional,15347,1.0,directional,1.0,0.009999999999999998,0.010681726968069231,1.7365003351767662e-17,0.999942999302711
eval_005,prefill__C1,15360,128,0.01,fixed_directional,15347,1.0,combined,1.0,0.009999999999999998,0.010681726968069231,1.7365003351767662e-17,0.999942999302711
eval_005,prefill__C1,15360,128,0.01,fixed_sparse16,16,0.001953125,spike,0.0,0.01,0.010681726968069231,1.427501967009317e-18,0.9999429536925439
eval_005,prefill__C1,15360,128,0.01,fixed_sparse16,16,0.001953125,energy,0.0,0.01,0.010681726968069231,1.427501967009317e-18,0.9999429536925439
eval_005,prefill__C1,15360,128,0.01,fixed_sparse16,16,0.001953125,directional,0.00390625,0.01,0.010681726968069231,1.427501967009317e-18,0.9999429536925439
eval_005,prefill__C1,15360,128,0.01,fixed_sparse16,16,0.001953125,combined,0.00390625,0.01,0.010681726968069231,1.427501967009317e-18,0.9999429536925439
eval_005,prefill__C1,15360,128,0.01,adaptive_joint,256,0.0,spike,0.0,0.010000000529080854,0.01068172745752729,-1.665854167540499e-09,0.9999429537033286
eval_005,prefill__C1,15360,128,0.01,adaptive_joint,256,0.0,energy,0.0,0.010000000529080854,0.01068172745752729,-1.665854167540499e-09,0.9999429537033286
eval_005,prefill__C1,15360,128,0.01,adaptive_joint,256,0.0,directional,0.0,0.010000000529080854,0.01068172745752729,-1.665854167540499e-09,0.9999429537033286
eval_005,prefill__C1,15360,128,0.01,adaptive_joint,256,0.0,combined,0.0,0.010000000529080854,0.01068172745752729,-1.665854167540499e-09,0.9999429537033286
eval_005,prefill__C1,15360,128,0.02,fixed_diffuse,15360,0.02734375,spike,0.0,0.019999999999999997,0.020349429746810536,-1.1079295101973549e-17,0.9997930960537036
eval_005,prefill__C1,15360,128,0.02,fixed_diffuse,15360,0.02734375,energy,0.0,0.019999999999999997,0.020349429746810536,-1.1079295101973549e-17,0.9997930960537036
eval_005,prefill__C1,15360,128,0.02,fixed_diffuse,15360,0.02734375,directional,0.02392578125,0.019999999999999997,0.020349429746810536,-1.1079295101973549e-17,0.9997930960537036
eval_005,prefill__C1,15360,128,0.02,fixed_diffuse,15360,0.02734375,combined,0.02392578125,0.019999999999999997,0.020349429746810536,-1.1079295101973549e-17,0.9997930960537036
eval_005,prefill__C1,15360,128,0.02,fixed_directional,15347,1.0,spike,0.0,0.019999999999999997,0.02034942974681053,1.7365003351767662e-17,0.9997932777358329
eval_005,prefill__C1,15360,128,0.02,fixed_directional,15347,1.0,energy,0.0,0.019999999999999997,0.02034942974681053,1.7365003351767662e-17,0.9997932777358329
eval_005,prefill__C1,15360,128,0.02,fixed_directional,15347,1.0,directional,1.0,0.019999999999999997,0.02034942974681053,1.7365003351767662e-17,0.9997932777358329
eval_005,prefill__C1,15360,128,0.02,fixed_directional,15347,1.0,combined,1.0,0.019999999999999997,0.02034942974681053,1.7365003351767662e-17,0.9997932777358329
eval_005,prefill__C1,15360,128,0.02,fixed_sparse16,16,0.09765625,spike,0.1083984375,0.02,0.020349429746810536,-6.579432934363931e-19,0.9997930091055596
eval_005,prefill__C1,15360,128,0.02,fixed_sparse16,16,0.09765625,energy,0.1083984375,0.02,0.020349429746810536,-6.579432934363931e-19,0.9997930091055596
eval_005,prefill__C1,15360,128,0.02,fixed_sparse16,16,0.09765625,directional,0.10302734375,0.02,0.020349429746810536,-6.579432934363931e-19,0.9997930091055596
eval_005,prefill__C1,15360,128,0.02,fixed_sparse16,16,0.09765625,combined,0.1083984375,0.02,0.020349429746810536,-6.579432934363931e-19,0.9997930091055596
eval_005,prefill__C1,15360,128,0.02,adaptive_joint,256,0.015625,spike,0.0,0.019999999948746145,0.020349429695211575,-3.3199755807749275e-10,0.9997930097451686
eval_005,prefill__C1,15360,128,0.02,adaptive_joint,256,0.015625,energy,0.00048828125,0.019999999948746145,0.020349429695211575,-3.3199755807749275e-10,0.9997930097451686
eval_005,prefill__C1,15360,128,0.02,adaptive_joint,256,0.015625,directional,0.0302734375,0.019999999948746145,0.020349429695211575,-3.3199755807749275e-10,0.9997930097451686
eval_005,prefill__C1,15360,128,0.02,adaptive_joint,256,0.015625,combined,0.03076171875,0.019999999948746145,0.020349429695211575,-3.3199755807749275e-10,0.9997930097451686
eval_005,prefill__C1,15360,128,0.05,fixed_diffuse,15360,1.0,spike,0.0,0.05,0.05014079467878802,2.7445634526203824e-18,0.9987462483741999
eval_005,prefill__C1,15360,128,0.05,fixed_diffuse,15360,1.0,energy,1.0,0.05,0.05014079467878802,2.7445634526203824e-18,0.9987462483741999
eval_005,prefill__C1,15360,128,0.05,fixed_diffuse,15360,1.0,directional,0.35302734375,0.05,0.05014079467878802,2.7445634526203824e-18,0.9987462483741999
eval_005,prefill__C1,15360,128,0.05,fixed_diffuse,15360,1.0,combined,1.0,0.05,0.05014079467878802,2.7445634526203824e-18,0.9987462483741999
eval_005,prefill__C1,15360,128,0.05,fixed_directional,15347,1.0,spike,0.0,0.05,0.05014079467878802,1.394839782085153e-17,0.9987485757489617
eval_005,prefill__C1,15360,128,0.05,fixed_directional,15347,1.0,energy,1.0,0.05,0.05014079467878802,1.394839782085153e-17,0.9987485757489617
eval_005,prefill__C1,15360,128,0.05,fixed_directional,15347,1.0,directional,1.0,0.05,0.05014079467878802,1.394839782085153e-17,0.9987485757489617
eval_005,prefill__C1,15360,128,0.05,fixed_directional,15347,1.0,combined,1.0,0.05,0.05014079467878802,1.394839782085153e-17,0.9987485757489617
eval_005,prefill__C1,15360,128,0.05,fixed_sparse16,16,0.115234375,spike,0.12060546875,0.05,0.05014079467878802,0.0,0.9987452870578659
eval_005,prefill__C1,15360,128,0.05,fixed_sparse16,16,0.115234375,energy,0.12060546875,0.05,0.05014079467878802,0.0,0.9987452870578659
eval_005,prefill__C1,15360,128,0.05,fixed_sparse16,16,0.115234375,directional,0.1162109375,0.05,0.05014079467878802,0.0,0.9987452870578659
eval_005,prefill__C1,15360,128,0.05,fixed_sparse16,16,0.115234375,combined,0.12060546875,0.05,0.05014079467878802,0.0,0.9987452870578659
eval_005,prefill__C1,15360,128,0.05,adaptive_joint,16,0.087890625,spike,0.1103515625,0.0499999983676922,0.050140793046659055,-1.1763505895227111e-09,0.9987452669249849
eval_005,prefill__C1,15360,128,0.05,adaptive_joint,16,0.087890625,energy,0.1103515625,0.0499999983676922,0.050140793046659055,-1.1763505895227111e-09,0.9987452669249849
eval_005,prefill__C1,15360,128,0.05,adaptive_joint,16,0.087890625,directional,0.1103515625,0.0499999983676922,0.050140793046659055,-1.1763505895227111e-09,0.9987452669249849
eval_005,prefill__C1,15360,128,0.05,adaptive_joint,16,0.087890625,combined,0.1103515625,0.0499999983676922,0.050140793046659055,-1.1763505895227111e-09,0.9987452669249849
eval_005,prefill__C1,15360,256,0.0,honest,0,,spike,0.0,0.0,0.0037549022650899327,0.0,0.9999929503297903
eval_005,prefill__C1,15360,256,0.0,honest,0,,energy,0.0,0.0,0.0037549022650899327,0.0,0.9999929503297903
eval_005,prefill__C1,15360,256,0.0,honest,0,,directional,0.0,0.0,0.0037549022650899327,0.0,0.9999929503297903
eval_005,prefill__C1,15360,256,0.0,honest,0,,combined,0.0,0.0,0.0037549022650899327,0.0,0.9999929503297903
eval_005,prefill__C1,15360,256,0.01,fixed_diffuse,15360,0.0,spike,0.0,0.01,0.010681726968069231,3.095858175365885e-18,0.9999429657496277
eval_005,prefill__C1,15360,256,0.01,fixed_diffuse,15360,0.0,energy,0.0,0.01,0.010681726968069231,3.095858175365885e-18,0.9999429657496277
eval_005,prefill__C1,15360,256,0.01,fixed_diffuse,15360,0.0,directional,0.00146484375,0.01,0.010681726968069231,3.095858175365885e-18,0.9999429657496277
eval_005,prefill__C1,15360,256,0.01,fixed_diffuse,15360,0.0,combined,0.00146484375,0.01,0.010681726968069231,3.095858175365885e-18,0.9999429657496277
eval_005,prefill__C1,15360,256,0.01,fixed_directional,15347,1.0,spike,0.0,0.009999999999999998,0.010681726968069231,1.7365003351767662e-17,0.999942999302711
eval_005,prefill__C1,15360,256,0.01,fixed_directional,15347,1.0,energy,0.0,0.009999999999999998,0.010681726968069231,1.7365003351767662e-17,0.999942999302711
eval_005,prefill__C1,15360,256,0.01,fixed_directional,15347,1.0,directional,1.0,0.009999999999999998,0.010681726968069231,1.7365003351767662e-17,0.999942999302711
eval_005,prefill__C1,15360,256,0.01,fixed_directional,15347,1.0,combined,1.0,0.009999999999999998,0.010681726968069231,1.7365003351767662e-17,0.999942999302711
eval_005,prefill__C1,15360,256,0.01,fixed_sparse16,16,0.009765625,spike,0.0,0.01,0.010681726968069231,1.1748987382792734e-19,0.9999429537773563
eval_005,prefill__C1,15360,256,0.01,fixed_sparse16,16,0.009765625,energy,0.00048828125,0.01,0.010681726968069231,1.1748987382792734e-19,0.9999429537773563
eval_005,prefill__C1,15360,256,0.01,fixed_sparse16,16,0.009765625,directional,0.015625,0.01,0.010681726968069231,1.1748987382792734e-19,0.9999429537773563
eval_005,prefill__C1,15360,256,0.01,fixed_sparse16,16,0.009765625,combined,0.01611328125,0.01,0.010681726968069231,1.1748987382792734e-19,0.9999429537773563
eval_005,prefill__C1,15360,256,0.01,adaptive_joint,15360,0.0,spike,0.0,0.009999998504322068,0.010681725562373932,-1.5572767410326349e-09,0.9999429646787114
eval_005,prefill__C1,15360,256,0.01,adaptive_joint,15360,0.0,energy,0.0,0.009999998504322068,0.010681725562373932,-1.5572767410326349e-09,0.9999429646787114
eval_005,prefill__C1,15360,256,0.01,adaptive_joint,15360,0.0,directional,0.00390625,0.009999998504322068,0.010681725562373932,-1.5572767410326349e-09,0.9999429646787114
eval_005,prefill__C1,15360,256,0.01,adaptive_joint,15360,0.0,combined,0.00390625,0.009999998504322068,0.010681725562373932,-1.5572767410326349e-09,0.9999429646787114
eval_005,prefill__C1,15360,256,0.02,fixed_diffuse,15360,0.138671875,spike,0.0,0.02,0.020349429746810536,-8.412274966079597e-18,0.999792960276253
eval_005,prefill__C1,15360,256,0.02,fixed_diffuse,15360,0.138671875,energy,0.0,0.02,0.020349429746810536,-8.412274966079597e-18,0.999792960276253
eval_005,prefill__C1,15360,256,0.02,fixed_diffuse,15360,0.138671875,directional,0.11376953125,0.02,0.020349429746810536,-8.412274966079597e-18,0.999792960276253
eval_005,prefill__C1,15360,256,0.02,fixed_diffuse,15360,0.138671875,combined,0.11376953125,0.02,0.020349429746810536,-8.412274966079597e-18,0.999792960276253
eval_005,prefill__C1,15360,256,0.02,fixed_directional,15347,1.0,spike,0.0,0.019999999999999997,0.02034942974681053,1.7365003351767662e-17,0.9997932777358329
eval_005,prefill__C1,15360,256,0.02,fixed_directional,15347,1.0,energy,0.0,0.019999999999999997,0.02034942974681053,1.7365003351767662e-17,0.9997932777358329
eval_005,prefill__C1,15360,256,0.02,fixed_directional,15347,1.0,directional,1.0,0.019999999999999997,0.02034942974681053,1.7365003351767662e-17,0.9997932777358329
eval_005,prefill__C1,15360,256,0.02,fixed_directional,15347,1.0,combined,1.0,0.019999999999999997,0.02034942974681053,1.7365003351767662e-17,0.9997932777358329
eval_005,prefill__C1,15360,256,0.02,fixed_sparse16,16,0.19921875,spike,0.2109375,0.02,0.020349429746810536,-6.109473439052221e-19,0.9997930082229539
eval_005,prefill__C1,15360,256,0.02,fixed_sparse16,16,0.19921875,energy,0.2109375,0.02,0.020349429746810536,-6.109473439052221e-19,0.9997930082229539
eval_005,prefill__C1,15360,256,0.02,fixed_sparse16,16,0.19921875,directional,0.18896484375,0.02,0.020349429746810536,-6.109473439052221e-19,0.9997930082229539
eval_005,prefill__C1,15360,256,0.02,fixed_sparse16,16,0.19921875,combined,0.2109375,0.02,0.020349429746810536,-6.109473439052221e-19,0.9997930082229539
eval_005,prefill__C1,15360,256,0.02,adaptive_joint,15360,0.111328125,spike,0.0,0.019999997857962668,0.020349427660119473,5.030402156321698e-09,0.9997929849683286
eval_005,prefill__C1,15360,256,0.02,adaptive_joint,15360,0.111328125,energy,0.0,0.019999997857962668,0.020349427660119473,5.030402156321698e-09,0.9997929849683286
eval_005,prefill__C1,15360,256,0.02,adaptive_joint,15360,0.111328125,directional,0.09423828125,0.019999997857962668,0.020349427660119473,5.030402156321698e-09,0.9997929849683286
eval_005,prefill__C1,15360,256,0.02,adaptive_joint,15360,0.111328125,combined,0.09423828125,0.019999997857962668,0.020349427660119473,5.030402156321698e-09,0.9997929849683286
eval_005,prefill__C1,15360,256,0.05,fixed_diffuse,15360,1.0,spike,0.0,0.05,0.05014079467878802,3.1769261883071548e-18,0.9987465115119305
eval_005,prefill__C1,15360,256,0.05,fixed_diffuse,15360,1.0,energy,1.0,0.05,0.05014079467878802,3.1769261883071548e-18,0.9987465115119305
eval_005,prefill__C1,15360,256,0.05,fixed_diffuse,15360,1.0,directional,0.5126953125,0.05,0.05014079467878802,3.1769261883071548e-18,0.9987465115119305
eval_005,prefill__C1,15360,256,0.05,fixed_diffuse,15360,1.0,combined,1.0,0.05,0.05014079467878802,3.1769261883071548e-18,0.9987465115119305
eval_005,prefill__C1,15360,256,0.05,fixed_directional,15347,1.0,spike,0.0,0.05,0.05014079467878802,1.394839782085153e-17,0.9987485757489617
eval_005,prefill__C1,15360,256,0.05,fixed_directional,15347,1.0,energy,1.0,0.05,0.05014079467878802,1.394839782085153e-17,0.9987485757489617
eval_005,prefill__C1,15360,256,0.05,fixed_directional,15347,1.0,directional,1.0,0.05,0.05014079467878802,1.394839782085153e-17,0.9987485757489617
eval_005,prefill__C1,15360,256,0.05,fixed_directional,15347,1.0,combined,1.0,0.05,0.05014079467878802,1.394839782085153e-17,0.9987485757489617
eval_005,prefill__C1,15360,256,0.05,fixed_sparse16,16,0.203125,spike,0.22705078125,0.05,0.050140794678788035,1.5414671446224065e-18,0.9987452789085665
eval_005,prefill__C1,15360,256,0.05,fixed_sparse16,16,0.203125,energy,0.22705078125,0.05,0.050140794678788035,1.5414671446224065e-18,0.9987452789085665
eval_005,prefill__C1,15360,256,0.05,fixed_sparse16,16,0.203125,directional,0.2158203125,0.05,0.050140794678788035,1.5414671446224065e-18,0.9987452789085665
eval_005,prefill__C1,15360,256,0.05,fixed_sparse16,16,0.203125,combined,0.22705078125,0.05,0.050140794678788035,1.5414671446224065e-18,0.9987452789085665
eval_005,prefill__C1,15360,256,0.05,adaptive_joint,16,0.17578125,spike,0.16650390625,0.05000000348636695,0.05014079814414462,-2.996689115553517e-09,0.9987452740007038
eval_005,prefill__C1,15360,256,0.05,adaptive_joint,16,0.17578125,energy,0.16650390625,0.05000000348636695,0.05014079814414462,-2.996689115553517e-09,0.9987452740007038
eval_005,prefill__C1,15360,256,0.05,adaptive_joint,16,0.17578125,directional,0.16552734375,0.05000000348636695,0.05014079814414462,-2.996689115553517e-09,0.9987452740007038
eval_005,prefill__C1,15360,256,0.05,adaptive_joint,16,0.17578125,combined,0.16845703125,0.05000000348636695,0.05014079814414462,-2.996689115553517e-09,0.9987452740007038
eval_005,prefill__C1,15360,512,0.0,honest,0,,spike,0.0,0.0,0.0037549022650899327,0.0,0.9999929503297903
eval_005,prefill__C1,15360,512,0.0,honest,0,,energy,0.0,0.0,0.0037549022650899327,0.0,0.9999929503297903
eval_005,prefill__C1,15360,512,0.0,honest,0,,directional,0.0,0.0,0.0037549022650899327,0.0,0.9999929503297903
eval_005,prefill__C1,15360,512,0.0,honest,0,,combined,0.0,0.0,0.0037549022650899327,0.0,0.9999929503297903
eval_005,prefill__C1,15360,512,0.01,fixed_diffuse,15360,0.0078125,spike,0.0,0.010000000000000002,0.010681726968069235,4.159141533508627e-18,0.9999429487834319
eval_005,prefill__C1,15360,512,0.01,fixed_diffuse,15360,0.0078125,energy,0.0,0.010000000000000002,0.010681726968069235,4.159141533508627e-18,0.9999429487834319
eval_005,prefill__C1,15360,512,0.01,fixed_diffuse,15360,0.0078125,directional,0.00927734375,0.010000000000000002,0.010681726968069235,4.159141533508627e-18,0.9999429487834319
eval_005,prefill__C1,15360,512,0.01,fixed_diffuse,15360,0.0078125,combined,0.00927734375,0.010000000000000002,0.010681726968069235,4.159141533508627e-18,0.9999429487834319
eval_005,prefill__C1,15360,512,0.01,fixed_directional,15347,1.0,spike,0.0,0.009999999999999998,0.010681726968069231,1.7365003351767662e-17,0.999942999302711
eval_005,prefill__C1,15360,512,0.01,fixed_directional,15347,1.0,energy,0.0,0.009999999999999998,0.010681726968069231,1.7365003351767662e-17,0.999942999302711
eval_005,prefill__C1,15360,512,0.01,fixed_directional,15347,1.0,directional,1.0,0.009999999999999998,0.010681726968069231,1.7365003351767662e-17,0.999942999302711
eval_005,prefill__C1,15360,512,0.01,fixed_directional,15347,1.0,combined,1.0,0.009999999999999998,0.010681726968069231,1.7365003351767662e-17,0.999942999302711
eval_005,prefill__C1,15360,512,0.01,fixed_sparse16,16,0.025390625,spike,0.0,0.01,0.010681726968069231,2.9959917826121467e-19,0.9999429538110722
eval_005,prefill__C1,15360,512,0.01,fixed_sparse16,16,0.025390625,energy,0.00927734375,0.01,0.010681726968069231,2.9959917826121467e-19,0.9999429538110722
eval_005,prefill__C1,15360,512,0.01,fixed_sparse16,16,0.025390625,directional,0.02099609375,0.01,0.010681726968069231,2.9959917826121467e-19,0.9999429538110722
eval_005,prefill__C1,15360,512,0.01,fixed_sparse16,16,0.025390625,combined,0.02783203125,0.01,0.010681726968069231,2.9959917826121467e-19,0.9999429538110722
eval_005,prefill__C1,15360,512,0.01,adaptive_joint,15360,0.0,spike,0.0,0.010000002136071242,0.0106817289728107,1.421828293000922e-09,0.9999429564730883
eval_005,prefill__C1,15360,512,0.01,adaptive_joint,15360,0.0,energy,0.0,0.010000002136071242,0.0106817289728107,1.421828293000922e-09,0.9999429564730883
eval_005,prefill__C1,15360,512,0.01,adaptive_joint,15360,0.0,directional,0.00439453125,0.010000002136071242,0.0106817289728107,1.421828293000922e-09,0.9999429564730883
eval_005,prefill__C1,15360,512,0.01,adaptive_joint,15360,0.0,combined,0.00439453125,0.010000002136071242,0.0106817289728107,1.421828293000922e-09,0.9999429564730883
eval_005,prefill__C1,15360,512,0.02,fixed_diffuse,15360,0.16796875,spike,0.0,0.019999999999999993,0.020349429746810532,-1.879837981246838e-19,0.9997930948096737
eval_005,prefill__C1,15360,512,0.02,fixed_diffuse,15360,0.16796875,energy,0.0,0.019999999999999993,0.020349429746810532,-1.879837981246838e-19,0.9997930948096737
eval_005,prefill__C1,15360,512,0.02,fixed_diffuse,15360,0.16796875,directional,0.1572265625,0.019999999999999993,0.020349429746810532,-1.879837981246838e-19,0.9997930948096737
eval_005,prefill__C1,15360,512,0.02,fixed_diffuse,15360,0.16796875,combined,0.1572265625,0.019999999999999993,0.020349429746810532,-1.879837981246838e-19,0.9997930948096737
eval_005,prefill__C1,15360,512,0.02,fixed_directional,15347,1.0,spike,0.0,0.019999999999999997,0.02034942974681053,1.7365003351767662e-17,0.9997932777358329
eval_005,prefill__C1,15360,512,0.02,fixed_directional,15347,1.0,energy,0.0,0.019999999999999997,0.02034942974681053,1.7365003351767662e-17,0.9997932777358329
eval_005,prefill__C1,15360,512,0.02,fixed_directional,15347,1.0,directional,1.0,0.019999999999999997,0.02034942974681053,1.7365003351767662e-17,0.9997932777358329
eval_005,prefill__C1,15360,512,0.02,fixed_directional,15347,1.0,combined,1.0,0.019999999999999997,0.02034942974681053,1.7365003351767662e-17,0.9997932777358329
eval_005,prefill__C1,15360,512,0.02,fixed_sparse16,16,0.36328125,spike,0.36669921875,0.02,0.020349429746810536,1.5978622840598116e-18,0.9997930091559588
eval_005,prefill__C1,15360,512,0.02,fixed_sparse16,16,0.36328125,energy,0.36669921875,0.02,0.020349429746810536,1.5978622840598116e-18,0.9997930091559588
eval_005,prefill__C1,15360,512,0.02,fixed_sparse16,16,0.36328125,directional,0.2265625,0.02,0.020349429746810536,1.5978622840598116e-18,0.9997930091559588
eval_005,prefill__C1,15360,512,0.02,fixed_sparse16,16,0.36328125,combined,0.36669921875,0.02,0.020349429746810536,1.5978622840598116e-18,0.9997930091559588
eval_005,prefill__C1,15360,512,0.02,adaptive_joint,15360,0.10546875,spike,0.0,0.02000000189443466,0.020349431608409765,-8.26997099270624e-11,0.9997929701458801
eval_005,prefill__C1,15360,512,0.02,adaptive_joint,15360,0.10546875,energy,0.0,0.02000000189443466,0.020349431608409765,-8.26997099270624e-11,0.9997929701458801
eval_005,prefill__C1,15360,512,0.02,adaptive_joint,15360,0.10546875,directional,0.16015625,0.02000000189443466,0.020349431608409765,-8.26997099270624e-11,0.9997929701458801
eval_005,prefill__C1,15360,512,0.02,adaptive_joint,15360,0.10546875,combined,0.16015625,0.02000000189443466,0.020349431608409765,-8.26997099270624e-11,0.9997929701458801
eval_005,prefill__C1,15360,512,0.05,fixed_diffuse,15360,1.0,spike,0.0,0.05,0.05014079467878802,-8.8258393219539e-18,0.998746185229885
eval_005,prefill__C1,15360,512,0.05,fixed_diffuse,15360,1.0,energy,1.0,0.05,0.05014079467878802,-8.8258393219539e-18,0.998746185229885
eval_005,prefill__C1,15360,512,0.05,fixed_diffuse,15360,1.0,directional,0.58203125,0.05,0.05014079467878802,-8.8258393219539e-18,0.998746185229885
eval_005,prefill__C1,15360,512,0.05,fixed_diffuse,15360,1.0,combined,1.0,0.05,0.05014079467878802,-8.8258393219539e-18,0.998746185229885
eval_005,prefill__C1,15360,512,0.05,fixed_directional,15347,1.0,spike,0.0,0.05,0.05014079467878802,1.394839782085153e-17,0.9987485757489617
eval_005,prefill__C1,15360,512,0.05,fixed_directional,15347,1.0,energy,1.0,0.05,0.05014079467878802,1.394839782085153e-17,0.9987485757489617
eval_005,prefill__C1,15360,512,0.05,fixed_directional,15347,1.0,directional,1.0,0.05,0.05014079467878802,1.394839782085153e-17,0.9987485757489617
eval_005,prefill__C1,15360,512,0.05,fixed_directional,15347,1.0,combined,1.0,0.05,0.05014079467878802,1.394839782085153e-17,0.9987485757489617
eval_005,prefill__C1,15360,512,0.05,fixed_sparse16,16,0.39453125,spike,0.40478515625,0.04999999999999999,0.05014079467878802,3.383708366244308e-18,0.9987453707336899
eval_005,prefill__C1,15360,512,0.05,fixed_sparse16,16,0.39453125,energy,0.40478515625,0.04999999999999999,0.05014079467878802,3.383708366244308e-18,0.9987453707336899
eval_005,prefill__C1,15360,512,0.05,fixed_sparse16,16,0.39453125,directional,0.3603515625,0.04999999999999999,0.05014079467878802,3.383708366244308e-18,0.9987453707336899
eval_005,prefill__C1,15360,512,0.05,fixed_sparse16,16,0.39453125,combined,0.40478515625,0.04999999999999999,0.05014079467878802,3.383708366244308e-18,0.9987453707336899
eval_005,prefill__C1,15360,512,0.05,adaptive_joint,16,0.25390625,spike,0.24560546875,0.04999999993890985,0.0501407946179335,1.7114702475515942e-11,0.9987452750192791
eval_005,prefill__C1,15360,512,0.05,adaptive_joint,16,0.25390625,energy,0.24560546875,0.04999999993890985,0.0501407946179335,1.7114702475515942e-11,0.9987452750192791
eval_005,prefill__C1,15360,512,0.05,adaptive_joint,16,0.25390625,directional,0.2265625,0.04999999993890985,0.0501407946179335,1.7114702475515942e-11,0.9987452750192791
eval_005,prefill__C1,15360,512,0.05,adaptive_joint,16,0.25390625,combined,0.24560546875,0.04999999993890985,0.0501407946179335,1.7114702475515942e-11,0.9987452750192791
eval_005,prefill__C2,15360,64,0.0,honest,0,,spike,0.0048828125,0.0,0.0038188888997754836,0.0,0.9999927080218672
eval_005,prefill__C2,15360,64,0.0,honest,0,,energy,0.00244140625,0.0,0.0038188888997754836,0.0,0.9999927080218672
eval_005,prefill__C2,15360,64,0.0,honest,0,,directional,0.0,0.0,0.0038188888997754836,0.0,0.9999927080218672
eval_005,prefill__C2,15360,64,0.0,honest,0,,combined,0.005859375,0.0,0.0038188888997754836,0.0,0.9999927080218672
eval_005,prefill__C2,15360,64,0.01,fixed_diffuse,15360,1.0,spike,0.0,0.01,0.010704387531700651,-8.571680131714827e-18,0.9999427212841404
eval_005,prefill__C2,15360,64,0.01,fixed_diffuse,15360,1.0,energy,1.0,0.01,0.010704387531700651,-8.571680131714827e-18,0.9999427212841404
eval_005,prefill__C2,15360,64,0.01,fixed_diffuse,15360,1.0,directional,0.15283203125,0.01,0.010704387531700651,-8.571680131714827e-18,0.9999427212841404
eval_005,prefill__C2,15360,64,0.01,fixed_diffuse,15360,1.0,combined,1.0,0.01,0.010704387531700651,-8.571680131714827e-18,0.9999427212841404
eval_005,prefill__C2,15360,64,0.01,fixed_directional,15346,1.0,spike,0.0,0.01,0.010704387531700651,4.851894414178204e-18,0.9999428015160113
eval_005,prefill__C2,15360,64,0.01,fixed_directional,15346,1.0,energy,1.0,0.01,0.010704387531700651,4.851894414178204e-18,0.9999428015160113
eval_005,prefill__C2,15360,64,0.01,fixed_directional,15346,1.0,directional,1.0,0.01,0.010704387531700651,4.851894414178204e-18,0.9999428015160113
eval_005,prefill__C2,15360,64,0.01,fixed_directional,15346,1.0,combined,1.0,0.01,0.010704387531700651,4.851894414178204e-18,0.9999428015160113
eval_005,prefill__C2,15360,64,0.01,fixed_sparse16,16,0.0625,spike,0.0703125,0.009999999999999998,0.010704387531700655,-9.472746237205067e-19,0.9999427117441052
eval_005,prefill__C2,15360,64,0.01,fixed_sparse16,16,0.0625,energy,0.0673828125,0.009999999999999998,0.010704387531700655,-9.472746237205067e-19,0.9999427117441052
eval_005,prefill__C2,15360,64,0.01,fixed_sparse16,16,0.0625,directional,0.060546875,0.009999999999999998,0.010704387531700655,-9.472746237205067e-19,0.9999427117441052
eval_005,prefill__C2,15360,64,0.01,fixed_sparse16,16,0.0625,combined,0.07080078125,0.009999999999999998,0.010704387531700655,-9.472746237205067e-19,0.9999427117441052
eval_005,prefill__C2,15360,64,0.01,adaptive_joint,16,0.037109375,spike,0.05908203125,0.009999999768945975,0.010704387315960818,3.08325211058408e-11,0.9999427113703375
eval_005,prefill__C2,15360,64,0.01,adaptive_joint,16,0.037109375,energy,0.056640625,0.009999999768945975,0.010704387315960818,3.08325211058408e-11,0.9999427113703375
eval_005,prefill__C2,15360,64,0.01,adaptive_joint,16,0.037109375,directional,0.04638671875,0.009999999768945975,0.010704387315960818,3.08325211058408e-11,0.9999427113703375
eval_005,prefill__C2,15360,64,0.01,adaptive_joint,16,0.037109375,combined,0.06005859375,0.009999999768945975,0.010704387315960818,3.08325211058408e-11,0.9999427113703375
eval_005,prefill__C2,15360,64,0.02,fixed_diffuse,15360,1.0,spike,0.017578125,0.019999999999999997,0.02036133375859323,1.755923692750208e-18,0.9997927160825387
eval_005,prefill__C2,15360,64,0.02,fixed_diffuse,15360,1.0,energy,1.0,0.019999999999999997,0.02036133375859323,1.755923692750208e-18,0.9997927160825387
eval_005,prefill__C2,15360,64,0.02,fixed_diffuse,15360,1.0,directional,0.48046875,0.019999999999999997,0.02036133375859323,1.755923692750208e-18,0.9997927160825387
eval_005,prefill__C2,15360,64,0.02,fixed_diffuse,15360,1.0,combined,1.0,0.019999999999999997,0.02036133375859323,1.755923692750208e-18,0.9997927160825387
eval_005,prefill__C2,15360,64,0.02,fixed_directional,15346,1.0,spike,0.025390625,0.02,0.020361333758593236,4.851894414178204e-18,0.9997932576570535
eval_005,prefill__C2,15360,64,0.02,fixed_directional,15346,1.0,energy,1.0,0.02,0.020361333758593236,4.851894414178204e-18,0.9997932576570535
eval_005,prefill__C2,15360,64,0.02,fixed_directional,15346,1.0,directional,1.0,0.02,0.020361333758593236,4.851894414178204e-18,0.9997932576570535
eval_005,prefill__C2,15360,64,0.02,fixed_directional,15346,1.0,combined,1.0,0.02,0.020361333758593236,4.851894414178204e-18,0.9997932576570535
eval_005,prefill__C2,15360,64,0.02,fixed_sparse16,16,0.0625,spike,0.06591796875,0.020000000000000004,0.02036133375859324,-1.8483407292107443e-19,0.9997927670513769
eval_005,prefill__C2,15360,64,0.02,fixed_sparse16,16,0.0625,energy,0.0634765625,0.020000000000000004,0.02036133375859324,-1.8483407292107443e-19,0.9997927670513769
eval_005,prefill__C2,15360,64,0.02,fixed_sparse16,16,0.0625,directional,0.06005859375,0.020000000000000004,0.02036133375859324,-1.8483407292107443e-19,0.9997927670513769
eval_005,prefill__C2,15360,64,0.02,fixed_sparse16,16,0.0625,combined,0.06689453125,0.020000000000000004,0.02036133375859324,-1.8483407292107443e-19,0.9997927670513769
eval_005,prefill__C2,15360,64,0.02,adaptive_joint,16,0.060546875,spike,0.06982421875,0.020000001103653818,0.02036133484104059,-4.321224209097965e-10,0.9997927692645409
eval_005,prefill__C2,15360,64,0.02,adaptive_joint,16,0.060546875,energy,0.06591796875,0.020000001103653818,0.02036133484104059,-4.321224209097965e-10,0.9997927692645409
eval_005,prefill__C2,15360,64,0.02,adaptive_joint,16,0.060546875,directional,0.05810546875,0.020000001103653818,0.02036133484104059,-4.321224209097965e-10,0.9997927692645409
eval_005,prefill__C2,15360,64,0.02,adaptive_joint,16,0.060546875,combined,0.07080078125,0.020000001103653818,0.02036133484104059,-4.321224209097965e-10,0.9997927692645409
eval_005,prefill__C2,15360,64,0.05,fixed_diffuse,15360,1.0,spike,0.5791015625,0.05,0.05014562705190581,-1.7744071000423147e-18,0.9987461814208746
eval_005,prefill__C2,15360,64,0.05,fixed_diffuse,15360,1.0,energy,1.0,0.05,0.05014562705190581,-1.7744071000423147e-18,0.9987461814208746
eval_005,prefill__C2,15360,64,0.05,fixed_diffuse,15360,1.0,directional,0.7548828125,0.05,0.05014562705190581,-1.7744071000423147e-18,0.9987461814208746
eval_005,prefill__C2,15360,64,0.05,fixed_diffuse,15360,1.0,combined,1.0,0.05,0.05014562705190581,-1.7744071000423147e-18,0.9987461814208746
eval_005,prefill__C2,15360,64,0.05,fixed_directional,15346,1.0,spike,0.62890625,0.05,0.0501456270519058,4.509951379274217e-18,0.9987505686803262
eval_005,prefill__C2,15360,64,0.05,fixed_directional,15346,1.0,energy,1.0,0.05,0.0501456270519058,4.509951379274217e-18,0.9987505686803262
eval_005,prefill__C2,15360,64,0.05,fixed_directional,15346,1.0,directional,1.0,0.05,0.0501456270519058,4.509951379274217e-18,0.9987505686803262
eval_005,prefill__C2,15360,64,0.05,fixed_directional,15346,1.0,combined,1.0,0.05,0.0501456270519058,4.509951379274217e-18,0.9987505686803262
eval_005,prefill__C2,15360,64,0.05,fixed_sparse16,16,0.060546875,spike,0.068359375,0.05,0.05014562705190581,-4.436017750105787e-19,0.9987450269027046
eval_005,prefill__C2,15360,64,0.05,fixed_sparse16,16,0.060546875,energy,0.06591796875,0.05,0.05014562705190581,-4.436017750105787e-19,0.9987450269027046
eval_005,prefill__C2,15360,64,0.05,fixed_sparse16,16,0.060546875,directional,0.06396484375,0.05,0.05014562705190581,-4.436017750105787e-19,0.9987450269027046
eval_005,prefill__C2,15360,64,0.05,fixed_sparse16,16,0.060546875,combined,0.0693359375,0.05,0.05014562705190581,-4.436017750105787e-19,0.9987450269027046
eval_005,prefill__C2,15360,64,0.05,adaptive_joint,16,0.056640625,spike,0.06884765625,0.05000000306803169,0.05014563011054883,-1.2575930251590418e-10,0.9987450592781272
eval_005,prefill__C2,15360,64,0.05,adaptive_joint,16,0.056640625,energy,0.06787109375,0.05000000306803169,0.05014563011054883,-1.2575930251590418e-10,0.9987450592781272
eval_005,prefill__C2,15360,64,0.05,adaptive_joint,16,0.056640625,directional,0.06494140625,0.05000000306803169,0.05014563011054883,-1.2575930251590418e-10,0.9987450592781272
eval_005,prefill__C2,15360,64,0.05,adaptive_joint,16,0.056640625,combined,0.06982421875,0.05000000306803169,0.05014563011054883,-1.2575930251590418e-10,0.9987450592781272
eval_005,prefill__C2,15360,128,0.0,honest,0,,spike,0.0,0.0,0.0038188888997754836,0.0,0.9999927080218672
eval_005,prefill__C2,15360,128,0.0,honest,0,,energy,0.0,0.0,0.0038188888997754836,0.0,0.9999927080218672
eval_005,prefill__C2,15360,128,0.0,honest,0,,directional,0.0,0.0,0.0038188888997754836,0.0,0.9999927080218672
eval_005,prefill__C2,15360,128,0.0,honest,0,,combined,0.0,0.0,0.0038188888997754836,0.0,0.9999927080218672
eval_005,prefill__C2,15360,128,0.01,fixed_diffuse,15360,0.0,spike,0.0,0.01,0.010704387531700651,2.495259984434505e-18,0.9999427064505951
eval_005,prefill__C2,15360,128,0.01,fixed_diffuse,15360,0.0,energy,0.0,0.01,0.010704387531700651,2.495259984434505e-18,0.9999427064505951
eval_005,prefill__C2,15360,128,0.01,fixed_diffuse,15360,0.0,directional,0.0,0.01,0.010704387531700651,2.495259984434505e-18,0.9999427064505951
eval_005,prefill__C2,15360,128,0.01,fixed_diffuse,15360,0.0,combined,0.0,0.01,0.010704387531700651,2.495259984434505e-18,0.9999427064505951
eval_005,prefill__C2,15360,128,0.01,fixed_directional,15346,1.0,spike,0.0,0.01,0.010704387531700651,4.851894414178204e-18,0.9999428015160113
eval_005,prefill__C2,15360,128,0.01,fixed_directional,15346,1.0,energy,0.0,0.01,0.010704387531700651,4.851894414178204e-18,0.9999428015160113
eval_005,prefill__C2,15360,128,0.01,fixed_directional,15346,1.0,directional,1.0,0.01,0.010704387531700651,4.851894414178204e-18,0.9999428015160113
eval_005,prefill__C2,15360,128,0.01,fixed_directional,15346,1.0,combined,1.0,0.01,0.010704387531700651,4.851894414178204e-18,0.9999428015160113
eval_005,prefill__C2,15360,128,0.01,fixed_sparse16,16,0.001953125,spike,0.0,0.01,0.010704387531700653,-5.545022187632234e-19,0.9999427118877112
eval_005,prefill__C2,15360,128,0.01,fixed_sparse16,16,0.001953125,energy,0.0,0.01,0.010704387531700653,-5.545022187632234e-19,0.9999427118877112
eval_005,prefill__C2,15360,128,0.01,fixed_sparse16,16,0.001953125,directional,0.005859375,0.01,0.010704387531700653,-5.545022187632234e-19,0.9999427118877112
eval_005,prefill__C2,15360,128,0.01,fixed_sparse16,16,0.001953125,combined,0.005859375,0.01,0.010704387531700653,-5.545022187632234e-19,0.9999427118877112
eval_005,prefill__C2,15360,128,0.01,adaptive_joint,256,0.0,spike,0.0,0.010000000718298742,0.010704388200035574,-7.560171409905307e-10,0.9999427123369068
eval_005,prefill__C2,15360,128,0.01,adaptive_joint,256,0.0,energy,0.0,0.010000000718298742,0.010704388200035574,-7.560171409905307e-10,0.9999427123369068
eval_005,prefill__C2,15360,128,0.01,adaptive_joint,256,0.0,directional,0.0,0.010000000718298742,0.010704388200035574,-7.560171409905307e-10,0.9999427123369068
eval_005,prefill__C2,15360,128,0.01,adaptive_joint,256,0.0,combined,0.0,0.010000000718298742,0.010704388200035574,-7.560171409905307e-10,0.9999427123369068
eval_005,prefill__C2,15360,128,0.02,fixed_diffuse,15360,0.041015625,spike,0.0,0.019999999999999997,0.020361333758593232,-1.7328194336350734e-18,0.9997927093260619
eval_005,prefill__C2,15360,128,0.02,fixed_diffuse,15360,0.041015625,energy,0.0,0.019999999999999997,0.020361333758593232,-1.7328194336350734e-18,0.9997927093260619
eval_005,prefill__C2,15360,128,0.02,fixed_diffuse,15360,0.041015625,directional,0.03662109375,0.019999999999999997,0.020361333758593232,-1.7328194336350734e-18,0.9997927093260619
eval_005,prefill__C2,15360,128,0.02,fixed_diffuse,15360,0.041015625,combined,0.03662109375,0.019999999999999997,0.020361333758593232,-1.7328194336350734e-18,0.9997927093260619
eval_005,prefill__C2,15360,128,0.02,fixed_directional,15346,1.0,spike,0.0,0.02,0.020361333758593236,4.851894414178204e-18,0.9997932576570535
eval_005,prefill__C2,15360,128,0.02,fixed_directional,15346,1.0,energy,0.0,0.02,0.020361333758593236,4.851894414178204e-18,0.9997932576570535
eval_005,prefill__C2,15360,128,0.02,fixed_directional,15346,1.0,directional,1.0,0.02,0.020361333758593236,4.851894414178204e-18,0.9997932576570535
eval_005,prefill__C2,15360,128,0.02,fixed_directional,15346,1.0,combined,1.0,0.02,0.020361333758593236,4.851894414178204e-18,0.9997932576570535
eval_005,prefill__C2,15360,128,0.02,fixed_sparse16,16,0.1328125,spike,0.107421875,0.02,0.02036133375859324,6.931277734540292e-20,0.9997927655264024
eval_005,prefill__C2,15360,128,0.02,fixed_sparse16,16,0.1328125,energy,0.10791015625,0.02,0.02036133375859324,6.931277734540292e-20,0.9997927655264024
eval_005,prefill__C2,15360,128,0.02,fixed_sparse16,16,0.1328125,directional,0.1064453125,0.02,0.02036133375859324,6.931277734540292e-20,0.9997927655264024
eval_005,prefill__C2,15360,128,0.02,fixed_sparse16,16,0.1328125,combined,0.111328125,0.02,0.02036133375859324,6.931277734540292e-20,0.9997927655264024
eval_005,prefill__C2,15360,128,0.02,adaptive_joint,16,0.0390625,spike,0.04296875,0.020000000589917695,0.020361334338877976,2.22805829656388e-10,0.9997927675602238
eval_005,prefill__C2,15360,128,0.02,adaptive_joint,16,0.0390625,energy,0.04296875,0.020000000589917695,0.020361334338877976,2.22805829656388e-10,0.9997927675602238
eval_005,prefill__C2,15360,128,0.02,adaptive_joint,16,0.0390625,directional,0.04248046875,0.020000000589917695,0.020361334338877976,2.22805829656388e-10,0.9997927675602238
eval_005,prefill__C2,15360,128,0.02,adaptive_joint,16,0.0390625,combined,0.04296875,0.020000000589917695,0.020361334338877976,2.22805829656388e-10,0.9997927675602238
eval_005,prefill__C2,15360,128,0.05,fixed_diffuse,15360,1.0,spike,0.0,0.049999999999999996,0.05014562705190581,-2.883411537568762e-18,0.9987463459986735
eval_005,prefill__C2,15360,128,0.05,fixed_diffuse,15360,1.0,energy,1.0,0.049999999999999996,0.05014562705190581,-2.883411537568762e-18,0.9987463459986735
eval_005,prefill__C2,15360,128,0.05,fixed_diffuse,15360,1.0,directional,0.38916015625,0.049999999999999996,0.05014562705190581,-2.883411537568762e-18,0.9987463459986735
eval_005,prefill__C2,15360,128,0.05,fixed_diffuse,15360,1.0,combined,1.0,0.049999999999999996,0.05014562705190581,-2.883411537568762e-18,0.9987463459986735
eval_005,prefill__C2,15360,128,0.05,fixed_directional,15346,1.0,spike,0.0,0.05,0.0501456270519058,4.509951379274217e-18,0.9987505686803262
eval_005,prefill__C2,15360,128,0.05,fixed_directional,15346,1.0,energy,1.0,0.05,0.0501456270519058,4.509951379274217e-18,0.9987505686803262
eval_005,prefill__C2,15360,128,0.05,fixed_directional,15346,1.0,directional,1.0,0.05,0.0501456270519058,4.509951379274217e-18,0.9987505686803262
eval_005,prefill__C2,15360,128,0.05,fixed_directional,15346,1.0,combined,1.0,0.05,0.0501456270519058,4.509951379274217e-18,0.9987505686803262
eval_005,prefill__C2,15360,128,0.05,fixed_sparse16,16,0.103515625,spike,0.1240234375,0.05,0.05014562705190581,-1.4786725833685957e-19,0.9987450328218799
eval_005,prefill__C2,15360,128,0.05,fixed_sparse16,16,0.103515625,energy,0.1240234375,0.05,0.05014562705190581,-1.4786725833685957e-19,0.9987450328218799
eval_005,prefill__C2,15360,128,0.05,fixed_sparse16,16,0.103515625,directional,0.12158203125,0.05,0.05014562705190581,-1.4786725833685957e-19,0.9987450328218799
eval_005,prefill__C2,15360,128,0.05,fixed_sparse16,16,0.103515625,combined,0.1240234375,0.05,0.05014562705190581,-1.4786725833685957e-19,0.9987450328218799
eval_005,prefill__C2,15360,128,0.05,adaptive_joint,16,0.08203125,spike,0.08154296875,0.05000000227187853,0.05014562931722826,1.0931529438288923e-11,0.9987450730761538
eval_005,prefill__C2,15360,128,0.05,adaptive_joint,16,0.08203125,energy,0.08154296875,0.05000000227187853,0.05014562931722826,1.0931529438288923e-11,0.9987450730761538
eval_005,prefill__C2,15360,128,0.05,adaptive_joint,16,0.08203125,directional,0.08203125,0.05000000227187853,0.05014562931722826,1.0931529438288923e-11,0.9987450730761538
eval_005,prefill__C2,15360,128,0.05,adaptive_joint,16,0.08203125,combined,0.08203125,0.05000000227187853,0.05014562931722826,1.0931529438288923e-11,0.9987450730761538
eval_005,prefill__C2,15360,256,0.0,honest,0,,spike,0.0,0.0,0.0038188888997754836,0.0,0.9999927080218672
eval_005,prefill__C2,15360,256,0.0,honest,0,,energy,0.0,0.0,0.0038188888997754836,0.0,0.9999927080218672
eval_005,prefill__C2,15360,256,0.0,honest,0,,directional,0.0,0.0,0.0038188888997754836,0.0,0.9999927080218672
eval_005,prefill__C2,15360,256,0.0,honest,0,,combined,0.0,0.0,0.0038188888997754836,0.0,0.9999927080218672
eval_005,prefill__C2,15360,256,0.01,fixed_diffuse,15360,0.00390625,spike,0.0,0.01,0.010704387531700655,9.287912164283992e-18,0.9999427210346582
eval_005,prefill__C2,15360,256,0.01,fixed_diffuse,15360,0.00390625,energy,0.0,0.01,0.010704387531700655,9.287912164283992e-18,0.9999427210346582
eval_005,prefill__C2,15360,256,0.01,fixed_diffuse,15360,0.00390625,directional,0.00146484375,0.01,0.010704387531700655,9.287912164283992e-18,0.9999427210346582
eval_005,prefill__C2,15360,256,0.01,fixed_diffuse,15360,0.00390625,combined,0.00146484375,0.01,0.010704387531700655,9.287912164283992e-18,0.9999427210346582
eval_005,prefill__C2,15360,256,0.01,fixed_directional,15346,1.0,spike,0.0,0.01,0.010704387531700651,4.851894414178204e-18,0.9999428015160113
eval_005,prefill__C2,15360,256,0.01,fixed_directional,15346,1.0,energy,0.0,0.01,0.010704387531700651,4.851894414178204e-18,0.9999428015160113
eval_005,prefill__C2,15360,256,0.01,fixed_directional,15346,1.0,directional,1.0,0.01,0.010704387531700651,4.851894414178204e-18,0.9999428015160113
eval_005,prefill__C2,15360,256,0.01,fixed_directional,15346,1.0,combined,1.0,0.01,0.010704387531700651,4.851894414178204e-18,0.9999428015160113
eval_005,prefill__C2,15360,256,0.01,fixed_sparse16,16,0.015625,spike,0.0,0.01,0.010704387531700655,-2.0793833203620875e-19,0.9999427118256824
eval_005,prefill__C2,15360,256,0.01,fixed_sparse16,16,0.015625,energy,0.0009765625,0.01,0.010704387531700655,-2.0793833203620875e-19,0.9999427118256824
eval_005,prefill__C2,15360,256,0.01,fixed_sparse16,16,0.015625,directional,0.0107421875,0.01,0.010704387531700655,-2.0793833203620875e-19,0.9999427118256824
eval_005,prefill__C2,15360,256,0.01,fixed_sparse16,16,0.015625,combined,0.01171875,0.01,0.010704387531700655,-2.0793833203620875e-19,0.9999427118256824
eval_005,prefill__C2,15360,256,0.01,adaptive_joint,256,0.0,spike,0.0,0.010000000925467488,0.010704388392656599,-1.0125679046185932e-09,0.9999427115369062
eval_005,prefill__C2,15360,256,0.01,adaptive_joint,256,0.0,energy,0.0,0.010000000925467488,0.010704388392656599,-1.0125679046185932e-09,0.9999427115369062
eval_005,prefill__C2,15360,256,0.01,adaptive_joint,256,0.0,directional,0.00146484375,0.010000000925467488,0.010704388392656599,-1.0125679046185932e-09,0.9999427115369062
eval_005,prefill__C2,15360,256,0.01,adaptive_joint,256,0.0,combined,0.00146484375,0.010000000925467488,0.010704388392656599,-1.0125679046185932e-09,0.9999427115369062
eval_005,prefill__C2,15360,256,0.02,fixed_diffuse,15360,0.0859375,spike,0.0,0.02,0.02036133375859323,3.777546365324459e-18,0.9997927203816797
eval_005,prefill__C2,15360,256,0.02,fixed_diffuse,15360,0.0859375,energy,0.0,0.02,0.02036133375859323,3.777546365324459e-18,0.9997927203816797
eval_005,prefill__C2,15360,256,0.02,fixed_diffuse,15360,0.0859375,directional,0.09326171875,0.02,0.02036133375859323,3.777546365324459e-18,0.9997927203816797
eval_005,prefill__C2,15360,256,0.02,fixed_diffuse,15360,0.0859375,combined,0.09326171875,0.02,0.02036133375859323,3.777546365324459e-18,0.9997927203816797
eval_005,prefill__C2,15360,256,0.02,fixed_directional,15346,1.0,spike,0.0,0.02,0.020361333758593236,4.851894414178204e-18,0.9997932576570535
eval_005,prefill__C2,15360,256,0.02,fixed_directional,15346,1.0,energy,0.0,0.02,0.020361333758593236,4.851894414178204e-18,0.9997932576570535
eval_005,prefill__C2,15360,256,0.02,fixed_directional,15346,1.0,directional,1.0,0.02,0.020361333758593236,4.851894414178204e-18,0.9997932576570535
eval_005,prefill__C2,15360,256,0.02,fixed_directional,15346,1.0,combined,1.0,0.02,0.020361333758593236,4.851894414178204e-18,0.9997932576570535
eval_005,prefill__C2,15360,256,0.02,fixed_sparse16,16,0.21484375,spike,0.220703125,0.019999999999999997,0.020361333758593236,-2.3104259115134313e-19,0.9997927686294136
eval_005,prefill__C2,15360,256,0.02,fixed_sparse16,16,0.21484375,energy,0.220703125,0.019999999999999997,0.020361333758593236,-2.3104259115134313e-19,0.9997927686294136
eval_005,prefill__C2,15360,256,0.02,fixed_sparse16,16,0.21484375,directional,0.16650390625,0.019999999999999997,0.020361333758593236,-2.3104259115134313e-19,0.9997927686294136
eval_005,prefill__C2,15360,256,0.02,fixed_sparse16,16,0.21484375,combined,0.22314453125,0.019999999999999997,0.020361333758593236,-2.3104259115134313e-19,0.9997927686294136
eval_005,prefill__C2,15360,256,0.02,adaptive_joint,15360,0.068359375,spike,0.0,0.019999999580752114,0.020361333343587078,-8.526188126829356e-10,0.999792809352321
eval_005,prefill__C2,15360,256,0.02,adaptive_joint,15360,0.068359375,energy,0.0,0.019999999580752114,0.020361333343587078,-8.526188126829356e-10,0.999792809352321
eval_005,prefill__C2,15360,256,0.02,adaptive_joint,15360,0.068359375,directional,0.07568359375,0.019999999580752114,0.020361333343587078,-8.526188126829356e-10,0.999792809352321
eval_005,prefill__C2,15360,256,0.02,adaptive_joint,15360,0.068359375,combined,0.07568359375,0.019999999580752114,0.020361333343587078,-8.526188126829356e-10,0.999792809352321
eval_005,prefill__C2,15360,256,0.05,fixed_diffuse,15360,1.0,spike,0.0,0.05,0.05014562705190581,-3.0312787959056212e-18,0.9987461199996026
eval_005,prefill__C2,15360,256,0.05,fixed_diffuse,15360,1.0,energy,1.0,0.05,0.05014562705190581,-3.0312787959056212e-18,0.9987461199996026
eval_005,prefill__C2,15360,256,0.05,fixed_diffuse,15360,1.0,directional,0.4794921875,0.05,0.05014562705190581,-3.0312787959056212e-18,0.9987461199996026
eval_005,prefill__C2,15360,256,0.05,fixed_diffuse,15360,1.0,combined,1.0,0.05,0.05014562705190581,-3.0312787959056212e-18,0.9987461199996026
eval_005,prefill__C2,15360,256,0.05,fixed_directional,15346,1.0,spike,0.0,0.05,0.0501456270519058,4.509951379274217e-18,0.9987505686803262
eval_005,prefill__C2,15360,256,0.05,fixed_directional,15346,1.0,energy,1.0,0.05,0.0501456270519058,4.509951379274217e-18,0.9987505686803262
eval_005,prefill__C2,15360,256,0.05,fixed_directional,15346,1.0,directional,1.0,0.05,0.0501456270519058,4.509951379274217e-18,0.9987505686803262
eval_005,prefill__C2,15360,256,0.05,fixed_directional,15346,1.0,combined,1.0,0.05,0.0501456270519058,4.509951379274217e-18,0.9987505686803262
eval_005,prefill__C2,15360,256,0.05,fixed_sparse16,16,0.220703125,spike,0.22705078125,0.049999999999999996,0.050145627051905804,-5.914690333474384e-19,0.9987450710068518
eval_005,prefill__C2,15360,256,0.05,fixed_sparse16,16,0.220703125,energy,0.22705078125,0.049999999999999996,0.050145627051905804,-5.914690333474384e-19,0.9987450710068518
eval_005,prefill__C2,15360,256,0.05,fixed_sparse16,16,0.220703125,directional,0.2119140625,0.049999999999999996,0.050145627051905804,-5.914690333474384e-19,0.9987450710068518
eval_005,prefill__C2,15360,256,0.05,fixed_sparse16,16,0.220703125,combined,0.22705078125,0.049999999999999996,0.050145627051905804,-5.914690333474384e-19,0.9987450710068518
eval_005,prefill__C2,15360,256,0.05,adaptive_joint,16,0.177734375,spike,0.1689453125,0.05000000231611933,0.050145629360774546,-1.3771858459419695e-10,0.9987450427348409
eval_005,prefill__C2,15360,256,0.05,adaptive_joint,16,0.177734375,energy,0.1689453125,0.05000000231611933,0.050145629360774546,-1.3771858459419695e-10,0.9987450427348409
eval_005,prefill__C2,15360,256,0.05,adaptive_joint,16,0.177734375,directional,0.1669921875,0.05000000231611933,0.050145629360774546,-1.3771858459419695e-10,0.9987450427348409
eval_005,prefill__C2,15360,256,0.05,adaptive_joint,16,0.177734375,combined,0.1689453125,0.05000000231611933,0.050145629360774546,-1.3771858459419695e-10,0.9987450427348409
eval_005,prefill__C2,15360,512,0.0,honest,0,,spike,0.0,0.0,0.0038188888997754836,0.0,0.9999927080218672
eval_005,prefill__C2,15360,512,0.0,honest,0,,energy,0.0,0.0,0.0038188888997754836,0.0,0.9999927080218672
eval_005,prefill__C2,15360,512,0.0,honest,0,,directional,0.0,0.0,0.0038188888997754836,0.0,0.9999927080218672
eval_005,prefill__C2,15360,512,0.0,honest,0,,combined,0.0,0.0,0.0038188888997754836,0.0,0.9999927080218672
eval_005,prefill__C2,15360,512,0.01,fixed_diffuse,15360,0.005859375,spike,0.0,0.010000000000000002,0.010704387531700653,5.106041264444681e-18,0.9999427215453106
eval_005,prefill__C2,15360,512,0.01,fixed_diffuse,15360,0.005859375,energy,0.0,0.010000000000000002,0.010704387531700653,5.106041264444681e-18,0.9999427215453106
eval_005,prefill__C2,15360,512,0.01,fixed_diffuse,15360,0.005859375,directional,0.0146484375,0.010000000000000002,0.010704387531700653,5.106041264444681e-18,0.9999427215453106
eval_005,prefill__C2,15360,512,0.01,fixed_diffuse,15360,0.005859375,combined,0.0146484375,0.010000000000000002,0.010704387531700653,5.106041264444681e-18,0.9999427215453106
eval_005,prefill__C2,15360,512,0.01,fixed_directional,15346,1.0,spike,0.0,0.01,0.010704387531700651,4.851894414178204e-18,0.9999428015160113
eval_005,prefill__C2,15360,512,0.01,fixed_directional,15346,1.0,energy,0.0,0.01,0.010704387531700651,4.851894414178204e-18,0.9999428015160113
eval_005,prefill__C2,15360,512,0.01,fixed_directional,15346,1.0,directional,1.0,0.01,0.010704387531700651,4.851894414178204e-18,0.9999428015160113
eval_005,prefill__C2,15360,512,0.01,fixed_directional,15346,1.0,combined,1.0,0.01,0.010704387531700651,4.851894414178204e-18,0.9999428015160113
eval_005,prefill__C2,15360,512,0.01,fixed_sparse16,16,0.01953125,spike,0.0,0.01,0.010704387531700653,-9.01066105490238e-19,0.9999427116241417
eval_005,prefill__C2,15360,512,0.01,fixed_sparse16,16,0.01953125,energy,0.00341796875,0.01,0.010704387531700653,-9.01066105490238e-19,0.9999427116241417
eval_005,prefill__C2,15360,512,0.01,fixed_sparse16,16,0.01953125,directional,0.01416015625,0.01,0.010704387531700653,-9.01066105490238e-19,0.9999427116241417
eval_005,prefill__C2,15360,512,0.01,fixed_sparse16,16,0.01953125,combined,0.017578125,0.01,0.010704387531700653,-9.01066105490238e-19,0.9999427116241417
eval_005,prefill__C2,15360,512,0.01,adaptive_joint,15360,0.00390625,spike,0.0,0.010000000986231975,0.010704388446359788,-1.871067176324561e-09,0.9999427103158269
eval_005,prefill__C2,15360,512,0.01,adaptive_joint,15360,0.00390625,energy,0.0,0.010000000986231975,0.010704388446359788,-1.871067176324561e-09,0.9999427103158269
eval_005,prefill__C2,15360,512,0.01,adaptive_joint,15360,0.00390625,directional,0.00927734375,0.010000000986231975,0.010704388446359788,-1.871067176324561e-09,0.9999427103158269
eval_005,prefill__C2,15360,512,0.01,adaptive_joint,15360,0.00390625,combined,0.00927734375,0.010000000986231975,0.010704388446359788,-1.871067176324561e-09,0.9999427103158269
eval_005,prefill__C2,15360,512,0.02,fixed_diffuse,15360,0.166015625,spike,0.0,0.019999999999999997,0.02036133375859323,6.0302116290500554e-18,0.9997927174972012
eval_005,prefill__C2,15360,512,0.02,fixed_diffuse,15360,0.166015625,energy,0.0,0.019999999999999997,0.02036133375859323,6.0302116290500554e-18,0.9997927174972012
eval_005,prefill__C2,15360,512,0.02,fixed_diffuse,15360,0.166015625,directional,0.16748046875,0.019999999999999997,0.02036133375859323,6.0302116290500554e-18,0.9997927174972012
eval_005,prefill__C2,15360,512,0.02,fixed_diffuse,15360,0.166015625,combined,0.16748046875,0.019999999999999997,0.02036133375859323,6.0302116290500554e-18,0.9997927174972012
eval_005,prefill__C2,15360,512,0.02,fixed_directional,15346,1.0,spike,0.0,0.02,0.020361333758593236,4.851894414178204e-18,0.9997932576570535
eval_005,prefill__C2,15360,512,0.02,fixed_directional,15346,1.0,energy,0.0,0.02,0.020361333758593236,4.851894414178204e-18,0.9997932576570535
eval_005,prefill__C2,15360,512,0.02,fixed_directional,15346,1.0,directional,1.0,0.02,0.020361333758593236,4.851894414178204e-18,0.9997932576570535
eval_005,prefill__C2,15360,512,0.02,fixed_directional,15346,1.0,combined,1.0,0.02,0.020361333758593236,4.851894414178204e-18,0.9997932576570535
eval_005,prefill__C2,15360,512,0.02,fixed_sparse16,16,0.416015625,spike,0.41015625,0.02,0.02036133375859324,5.545022187632234e-19,0.9997927649386059
eval_005,prefill__C2,15360,512,0.02,fixed_sparse16,16,0.416015625,energy,0.41015625,0.02,0.02036133375859324,5.545022187632234e-19,0.9997927649386059
eval_005,prefill__C2,15360,512,0.02,fixed_sparse16,16,0.416015625,directional,0.21142578125,0.02,0.02036133375859324,5.545022187632234e-19,0.9997927649386059
eval_005,prefill__C2,15360,512,0.02,fixed_sparse16,16,0.416015625,combined,0.41015625,0.02,0.02036133375859324,5.545022187632234e-19,0.9997927649386059
eval_005,prefill__C2,15360,512,0.02,adaptive_joint,15360,0.171875,spike,0.0,0.020000001217892454,0.02036133495726915,6.388151048925936e-10,0.9997928118464937
eval_005,prefill__C2,15360,512,0.02,adaptive_joint,15360,0.171875,energy,0.0,0.020000001217892454,0.02036133495726915,6.388151048925936e-10,0.9997928118464937
eval_005,prefill__C2,15360,512,0.02,adaptive_joint,15360,0.171875,directional,0.18603515625,0.020000001217892454,0.02036133495726915,6.388151048925936e-10,0.9997928118464937
eval_005,prefill__C2,15360,512,0.02,adaptive_joint,15360,0.171875,combined,0.18603515625,0.020000001217892454,0.02036133495726915,6.388151048925936e-10,0.9997928118464937
eval_005,prefill__C2,15360,512,0.05,fixed_diffuse,15360,1.0,spike,0.0,0.05000000000000001,0.05014562705190581,-7.947865135606201e-18,0.9987440878815605
eval_005,prefill__C2,15360,512,0.05,fixed_diffuse,15360,1.0,energy,1.0,0.05000000000000001,0.05014562705190581,-7.947865135606201e-18,0.9987440878815605
eval_005,prefill__C2,15360,512,0.05,fixed_diffuse,15360,1.0,directional,0.56103515625,0.05000000000000001,0.05014562705190581,-7.947865135606201e-18,0.9987440878815605
eval_005,prefill__C2,15360,512,0.05,fixed_diffuse,15360,1.0,combined,1.0,0.05000000000000001,0.05014562705190581,-7.947865135606201e-18,0.9987440878815605
eval_005,prefill__C2,15360,512,0.05,fixed_directional,15346,1.0,spike,0.0,0.05,0.0501456270519058,4.509951379274217e-18,0.9987505686803262
eval_005,prefill__C2,15360,512,0.05,fixed_directional,15346,1.0,energy,1.0,0.05,0.0501456270519058,4.509951379274217e-18,0.9987505686803262
eval_005,prefill__C2,15360,512,0.05,fixed_directional,15346,1.0,directional,1.0,0.05,0.0501456270519058,4.509951379274217e-18,0.9987505686803262
eval_005,prefill__C2,15360,512,0.05,fixed_directional,15346,1.0,combined,1.0,0.05,0.0501456270519058,4.509951379274217e-18,0.9987505686803262
eval_005,prefill__C2,15360,512,0.05,fixed_sparse16,16,0.42578125,spike,0.41162109375,0.05,0.05014562705190581,-2.070141616716034e-18,0.9987448204390408
eval_005,prefill__C2,15360,512,0.05,fixed_sparse16,16,0.42578125,energy,0.41162109375,0.05,0.05014562705190581,-2.070141616716034e-18,0.9987448204390408
eval_005,prefill__C2,15360,512,0.05,fixed_sparse16,16,0.42578125,directional,0.37255859375,0.05,0.05014562705190581,-2.070141616716034e-18,0.9987448204390408
eval_005,prefill__C2,15360,512,0.05,fixed_sparse16,16,0.42578125,combined,0.41162109375,0.05,0.05014562705190581,-2.070141616716034e-18,0.9987448204390408
eval_005,prefill__C2,15360,512,0.05,adaptive_joint,16,0.2421875,spike,0.2578125,0.05000000215232005,0.05014562919752911,-1.1719276983861905e-10,0.9987450560605812
eval_005,prefill__C2,15360,512,0.05,adaptive_joint,16,0.2421875,energy,0.2578125,0.05000000215232005,0.05014562919752911,-1.1719276983861905e-10,0.9987450560605812
eval_005,prefill__C2,15360,512,0.05,adaptive_joint,16,0.2421875,directional,0.25341796875,0.05000000215232005,0.05014562919752911,-1.1719276983861905e-10,0.9987450560605812
eval_005,prefill__C2,15360,512,0.05,adaptive_joint,16,0.2421875,combined,0.25830078125,0.05000000215232005,0.05014562919752911,-1.1719276983861905e-10,0.9987450560605812
eval_005,prefill__C3,15360,64,0.0,honest,0,,spike,0.09033203125,0.0,0.02227800947567235,0.0,0.9997518144625058
eval_005,prefill__C3,15360,64,0.0,honest,0,,energy,0.1689453125,0.0,0.02227800947567235,0.0,0.9997518144625058
eval_005,prefill__C3,15360,64,0.0,honest,0,,directional,0.01416015625,0.0,0.02227800947567235,0.0,0.9997518144625058
eval_005,prefill__C3,15360,64,0.0,honest,0,,combined,0.1806640625,0.0,0.02227800947567235,0.0,0.9997518144625058
eval_005,prefill__C3,15360,64,0.01,fixed_diffuse,15360,0.220703125,spike,0.08837890625,0.010000000000000002,0.024419453437743995,-7.857680281402502e-18,0.9997018010666244
eval_005,prefill__C3,15360,64,0.01,fixed_diffuse,15360,0.220703125,energy,0.275390625,0.010000000000000002,0.024419453437743995,-7.857680281402502e-18,0.9997018010666244
eval_005,prefill__C3,15360,64,0.01,fixed_diffuse,15360,0.220703125,directional,0.02099609375,0.010000000000000002,0.024419453437743995,-7.857680281402502e-18,0.9997018010666244
eval_005,prefill__C3,15360,64,0.01,fixed_diffuse,15360,0.220703125,combined,0.28466796875,0.010000000000000002,0.024419453437743995,-7.857680281402502e-18,0.9997018010666244
eval_005,prefill__C3,15360,64,0.01,fixed_directional,15360,0.88671875,spike,0.09521484375,0.010000000000000002,0.024419453437743998,-2.0277884597167747e-18,0.9997182329263751
eval_005,prefill__C3,15360,64,0.01,fixed_directional,15360,0.88671875,energy,0.27734375,0.010000000000000002,0.024419453437743998,-2.0277884597167747e-18,0.9997182329263751
eval_005,prefill__C3,15360,64,0.01,fixed_directional,15360,0.88671875,directional,0.8525390625,0.010000000000000002,0.024419453437743998,-2.0277884597167747e-18,0.9997182329263751
eval_005,prefill__C3,15360,64,0.01,fixed_directional,15360,0.88671875,combined,0.88916015625,0.010000000000000002,0.024419453437743998,-2.0277884597167747e-18,0.9997182329263751
eval_005,prefill__C3,15360,64,0.01,fixed_sparse16,16,0.171875,spike,0.14453125,0.01,0.024419453437743995,-2.534735574645969e-19,0.9997018006885485
eval_005,prefill__C3,15360,64,0.01,fixed_sparse16,16,0.171875,energy,0.216796875,0.01,0.024419453437743995,-2.534735574645969e-19,0.9997018006885485
eval_005,prefill__C3,15360,64,0.01,fixed_sparse16,16,0.171875,directional,0.02783203125,0.01,0.024419453437743995,-2.534735574645969e-19,0.9997018006885485
eval_005,prefill__C3,15360,64,0.01,fixed_sparse16,16,0.171875,combined,0.228515625,0.01,0.024419453437743995,-2.534735574645969e-19,0.9997018006885485
eval_005,prefill__C3,15360,64,0.01,adaptive_joint,16,0.17578125,spike,0.119140625,0.010000000020192325,0.02441945344628214,2.950751478222637e-11,0.9997018153977391
eval_005,prefill__C3,15360,64,0.01,adaptive_joint,16,0.17578125,energy,0.19921875,0.010000000020192325,0.02441945344628214,2.950751478222637e-11,0.9997018153977391
eval_005,prefill__C3,15360,64,0.01,adaptive_joint,16,0.17578125,directional,0.02685546875,0.010000000020192325,0.02441945344628214,2.950751478222637e-11,0.9997018153977391
eval_005,prefill__C3,15360,64,0.01,adaptive_joint,16,0.17578125,combined,0.2109375,0.010000000020192325,0.02441945344628214,2.950751478222637e-11,0.9997018153977391
eval_005,prefill__C3,15360,64,0.02,fixed_diffuse,15360,0.787109375,spike,0.109375,0.02,0.029938431926173868,1.3941045660552828e-18,0.9995518515989624
eval_005,prefill__C3,15360,64,0.02,fixed_diffuse,15360,0.787109375,energy,0.8134765625,0.02,0.029938431926173868,1.3941045660552828e-18,0.9995518515989624
eval_005,prefill__C3,15360,64,0.02,fixed_diffuse,15360,0.787109375,directional,0.05078125,0.02,0.029938431926173868,1.3941045660552828e-18,0.9995518515989624
eval_005,prefill__C3,15360,64,0.02,fixed_diffuse,15360,0.787109375,combined,0.8173828125,0.02,0.029938431926173868,1.3941045660552828e-18,0.9995518515989624
eval_005,prefill__C3,15360,64,0.02,fixed_directional,15360,1.0,spike,0.123046875,0.020000000000000004,0.02993843192617387,-2.0277884597167747e-18,0.9996191803579041
eval_005,prefill__C3,15360,64,0.02,fixed_directional,15360,1.0,energy,0.787109375,0.020000000000000004,0.02993843192617387,-2.0277884597167747e-18,0.9996191803579041
eval_005,prefill__C3,15360,64,0.02,fixed_directional,15360,1.0,directional,1.0,0.020000000000000004,0.02993843192617387,-2.0277884597167747e-18,0.9996191803579041
eval_005,prefill__C3,15360,64,0.02,fixed_directional,15360,1.0,combined,1.0,0.020000000000000004,0.02993843192617387,-2.0277884597167747e-18,0.9996191803579041
eval_005,prefill__C3,15360,64,0.02,fixed_sparse16,16,0.193359375,spike,0.142578125,0.020000000000000004,0.029938431926173868,2.5347355746459682e-18,0.999551796694977
eval_005,prefill__C3,15360,64,0.02,fixed_sparse16,16,0.193359375,energy,0.2177734375,0.020000000000000004,0.029938431926173868,2.5347355746459682e-18,0.999551796694977
eval_005,prefill__C3,15360,64,0.02,fixed_sparse16,16,0.193359375,directional,0.05126953125,0.020000000000000004,0.029938431926173868,2.5347355746459682e-18,0.999551796694977
eval_005,prefill__C3,15360,64,0.02,fixed_sparse16,16,0.193359375,combined,0.22900390625,0.020000000000000004,0.029938431926173868,2.5347355746459682e-18,0.999551796694977
eval_005,prefill__C3,15360,64,0.02,adaptive_joint,16,0.158203125,spike,0.14208984375,0.020000001190558888,0.02993843272270979,8.047884205324694e-11,0.99955182932485
eval_005,prefill__C3,15360,64,0.02,adaptive_joint,16,0.158203125,energy,0.216796875,0.020000001190558888,0.02993843272270979,8.047884205324694e-11,0.99955182932485
eval_005,prefill__C3,15360,64,0.02,adaptive_joint,16,0.158203125,directional,0.04345703125,0.020000001190558888,0.02993843272270979,8.047884205324694e-11,0.99955182932485
eval_005,prefill__C3,15360,64,0.02,adaptive_joint,16,0.158203125,combined,0.228515625,0.020000001190558888,0.02993843272270979,8.047884205324694e-11,0.99955182932485
eval_005,prefill__C3,15360,64,0.05,fixed_diffuse,15360,1.0,spike,0.1923828125,0.05,0.054738557765053944,-2.838903843603485e-18,0.9985042027166543
eval_005,prefill__C3,15360,64,0.05,fixed_diffuse,15360,1.0,energy,1.0,0.05,0.054738557765053944,-2.838903843603485e-18,0.9985042027166543
eval_005,prefill__C3,15360,64,0.05,fixed_diffuse,15360,1.0,directional,0.302734375,0.05,0.054738557765053944,-2.838903843603485e-18,0.9985042027166543
eval_005,prefill__C3,15360,64,0.05,fixed_diffuse,15360,1.0,combined,1.0,0.05,0.054738557765053944,-2.838903843603485e-18,0.9985042027166543
eval_005,prefill__C3,15360,64,0.05,fixed_directional,15360,1.0,spike,0.23583984375,0.05,0.05473855776505394,5.779197110192808e-18,0.9989515096733456
eval_005,prefill__C3,15360,64,0.05,fixed_directional,15360,1.0,energy,1.0,0.05,0.05473855776505394,5.779197110192808e-18,0.9989515096733456
eval_005,prefill__C3,15360,64,0.05,fixed_directional,15360,1.0,directional,1.0,0.05,0.05473855776505394,5.779197110192808e-18,0.9989515096733456
eval_005,prefill__C3,15360,64,0.05,fixed_directional,15360,1.0,combined,1.0,0.05,0.05473855776505394,5.779197110192808e-18,0.9989515096733456
eval_005,prefill__C3,15360,64,0.05,fixed_sparse16,16,0.1953125,spike,0.1591796875,0.05,0.05473855776505394,-2.2812620171813717e-18,0.9985012800034174
eval_005,prefill__C3,15360,64,0.05,fixed_sparse16,16,0.1953125,energy,0.232421875,0.05,0.05473855776505394,-2.2812620171813717e-18,0.9985012800034174
eval_005,prefill__C3,15360,64,0.05,fixed_sparse16,16,0.1953125,directional,0.08642578125,0.05,0.05473855776505394,-2.2812620171813717e-18,0.9985012800034174
eval_005,prefill__C3,15360,64,0.05,fixed_sparse16,16,0.1953125,combined,0.24365234375,0.05,0.05473855776505394,-2.2812620171813717e-18,0.9985012800034174
eval_005,prefill__C3,15360,64,0.05,adaptive_joint,16,0.166015625,spike,0.15087890625,0.050000004816660754,0.054738562163386656,-6.701674381229866e-11,0.9985041731416439
eval_005,prefill__C3,15360,64,0.05,adaptive_joint,16,0.166015625,energy,0.22607421875,0.050000004816660754,0.054738562163386656,-6.701674381229866e-11,0.9985041731416439
eval_005,prefill__C3,15360,64,0.05,adaptive_joint,16,0.166015625,directional,0.07080078125,0.050000004816660754,0.054738562163386656,-6.701674381229866e-11,0.9985041731416439
eval_005,prefill__C3,15360,64,0.05,adaptive_joint,16,0.166015625,combined,0.23681640625,0.050000004816660754,0.054738562163386656,-6.701674381229866e-11,0.9985041731416439
eval_005,prefill__C3,15360,128,0.0,honest,0,,spike,0.12255859375,0.0,0.02227800947567235,0.0,0.9997518144625058
eval_005,prefill__C3,15360,128,0.0,honest,0,,energy,0.25341796875,0.0,0.02227800947567235,0.0,0.9997518144625058
eval_005,prefill__C3,15360,128,0.0,honest,0,,directional,0.0078125,0.0,0.02227800947567235,0.0,0.9997518144625058
eval_005,prefill__C3,15360,128,0.0,honest,0,,combined,0.27197265625,0.0,0.02227800947567235,0.0,0.9997518144625058
eval_005,prefill__C3,15360,128,0.01,fixed_diffuse,15360,0.466796875,spike,0.11767578125,0.01,0.024419453437743995,-1.2673677873229843e-18,0.999701802051547
eval_005,prefill__C3,15360,128,0.01,fixed_diffuse,15360,0.466796875,energy,0.48828125,0.01,0.024419453437743995,-1.2673677873229843e-18,0.999701802051547
eval_005,prefill__C3,15360,128,0.01,fixed_diffuse,15360,0.466796875,directional,0.009765625,0.01,0.024419453437743995,-1.2673677873229843e-18,0.999701802051547
eval_005,prefill__C3,15360,128,0.01,fixed_diffuse,15360,0.466796875,combined,0.4912109375,0.01,0.024419453437743995,-1.2673677873229843e-18,0.999701802051547
eval_005,prefill__C3,15360,128,0.01,fixed_directional,15360,0.994140625,spike,0.130859375,0.010000000000000002,0.024419453437743998,-2.0277884597167747e-18,0.9997182329263751
eval_005,prefill__C3,15360,128,0.01,fixed_directional,15360,0.994140625,energy,0.4765625,0.010000000000000002,0.024419453437743998,-2.0277884597167747e-18,0.9997182329263751
eval_005,prefill__C3,15360,128,0.01,fixed_directional,15360,0.994140625,directional,0.98974609375,0.010000000000000002,0.024419453437743998,-2.0277884597167747e-18,0.9997182329263751
eval_005,prefill__C3,15360,128,0.01,fixed_directional,15360,0.994140625,combined,0.99462890625,0.010000000000000002,0.024419453437743998,-2.0277884597167747e-18,0.9997182329263751
eval_005,prefill__C3,15360,128,0.01,fixed_sparse16,16,0.375,spike,0.2314453125,0.01,0.024419453437743995,-1.9010516809844764e-19,0.9997018026205772
eval_005,prefill__C3,15360,128,0.01,fixed_sparse16,16,0.375,energy,0.34375,0.01,0.024419453437743995,-1.9010516809844764e-19,0.9997018026205772
eval_005,prefill__C3,15360,128,0.01,fixed_sparse16,16,0.375,directional,0.01220703125,0.01,0.024419453437743995,-1.9010516809844764e-19,0.9997018026205772
eval_005,prefill__C3,15360,128,0.01,fixed_sparse16,16,0.375,combined,0.36474609375,0.01,0.024419453437743995,-1.9010516809844764e-19,0.9997018026205772
eval_005,prefill__C3,15360,128,0.01,adaptive_joint,16,0.314453125,spike,0.1845703125,0.010000000593955062,0.02441945368328248,2.5300650942310155e-10,0.9997018048806678
eval_005,prefill__C3,15360,128,0.01,adaptive_joint,16,0.314453125,energy,0.3095703125,0.010000000593955062,0.02441945368328248,2.5300650942310155e-10,0.9997018048806678
eval_005,prefill__C3,15360,128,0.01,adaptive_joint,16,0.314453125,directional,0.015625,0.010000000593955062,0.02441945368328248,2.5300650942310155e-10,0.9997018048806678
eval_005,prefill__C3,15360,128,0.01,adaptive_joint,16,0.314453125,combined,0.32666015625,0.010000000593955062,0.02441945368328248,2.5300650942310155e-10,0.9997018048806678
eval_005,prefill__C3,15360,128,0.02,fixed_diffuse,15360,0.99609375,spike,0.11865234375,0.02,0.029938431926173868,-2.4079987959136703e-18,0.9995518691555307
eval_005,prefill__C3,15360,128,0.02,fixed_diffuse,15360,0.99609375,energy,0.99560546875,0.02,0.029938431926173868,-2.4079987959136703e-18,0.9995518691555307
eval_005,prefill__C3,15360,128,0.02,fixed_diffuse,15360,0.99609375,directional,0.03173828125,0.02,0.029938431926173868,-2.4079987959136703e-18,0.9995518691555307
eval_005,prefill__C3,15360,128,0.02,fixed_diffuse,15360,0.99609375,combined,0.99560546875,0.02,0.029938431926173868,-2.4079987959136703e-18,0.9995518691555307
eval_005,prefill__C3,15360,128,0.02,fixed_directional,15360,1.0,spike,0.12109375,0.020000000000000004,0.02993843192617387,-2.0277884597167747e-18,0.9996191803579041
eval_005,prefill__C3,15360,128,0.02,fixed_directional,15360,1.0,energy,0.9951171875,0.020000000000000004,0.02993843192617387,-2.0277884597167747e-18,0.9996191803579041
eval_005,prefill__C3,15360,128,0.02,fixed_directional,15360,1.0,directional,1.0,0.020000000000000004,0.02993843192617387,-2.0277884597167747e-18,0.9996191803579041
eval_005,prefill__C3,15360,128,0.02,fixed_directional,15360,1.0,combined,1.0,0.020000000000000004,0.02993843192617387,-2.0277884597167747e-18,0.9996191803579041
eval_005,prefill__C3,15360,128,0.02,fixed_sparse16,16,0.33984375,spike,0.232421875,0.019999999999999997,0.029938431926173868,3.3585246364059095e-18,0.9995518184241489
eval_005,prefill__C3,15360,128,0.02,fixed_sparse16,16,0.33984375,energy,0.345703125,0.019999999999999997,0.029938431926173868,3.3585246364059095e-18,0.9995518184241489
eval_005,prefill__C3,15360,128,0.02,fixed_sparse16,16,0.33984375,directional,0.0556640625,0.019999999999999997,0.029938431926173868,3.3585246364059095e-18,0.9995518184241489
eval_005,prefill__C3,15360,128,0.02,fixed_sparse16,16,0.33984375,combined,0.36181640625,0.019999999999999997,0.029938431926173868,3.3585246364059095e-18,0.9995518184241489
eval_005,prefill__C3,15360,128,0.02,adaptive_joint,16,0.349609375,spike,0.20556640625,0.01999999957931785,0.0299384316444445,-4.68909909420697e-11,0.9995517906846865
eval_005,prefill__C3,15360,128,0.02,adaptive_joint,16,0.349609375,energy,0.3193359375,0.01999999957931785,0.0299384316444445,-4.68909909420697e-11,0.9995517906846865
eval_005,prefill__C3,15360,128,0.02,adaptive_joint,16,0.349609375,directional,0.0556640625,0.01999999957931785,0.0299384316444445,-4.68909909420697e-11,0.9995517906846865
eval_005,prefill__C3,15360,128,0.02,adaptive_joint,16,0.349609375,combined,0.3369140625,0.01999999957931785,0.0299384316444445,-4.68909909420697e-11,0.9995517906846865
eval_005,prefill__C3,15360,128,0.05,fixed_diffuse,15360,1.0,spike,0.26025390625,0.05000000000000001,0.054738557765053944,-3.8527980734618716e-18,0.998502715037666
eval_005,prefill__C3,15360,128,0.05,fixed_diffuse,15360,1.0,energy,1.0,0.05000000000000001,0.054738557765053944,-3.8527980734618716e-18,0.998502715037666
eval_005,prefill__C3,15360,128,0.05,fixed_diffuse,15360,1.0,directional,0.244140625,0.05000000000000001,0.054738557765053944,-3.8527980734618716e-18,0.998502715037666
eval_005,prefill__C3,15360,128,0.05,fixed_diffuse,15360,1.0,combined,1.0,0.05000000000000001,0.054738557765053944,-3.8527980734618716e-18,0.998502715037666
eval_005,prefill__C3,15360,128,0.05,fixed_directional,15360,1.0,spike,0.2734375,0.05,0.05473855776505394,5.779197110192808e-18,0.9989515096733456
eval_005,prefill__C3,15360,128,0.05,fixed_directional,15360,1.0,energy,1.0,0.05,0.05473855776505394,5.779197110192808e-18,0.9989515096733456
eval_005,prefill__C3,15360,128,0.05,fixed_directional,15360,1.0,directional,1.0,0.05,0.05473855776505394,5.779197110192808e-18,0.9989515096733456
eval_005,prefill__C3,15360,128,0.05,fixed_directional,15360,1.0,combined,1.0,0.05,0.05473855776505394,5.779197110192808e-18,0.9989515096733456
eval_005,prefill__C3,15360,128,0.05,fixed_sparse16,16,0.3828125,spike,0.23046875,0.05,0.054738557765053944,-3.143072112561001e-18,0.9985052499938624
eval_005,prefill__C3,15360,128,0.05,fixed_sparse16,16,0.3828125,energy,0.3408203125,0.05,0.054738557765053944,-3.143072112561001e-18,0.9985052499938624
eval_005,prefill__C3,15360,128,0.05,fixed_sparse16,16,0.3828125,directional,0.12646484375,0.05,0.054738557765053944,-3.143072112561001e-18,0.9985052499938624
eval_005,prefill__C3,15360,128,0.05,fixed_sparse16,16,0.3828125,combined,0.35693359375,0.05,0.054738557765053944,-3.143072112561001e-18,0.9985052499938624
eval_005,prefill__C3,15360,128,0.05,adaptive_joint,16,0.353515625,spike,0.21923828125,0.05000000144781911,0.05473855909165553,2.022641613466813e-10,0.9985036710563541
eval_005,prefill__C3,15360,128,0.05,adaptive_joint,16,0.353515625,energy,0.33740234375,0.05000000144781911,0.05473855909165553,2.022641613466813e-10,0.9985036710563541
eval_005,prefill__C3,15360,128,0.05,adaptive_joint,16,0.353515625,directional,0.0869140625,0.05000000144781911,0.05473855909165553,2.022641613466813e-10,0.9985036710563541
eval_005,prefill__C3,15360,128,0.05,adaptive_joint,16,0.353515625,combined,0.353515625,0.05000000144781911,0.05473855909165553,2.022641613466813e-10,0.9985036710563541
eval_005,prefill__C3,15360,256,0.0,honest,0,,spike,0.2236328125,0.0,0.02227800947567235,0.0,0.9997518144625058
eval_005,prefill__C3,15360,256,0.0,honest,0,,energy,0.42822265625,0.0,0.02227800947567235,0.0,0.9997518144625058
eval_005,prefill__C3,15360,256,0.0,honest,0,,directional,0.00244140625,0.0,0.02227800947567235,0.0,0.9997518144625058
eval_005,prefill__C3,15360,256,0.0,honest,0,,combined,0.4580078125,0.0,0.02227800947567235,0.0,0.9997518144625058
eval_005,prefill__C3,15360,256,0.01,fixed_diffuse,15360,0.833984375,spike,0.236328125,0.01,0.024419453437743995,-2.4079987959136703e-18,0.9997018111482702
eval_005,prefill__C3,15360,256,0.01,fixed_diffuse,15360,0.833984375,energy,0.796875,0.01,0.024419453437743995,-2.4079987959136703e-18,0.9997018111482702
eval_005,prefill__C3,15360,256,0.01,fixed_diffuse,15360,0.833984375,directional,0.00390625,0.01,0.024419453437743995,-2.4079987959136703e-18,0.9997018111482702
eval_005,prefill__C3,15360,256,0.01,fixed_diffuse,15360,0.833984375,combined,0.79931640625,0.01,0.024419453437743995,-2.4079987959136703e-18,0.9997018111482702
eval_005,prefill__C3,15360,256,0.01,fixed_directional,15360,1.0,spike,0.232421875,0.010000000000000002,0.024419453437743998,-2.0277884597167747e-18,0.9997182329263751
eval_005,prefill__C3,15360,256,0.01,fixed_directional,15360,1.0,energy,0.79638671875,0.010000000000000002,0.024419453437743998,-2.0277884597167747e-18,0.9997182329263751
eval_005,prefill__C3,15360,256,0.01,fixed_directional,15360,1.0,directional,1.0,0.010000000000000002,0.024419453437743998,-2.0277884597167747e-18,0.9997182329263751
eval_005,prefill__C3,15360,256,0.01,fixed_directional,15360,1.0,combined,1.0,0.010000000000000002,0.024419453437743998,-2.0277884597167747e-18,0.9997182329263751
eval_005,prefill__C3,15360,256,0.01,fixed_sparse16,16,0.607421875,spike,0.3916015625,0.01,0.024419453437743995,7.6042067239379055e-19,0.9997018095664912
eval_005,prefill__C3,15360,256,0.01,fixed_sparse16,16,0.607421875,energy,0.5517578125,0.01,0.024419453437743995,7.6042067239379055e-19,0.9997018095664912
eval_005,prefill__C3,15360,256,0.01,fixed_sparse16,16,0.607421875,directional,0.005859375,0.01,0.024419453437743995,7.6042067239379055e-19,0.9997018095664912
eval_005,prefill__C3,15360,256,0.01,fixed_sparse16,16,0.607421875,combined,0.57666015625,0.01,0.024419453437743995,7.6042067239379055e-19,0.9997018095664912
eval_005,prefill__C3,15360,256,0.01,adaptive_joint,16,0.587890625,spike,0.35986328125,0.010000000064777057,0.024419453460268345,-4.387206824683892e-10,0.9997018052286694
eval_005,prefill__C3,15360,256,0.01,adaptive_joint,16,0.587890625,energy,0.5263671875,0.010000000064777057,0.024419453460268345,-4.387206824683892e-10,0.9997018052286694
eval_005,prefill__C3,15360,256,0.01,adaptive_joint,16,0.587890625,directional,0.005859375,0.010000000064777057,0.024419453460268345,-4.387206824683892e-10,0.9997018052286694
eval_005,prefill__C3,15360,256,0.01,adaptive_joint,16,0.587890625,combined,0.5517578125,0.010000000064777057,0.024419453460268345,-4.387206824683892e-10,0.9997018052286694
eval_005,prefill__C3,15360,256,0.02,fixed_diffuse,15360,1.0,spike,0.2470703125,0.02,0.02993843192617387,-4.435787255630445e-19,0.9995517830569152
eval_005,prefill__C3,15360,256,0.02,fixed_diffuse,15360,1.0,energy,1.0,0.02,0.02993843192617387,-4.435787255630445e-19,0.9995517830569152
eval_005,prefill__C3,15360,256,0.02,fixed_diffuse,15360,1.0,directional,0.01806640625,0.02,0.02993843192617387,-4.435787255630445e-19,0.9995517830569152
eval_005,prefill__C3,15360,256,0.02,fixed_diffuse,15360,1.0,combined,1.0,0.02,0.02993843192617387,-4.435787255630445e-19,0.9995517830569152
eval_005,prefill__C3,15360,256,0.02,fixed_directional,15360,1.0,spike,0.2373046875,0.020000000000000004,0.02993843192617387,-2.0277884597167747e-18,0.9996191803579041
eval_005,prefill__C3,15360,256,0.02,fixed_directional,15360,1.0,energy,1.0,0.020000000000000004,0.02993843192617387,-2.0277884597167747e-18,0.9996191803579041
eval_005,prefill__C3,15360,256,0.02,fixed_directional,15360,1.0,directional,1.0,0.020000000000000004,0.02993843192617387,-2.0277884597167747e-18,0.9996191803579041
eval_005,prefill__C3,15360,256,0.02,fixed_directional,15360,1.0,combined,1.0,0.020000000000000004,0.02993843192617387,-2.0277884597167747e-18,0.9996191803579041
eval_005,prefill__C3,15360,256,0.02,fixed_sparse16,16,0.59765625,spike,0.41064453125,0.019999999999999997,0.029938431926173868,3.802103361968954e-19,0.9995518192929644
eval_005,prefill__C3,15360,256,0.02,fixed_sparse16,16,0.59765625,energy,0.560546875,0.019999999999999997,0.029938431926173868,3.802103361968954e-19,0.9995518192929644
eval_005,prefill__C3,15360,256,0.02,fixed_sparse16,16,0.59765625,directional,0.0322265625,0.019999999999999997,0.029938431926173868,3.802103361968954e-19,0.9995518192929644
eval_005,prefill__C3,15360,256,0.02,fixed_sparse16,16,0.59765625,combined,0.58349609375,0.019999999999999997,0.029938431926173868,3.802103361968954e-19,0.9995518192929644
eval_005,prefill__C3,15360,256,0.02,adaptive_joint,16,0.611328125,spike,0.376953125,0.020000000255861627,0.029938432096567748,-3.570131667237536e-11,0.9995517982616701
eval_005,prefill__C3,15360,256,0.02,adaptive_joint,16,0.611328125,energy,0.54638671875,0.020000000255861627,0.029938432096567748,-3.570131667237536e-11,0.9995517982616701
eval_005,prefill__C3,15360,256,0.02,adaptive_joint,16,0.611328125,directional,0.02734375,0.020000000255861627,0.029938432096567748,-3.570131667237536e-11,0.9995517982616701
eval_005,prefill__C3,15360,256,0.02,adaptive_joint,16,0.611328125,combined,0.568359375,0.020000000255861627,0.029938432096567748,-3.570131667237536e-11,0.9995517982616701
eval_005,prefill__C3,15360,256,0.05,fixed_diffuse,15360,1.0,spike,0.42138671875,0.05000000000000001,0.054738557765053944,1.4194519218017422e-18,0.9985044818336855
eval_005,prefill__C3,15360,256,0.05,fixed_diffuse,15360,1.0,energy,1.0,0.05000000000000001,0.054738557765053944,1.4194519218017422e-18,0.9985044818336855
eval_005,prefill__C3,15360,256,0.05,fixed_diffuse,15360,1.0,directional,0.1904296875,0.05000000000000001,0.054738557765053944,1.4194519218017422e-18,0.9985044818336855
eval_005,prefill__C3,15360,256,0.05,fixed_diffuse,15360,1.0,combined,1.0,0.05000000000000001,0.054738557765053944,1.4194519218017422e-18,0.9985044818336855
eval_005,prefill__C3,15360,256,0.05,fixed_directional,15360,1.0,spike,0.48095703125,0.05,0.05473855776505394,5.779197110192808e-18,0.9989515096733456
eval_005,prefill__C3,15360,256,0.05,fixed_directional,15360,1.0,energy,1.0,0.05,0.05473855776505394,5.779197110192808e-18,0.9989515096733456
eval_005,prefill__C3,15360,256,0.05,fixed_directional,15360,1.0,directional,1.0,0.05,0.05473855776505394,5.779197110192808e-18,0.9989515096733456
eval_005,prefill__C3,15360,256,0.05,fixed_directional,15360,1.0,combined,1.0,0.05,0.05473855776505394,5.779197110192808e-18,0.9989515096733456
eval_005,prefill__C3,15360,256,0.05,fixed_sparse16,16,0.595703125,spike,0.39306640625,0.05,0.054738557765053944,-1.1659783643371456e-18,0.9985039423767142
eval_005,prefill__C3,15360,256,0.05,fixed_sparse16,16,0.595703125,energy,0.55126953125,0.05,0.054738557765053944,-1.1659783643371456e-18,0.9985039423767142
eval_005,prefill__C3,15360,256,0.05,fixed_sparse16,16,0.595703125,directional,0.1845703125,0.05,0.054738557765053944,-1.1659783643371456e-18,0.9985039423767142
eval_005,prefill__C3,15360,256,0.05,fixed_sparse16,16,0.595703125,combined,0.5732421875,0.05,0.054738557765053944,-1.1659783643371456e-18,0.9985039423767142
eval_005,prefill__C3,15360,256,0.05,adaptive_joint,16,0.595703125,spike,0.3876953125,0.05000000065772671,0.0547385583818195,7.850984858634776e-10,0.99850268160939
eval_005,prefill__C3,15360,256,0.05,adaptive_joint,16,0.595703125,energy,0.548828125,0.05000000065772671,0.0547385583818195,7.850984858634776e-10,0.99850268160939
eval_005,prefill__C3,15360,256,0.05,adaptive_joint,16,0.595703125,directional,0.1357421875,0.05000000065772671,0.0547385583818195,7.850984858634776e-10,0.99850268160939
eval_005,prefill__C3,15360,256,0.05,adaptive_joint,16,0.595703125,combined,0.57421875,0.05000000065772671,0.0547385583818195,7.850984858634776e-10,0.99850268160939
eval_005,prefill__C3,15360,512,0.0,honest,0,,spike,0.06396484375,0.0,0.02227800947567235,0.0,0.9997518144625058
eval_005,prefill__C3,15360,512,0.0,honest,0,,energy,0.75244140625,0.0,0.02227800947567235,0.0,0.9997518144625058
eval_005,prefill__C3,15360,512,0.0,honest,0,,directional,0.00048828125,0.0,0.02227800947567235,0.0,0.9997518144625058
eval_005,prefill__C3,15360,512,0.0,honest,0,,combined,0.75244140625,0.0,0.02227800947567235,0.0,0.9997518144625058
eval_005,prefill__C3,15360,512,0.01,fixed_diffuse,15360,0.990234375,spike,0.06396484375,0.010000000000000002,0.024419453437743995,2.5347355746459683e-19,0.9997018061421484
eval_005,prefill__C3,15360,512,0.01,fixed_diffuse,15360,0.990234375,energy,0.9921875,0.010000000000000002,0.024419453437743995,2.5347355746459683e-19,0.9997018061421484
eval_005,prefill__C3,15360,512,0.01,fixed_diffuse,15360,0.990234375,directional,0.0009765625,0.010000000000000002,0.024419453437743995,2.5347355746459683e-19,0.9997018061421484
eval_005,prefill__C3,15360,512,0.01,fixed_diffuse,15360,0.990234375,combined,0.9921875,0.010000000000000002,0.024419453437743995,2.5347355746459683e-19,0.9997018061421484
eval_005,prefill__C3,15360,512,0.01,fixed_directional,15360,1.0,spike,0.06396484375,0.010000000000000002,0.024419453437743998,-2.0277884597167747e-18,0.9997182329263751
eval_005,prefill__C3,15360,512,0.01,fixed_directional,15360,1.0,energy,0.98583984375,0.010000000000000002,0.024419453437743998,-2.0277884597167747e-18,0.9997182329263751
eval_005,prefill__C3,15360,512,0.01,fixed_directional,15360,1.0,directional,1.0,0.010000000000000002,0.024419453437743998,-2.0277884597167747e-18,0.9997182329263751
eval_005,prefill__C3,15360,512,0.01,fixed_directional,15360,1.0,combined,1.0,0.010000000000000002,0.024419453437743998,-2.0277884597167747e-18,0.9997182329263751
eval_005,prefill__C3,15360,512,0.01,fixed_sparse16,16,0.849609375,spike,0.4208984375,0.01,0.024419453437743995,-3.928840140701251e-18,0.9997018033703269
eval_005,prefill__C3,15360,512,0.01,fixed_sparse16,16,0.849609375,energy,0.8544921875,0.01,0.024419453437743995,-3.928840140701251e-18,0.9997018033703269
eval_005,prefill__C3,15360,512,0.01,fixed_sparse16,16,0.849609375,directional,0.0009765625,0.01,0.024419453437743995,-3.928840140701251e-18,0.9997018033703269
eval_005,prefill__C3,15360,512,0.01,fixed_sparse16,16,0.849609375,combined,0.8544921875,0.01,0.024419453437743995,-3.928840140701251e-18,0.9997018033703269
eval_005,prefill__C3,15360,512,0.01,adaptive_joint,16,0.779296875,spike,0.20361328125,0.010000000840839037,0.024419453781215395,-9.429345405667161e-11,0.9997018026366418
eval_005,prefill__C3,15360,512,0.01,adaptive_joint,16,0.779296875,energy,0.78466796875,0.010000000840839037,0.024419453781215395,-9.429345405667161e-11,0.9997018026366418
eval_005,prefill__C3,15360,512,0.01,adaptive_joint,16,0.779296875,directional,0.00341796875,0.010000000840839037,0.024419453781215395,-9.429345405667161e-11,0.9997018026366418
eval_005,prefill__C3,15360,512,0.01,adaptive_joint,16,0.779296875,combined,0.78466796875,0.010000000840839037,0.024419453781215395,-9.429345405667161e-11,0.9997018026366418
eval_005,prefill__C3,15360,512,0.02,fixed_diffuse,15360,1.0,spike,0.06396484375,0.02,0.029938431926173868,5.829891821685728e-18,0.9995518060521
eval_005,prefill__C3,15360,512,0.02,fixed_diffuse,15360,1.0,energy,1.0,0.02,0.029938431926173868,5.829891821685728e-18,0.9995518060521
eval_005,prefill__C3,15360,512,0.02,fixed_diffuse,15360,1.0,directional,0.00732421875,0.02,0.029938431926173868,5.829891821685728e-18,0.9995518060521
eval_005,prefill__C3,15360,512,0.02,fixed_diffuse,15360,1.0,combined,1.0,0.02,0.029938431926173868,5.829891821685728e-18,0.9995518060521
eval_005,prefill__C3,15360,512,0.02,fixed_directional,15360,1.0,spike,0.06396484375,0.020000000000000004,0.02993843192617387,-2.0277884597167747e-18,0.9996191803579041
eval_005,prefill__C3,15360,512,0.02,fixed_directional,15360,1.0,energy,1.0,0.020000000000000004,0.02993843192617387,-2.0277884597167747e-18,0.9996191803579041
eval_005,prefill__C3,15360,512,0.02,fixed_directional,15360,1.0,directional,1.0,0.020000000000000004,0.02993843192617387,-2.0277884597167747e-18,0.9996191803579041
eval_005,prefill__C3,15360,512,0.02,fixed_directional,15360,1.0,combined,1.0,0.020000000000000004,0.02993843192617387,-2.0277884597167747e-18,0.9996191803579041
eval_005,prefill__C3,15360,512,0.02,fixed_sparse16,16,0.82421875,spike,0.46826171875,0.02,0.02993843192617387,-1.3941045660552828e-18,0.9995518298345536
eval_005,prefill__C3,15360,512,0.02,fixed_sparse16,16,0.82421875,energy,0.8564453125,0.02,0.02993843192617387,-1.3941045660552828e-18,0.9995518298345536
eval_005,prefill__C3,15360,512,0.02,fixed_sparse16,16,0.82421875,directional,0.0126953125,0.02,0.02993843192617387,-1.3941045660552828e-18,0.9995518298345536
eval_005,prefill__C3,15360,512,0.02,fixed_sparse16,16,0.82421875,combined,0.8564453125,0.02,0.02993843192617387,-1.3941045660552828e-18,0.9995518298345536
eval_005,prefill__C3,15360,512,0.02,adaptive_joint,16,0.8046875,spike,0.35009765625,0.019999999945710233,0.029938431873500978,-1.10231685388569e-09,0.9995518174014351
eval_005,prefill__C3,15360,512,0.02,adaptive_joint,16,0.8046875,energy,0.8330078125,0.019999999945710233,0.029938431873500978,-1.10231685388569e-09,0.9995518174014351
eval_005,prefill__C3,15360,512,0.02,adaptive_joint,16,0.8046875,directional,0.01171875,0.019999999945710233,0.029938431873500978,-1.10231685388569e-09,0.9995518174014351
eval_005,prefill__C3,15360,512,0.02,adaptive_joint,16,0.8046875,combined,0.8330078125,0.019999999945710233,0.029938431873500978,-1.10231685388569e-09,0.9995518174014351
eval_005,prefill__C3,15360,512,0.05,fixed_diffuse,15360,1.0,spike,0.22119140625,0.05000000000000001,0.054738557765053944,-3.751408650476033e-18,0.9985030126347394
eval_005,prefill__C3,15360,512,0.05,fixed_diffuse,15360,1.0,energy,1.0,0.05000000000000001,0.054738557765053944,-3.751408650476033e-18,0.9985030126347394
eval_005,prefill__C3,15360,512,0.05,fixed_diffuse,15360,1.0,directional,0.13623046875,0.05000000000000001,0.054738557765053944,-3.751408650476033e-18,0.9985030126347394
eval_005,prefill__C3,15360,512,0.05,fixed_diffuse,15360,1.0,combined,1.0,0.05000000000000001,0.054738557765053944,-3.751408650476033e-18,0.9985030126347394
eval_005,prefill__C3,15360,512,0.05,fixed_directional,15360,1.0,spike,0.24169921875,0.05,0.05473855776505394,5.779197110192808e-18,0.9989515096733456
eval_005,prefill__C3,15360,512,0.05,fixed_directional,15360,1.0,energy,1.0,0.05,0.05473855776505394,5.779197110192808e-18,0.9989515096733456
eval_005,prefill__C3,15360,512,0.05,fixed_directional,15360,1.0,directional,1.0,0.05,0.05473855776505394,5.779197110192808e-18,0.9989515096733456
eval_005,prefill__C3,15360,512,0.05,fixed_directional,15360,1.0,combined,1.0,0.05,0.05473855776505394,5.779197110192808e-18,0.9989515096733456
eval_005,prefill__C3,15360,512,0.05,fixed_sparse16,16,0.828125,spike,0.45849609375,0.05,0.05473855776505394,-6.083365379150324e-19,0.998505523793013
eval_005,prefill__C3,15360,512,0.05,fixed_sparse16,16,0.828125,energy,0.85498046875,0.05,0.05473855776505394,-6.083365379150324e-19,0.998505523793013
eval_005,prefill__C3,15360,512,0.05,fixed_sparse16,16,0.828125,directional,0.14599609375,0.05,0.05473855776505394,-6.083365379150324e-19,0.998505523793013
eval_005,prefill__C3,15360,512,0.05,fixed_sparse16,16,0.828125,combined,0.85498046875,0.05,0.05473855776505394,-6.083365379150324e-19,0.998505523793013
eval_005,prefill__C3,15360,512,0.05,adaptive_joint,16,0.818359375,spike,0.4033203125,0.04999999787898563,0.05473855581624465,-5.604561005938898e-10,0.9985046671317657
eval_005,prefill__C3,15360,512,0.05,adaptive_joint,16,0.818359375,energy,0.83935546875,0.04999999787898563,0.05473855581624465,-5.604561005938898e-10,0.9985046671317657
eval_005,prefill__C3,15360,512,0.05,adaptive_joint,16,0.818359375,directional,0.13037109375,0.04999999787898563,0.05473855581624465,-5.604561005938898e-10,0.9985046671317657
eval_005,prefill__C3,15360,512,0.05,adaptive_joint,16,0.818359375,combined,0.83935546875,0.04999999787898563,0.05473855581624465,-5.604561005938898e-10,0.9985046671317657
