run_id,network,mode,payload_mb,group_size,concurrency,provider_id,replicate_id,t0_start_ms,t1_encrypt_done_ms,t2_publish_done_ms,t3_access_sent_ms,t4_first_ready_ms,t5_all_ready_ms,requester_egress_mb,store_egress_mb,provider_fetch_ms,access_pkg_bytes,access_pkg_bytes_mean,success,notes
lan_rpd_100_1_001,LAN,RPD,100,1,1,ALL,1,0.0,10.609125,,862.923091,862.923091,862.923091,100.000016,0.0,,0,0.0,1,fresh_cid=bafy1fbf4314d40a613b113c604ee661b84fe5a5fa8a08507445;encrypted_payload_modeled_from_calibrated_aes_gcm;parallel_send_shared_requester_uplink
lan_rpd_100_1_002,LAN,RPD,100,1,1,ALL,2,0.0,10.278644,,862.640301,862.640301,862.640301,100.000016,0.0,,0,0.0,1,fresh_cid=bafy490e668864f8a0cbfd944589eba6d90123f55804ab4906f4;encrypted_payload_modeled_from_calibrated_aes_gcm;parallel_send_shared_requester_uplink
lan_rpd_100_1_003,LAN,RPD,100,1,1,ALL,3,0.0,10.451206,,863.74502,863.74502,863.74502,100.000016,0.0,,0,0.0,1,fresh_cid=bafy7d944ba5c96ef7292790db1c59a294c6579c8797a2b72789;encrypted_payload_modeled_from_calibrated_aes_gcm;parallel_send_shared_requester_uplink
lan_rpd_100_1_004,LAN,RPD,100,1,1,ALL,4,0.0,10.325572,,863.69088,863.69088,863.69088,100.000016,0.0,,0,0.0,1,fresh_cid=bafyda657dea4d8d9971e3e9a0a18dd3799941941582077b8e69;encrypted_payload_modeled_from_calibrated_aes_gcm;parallel_send_shared_requester_uplink
lan_rpd_100_1_005,LAN,RPD,100,1,1,ALL,5,0.0,10.541495,,863.885932,863.885932,863.885932,100.000016,0.0,,0,0.0,1,fresh_cid=bafyc91ecd0ef7b7d7826695f04cfaa0384b76460f360c1dd459;encrypted_payload_modeled_from_calibrated_aes_gcm;parallel_send_shared_requester_uplink
lan_rpd_100_1_006,LAN,RPD,100,1,1,ALL,6,0.0,10.461347,,862.775313,862.775313,862.775313,100.000016,0.0,,0,0.0,1,fresh_cid=bafyf6acc7df24e18bed5aeb505389e55259b0f69e9fc0f23b84;encrypted_payload_modeled_from_calibrated_aes_gcm;parallel_send_shared_requester_uplink
lan_rpd_100_1_007,LAN,RPD,100,1,1,ALL,7,0.0,10.473494,,862.78746,862.78746,862.78746,100.000016,0.0,,0,0.0,1,fresh_cid=bafye007fb7b0ed2163c3c8201d959399cebc43c8747ee544841;encrypted_payload_modeled_from_calibrated_aes_gcm;parallel_send_shared_requester_uplink
lan_rpd_100_1_008,LAN,RPD,100,1,1,ALL,8,0.0,10.46948,,862.875944,862.875944,862.875944,100.000016,0.0,,0,0.0,1,fresh_cid=bafy47e4d7ce8fd41341de58504f9078661c702d8a767264c9ad;encrypted_payload_modeled_from_calibrated_aes_gcm;parallel_send_shared_requester_uplink
lan_rpd_100_1_009,LAN,RPD,100,1,1,ALL,9,0.0,10.598467,,864.979602,864.979602,864.979602,100.000016,0.0,,0,0.0,1,fresh_cid=bafyb414ee154ea412188cb73a1e6dcb5f3c3a7432fc67fbd918;encrypted_payload_modeled_from_calibrated_aes_gcm;parallel_send_shared_requester_uplink
lan_rpd_100_1_010,LAN,RPD,100,1,1,ALL,10,0.0,10.376629,,863.528298,863.528298,863.528298,100.000016,0.0,,0,0.0,1,fresh_cid=bafya8cdaa59a04bfd3ff3379aac44dda57d9c7a8ceb2a93873d;encrypted_payload_modeled_from_calibrated_aes_gcm;parallel_send_shared_requester_uplink
lan_rpd_100_1_011,LAN,RPD,100,1,1,ALL,11,0.0,10.475659,,863.957342,863.957342,863.957342,100.000016,0.0,,0,0.0,1,fresh_cid=bafye75cf6504682881fb8fa126d411fe6d6c291f18cdfd3658e;encrypted_payload_modeled_from_calibrated_aes_gcm;parallel_send_shared_requester_uplink
lan_rpd_100_1_012,LAN,RPD,100,1,1,ALL,12,0.0,10.6587,,863.516799,863.516799,863.516799,100.000016,0.0,,0,0.0,1,fresh_cid=bafye7579cbeb958ae5730313ded08a897eef139f0c4a6a68abb;encrypted_payload_modeled_from_calibrated_aes_gcm;parallel_send_shared_requester_uplink
lan_rpd_100_1_013,LAN,RPD,100,1,1,ALL,13,0.0,10.753875,,864.419816,864.419816,864.419816,100.000016,0.0,,0,0.0,1,fresh_cid=bafyd83210013ad68fb7d6cd9da8d437f1689135626b7a2b6336;encrypted_payload_modeled_from_calibrated_aes_gcm;parallel_send_shared_requester_uplink
lan_rpd_100_1_014,LAN,RPD,100,1,1,ALL,14,0.0,10.672606,,862.986572,862.986572,862.986572,100.000016,0.0,,0,0.0,1,fresh_cid=bafy5a8eca3b35ecb95125490b2747b51bd02b35af7b5226667a;encrypted_payload_modeled_from_calibrated_aes_gcm;parallel_send_shared_requester_uplink
lan_rpd_100_1_015,LAN,RPD,100,1,1,ALL,15,0.0,10.300124,,865.62546,865.62546,865.62546,100.000016,0.0,,0,0.0,1,fresh_cid=bafy9bb9d381ac16d679a733b36906e707a6d948de424ca6dfbc;encrypted_payload_modeled_from_calibrated_aes_gcm;parallel_send_shared_requester_uplink
lan_rpd_100_1_016,LAN,RPD,100,1,1,ALL,16,0.0,10.790549,,864.021045,864.021045,864.021045,100.000016,0.0,,0,0.0,1,fresh_cid=bafy1dc4b507128520bdc03894878099a2c865fcfea5f217be5e;encrypted_payload_modeled_from_calibrated_aes_gcm;parallel_send_shared_requester_uplink
lan_rpd_100_1_017,LAN,RPD,100,1,1,ALL,17,0.0,10.397136,,863.85748,863.85748,863.85748,100.000016,0.0,,0,0.0,1,fresh_cid=bafyca6f753424e2654d5654b558b702e264816c7501456af05c;encrypted_payload_modeled_from_calibrated_aes_gcm;parallel_send_shared_requester_uplink
lan_rpd_100_1_018,LAN,RPD,100,1,1,ALL,18,0.0,9.988794,,863.484606,863.484606,863.484606,100.000016,0.0,,0,0.0,1,fresh_cid=bafyfd93b4c29d864c125aef58316af5601792c06a46ffdd3c60;encrypted_payload_modeled_from_calibrated_aes_gcm;parallel_send_shared_requester_uplink
lan_rpd_100_1_019,LAN,RPD,100,1,1,ALL,19,0.0,10.585809,,863.092721,863.092721,863.092721,100.000016,0.0,,0,0.0,1,fresh_cid=bafyd4ee06f677198ee3244445b00fda996bd7616b08f8c8995b;encrypted_payload_modeled_from_calibrated_aes_gcm;parallel_send_shared_requester_uplink
lan_rpd_100_1_020,LAN,RPD,100,1,1,ALL,20,0.0,10.722808,,863.036774,863.036774,863.036774,100.000016,0.0,,0,0.0,1,fresh_cid=bafy98b75f2d9f90a0e2a6a1a23ed9af7748d9bec2acb85e6b1e;encrypted_payload_modeled_from_calibrated_aes_gcm;parallel_send_shared_requester_uplink
lan_rpd_100_1_021,LAN,RPD,100,1,1,ALL,21,0.0,10.622371,,862.936337,862.936337,862.936337,100.000016,0.0,,0,0.0,1,fresh_cid=bafy39c052a72f19048769fcc41e6884ff07a2f2733ff9731134;encrypted_payload_modeled_from_calibrated_aes_gcm;parallel_send_shared_requester_uplink
lan_rpd_100_1_022,LAN,RPD,100,1,1,ALL,22,0.0,10.486828,,865.048759,865.048759,865.048759,100.000016,0.0,,0,0.0,1,fresh_cid=bafy50722a64066c9fdea807275687fd139977eceac08e9c98c7;encrypted_payload_modeled_from_calibrated_aes_gcm;parallel_send_shared_requester_uplink
lan_rpd_100_1_023,LAN,RPD,100,1,1,ALL,23,0.0,10.500923,,864.048178,864.048178,864.048178,100.000016,0.0,,0,0.0,1,fresh_cid=bafy96587195a078129c17bdce23a923013725eab786011fdb3b;encrypted_payload_modeled_from_calibrated_aes_gcm;parallel_send_shared_requester_uplink
lan_rpd_100_1_024,LAN,RPD,100,1,1,ALL,24,0.0,10.56089,,862.874856,862.874856,862.874856,100.000016,0.0,,0,0.0,1,fresh_cid=bafy8277e07ef030fdf9963d3242105ae0711839d90067471489;encrypted_payload_modeled_from_calibrated_aes_gcm;parallel_send_shared_requester_uplink
lan_rpd_100_1_025,LAN,RPD,100,1,1,ALL,25,0.0,10.867592,,864.023712,864.023712,864.023712,100.000016,0.0,,0,0.0,1,fresh_cid=bafyfc9ed575fe5f403df6aec250c915c807552af5e39cff574c;encrypted_payload_modeled_from_calibrated_aes_gcm;parallel_send_shared_requester_uplink
lan_rpd_100_1_026,LAN,RPD,100,1,1,ALL,26,0.0,10.429817,,863.775347,863.775347,863.775347,100.000016,0.0,,0,0.0,1,fresh_cid=bafy36f581b80fb24f6e09450a7b46cd27351fdf32c387d5901b;encrypted_payload_modeled_from_calibrated_aes_gcm;parallel_send_shared_requester_uplink
lan_rpd_100_1_027,LAN,RPD,100,1,1,ALL,27,0.0,10.403722,,864.761362,864.761362,864.761362,100.000016,0.0,,0,0.0,1,fresh_cid=bafydf1dfd75341ec7e29c06f258ee7ea158a0684130196a0b1b;encrypted_payload_modeled_from_calibrated_aes_gcm;parallel_send_shared_requester_uplink
lan_rpd_100_1_028,LAN,RPD,100,1,1,ALL,28,0.0,10.551776,,862.865742,862.865742,862.865742,100.000016,0.0,,0,0.0,1,fresh_cid=bafyb5acfdc0a4215248d069394273d19e7d8ea324c122bb3d8f;encrypted_payload_modeled_from_calibrated_aes_gcm;parallel_send_shared_requester_uplink
lan_rpd_100_1_029,LAN,RPD,100,1,1,ALL,29,0.0,10.271842,,864.160142,864.160142,864.160142,100.000016,0.0,,0,0.0,1,fresh_cid=bafy895b15d5166df9760bd5c46e23fdd4cc4a1ce4b7ad34d415;encrypted_payload_modeled_from_calibrated_aes_gcm;parallel_send_shared_requester_uplink
lan_rpd_100_1_030,LAN,RPD,100,1,1,ALL,30,0.0,10.416762,,862.730728,862.730728,862.730728,100.000016,0.0,,0,0.0,1,fresh_cid=bafyeec87a23d88308a823115a81a50360198b861ef06d9705cc;encrypted_payload_modeled_from_calibrated_aes_gcm;parallel_send_shared_requester_uplink
lan_rpd_100_2_001,LAN,RPD,100,2,2,ALL,1,0.0,10.53101,,1714.10237,1714.10237,1714.10237,200.000032,0.0,,0,0.0,1,fresh_cid=bafy101773841387cea19527f363bed04c120f0f63466bb53576;encrypted_payload_modeled_from_calibrated_aes_gcm;parallel_send_shared_requester_uplink
lan_rpd_100_2_002,LAN,RPD,100,2,2,ALL,2,0.0,10.713616,,1715.12921,1715.12921,1715.12921,200.000032,0.0,,0,0.0,1,fresh_cid=bafy0e364cc85a9bafe9dbc559bdc0a5afdc0af476c595e0ecb8;encrypted_payload_modeled_from_calibrated_aes_gcm;parallel_send_shared_requester_uplink
lan_rpd_100_2_003,LAN,RPD,100,2,2,ALL,3,0.0,10.540093,,1716.830276,1716.830276,1716.830276,200.000032,0.0,,0,0.0,1,fresh_cid=bafy598dd1d896dd2e59a07bb6f763bd36f9394b4c79494ff065;encrypted_payload_modeled_from_calibrated_aes_gcm;parallel_send_shared_requester_uplink
lan_rpd_100_2_004,LAN,RPD,100,2,2,ALL,4,0.0,10.319488,,1713.69742,1713.69742,1713.69742,200.000032,0.0,,0,0.0,1,fresh_cid=bafyf42636234ed949ddf0fbae263f0ea2e4dbb60d1844624343;encrypted_payload_modeled_from_calibrated_aes_gcm;parallel_send_shared_requester_uplink
lan_rpd_100_2_005,LAN,RPD,100,2,2,ALL,5,0.0,10.531369,,1713.909301,1713.909301,1713.909301,200.000032,0.0,,0,0.0,1,fresh_cid=bafy31021abb2d1e056f37c5ed33d9a0c12e543890ab556be776;encrypted_payload_modeled_from_calibrated_aes_gcm;parallel_send_shared_requester_uplink
lan_rpd_100_2_006,LAN,RPD,100,2,2,ALL,6,0.0,10.312547,,1713.690479,1713.690479,1713.690479,200.000032,0.0,,0,0.0,1,fresh_cid=bafy1c5d39c5f9ffb27f217151c13ee099d7a9a817a9dfc30490;encrypted_payload_modeled_from_calibrated_aes_gcm;parallel_send_shared_requester_uplink
lan_rpd_100_2_007,LAN,RPD,100,2,2,ALL,7,0.0,10.518143,,1716.710568,1716.710568,1716.710568,200.000032,0.0,,0,0.0,1,fresh_cid=bafy1011e5e4cc6f8050e59bee39c15c15e5e629fe4f1a5e642e;encrypted_payload_modeled_from_calibrated_aes_gcm;parallel_send_shared_requester_uplink
lan_rpd_100_2_008,LAN,RPD,100,2,2,ALL,8,0.0,10.397205,,1714.235383,1714.235383,1714.235383,200.000032,0.0,,0,0.0,1,fresh_cid=bafy4856637f381ae4da0971510a46c78c831d448bcaf64c3dfa;encrypted_payload_modeled_from_calibrated_aes_gcm;parallel_send_shared_requester_uplink
lan_rpd_100_2_009,LAN,RPD,100,2,2,ALL,9,0.0,10.562692,,1715.406227,1715.406227,1715.406227,200.000032,0.0,,0,0.0,1,fresh_cid=bafyc3a4eb81f48c1096f8a45ac2c1f4fd827af107ee8f45b62c;encrypted_payload_modeled_from_calibrated_aes_gcm;parallel_send_shared_requester_uplink
lan_rpd_100_2_010,LAN,RPD,100,2,2,ALL,10,0.0,10.401346,,1716.113506,1716.113506,1716.113506,200.000032,0.0,,0,0.0,1,fresh_cid=bafya8c15160aacfd692d1ef1b719e80e7215af1d9bb2ed8e4a8;encrypted_payload_modeled_from_calibrated_aes_gcm;parallel_send_shared_requester_uplink
lan_rpd_100_2_011,LAN,RPD,100,2,2,ALL,11,0.0,10.515411,,1714.680711,1714.680711,1714.680711,200.000032,0.0,,0,0.0,1,fresh_cid=bafy778681095b19bf6ed2cab39dd644f8768a1f4d26395d69c5;encrypted_payload_modeled_from_calibrated_aes_gcm;parallel_send_shared_requester_uplink
lan_rpd_100_2_012,LAN,RPD,100,2,2,ALL,12,0.0,10.455619,,1714.340042,1714.340042,1714.340042,200.000032,0.0,,0,0.0,1,fresh_cid=bafy44f36bfa7e6a71104eb8bbd26c0082d038e1c5438dc9e2e7;encrypted_payload_modeled_from_calibrated_aes_gcm;parallel_send_shared_requester_uplink
lan_rpd_100_2_013,LAN,RPD,100,2,2,ALL,13,0.0,10.72775,,1714.251775,1714.251775,1714.251775,200.000032,0.0,,0,0.0,1,fresh_cid=bafyaab5050f39f485cdc5b9ad0580f4933fd0aaf466a7aaea4a;encrypted_payload_modeled_from_calibrated_aes_gcm;parallel_send_shared_requester_uplink
lan_rpd_100_2_014,LAN,RPD,100,2,2,ALL,14,0.0,10.77858,,1715.825508,1715.825508,1715.825508,200.000032,0.0,,0,0.0,1,fresh_cid=bafy6274ed3a6f7cd2cce4cd3410d2f75a7281cfcd3223ce8207;encrypted_payload_modeled_from_calibrated_aes_gcm;parallel_send_shared_requester_uplink
lan_rpd_100_2_015,LAN,RPD,100,2,2,ALL,15,0.0,10.505777,,1715.319754,1715.319754,1715.319754,200.000032,0.0,,0,0.0,1,fresh_cid=bafy11906e818b1564782306abdbf573abad45f6d7643d11e382;encrypted_payload_modeled_from_calibrated_aes_gcm;parallel_send_shared_requester_uplink
lan_rpd_100_2_016,LAN,RPD,100,2,2,ALL,16,0.0,10.240776,,1715.818491,1715.818491,1715.818491,200.000032,0.0,,0,0.0,1,fresh_cid=bafyac9f9a95f6503e4cf27966ae69751e7da864f4d44f892ceb;encrypted_payload_modeled_from_calibrated_aes_gcm;parallel_send_shared_requester_uplink
lan_rpd_100_2_017,LAN,RPD,100,2,2,ALL,17,0.0,10.426728,,1713.80466,1713.80466,1713.80466,200.000032,0.0,,0,0.0,1,fresh_cid=bafyb847fa2dac8427809d195bc2b5885daa743a78f5bec2e647;encrypted_payload_modeled_from_calibrated_aes_gcm;parallel_send_shared_requester_uplink
lan_rpd_100_2_018,LAN,RPD,100,2,2,ALL,18,0.0,10.45347,,1715.27327,1715.27327,1715.27327,200.000032,0.0,,0,0.0,1,fresh_cid=bafy48d5a8b556e6d54a1ea94d453c203b0b37b32c7cda43a126;encrypted_payload_modeled_from_calibrated_aes_gcm;parallel_send_shared_requester_uplink
lan_rpd_100_2_019,LAN,RPD,100,2,2,ALL,19,0.0,10.196898,,1713.57483,1713.57483,1713.57483,200.000032,0.0,,0,0.0,1,fresh_cid=bafy80c0ce209fcd81030761c651e4329ead245ed80e9959e0f9;encrypted_payload_modeled_from_calibrated_aes_gcm;parallel_send_shared_requester_uplink
lan_rpd_100_2_020,LAN,RPD,100,2,2,ALL,20,0.0,10.492428,,1718.112957,1718.112957,1718.112957,200.000032,0.0,,0,0.0,1,fresh_cid=bafyc5ed4ea7e6f8215849d0080408657364cc36e7d8fc47fccb;encrypted_payload_modeled_from_calibrated_aes_gcm;parallel_send_shared_requester_uplink
lan_rpd_100_2_021,LAN,RPD,100,2,2,ALL,21,0.0,10.520429,,1714.324407,1714.324407,1714.324407,200.000032,0.0,,0,0.0,1,fresh_cid=bafy4efeaefa9c297463875e31f877038a97523b6d8f78b12aa5;encrypted_payload_modeled_from_calibrated_aes_gcm;parallel_send_shared_requester_uplink
lan_rpd_100_2_022,LAN,RPD,100,2,2,ALL,22,0.0,10.516708,,1714.893658,1714.893658,1714.893658,200.000032,0.0,,0,0.0,1,fresh_cid=bafyde2a721d17d3dbb73735da0c6794ef5ec4e5c7d735f75282;encrypted_payload_modeled_from_calibrated_aes_gcm;parallel_send_shared_requester_uplink
lan_rpd_100_2_023,LAN,RPD,100,2,2,ALL,23,0.0,10.433329,,1716.103111,1716.103111,1716.103111,200.000032,0.0,,0,0.0,1,fresh_cid=bafy00f2409d0b6b6fc90b4c66080638bfac01e9594869e217d6;encrypted_payload_modeled_from_calibrated_aes_gcm;parallel_send_shared_requester_uplink
lan_rpd_100_2_024,LAN,RPD,100,2,2,ALL,24,0.0,10.355902,,1714.21215,1714.21215,1714.21215,200.000032,0.0,,0,0.0,1,fresh_cid=bafyf0549407771287fc31a4ad5be921ae292ea5e8520748fcc0;encrypted_payload_modeled_from_calibrated_aes_gcm;parallel_send_shared_requester_uplink
lan_rpd_100_2_025,LAN,RPD,100,2,2,ALL,25,0.0,10.654359,,1716.460065,1716.460065,1716.460065,200.000032,0.0,,0,0.0,1,fresh_cid=bafyb8d9d23a185b13d709543bf69906ba6181e03522f707719b;encrypted_payload_modeled_from_calibrated_aes_gcm;parallel_send_shared_requester_uplink
lan_rpd_100_2_026,LAN,RPD,100,2,2,ALL,26,0.0,10.350394,,1717.453341,1717.453341,1717.453341,200.000032,0.0,,0,0.0,1,fresh_cid=bafyfbc892c2e1c7498b999231a046205fb5fbcbb660bebc6f2e;encrypted_payload_modeled_from_calibrated_aes_gcm;parallel_send_shared_requester_uplink
lan_rpd_100_2_027,LAN,RPD,100,2,2,ALL,27,0.0,10.208856,,1714.490779,1714.490779,1714.490779,200.000032,0.0,,0,0.0,1,fresh_cid=bafy03bc6d6f6f81ae9ac5e35bcbd72d5d20c4b1b6366df6f62d;encrypted_payload_modeled_from_calibrated_aes_gcm;parallel_send_shared_requester_uplink
lan_rpd_100_2_028,LAN,RPD,100,2,2,ALL,28,0.0,10.535155,,1714.274384,1714.274384,1714.274384,200.000032,0.0,,0,0.0,1,fresh_cid=bafy6063b3ad1ceeeef2ff250856112e41607f06a1f7d831c140;encrypted_payload_modeled_from_calibrated_aes_gcm;parallel_send_shared_requester_uplink
lan_rpd_100_2_029,LAN,RPD,100,2,2,ALL,29,0.0,10.416133,,1715.476857,1715.476857,1715.476857,200.000032,0.0,,0,0.0,1,fresh_cid=bafya99ffc7f5b36214a8624f725d7bd5d9ce23df3a556446284;encrypted_payload_modeled_from_calibrated_aes_gcm;parallel_send_shared_requester_uplink
lan_rpd_100_2_030,LAN,RPD,100,2,2,ALL,30,0.0,10.543603,,1714.26092,1714.26092,1714.26092,200.000032,0.0,,0,0.0,1,fresh_cid=bafyfc5b0db2b9b9d2e355e0c8ab97e9d15c3c101e2a990feb50;encrypted_payload_modeled_from_calibrated_aes_gcm;parallel_send_shared_requester_uplink
lan_rpd_100_4_001,LAN,RPD,100,4,4,ALL,1,0.0,10.457548,,3416.451887,3416.451887,3416.451887,400.000064,0.0,,0,0.0,1,fresh_cid=bafyf19df5fae6acc28621b067a497689eba3aaf520fe00bc276;encrypted_payload_modeled_from_calibrated_aes_gcm;parallel_send_shared_requester_uplink
lan_rpd_100_4_002,LAN,RPD,100,4,4,ALL,2,0.0,10.356681,,3415.862545,3415.862545,3415.862545,400.000064,0.0,,0,0.0,1,fresh_cid=bafy7017754682afd370f424599398820bc2118fd56be072a2c5;encrypted_payload_modeled_from_calibrated_aes_gcm;parallel_send_shared_requester_uplink
lan_rpd_100_4_003,LAN,RPD,100,4,4,ALL,3,0.0,10.452419,,3416.864381,3416.864381,3416.864381,400.000064,0.0,,0,0.0,1,fresh_cid=bafy3cda089b9ec72772636736da129f4c14c50efcae5a96dcf3;encrypted_payload_modeled_from_calibrated_aes_gcm;parallel_send_shared_requester_uplink
lan_rpd_100_4_004,LAN,RPD,100,4,4,ALL,4,0.0,10.462126,,3418.079815,3418.079815,3418.079815,400.000064,0.0,,0,0.0,1,fresh_cid=bafy60bf3bf8fa829b0e0ecc14991c041b6c57c715f4c2f2c230;encrypted_payload_modeled_from_calibrated_aes_gcm;parallel_send_shared_requester_uplink
lan_rpd_100_4_005,LAN,RPD,100,4,4,ALL,5,0.0,10.37303,,3417.52253,3417.52253,3417.52253,400.000064,0.0,,0,0.0,1,fresh_cid=bafy5c8f983eea7f8405d7915708c2455892177bb92a6c89eb8e;encrypted_payload_modeled_from_calibrated_aes_gcm;parallel_send_shared_requester_uplink
lan_rpd_100_4_006,LAN,RPD,100,4,4,ALL,6,0.0,10.452356,,3416.493149,3416.493149,3416.493149,400.000064,0.0,,0,0.0,1,fresh_cid=bafybb134c60ef86dc26acd789dd4e4e7d365ddf4427569bc1af;encrypted_payload_modeled_from_calibrated_aes_gcm;parallel_send_shared_requester_uplink
lan_rpd_100_4_007,LAN,RPD,100,4,4,ALL,7,0.0,10.470167,,3418.128201,3418.128201,3418.128201,400.000064,0.0,,0,0.0,1,fresh_cid=bafyeb241c41e9eb222dc836baf03acd75b66648b7cbc82ab620;encrypted_payload_modeled_from_calibrated_aes_gcm;parallel_send_shared_requester_uplink
lan_rpd_100_4_008,LAN,RPD,100,4,4,ALL,8,0.0,10.424879,,3417.881843,3417.881843,3417.881843,400.000064,0.0,,0,0.0,1,fresh_cid=bafy14401a0f6a05b58aa7eb03390be819febe17f87cf518db47;encrypted_payload_modeled_from_calibrated_aes_gcm;parallel_send_shared_requester_uplink
lan_rpd_100_4_009,LAN,RPD,100,4,4,ALL,9,0.0,10.534981,,3416.040845,3416.040845,3416.040845,400.000064,0.0,,0,0.0,1,fresh_cid=bafyfc77ff3b46a810f35e8cf66537730d75b1974cde82c8ada4;encrypted_payload_modeled_from_calibrated_aes_gcm;parallel_send_shared_requester_uplink
lan_rpd_100_4_010,LAN,RPD,100,4,4,ALL,10,0.0,10.465338,,3415.971202,3415.971202,3415.971202,400.000064,0.0,,0,0.0,1,fresh_cid=bafyf69ea2cd0085f9dbb1bf454b552fe4ff1aa1e422d0317853;encrypted_payload_modeled_from_calibrated_aes_gcm;parallel_send_shared_requester_uplink
lan_rpd_100_4_011,LAN,RPD,100,4,4,ALL,11,0.0,10.553082,,3419.549107,3419.549107,3419.549107,400.000064,0.0,,0,0.0,1,fresh_cid=bafy7492262e23a3c0ab7f22dffc2a36ed9e211cbf426157ac5e;encrypted_payload_modeled_from_calibrated_aes_gcm;parallel_send_shared_requester_uplink
lan_rpd_100_4_012,LAN,RPD,100,4,4,ALL,12,0.0,10.574115,,3416.079979,3416.079979,3416.079979,400.000064,0.0,,0,0.0,1,fresh_cid=bafyad4a652e904c97580d252b830f3806b6e4d6e7e0147112d2;encrypted_payload_modeled_from_calibrated_aes_gcm;parallel_send_shared_requester_uplink
lan_rpd_100_4_013,LAN,RPD,100,4,4,ALL,13,0.0,10.523181,,3416.383702,3416.383702,3416.383702,400.000064,0.0,,0,0.0,1,fresh_cid=bafy20d73d1e8a4f30d87d9efe04f362f5a63e1b78c3f0a12670;encrypted_payload_modeled_from_calibrated_aes_gcm;parallel_send_shared_requester_uplink
lan_rpd_100_4_014,LAN,RPD,100,4,4,ALL,14,0.0,10.79829,,3416.304153,3416.304153,3416.304153,400.000064,0.0,,0,0.0,1,fresh_cid=bafyff990db54ac56a6c9726cc6b62259196e64b287b585c6071;encrypted_payload_modeled_from_calibrated_aes_gcm;parallel_send_shared_requester_uplink
lan_rpd_100_4_015,LAN,RPD,100,4,4,ALL,15,0.0,10.593531,,3416.099395,3416.099395,3416.099395,400.000064,0.0,,0,0.0,1,fresh_cid=bafy29659a3614844d0fc7ddd52266b0f83354adf6e5da2752b3;encrypted_payload_modeled_from_calibrated_aes_gcm;parallel_send_shared_requester_uplink
lan_rpd_100_4_016,LAN,RPD,100,4,4,ALL,16,0.0,10.337071,,3417.640668,3417.640668,3417.640668,400.000064,0.0,,0,0.0,1,fresh_cid=bafy6d8d44a62aaa3da2fe3c6c0ae622dc04d699ec02c39758dc;encrypted_payload_modeled_from_calibrated_aes_gcm;parallel_send_shared_requester_uplink
lan_rpd_100_4_017,LAN,RPD,100,4,4,ALL,17,0.0,10.450991,,3417.495898,3417.495898,3417.495898,400.000064,0.0,,0,0.0,1,fresh_cid=bafy71f247951798f4e9ea993826eafae0a4e24ca2c973e1bc11;encrypted_payload_modeled_from_calibrated_aes_gcm;parallel_send_shared_requester_uplink
lan_rpd_100_4_018,LAN,RPD,100,4,4,ALL,18,0.0,10.378866,,3418.181869,3418.181869,3418.181869,400.000064,0.0,,0,0.0,1,fresh_cid=bafyebf25225bae8822383c12dca6a5fa32289553c48101980b0;encrypted_payload_modeled_from_calibrated_aes_gcm;parallel_send_shared_requester_uplink
lan_rpd_100_4_019,LAN,RPD,100,4,4,ALL,19,0.0,10.574454,,3416.308633,3416.308633,3416.308633,400.000064,0.0,,0,0.0,1,fresh_cid=bafy9d98994012ecb21c1875a7bc86a0b03a7c2f75e86f7563d9;encrypted_payload_modeled_from_calibrated_aes_gcm;parallel_send_shared_requester_uplink
lan_rpd_100_4_020,LAN,RPD,100,4,4,ALL,20,0.0,10.792889,,3416.298753,3416.298753,3416.298753,400.000064,0.0,,0,0.0,1,fresh_cid=bafyc7b13baad2c16d0b775691d04e3c26f85d67a3eafdc96e67;encrypted_payload_modeled_from_calibrated_aes_gcm;parallel_send_shared_requester_uplink
lan_rpd_100_4_021,LAN,RPD,100,4,4,ALL,21,0.0,10.265702,,3415.771566,3415.771566,3415.771566,400.000064,0.0,,0,0.0,1,fresh_cid=bafy25a5416ff74dded9a560521d1ddb68f427bd71101ad369fb;encrypted_payload_modeled_from_calibrated_aes_gcm;parallel_send_shared_requester_uplink
lan_rpd_100_4_022,LAN,RPD,100,4,4,ALL,22,0.0,10.338569,,3416.750761,3416.750761,3416.750761,400.000064,0.0,,0,0.0,1,fresh_cid=bafybe498170418a17dbe9dc71940123f4ed1bd5528613b1623c;encrypted_payload_modeled_from_calibrated_aes_gcm;parallel_send_shared_requester_uplink
lan_rpd_100_4_023,LAN,RPD,100,4,4,ALL,23,0.0,10.475657,,3417.766154,3417.766154,3417.766154,400.000064,0.0,,0,0.0,1,fresh_cid=bafy9ae42b68a886b6d7f0b2d0d0e2e72b30d983cb0ba3c6b162;encrypted_payload_modeled_from_calibrated_aes_gcm;parallel_send_shared_requester_uplink
lan_rpd_100_4_024,LAN,RPD,100,4,4,ALL,24,0.0,10.550953,,3416.880039,3416.880039,3416.880039,400.000064,0.0,,0,0.0,1,fresh_cid=bafy9db4ac2e9eb9d636e2c0a3f892cd3f5881de9baef4084231;encrypted_payload_modeled_from_calibrated_aes_gcm;parallel_send_shared_requester_uplink
lan_rpd_100_4_025,LAN,RPD,100,4,4,ALL,25,0.0,10.57926,,3420.138118,3420.138118,3420.138118,400.000064,0.0,,0,0.0,1,fresh_cid=bafydfa5ce897f8d1f832877a38073628d5ffd934f88da63f1eb;encrypted_payload_modeled_from_calibrated_aes_gcm;parallel_send_shared_requester_uplink
lan_rpd_100_4_026,LAN,RPD,100,4,4,ALL,26,0.0,10.559867,,3420.607876,3420.607876,3420.607876,400.000064,0.0,,0,0.0,1,fresh_cid=bafy8de93b487db781c5934f6152cee6c88aac29f2d7869cf372;encrypted_payload_modeled_from_calibrated_aes_gcm;parallel_send_shared_requester_uplink
lan_rpd_100_4_027,LAN,RPD,100,4,4,ALL,27,0.0,10.531784,,3416.037648,3416.037648,3416.037648,400.000064,0.0,,0,0.0,1,fresh_cid=bafy5191e2a2873ba768d4b0b3331c91e2d83f16be42785e5041;encrypted_payload_modeled_from_calibrated_aes_gcm;parallel_send_shared_requester_uplink
lan_rpd_100_4_028,LAN,RPD,100,4,4,ALL,28,0.0,10.284342,,3416.003615,3416.003615,3416.003615,400.000064,0.0,,0,0.0,1,fresh_cid=bafy5941c1b3171cdd57548734427b8c31588dd729590fb671f3;encrypted_payload_modeled_from_calibrated_aes_gcm;parallel_send_shared_requester_uplink
lan_rpd_100_4_029,LAN,RPD,100,4,4,ALL,29,0.0,10.459144,,3416.297274,3416.297274,3416.297274,400.000064,0.0,,0,0.0,1,fresh_cid=bafy0897d41d8b4c89132c733293657d1a92814bea14d6335618;encrypted_payload_modeled_from_calibrated_aes_gcm;parallel_send_shared_requester_uplink
lan_rpd_100_4_030,LAN,RPD,100,4,4,ALL,30,0.0,10.770419,,3418.524806,3418.524806,3418.524806,400.000064,0.0,,0,0.0,1,fresh_cid=bafyebdc2e4e7e850aa3c63cbbd102a3479fd1b2b87d4ead2eb2;encrypted_payload_modeled_from_calibrated_aes_gcm;parallel_send_shared_requester_uplink
lan_rpd_100_8_001,LAN,RPD,100,8,8,ALL,1,0.0,10.391575,,6820.192564,6820.192564,6820.192564,800.000128,0.0,,0,0.0,1,fresh_cid=bafy1977beacc5ad384b712aafbae17f3bc0a862b24483eb48b0;encrypted_payload_modeled_from_calibrated_aes_gcm;parallel_send_shared_requester_uplink
lan_rpd_100_8_002,LAN,RPD,100,8,8,ALL,2,0.0,10.489809,,6822.513578,6822.513578,6822.513578,800.000128,0.0,,0,0.0,1,fresh_cid=bafy357a6f66db4a426112d2eabe676ed75f03d7be6a81b0f81e;encrypted_payload_modeled_from_calibrated_aes_gcm;parallel_send_shared_requester_uplink
lan_rpd_100_8_003,LAN,RPD,100,8,8,ALL,3,0.0,10.280175,,6820.041903,6820.041903,6820.041903,800.000128,0.0,,0,0.0,1,fresh_cid=bafyc52fdad780cbe72dc683d1a013d918fe3a45a22ed4b40af1;encrypted_payload_modeled_from_calibrated_aes_gcm;parallel_send_shared_requester_uplink
lan_rpd_100_8_004,LAN,RPD,100,8,8,ALL,4,0.0,10.589851,,6822.528835,6822.528835,6822.528835,800.000128,0.0,,0,0.0,1,fresh_cid=bafya0c0d2f20c2942f5f007bea56274879d3fe7c7fa11e7b5ed;encrypted_payload_modeled_from_calibrated_aes_gcm;parallel_send_shared_requester_uplink
lan_rpd_100_8_005,LAN,RPD,100,8,8,ALL,5,0.0,10.392905,,6822.87598,6822.87598,6822.87598,800.000128,0.0,,0,0.0,1,fresh_cid=bafyec50d8570e285811b00ba9f7ed3570e74043e9e3282768bc;encrypted_payload_modeled_from_calibrated_aes_gcm;parallel_send_shared_requester_uplink
lan_rpd_100_8_006,LAN,RPD,100,8,8,ALL,6,0.0,10.3933,,6820.155028,6820.155028,6820.155028,800.000128,0.0,,0,0.0,1,fresh_cid=bafy1b5f1bac3fcce8fe6ea973a54655d89afe26adc664597c97;encrypted_payload_modeled_from_calibrated_aes_gcm;parallel_send_shared_requester_uplink
lan_rpd_100_8_007,LAN,RPD,100,8,8,ALL,7,0.0,10.629769,,6822.463715,6822.463715,6822.463715,800.000128,0.0,,0,0.0,1,fresh_cid=bafy8e71ea53cc8ddea4b7d98e97be9d3c80df6c6198c8f1268b;encrypted_payload_modeled_from_calibrated_aes_gcm;parallel_send_shared_requester_uplink
lan_rpd_100_8_008,LAN,RPD,100,8,8,ALL,8,0.0,10.737347,,6822.775561,6822.775561,6822.775561,800.000128,0.0,,0,0.0,1,fresh_cid=bafy951d2c733578216d7f6817b1dc20c32437b38ae0936262d6;encrypted_payload_modeled_from_calibrated_aes_gcm;parallel_send_shared_requester_uplink
lan_rpd_100_8_009,LAN,RPD,100,8,8,ALL,9,0.0,10.125547,,6820.217554,6820.217554,6820.217554,800.000128,0.0,,0,0.0,1,fresh_cid=bafy4d4a049ebc9bbd01b391e3a36615c366947d8be98361432b;encrypted_payload_modeled_from_calibrated_aes_gcm;parallel_send_shared_requester_uplink
lan_rpd_100_8_010,LAN,RPD,100,8,8,ALL,10,0.0,10.550837,,6820.51023,6820.51023,6820.51023,800.000128,0.0,,0,0.0,1,fresh_cid=bafyd4da1350f82de079e2a348d31ff18168c5f339585074ad30;encrypted_payload_modeled_from_calibrated_aes_gcm;parallel_send_shared_requester_uplink
lan_rpd_100_8_011,LAN,RPD,100,8,8,ALL,11,0.0,10.469292,,6820.411776,6820.411776,6820.411776,800.000128,0.0,,0,0.0,1,fresh_cid=bafy9480dad5706692080113c242e826e27fe3449619aeb1bfc8;encrypted_payload_modeled_from_calibrated_aes_gcm;parallel_send_shared_requester_uplink
lan_rpd_100_8_012,LAN,RPD,100,8,8,ALL,12,0.0,10.541132,,6820.30286,6820.30286,6820.30286,800.000128,0.0,,0,0.0,1,fresh_cid=bafy56609f8dac7288335ed148b730c734f906cbf571e78d8edc;encrypted_payload_modeled_from_calibrated_aes_gcm;parallel_send_shared_requester_uplink
lan_rpd_100_8_013,LAN,RPD,100,8,8,ALL,13,0.0,10.297164,,6820.729023,6820.729023,6820.729023,800.000128,0.0,,0,0.0,1,fresh_cid=bafy5595237ee75c3d8993cc6758ae06652173555e190d1a5a21;encrypted_payload_modeled_from_calibrated_aes_gcm;parallel_send_shared_requester_uplink
lan_rpd_100_8_014,LAN,RPD,100,8,8,ALL,14,0.0,10.352044,,6820.113772,6820.113772,6820.113772,800.000128,0.0,,0,0.0,1,fresh_cid=bafyd67a50f729d29b954bb37dd4beb241683574d1665950f823;encrypted_payload_modeled_from_calibrated_aes_gcm;parallel_send_shared_requester_uplink
lan_rpd_100_8_015,LAN,RPD,100,8,8,ALL,15,0.0,10.331245,,6821.485874,6821.485874,6821.485874,800.000128,0.0,,0,0.0,1,fresh_cid=bafyc3c1847237bd1b39751927f3f3f86b08e337a74c22a03ff1;encrypted_payload_modeled_from_calibrated_aes_gcm;parallel_send_shared_requester_uplink
lan_rpd_100_8_016,LAN,RPD,100,8,8,ALL,16,0.0,10.362775,,6820.833386,6820.833386,6820.833386,800.000128,0.0,,0,0.0,1,fresh_cid=bafydf20b0cd0549bbf668569a11e8ddc453e1e03e131e1e44bf;encrypted_payload_modeled_from_calibrated_aes_gcm;parallel_send_shared_requester_uplink
lan_rpd_100_8_017,LAN,RPD,100,8,8,ALL,17,0.0,10.456351,,6822.50991,6822.50991,6822.50991,800.000128,0.0,,0,0.0,1,fresh_cid=bafy428f8cf5236236e05ab5cbc8c201f9e6df7c5b7adffa80bb;encrypted_payload_modeled_from_calibrated_aes_gcm;parallel_send_shared_requester_uplink
lan_rpd_100_8_018,LAN,RPD,100,8,8,ALL,18,0.0,10.312991,,6823.055908,6823.055908,6823.055908,800.000128,0.0,,0,0.0,1,fresh_cid=bafyfc753eb90541008ec0ab159f2d02965623c279a741c546ca;encrypted_payload_modeled_from_calibrated_aes_gcm;parallel_send_shared_requester_uplink
lan_rpd_100_8_019,LAN,RPD,100,8,8,ALL,19,0.0,10.350694,,6822.092404,6822.092404,6822.092404,800.000128,0.0,,0,0.0,1,fresh_cid=bafy109b07f3ab24686ca993854e7ac089d7f79ef9236d5b0206;encrypted_payload_modeled_from_calibrated_aes_gcm;parallel_send_shared_requester_uplink
lan_rpd_100_8_020,LAN,RPD,100,8,8,ALL,20,0.0,10.365853,,6820.855339,6820.855339,6820.855339,800.000128,0.0,,0,0.0,1,fresh_cid=bafy99925345b9ad45dbca05c68b2afd51cc630209f195981e0c;encrypted_payload_modeled_from_calibrated_aes_gcm;parallel_send_shared_requester_uplink
lan_rpd_100_8_021,LAN,RPD,100,8,8,ALL,21,0.0,10.460664,,6821.085807,6821.085807,6821.085807,800.000128,0.0,,0,0.0,1,fresh_cid=bafydd673ba206418527f92810fdb1bff3a661753bd9348d652b;encrypted_payload_modeled_from_calibrated_aes_gcm;parallel_send_shared_requester_uplink
lan_rpd_100_8_022,LAN,RPD,100,8,8,ALL,22,0.0,10.233903,,6819.99563,6819.99563,6819.99563,800.000128,0.0,,0,0.0,1,fresh_cid=bafy94ea315ac3f176165b235845f1a4d5fe29221642026b8503;encrypted_payload_modeled_from_calibrated_aes_gcm;parallel_send_shared_requester_uplink
lan_rpd_100_8_023,LAN,RPD,100,8,8,ALL,23,0.0,10.260871,,6820.022599,6820.022599,6820.022599,800.000128,0.0,,0,0.0,1,fresh_cid=bafy3f7690eab3c34a349d59e06a06f25a4b9f950886cea9aae2;encrypted_payload_modeled_from_calibrated_aes_gcm;parallel_send_shared_requester_uplink
lan_rpd_100_8_024,LAN,RPD,100,8,8,ALL,24,0.0,10.560214,,6820.321941,6820.321941,6820.321941,800.000128,0.0,,0,0.0,1,fresh_cid=bafy860f573ae660b21ac84b5d2605fc24e7e424a321acd3a4e7;encrypted_payload_modeled_from_calibrated_aes_gcm;parallel_send_shared_requester_uplink
lan_rpd_100_8_025,LAN,RPD,100,8,8,ALL,25,0.0,10.423823,,6820.185551,6820.185551,6820.185551,800.000128,0.0,,0,0.0,1,fresh_cid=bafy4cca42840513e342187784df5bf1930e0b8ca798db92375a;encrypted_payload_modeled_from_calibrated_aes_gcm;parallel_send_shared_requester_uplink
lan_rpd_100_8_026,LAN,RPD,100,8,8,ALL,26,0.0,10.470171,,6820.231898,6820.231898,6820.231898,800.000128,0.0,,0,0.0,1,fresh_cid=bafye8308bc6ecb030baafae6dac6c038bd3ea1120a2197172cc;encrypted_payload_modeled_from_calibrated_aes_gcm;parallel_send_shared_requester_uplink
lan_rpd_100_8_027,LAN,RPD,100,8,8,ALL,27,0.0,10.60552,,6820.367248,6820.367248,6820.367248,800.000128,0.0,,0,0.0,1,fresh_cid=bafy564c90a498318afa7e92a801206eceff5219fccf80e52c56;encrypted_payload_modeled_from_calibrated_aes_gcm;parallel_send_shared_requester_uplink
lan_rpd_100_8_028,LAN,RPD,100,8,8,ALL,28,0.0,10.487439,,6821.892672,6821.892672,6821.892672,800.000128,0.0,,0,0.0,1,fresh_cid=bafy9d5cfb34f44ad3a2d74a48e84451d964819413248dd9fe39;encrypted_payload_modeled_from_calibrated_aes_gcm;parallel_send_shared_requester_uplink
lan_rpd_100_8_029,LAN,RPD,100,8,8,ALL,29,0.0,10.354632,,6820.11636,6820.11636,6820.11636,800.000128,0.0,,0,0.0,1,fresh_cid=bafy2c0c471c09ab9f9ff0fa44decde4da5954e00b09d55cde23;encrypted_payload_modeled_from_calibrated_aes_gcm;parallel_send_shared_requester_uplink
lan_rpd_100_8_030,LAN,RPD,100,8,8,ALL,30,0.0,10.465939,,6820.227667,6820.227667,6820.227667,800.000128,0.0,,0,0.0,1,fresh_cid=bafy4dd7483cc70c092ffb12f31f424df12c510d381d06969335;encrypted_payload_modeled_from_calibrated_aes_gcm;parallel_send_shared_requester_uplink
lan_ppd_100_1_001,LAN,PPD,100,1,1,ALL,1,0.0,10.571074,863.615263,865.620183,1676.849208,1719.568045,100.000594,100.000016,853.947863,578,578,1,fresh_cid=bafyfe626c46935c1d81069018afc11439fcda9dbc8f8cefaee7;encrypted_payload_modeled_from_calibrated_aes_gcm;publish_once_then_parallel_provider_fetch
lan_ppd_100_1_002,LAN,PPD,100,1,1,ALL,2,0.0,10.592989,863.859384,865.864303,1671.476276,1719.198202,100.000594,100.000016,853.333899,578,578,1,fresh_cid=bafy92a51e241f875bd6f78dcd26d1a66ae379969e17488f4bb2;encrypted_payload_modeled_from_calibrated_aes_gcm;publish_once_then_parallel_provider_fetch
lan_ppd_100_1_003,LAN,PPD,100,1,1,ALL,3,0.0,10.434932,863.59829,865.603209,1667.362302,1718.838216,100.000594,100.000016,853.235007,578,578,1,fresh_cid=bafy0fde6d1c64e5f1f9fa26ca59f80e8cbc4a4f7c63bd6b57fd;encrypted_payload_modeled_from_calibrated_aes_gcm;publish_once_then_parallel_provider_fetch
lan_ppd_100_1_004,LAN,PPD,100,1,1,ALL,4,0.0,10.370486,863.653745,865.715662,1651.107732,1720.62283,100.000594,100.000016,854.907168,578,578,1,fresh_cid=bafycbb018d4be3abe3ff5fcb722e6a88435395e6b0e741a4c12;encrypted_payload_modeled_from_calibrated_aes_gcm;publish_once_then_parallel_provider_fetch
lan_ppd_100_1_005,LAN,PPD,100,1,1,ALL,5,0.0,10.613357,863.050388,865.31446,1668.466116,1721.093099,100.000594,100.000016,855.778639,578,578,1,fresh_cid=bafy63a1f885bf79ccb1e1812bcdfeaa0dbc2b2c165f729c1b03;encrypted_payload_modeled_from_calibrated_aes_gcm;publish_once_then_parallel_provider_fetch
lan_ppd_100_1_006,LAN,PPD,100,1,1,ALL,6,0.0,10.447996,864.011256,866.15343,1671.630932,1721.169255,100.000594,100.000016,855.015826,578,578,1,fresh_cid=bafy7c98c9ca3de96bb7234ca9108c0301c707ffc9e5ff884db5;encrypted_payload_modeled_from_calibrated_aes_gcm;publish_once_then_parallel_provider_fetch
lan_ppd_100_1_007,LAN,PPD,100,1,1,ALL,7,0.0,10.776715,863.785052,865.824857,1672.196488,1718.888823,100.000594,100.000016,853.063966,578,578,1,fresh_cid=bafyec259e53f9bbaef9db2ddba3d27a82ceb19ccde77bbc4921;encrypted_payload_modeled_from_calibrated_aes_gcm;publish_once_then_parallel_provider_fetch
lan_ppd_100_1_008,LAN,PPD,100,1,1,ALL,8,0.0,10.723848,863.037814,865.064601,1699.841641,1718.128567,100.000594,100.000016,853.063966,578,578,1,fresh_cid=bafyf7bac61d44d9e806bd6878593752910a4348d5f7b42ffc63;encrypted_payload_modeled_from_calibrated_aes_gcm;publish_once_then_parallel_provider_fetch
lan_ppd_100_1_009,LAN,PPD,100,1,1,ALL,9,0.0,10.487018,862.800984,864.898953,1686.302053,1717.962919,100.000594,100.000016,853.063966,578,578,1,fresh_cid=bafyc61ca02574603be6734965202221c8ab642b849c0f273139;encrypted_payload_modeled_from_calibrated_aes_gcm;publish_once_then_parallel_provider_fetch
lan_ppd_100_1_010,LAN,PPD,100,1,1,ALL,10,0.0,10.575727,864.237797,866.242716,1676.205709,1719.916796,100.000594,100.000016,853.674079,578,578,1,fresh_cid=bafy15ea40dd60e05b3410e1ce67b841b0efc363cf0d014a47c2;encrypted_payload_modeled_from_calibrated_aes_gcm;publish_once_then_parallel_provider_fetch
lan_ppd_100_1_011,LAN,PPD,100,1,1,ALL,11,0.0,10.763873,864.388186,866.393105,1693.512496,1719.457071,100.000594,100.000016,853.063966,578,578,1,fresh_cid=bafy3d4503857aeba935464c9ad36f387b4fb9b036090b1b64f6;encrypted_payload_modeled_from_calibrated_aes_gcm;publish_once_then_parallel_provider_fetch
lan_ppd_100_1_012,LAN,PPD,100,1,1,ALL,12,0.0,10.609574,862.92354,864.928459,1704.376557,1717.992425,100.000594,100.000016,853.063966,578,578,1,fresh_cid=bafy3e2c94f7381312a4ba2f74fcc5f944a133f5ba2170a3bdb6;encrypted_payload_modeled_from_calibrated_aes_gcm;publish_once_then_parallel_provider_fetch
lan_ppd_100_1_013,LAN,PPD,100,1,1,ALL,13,0.0,10.784693,866.664912,868.669831,1679.995882,1721.733797,100.000594,100.000016,853.063966,578,578,1,fresh_cid=bafy9788b94c45690c11475336a6c583840b0298ea07ed7a8148;encrypted_payload_modeled_from_calibrated_aes_gcm;publish_once_then_parallel_provider_fetch
lan_ppd_100_1_014,LAN,PPD,100,1,1,ALL,14,0.0,10.335694,862.64966,864.853472,1665.265377,1719.001878,100.000594,100.000016,854.148406,578,578,1,fresh_cid=bafy46c4b423c8c3d2f0dff34976d7b825c8a3a215a49d02d942;encrypted_payload_modeled_from_calibrated_aes_gcm;publish_once_then_parallel_provider_fetch
lan_ppd_100_1_015,LAN,PPD,100,1,1,ALL,15,0.0,10.209628,864.777676,866.782595,1668.873322,1719.863954,100.000594,100.000016,853.081359,578,578,1,fresh_cid=bafy4cf408269360af0d895803c70f417b652f2397ee03f8a3da;encrypted_payload_modeled_from_calibrated_aes_gcm;publish_once_then_parallel_provider_fetch
lan_ppd_100_1_016,LAN,PPD,100,1,1,ALL,16,0.0,10.299802,862.613768,864.746559,1675.255046,1719.465364,100.000594,100.000016,854.718804,578,578,1,fresh_cid=bafy3d03a10682d86c01ad76b5f835ef102f2b857d0a8d7ad47f;encrypted_payload_modeled_from_calibrated_aes_gcm;publish_once_then_parallel_provider_fetch
lan_ppd_100_1_017,LAN,PPD,100,1,1,ALL,17,0.0,10.350771,862.664737,864.795532,1691.453593,1718.720537,100.000594,100.000016,853.925005,578,578,1,fresh_cid=bafy9353ff750db63944124a99793153d326ccc458c34d57120f;encrypted_payload_modeled_from_calibrated_aes_gcm;publish_once_then_parallel_provider_fetch
lan_ppd_100_1_018,LAN,PPD,100,1,1,ALL,18,0.0,10.429241,863.02614,865.031059,1677.674785,1718.095025,100.000594,100.000016,853.063966,578,578,1,fresh_cid=bafy525acf57e56b2073e705a861b0e51a447b2c8bb643e580b9;encrypted_payload_modeled_from_calibrated_aes_gcm;publish_once_then_parallel_provider_fetch
lan_ppd_100_1_019,LAN,PPD,100,1,1,ALL,19,0.0,10.61531,863.255416,865.505373,1665.973178,1718.569339,100.000594,100.000016,853.063966,578,578,1,fresh_cid=bafy4395915f2e6ca3e6bae8c42ba0486f5a7699b0ce91cb54f7;encrypted_payload_modeled_from_calibrated_aes_gcm;publish_once_then_parallel_provider_fetch
lan_ppd_100_1_020,LAN,PPD,100,1,1,ALL,20,0.0,10.570136,862.884102,864.889021,1657.934656,1717.952987,100.000594,100.000016,853.063966,578,578,1,fresh_cid=bafyc2aaa0947f9729cdc75a585fafb824de672b8eac7caca8ab;encrypted_payload_modeled_from_calibrated_aes_gcm;publish_once_then_parallel_provider_fetch
lan_ppd_100_1_021,LAN,PPD,100,1,1,ALL,21,0.0,10.307596,862.621562,864.6304,1656.52443,1719.907982,100.000594,100.000016,855.277582,578,578,1,fresh_cid=bafy2873a66c4b351a159a17d1a0b24aa9e5be85fe18ea87729e;encrypted_payload_modeled_from_calibrated_aes_gcm;publish_once_then_parallel_provider_fetch
lan_ppd_100_1_022,LAN,PPD,100,1,1,ALL,22,0.0,10.236289,863.970072,865.974991,1676.488693,1719.038957,100.000594,100.000016,853.063966,578,578,1,fresh_cid=bafy9d77014d5df4c16dd3a2df32838e662367bc032b56c04207;encrypted_payload_modeled_from_calibrated_aes_gcm;publish_once_then_parallel_provider_fetch
lan_ppd_100_1_023,LAN,PPD,100,1,1,ALL,23,0.0,10.252189,864.83751,866.842429,1697.9336,1721.771533,100.000594,100.000016,854.929104,578,578,1,fresh_cid=bafyec4610bd75cc065ea64d1c4d8a5e61cf10549fe2c6b669e3;encrypted_payload_modeled_from_calibrated_aes_gcm;publish_once_then_parallel_provider_fetch
lan_ppd_100_1_024,LAN,PPD,100,1,1,ALL,24,0.0,10.822416,864.794707,866.941004,1670.514833,1720.214248,100.000594,100.000016,853.273245,578,578,1,fresh_cid=bafy6a59db8fb992313a500ba44cc059506499e3383d5d3c5c1b;encrypted_payload_modeled_from_calibrated_aes_gcm;publish_once_then_parallel_provider_fetch
lan_ppd_100_1_025,LAN,PPD,100,1,1,ALL,25,0.0,10.316553,862.923698,864.936504,1701.303858,1718.018926,100.000594,100.000016,853.082422,578,578,1,fresh_cid=bafy88921222fd91af64dd390951126afd56d8df25d3aba301f1;encrypted_payload_modeled_from_calibrated_aes_gcm;publish_once_then_parallel_provider_fetch
lan_ppd_100_1_026,LAN,PPD,100,1,1,ALL,26,0.0,10.36089,863.512161,865.51708,1679.028904,1718.581046,100.000594,100.000016,853.063966,578,578,1,fresh_cid=bafye6518a1ac901ab2edc7562fef0066da21eb8962d27f0ed08;encrypted_payload_modeled_from_calibrated_aes_gcm;publish_once_then_parallel_provider_fetch
lan_ppd_100_1_027,LAN,PPD,100,1,1,ALL,27,0.0,10.541739,864.611215,866.616135,1684.319699,1719.680101,100.000594,100.000016,853.063966,578,578,1,fresh_cid=bafy7f31a39fbe92d49452f2e4c9e8a2bbeb156dac6dfe7d02eb;encrypted_payload_modeled_from_calibrated_aes_gcm;publish_once_then_parallel_provider_fetch
lan_ppd_100_1_028,LAN,PPD,100,1,1,ALL,28,0.0,10.396266,866.711919,868.716838,1687.249287,1721.780804,100.000594,100.000016,853.063966,578,578,1,fresh_cid=bafyb5532b6eea51b392c668839e7a07c829dfc77d274d33b571;encrypted_payload_modeled_from_calibrated_aes_gcm;publish_once_then_parallel_provider_fetch
lan_ppd_100_1_029,LAN,PPD,100,1,1,ALL,29,0.0,10.599054,864.478636,866.483555,1656.684439,1719.547521,100.000594,100.000016,853.063966,578,578,1,fresh_cid=bafy6d601ce506cef3be84be2c8b6908e3eedc792e9421447751;encrypted_payload_modeled_from_calibrated_aes_gcm;publish_once_then_parallel_provider_fetch
lan_ppd_100_1_030,LAN,PPD,100,1,1,ALL,30,0.0,10.446889,863.851906,865.858341,1675.900308,1718.922307,100.000594,100.000016,853.063966,578,578,1,fresh_cid=bafye4bb51a9b6d2184be08c4b34ab7b77f9ef02c5bee369a969;encrypted_payload_modeled_from_calibrated_aes_gcm;publish_once_then_parallel_provider_fetch
lan_ppd_100_2_001,LAN,PPD,100,2,2,ALL,1,0.0,10.581849,865.41045,867.420288,1689.387251,1720.841613,100.001172,200.000032,853.421325,1156,578,1,fresh_cid=bafy3ffe3003cb0954effe7f6111fbfbc07b4cb9ec420fe98401;encrypted_payload_modeled_from_calibrated_aes_gcm;publish_once_then_parallel_provider_fetch
lan_ppd_100_2_002,LAN,PPD,100,2,2,ALL,2,0.0,10.638289,863.265503,865.275341,1692.696592,1718.339307,100.001172,200.000032,853.063966,1156,578,1,fresh_cid=bafyced72ed2129e42c4f36ea27c840d66b8c63e13bf7cc23dd4;encrypted_payload_modeled_from_calibrated_aes_gcm;publish_once_then_parallel_provider_fetch
lan_ppd_100_2_003,LAN,PPD,100,2,2,ALL,3,0.0,10.362214,864.409432,866.41927,1682.485329,1719.483236,100.001172,200.000032,853.063966,1156,578,1,fresh_cid=bafy54bb27fe45e14137c73a3c962cef67b2d359ab1435948168;encrypted_payload_modeled_from_calibrated_aes_gcm;publish_once_then_parallel_provider_fetch
lan_ppd_100_2_004,LAN,PPD,100,2,2,ALL,4,0.0,10.366103,862.680069,865.080268,1675.8554,1718.662389,100.001172,200.000032,853.582121,1156,578,1,fresh_cid=bafyb3fdc5a749c3cdceabd1ccee3ba417c05bab076183a08da4;encrypted_payload_modeled_from_calibrated_aes_gcm;publish_once_then_parallel_provider_fetch
lan_ppd_100_2_005,LAN,PPD,100,2,2,ALL,5,0.0,10.553365,862.867331,864.877169,1661.744934,1720.515648,100.001172,200.000032,855.638478,1156,578,1,fresh_cid=bafy5127d75c300386e63e97aec87c38f8db27b6039a5f0fee56;encrypted_payload_modeled_from_calibrated_aes_gcm;publish_once_then_parallel_provider_fetch
lan_ppd_100_2_006,LAN,PPD,100,2,2,ALL,6,0.0,10.644099,862.958065,865.429393,1687.285875,1719.072714,100.001172,200.000032,853.643321,1156,578,1,fresh_cid=bafy5c32e3688a93d9a3ca8ad81b78fb18c8a6b9e4fa23038308;encrypted_payload_modeled_from_calibrated_aes_gcm;publish_once_then_parallel_provider_fetch
lan_ppd_100_2_007,LAN,PPD,100,2,2,ALL,7,0.0,10.15983,864.834773,866.844611,1664.014104,1719.908577,100.001172,200.000032,853.063966,1156,578,1,fresh_cid=bafy704e23c2f2ef931881a75894d8ea5ebcb73c8917d68d15fc;encrypted_payload_modeled_from_calibrated_aes_gcm;publish_once_then_parallel_provider_fetch
lan_ppd_100_2_008,LAN,PPD,100,2,2,ALL,8,0.0,10.540472,862.854438,864.962325,1695.590077,1718.026291,100.001172,200.000032,853.063966,1156,578,1,fresh_cid=bafyf003a781067760f75d9110cf84967be86d0fa0582b499b58;encrypted_payload_modeled_from_calibrated_aes_gcm;publish_once_then_parallel_provider_fetch
lan_ppd_100_2_009,LAN,PPD,100,2,2,ALL,9,0.0,10.250491,863.543637,865.818975,1669.808512,1719.403167,100.001172,200.000032,853.584192,1156,578,1,fresh_cid=bafy00dfd6870e92a64f88298a6ddee155b0bf8f2ba523ecd947;encrypted_payload_modeled_from_calibrated_aes_gcm;publish_once_then_parallel_provider_fetch
lan_ppd_100_2_010,LAN,PPD,100,2,2,ALL,10,0.0,10.705441,865.413445,867.496227,1689.177096,1721.639737,100.001172,200.000032,854.14351,1156,578,1,fresh_cid=bafy8e2b9870cc978895ecbb6f370688a738e75827de4ed97da3;encrypted_payload_modeled_from_calibrated_aes_gcm;publish_once_then_parallel_provider_fetch
lan_ppd_100_2_011,LAN,PPD,100,2,2,ALL,11,0.0,10.334688,863.277867,865.287706,1674.067906,1719.28241,100.001172,200.000032,853.994705,1156,578,1,fresh_cid=bafy5cb9dfb85adab5f4373d4808c75ae36a746d2677be0b1365;encrypted_payload_modeled_from_calibrated_aes_gcm;publish_once_then_parallel_provider_fetch
lan_ppd_100_2_012,LAN,PPD,100,2,2,ALL,12,0.0,10.56619,863.164542,865.17438,1661.077142,1718.238346,100.001172,200.000032,853.063966,1156,578,1,fresh_cid=bafyf1b7ee98b57d9e95f6321de2f04f737c9fc5b0a08c2aadb1;encrypted_payload_modeled_from_calibrated_aes_gcm;publish_once_then_parallel_provider_fetch
lan_ppd_100_2_013,LAN,PPD,100,2,2,ALL,13,0.0,10.291673,865.205235,867.229364,1671.597932,1720.992666,100.001172,200.000032,853.763303,1156,578,1,fresh_cid=bafy17eb26c9af07d84d2f6566dbdb8231da637c83133019f291;encrypted_payload_modeled_from_calibrated_aes_gcm;publish_once_then_parallel_provider_fetch
lan_ppd_100_2_014,LAN,PPD,100,2,2,ALL,14,0.0,10.406946,864.85414,867.108568,1695.301912,1721.707382,100.001172,200.000032,854.598814,1156,578,1,fresh_cid=bafy356ba6563b876400ec14ffbe422c36ee68e6a6138ae429eb;encrypted_payload_modeled_from_calibrated_aes_gcm;publish_once_then_parallel_provider_fetch
lan_ppd_100_2_015,LAN,PPD,100,2,2,ALL,15,0.0,10.577235,862.891201,865.129031,1654.657248,1718.192997,100.001172,200.000032,853.063966,1156,578,1,fresh_cid=bafy392a54b6f2eb70db690fe9596ba222134601bcf1fcdedbf9;encrypted_payload_modeled_from_calibrated_aes_gcm;publish_once_then_parallel_provider_fetch
lan_ppd_100_2_016,LAN,PPD,100,2,2,ALL,16,0.0,10.567802,863.00067,865.214834,1675.777975,1719.796452,100.001172,200.000032,854.581618,1156,578,1,fresh_cid=bafy64b612488ad522e00c1a2a2bf192f4df6899108d7b08284f;encrypted_payload_modeled_from_calibrated_aes_gcm;publish_once_then_parallel_provider_fetch
lan_ppd_100_2_017,LAN,PPD,100,2,2,ALL,17,0.0,10.441771,862.755737,864.765576,1692.68186,1717.829542,100.001172,200.000032,853.063966,1156,578,1,fresh_cid=bafy73789371fd09a925bdec949953016b57bf71116e3e8b29be;encrypted_payload_modeled_from_calibrated_aes_gcm;publish_once_then_parallel_provider_fetch
lan_ppd_100_2_018,LAN,PPD,100,2,2,ALL,18,0.0,10.549205,863.88169,865.891528,1662.606832,1720.15942,100.001172,200.000032,854.267891,1156,578,1,fresh_cid=bafy140dad7dce05428efc9bb89e66202821638ed4bfb911d6ba;encrypted_payload_modeled_from_calibrated_aes_gcm;publish_once_then_parallel_provider_fetch
lan_ppd_100_2_019,LAN,PPD,100,2,2,ALL,19,0.0,10.416059,862.730025,864.739863,1669.87232,1717.803829,100.001172,200.000032,853.063966,1156,578,1,fresh_cid=bafy8b46c15cecc3ef7c4abec127b17e651a0c0fca66e790e030;encrypted_payload_modeled_from_calibrated_aes_gcm;publish_once_then_parallel_provider_fetch
lan_ppd_100_2_020,LAN,PPD,100,2,2,ALL,20,0.0,10.824496,863.26426,865.274098,1694.178801,1720.75625,100.001172,200.000032,855.482152,1156,578,1,fresh_cid=bafyc2acaad42dec690acf94e126b13e3e40468acbd7d5c13180;encrypted_payload_modeled_from_calibrated_aes_gcm;publish_once_then_parallel_provider_fetch
lan_ppd_100_2_021,LAN,PPD,100,2,2,ALL,21,0.0,10.229781,865.67831,867.866977,1674.666788,1720.930943,100.001172,200.000032,853.063966,1156,578,1,fresh_cid=bafy898b667061305e228de3e899c850b243fea10784538acc3c;encrypted_payload_modeled_from_calibrated_aes_gcm;publish_once_then_parallel_provider_fetch
lan_ppd_100_2_022,LAN,PPD,100,2,2,ALL,22,0.0,10.669402,863.588077,865.68352,1667.14345,1718.820944,100.001172,200.000032,853.137424,1156,578,1,fresh_cid=bafy85af049e37fba1a232d9b4fddf8e55b2b4bee31ec3361335;encrypted_payload_modeled_from_calibrated_aes_gcm;publish_once_then_parallel_provider_fetch
lan_ppd_100_2_023,LAN,PPD,100,2,2,ALL,23,0.0,10.485715,864.690501,866.700339,1689.775421,1719.764305,100.001172,200.000032,853.063966,1156,578,1,fresh_cid=bafy13d3725a01b18c3883f2e283bc45fcb04a042689e541c9c0;encrypted_payload_modeled_from_calibrated_aes_gcm;publish_once_then_parallel_provider_fetch
lan_ppd_100_2_024,LAN,PPD,100,2,2,ALL,24,0.0,10.306377,863.103113,865.112951,1680.091939,1719.263922,100.001172,200.000032,854.150971,1156,578,1,fresh_cid=bafyf0f4fe6aa3ab53f41d9f1ff0396396bea15d1e052919c157;encrypted_payload_modeled_from_calibrated_aes_gcm;publish_once_then_parallel_provider_fetch
lan_ppd_100_2_025,LAN,PPD,100,2,2,ALL,25,0.0,10.572347,863.215186,865.225024,1679.11203,1720.823982,100.001172,200.000032,855.598957,1156,578,1,fresh_cid=bafya1fd6d3e3d579eb3ea503c47bb5c03a28311e346681f736a;encrypted_payload_modeled_from_calibrated_aes_gcm;publish_once_then_parallel_provider_fetch
lan_ppd_100_2_026,LAN,PPD,100,2,2,ALL,26,0.0,10.342499,864.186801,866.196639,1685.239563,1720.045812,100.001172,200.000032,853.849173,1156,578,1,fresh_cid=bafya7e09b5e8c22a7b94b435d6fdc11355f3ac1b7c99455b8e7;encrypted_payload_modeled_from_calibrated_aes_gcm;publish_once_then_parallel_provider_fetch
lan_ppd_100_2_027,LAN,PPD,100,2,2,ALL,27,0.0,10.553129,864.778142,866.795268,1664.778542,1721.153815,100.001172,200.000032,854.358546,1156,578,1,fresh_cid=bafycf581c8b2283b7f1b6d18e6ee05cee55c9ff7042d1e84d95;encrypted_payload_modeled_from_calibrated_aes_gcm;publish_once_then_parallel_provider_fetch
lan_ppd_100_2_028,LAN,PPD,100,2,2,ALL,28,0.0,10.439201,864.952055,866.961893,1661.413908,1720.025859,100.001172,200.000032,853.063966,1156,578,1,fresh_cid=bafy384b18250576286979861b183e4f90bcd3bd4852c8267e64;encrypted_payload_modeled_from_calibrated_aes_gcm;publish_once_then_parallel_provider_fetch
lan_ppd_100_2_029,LAN,PPD,100,2,2,ALL,29,0.0,10.549913,865.385343,867.395182,1688.05742,1720.459148,100.001172,200.000032,853.063966,1156,578,1,fresh_cid=bafy121b9c42159203fa75256e62a0f4685e8b3a74bd356274e9;encrypted_payload_modeled_from_calibrated_aes_gcm;publish_once_then_parallel_provider_fetch
lan_ppd_100_2_030,LAN,PPD,100,2,2,ALL,30,0.0,10.845965,865.719503,867.837866,1660.875533,1723.004579,100.001172,200.000032,855.166714,1156,578,1,fresh_cid=bafy480236c118654dcce3fe620b49d76473199ca499e95e93c4;encrypted_payload_modeled_from_calibrated_aes_gcm;publish_once_then_parallel_provider_fetch
lan_ppd_100_4_001,LAN,PPD,100,4,4,ALL,1,0.0,10.595262,863.605695,865.771027,1685.329316,1718.834993,100.002328,400.000064,853.063966,2312,578,1,fresh_cid=bafycaf9a2dce6750e7da1cf5ba96ba8cc63e916568cb2843133;encrypted_payload_modeled_from_calibrated_aes_gcm;publish_once_then_parallel_provider_fetch
lan_ppd_100_4_002,LAN,PPD,100,4,4,ALL,2,0.0,10.750373,864.160884,866.221806,1669.111566,1719.285772,100.002328,400.000064,853.063966,2312,578,1,fresh_cid=bafyfba07b138f756681284cba12f9d083fcdb95c83a03a0a7c9;encrypted_payload_modeled_from_calibrated_aes_gcm;publish_once_then_parallel_provider_fetch
lan_ppd_100_4_003,LAN,PPD,100,4,4,ALL,3,0.0,10.355382,862.669348,864.689025,1657.96092,1717.752991,100.002328,400.000064,853.063966,2312,578,1,fresh_cid=bafy44c8d6185a07225a8df80304a39f15a7cbda24e1e973b109;encrypted_payload_modeled_from_calibrated_aes_gcm;publish_once_then_parallel_provider_fetch
lan_ppd_100_4_004,LAN,PPD,100,4,4,ALL,4,0.0,10.170489,863.046177,865.15757,1691.943419,1718.221536,100.002328,400.000064,853.063966,2312,578,1,fresh_cid=bafy4fcd44e892152259dbb7d8bf980a2c34b39025f911d068de;encrypted_payload_modeled_from_calibrated_aes_gcm;publish_once_then_parallel_provider_fetch
lan_ppd_100_4_005,LAN,PPD,100,4,4,ALL,5,0.0,10.274914,862.883113,864.90279,1672.622714,1718.458733,100.002328,400.000064,853.555943,2312,578,1,fresh_cid=bafy6ee7b77a4cc311fff4dbf0a45d9caf9862860441582bc99f;encrypted_payload_modeled_from_calibrated_aes_gcm;publish_once_then_parallel_provider_fetch
lan_ppd_100_4_006,LAN,PPD,100,4,4,ALL,6,0.0,10.451306,862.765272,864.784948,1672.558096,1718.872482,100.002328,400.000064,854.087533,2312,578,1,fresh_cid=bafyfac75d1e8eacbe6cc5fd96c28a417a2c534728e7703226e3;encrypted_payload_modeled_from_calibrated_aes_gcm;publish_once_then_parallel_provider_fetch
lan_ppd_100_4_007,LAN,PPD,100,4,4,ALL,7,0.0,10.739563,865.689952,867.804958,1679.36756,1720.868924,100.002328,400.000064,853.063966,2312,578,1,fresh_cid=bafydc7afe1a2f6964b8dd2ab10bce1156275448f983171f9141;encrypted_payload_modeled_from_calibrated_aes_gcm;publish_once_then_parallel_provider_fetch
lan_ppd_100_4_008,LAN,PPD,100,4,4,ALL,8,0.0,10.405594,863.204779,865.224456,1680.951086,1718.288422,100.002328,400.000064,853.063966,2312,578,1,fresh_cid=bafy92e44cb5ce493ff566b7bc57dd486c94c38f4337f5624587;encrypted_payload_modeled_from_calibrated_aes_gcm;publish_once_then_parallel_provider_fetch
lan_ppd_100_4_009,LAN,PPD,100,4,4,ALL,9,0.0,10.426711,862.740677,864.774401,1646.403835,1717.838367,100.002328,400.000064,853.063966,2312,578,1,fresh_cid=bafy560652ed6e6a0f39cb5de3174e9ef5aeb16bc7a2df0bc635;encrypted_payload_modeled_from_calibrated_aes_gcm;publish_once_then_parallel_provider_fetch
lan_ppd_100_4_010,LAN,PPD,100,4,4,ALL,10,0.0,10.339698,862.933452,864.953128,1669.089739,1718.724964,100.002328,400.000064,853.771836,2312,578,1,fresh_cid=bafy261c197c9fbda4cf85b994824754217e0781c20bd17506fa;encrypted_payload_modeled_from_calibrated_aes_gcm;publish_once_then_parallel_provider_fetch
lan_ppd_100_4_011,LAN,PPD,100,4,4,ALL,11,0.0,10.230082,864.570478,866.590155,1674.884575,1719.654121,100.002328,400.000064,853.063966,2312,578,1,fresh_cid=bafy0e5edce91f5baa324ad8bad04ab7fec8ddac9479a35b3818;encrypted_payload_modeled_from_calibrated_aes_gcm;publish_once_then_parallel_provider_fetch
lan_ppd_100_4_012,LAN,PPD,100,4,4,ALL,12,0.0,10.580041,862.894007,864.913684,1659.627168,1718.13785,100.002328,400.000064,853.224166,2312,578,1,fresh_cid=bafyd8394f0b3178cd352e8c05acb0d189bd1716bbc084b5498c;encrypted_payload_modeled_from_calibrated_aes_gcm;publish_once_then_parallel_provider_fetch
lan_ppd_100_4_013,LAN,PPD,100,4,4,ALL,13,0.0,10.382164,865.083557,867.103233,1686.899289,1720.167199,100.002328,400.000064,853.063966,2312,578,1,fresh_cid=bafy5354f200e1eb1d4472bb1f757a8823242515dccb711913a1;encrypted_payload_modeled_from_calibrated_aes_gcm;publish_once_then_parallel_provider_fetch
lan_ppd_100_4_014,LAN,PPD,100,4,4,ALL,14,0.0,10.221566,864.716403,866.73608,1701.137447,1720.403496,100.002328,400.000064,853.667416,2312,578,1,fresh_cid=bafy8bc2cc7017e2ec7befb80c55a23ad55ac54dcba86e0e18ae;encrypted_payload_modeled_from_calibrated_aes_gcm;publish_once_then_parallel_provider_fetch
lan_ppd_100_4_015,LAN,PPD,100,4,4,ALL,15,0.0,10.707262,864.934401,866.954078,1667.129829,1721.990694,100.002328,400.000064,855.036616,2312,578,1,fresh_cid=bafybd49fa88b3c1278a6182e21e6a34b054bd638265f4da404a;encrypted_payload_modeled_from_calibrated_aes_gcm;publish_once_then_parallel_provider_fetch
lan_ppd_100_4_016,LAN,PPD,100,4,4,ALL,16,0.0,10.343606,864.668383,866.848728,1693.969204,1721.10521,100.002328,400.000064,854.256482,2312,578,1,fresh_cid=bafy04953982abe336a364987813a719f226b9dab60c2d5ac844;encrypted_payload_modeled_from_calibrated_aes_gcm;publish_once_then_parallel_provider_fetch
lan_ppd_100_4_017,LAN,PPD,100,4,4,ALL,17,0.0,10.483457,863.729678,865.749354,1669.640146,1718.81332,100.002328,400.000064,853.063966,2312,578,1,fresh_cid=bafy4c0c3e36da7c58a6b69d74421f8c90b68aa963c4e55ed894;encrypted_payload_modeled_from_calibrated_aes_gcm;publish_once_then_parallel_provider_fetch
lan_ppd_100_4_018,LAN,PPD,100,4,4,ALL,18,0.0,10.492882,863.286392,865.306069,1670.524068,1719.648169,100.002328,400.000064,854.3421,2312,578,1,fresh_cid=bafya68fe5482a9cd123c50994346fa1f0a4949732b30271fd94;encrypted_payload_modeled_from_calibrated_aes_gcm;publish_once_then_parallel_provider_fetch
lan_ppd_100_4_019,LAN,PPD,100,4,4,ALL,19,0.0,10.370092,863.894395,865.914071,1659.961296,1720.099499,100.002328,400.000064,854.185428,2312,578,1,fresh_cid=bafy338b06a43729438c8576e76dba38cc200b55266c38dd1d9d;encrypted_payload_modeled_from_calibrated_aes_gcm;publish_once_then_parallel_provider_fetch
lan_ppd_100_4_020,LAN,PPD,100,4,4,ALL,20,0.0,10.297733,862.611699,864.631376,1683.447445,1717.974704,100.002328,400.000064,853.343328,2312,578,1,fresh_cid=bafyce9c9150d0e49c02b3b583228ea212093f118c3ae2623a2a;encrypted_payload_modeled_from_calibrated_aes_gcm;publish_once_then_parallel_provider_fetch
lan_ppd_100_4_021,LAN,PPD,100,4,4,ALL,21,0.0,10.408717,865.115571,867.207558,1653.653069,1720.417375,100.002328,400.000064,853.209817,2312,578,1,fresh_cid=bafy2ca53b0e2f5ebaf2bb723482c2fcaee59bc9dac595f64889;encrypted_payload_modeled_from_calibrated_aes_gcm;publish_once_then_parallel_provider_fetch
lan_ppd_100_4_022,LAN,PPD,100,4,4,ALL,22,0.0,10.604867,863.271866,865.440455,1673.606063,1718.829021,100.002328,400.000064,853.388566,2312,578,1,fresh_cid=bafyab58ad37dba1e196b009c42ea5f3ba25744480b3b249c5f1;encrypted_payload_modeled_from_calibrated_aes_gcm;publish_once_then_parallel_provider_fetch
lan_ppd_100_4_023,LAN,PPD,100,4,4,ALL,23,0.0,10.599965,865.032447,867.052123,1673.776871,1720.116089,100.002328,400.000064,853.063966,2312,578,1,fresh_cid=bafy835e200240803641be4bc5b32349f41751ef3d49e3f21572;encrypted_payload_modeled_from_calibrated_aes_gcm;publish_once_then_parallel_provider_fetch
lan_ppd_100_4_024,LAN,PPD,100,4,4,ALL,24,0.0,10.460429,862.774395,865.058362,1672.113597,1719.854817,100.002328,400.000064,854.796455,2312,578,1,fresh_cid=bafya142402b74beac6ebd98798ea03d3e62827125c1c9c68b72;encrypted_payload_modeled_from_calibrated_aes_gcm;publish_once_then_parallel_provider_fetch
lan_ppd_100_4_025,LAN,PPD,100,4,4,ALL,25,0.0,10.666996,865.063472,867.099653,1679.670831,1720.163619,100.002328,400.000064,853.063966,2312,578,1,fresh_cid=bafy6668b65a84cfc3b82d7ef80cb541f3c6aff6f35e9d96874d;encrypted_payload_modeled_from_calibrated_aes_gcm;publish_once_then_parallel_provider_fetch
lan_ppd_100_4_026,LAN,PPD,100,4,4,ALL,26,0.0,10.468109,864.288197,866.361541,1687.370784,1719.425507,100.002328,400.000064,853.063966,2312,578,1,fresh_cid=bafy35941c61b50a0fdc6accb58a37b4f3e6b9e5beae247d9bde;encrypted_payload_modeled_from_calibrated_aes_gcm;publish_once_then_parallel_provider_fetch
lan_ppd_100_4_027,LAN,PPD,100,4,4,ALL,27,0.0,10.724146,863.572519,865.592195,1688.197925,1719.490517,100.002328,400.000064,853.898322,2312,578,1,fresh_cid=bafyd4b62a4e527ad2274ffb0ed51ef480cce6461dffe73d476d;encrypted_payload_modeled_from_calibrated_aes_gcm;publish_once_then_parallel_provider_fetch
lan_ppd_100_4_028,LAN,PPD,100,4,4,ALL,28,0.0,10.309569,864.985672,867.005349,1650.649751,1720.069315,100.002328,400.000064,853.063966,2312,578,1,fresh_cid=bafyd65986874ad287ca930922232e6fcd428eead74b340a3745;encrypted_payload_modeled_from_calibrated_aes_gcm;publish_once_then_parallel_provider_fetch
lan_ppd_100_4_029,LAN,PPD,100,4,4,ALL,29,0.0,10.656071,863.0738,865.146654,1679.443701,1718.21062,100.002328,400.000064,853.063966,2312,578,1,fresh_cid=bafycf4c92d0933f87c2bcca48390689d8de90037b11e134ab40;encrypted_payload_modeled_from_calibrated_aes_gcm;publish_once_then_parallel_provider_fetch
lan_ppd_100_4_030,LAN,PPD,100,4,4,ALL,30,0.0,10.539447,862.853413,864.998139,1668.942011,1718.062105,100.002328,400.000064,853.063966,2312,578,1,fresh_cid=bafyded40904c1b147faf3c3e8ce6e2a4004322dc53f2c5a2ae5;encrypted_payload_modeled_from_calibrated_aes_gcm;publish_once_then_parallel_provider_fetch
lan_ppd_100_8_001,LAN,PPD,100,8,8,ALL,1,0.0,10.254025,863.648448,865.787911,1674.576574,1720.234655,100.00464,800.000128,854.446744,4624,578,1,fresh_cid=bafya625b77d0ccd83fe9f54fee7d9ddd099bf3946b51e21692d;encrypted_payload_modeled_from_calibrated_aes_gcm;publish_once_then_parallel_provider_fetch
lan_ppd_100_8_002,LAN,PPD,100,8,8,ALL,2,0.0,10.37991,862.693876,864.739555,1677.713501,1717.803521,100.00464,800.000128,853.063966,4624,578,1,fresh_cid=bafyf6877d79f451c4841ef0ce3b17325c76cdeb00c1d1cc4894;encrypted_payload_modeled_from_calibrated_aes_gcm;publish_once_then_parallel_provider_fetch
lan_ppd_100_8_003,LAN,PPD,100,8,8,ALL,3,0.0,10.450011,864.331573,866.370927,1669.548093,1721.032494,100.00464,800.000128,854.661567,4624,578,1,fresh_cid=bafy9defa722c23fb2e2f550570cb5f1adbd064b885c04fb2833;encrypted_payload_modeled_from_calibrated_aes_gcm;publish_once_then_parallel_provider_fetch
lan_ppd_100_8_004,LAN,PPD,100,8,8,ALL,4,0.0,10.409878,862.723844,864.763198,1681.927431,1718.273192,100.00464,800.000128,853.509994,4624,578,1,fresh_cid=bafyceac1a0c259ad40e9138cb8e0b096cf522980a6300936ff9;encrypted_payload_modeled_from_calibrated_aes_gcm;publish_once_then_parallel_provider_fetch
lan_ppd_100_8_005,LAN,PPD,100,8,8,ALL,5,0.0,10.384127,863.475875,865.595748,1689.057302,1719.078323,100.00464,800.000128,853.482575,4624,578,1,fresh_cid=bafy338d7358361fb1f3dee705579950505e5c9a1c0f90e5297e;encrypted_payload_modeled_from_calibrated_aes_gcm;publish_once_then_parallel_provider_fetch
lan_ppd_100_8_006,LAN,PPD,100,8,8,ALL,6,0.0,10.39663,862.710596,864.749949,1655.790028,1717.813915,100.00464,800.000128,853.063966,4624,578,1,fresh_cid=bafy1ecf216de5db66b836f9c889ceb6263d5ff351219887da2f;encrypted_payload_modeled_from_calibrated_aes_gcm;publish_once_then_parallel_provider_fetch
lan_ppd_100_8_007,LAN,PPD,100,8,8,ALL,7,0.0,10.497712,864.292236,866.331589,1651.5863,1722.237662,100.00464,800.000128,855.906073,4624,578,1,fresh_cid=bafya228cd012e26d541c1973e5be5d7b182c20b6ca727074521;encrypted_payload_modeled_from_calibrated_aes_gcm;publish_once_then_parallel_provider_fetch
lan_ppd_100_8_008,LAN,PPD,100,8,8,ALL,8,0.0,10.419844,862.87522,864.914573,1672.127546,1717.978539,100.00464,800.000128,853.063966,4624,578,1,fresh_cid=bafy52dd1514a13b0fd5bc9a516397208bc256347ef491d940f6;encrypted_payload_modeled_from_calibrated_aes_gcm;publish_once_then_parallel_provider_fetch
lan_ppd_100_8_009,LAN,PPD,100,8,8,ALL,9,0.0,10.568949,865.297796,867.337149,1674.939973,1720.524693,100.00464,800.000128,853.187544,4624,578,1,fresh_cid=bafy7699a7401e22771b1c0e27390b6758b2a366891d410e28d3;encrypted_payload_modeled_from_calibrated_aes_gcm;publish_once_then_parallel_provider_fetch
lan_ppd_100_8_010,LAN,PPD,100,8,8,ALL,10,0.0,10.518688,864.016274,866.246132,1674.219101,1719.310098,100.00464,800.000128,853.063966,4624,578,1,fresh_cid=bafyfba75e0d700fa512fce8c675d41c49841d40228ef621c576;encrypted_payload_modeled_from_calibrated_aes_gcm;publish_once_then_parallel_provider_fetch
lan_ppd_100_8_011,LAN,PPD,100,8,8,ALL,11,0.0,10.431616,862.745582,864.862972,1672.114095,1719.280924,100.00464,800.000128,854.417952,4624,578,1,fresh_cid=bafy51bd5860f945877cd68ab071a5cc34b2121e60a6c792467c;encrypted_payload_modeled_from_calibrated_aes_gcm;publish_once_then_parallel_provider_fetch
lan_ppd_100_8_012,LAN,PPD,100,8,8,ALL,12,0.0,10.715111,863.363053,865.642885,1677.361655,1718.706851,100.00464,800.000128,853.063966,4624,578,1,fresh_cid=bafyf791c39f58d321b5ddfdcf18ce5b265f7d388ede5bc70389;encrypted_payload_modeled_from_calibrated_aes_gcm;publish_once_then_parallel_provider_fetch
lan_ppd_100_8_013,LAN,PPD,100,8,8,ALL,13,0.0,10.662414,863.280607,865.31996,1662.245862,1718.383926,100.00464,800.000128,853.063966,4624,578,1,fresh_cid=bafy9c892d5d111a7f647622a0a0d97dbe03e1b50508d7f90e70;encrypted_payload_modeled_from_calibrated_aes_gcm;publish_once_then_parallel_provider_fetch
lan_ppd_100_8_014,LAN,PPD,100,8,8,ALL,14,0.0,10.205904,864.566399,866.605752,1690.537476,1719.669718,100.00464,800.000128,853.063966,4624,578,1,fresh_cid=bafyea31aa53ca9361495579e5f87c5a5f5773bd5682494b413c;encrypted_payload_modeled_from_calibrated_aes_gcm;publish_once_then_parallel_provider_fetch
lan_ppd_100_8_015,LAN,PPD,100,8,8,ALL,15,0.0,10.606143,863.126537,865.317556,1680.805938,1718.381522,100.00464,800.000128,853.063966,4624,578,1,fresh_cid=bafy33e8fad1195bbd7fa94ebc938004effc2561e7ff5d3fbfd2;encrypted_payload_modeled_from_calibrated_aes_gcm;publish_once_then_parallel_provider_fetch
lan_ppd_100_8_016,LAN,PPD,100,8,8,ALL,16,0.0,10.515483,862.829449,864.868802,1666.09337,1717.932768,100.00464,800.000128,853.063966,4624,578,1,fresh_cid=bafy6b6b6299b73cf4184775bcd2d39bf5e03c893dc66ba35545;encrypted_payload_modeled_from_calibrated_aes_gcm;publish_once_then_parallel_provider_fetch
lan_ppd_100_8_017,LAN,PPD,100,8,8,ALL,17,0.0,10.443049,864.690093,866.827847,1653.883296,1719.891813,100.00464,800.000128,853.063966,4624,578,1,fresh_cid=bafyf10a6b55e987f6a224289d798baf86da6b301eb36cb8aea0;encrypted_payload_modeled_from_calibrated_aes_gcm;publish_once_then_parallel_provider_fetch
lan_ppd_100_8_018,LAN,PPD,100,8,8,ALL,18,0.0,10.702449,864.734576,866.773929,1688.156126,1719.837895,100.00464,800.000128,853.063966,4624,578,1,fresh_cid=bafyc6dcd1a42619b5234e87f22053470bc647d3d7a33f4698e7;encrypted_payload_modeled_from_calibrated_aes_gcm;publish_once_then_parallel_provider_fetch
lan_ppd_100_8_019,LAN,PPD,100,8,8,ALL,19,0.0,10.761993,865.858746,867.929858,1689.253609,1721.243378,100.00464,800.000128,853.313519,4624,578,1,fresh_cid=bafy4a1e7fdd5335a063bc94932c622ece49dc8b46c08bddeb60;encrypted_payload_modeled_from_calibrated_aes_gcm;publish_once_then_parallel_provider_fetch
lan_ppd_100_8_020,LAN,PPD,100,8,8,ALL,20,0.0,10.479129,862.793095,864.86286,1687.475989,1718.892774,100.00464,800.000128,854.029914,4624,578,1,fresh_cid=bafy69b4d8bfa22e0ab748fd7bf4abac47fd94ab6eb3476d3c68;encrypted_payload_modeled_from_calibrated_aes_gcm;publish_once_then_parallel_provider_fetch
lan_ppd_100_8_021,LAN,PPD,100,8,8,ALL,21,0.0,10.420223,865.216865,867.256218,1658.856379,1721.259367,100.00464,800.000128,854.003149,4624,578,1,fresh_cid=bafy73fd334f245850bd34186c92464547267fe514ba1f29d50c;encrypted_payload_modeled_from_calibrated_aes_gcm;publish_once_then_parallel_provider_fetch
lan_ppd_100_8_022,LAN,PPD,100,8,8,ALL,22,0.0,10.501567,864.142654,866.182007,1687.864515,1719.245973,100.00464,800.000128,853.063966,4624,578,1,fresh_cid=bafye5c18d93187e77daf14f201958a463ada0a373553277be25;encrypted_payload_modeled_from_calibrated_aes_gcm;publish_once_then_parallel_provider_fetch
lan_ppd_100_8_023,LAN,PPD,100,8,8,ALL,23,0.0,10.362223,862.676189,864.740113,1659.904802,1717.804079,100.00464,800.000128,853.063966,4624,578,1,fresh_cid=bafyc59cb18709b27c8319e26305175dc5214413a0ecc5b7cfb6;encrypted_payload_modeled_from_calibrated_aes_gcm;publish_once_then_parallel_provider_fetch
lan_ppd_100_8_024,LAN,PPD,100,8,8,ALL,24,0.0,10.453295,862.767261,864.806614,1652.053542,1718.809575,100.00464,800.000128,854.002961,4624,578,1,fresh_cid=bafy6afcc8c636631e952679d4b42332c5dd0aef6f8876bf9c7d;encrypted_payload_modeled_from_calibrated_aes_gcm;publish_once_then_parallel_provider_fetch
lan_ppd_100_8_025,LAN,PPD,100,8,8,ALL,25,0.0,10.428267,862.742233,864.989368,1672.539662,1719.50945,100.00464,800.000128,854.520082,4624,578,1,fresh_cid=bafy28f548a9a2b0e195d74e99f55dcc93f2e51b1dd114923a7c;encrypted_payload_modeled_from_calibrated_aes_gcm;publish_once_then_parallel_provider_fetch
lan_ppd_100_8_026,LAN,PPD,100,8,8,ALL,26,0.0,10.454443,863.246153,865.285506,1665.466277,1718.349472,100.00464,800.000128,853.063966,4624,578,1,fresh_cid=bafy76fda7132083a694f9cfc7185a15f178c85b50be07c591bd;encrypted_payload_modeled_from_calibrated_aes_gcm;publish_once_then_parallel_provider_fetch
lan_ppd_100_8_027,LAN,PPD,100,8,8,ALL,27,0.0,10.521387,864.476501,866.515854,1683.006911,1720.493721,100.00464,800.000128,853.977866,4624,578,1,fresh_cid=bafyd2cbf57f57d6d718bbe7ce11b9befcdea23faf0a4a719a13;encrypted_payload_modeled_from_calibrated_aes_gcm;publish_once_then_parallel_provider_fetch
lan_ppd_100_8_028,LAN,PPD,100,8,8,ALL,28,0.0,10.532133,863.134133,865.173486,1655.322253,1718.456254,100.00464,800.000128,853.282768,4624,578,1,fresh_cid=bafyf149f4d143f9a9fc4115d691e0c129c47a22cc7338fa6dac;encrypted_payload_modeled_from_calibrated_aes_gcm;publish_once_then_parallel_provider_fetch
lan_ppd_100_8_029,LAN,PPD,100,8,8,ALL,29,0.0,10.524814,864.95111,867.103013,1657.290679,1721.361724,100.00464,800.000128,854.258711,4624,578,1,fresh_cid=bafyc4acb6065b7e5e59aa0abca42dab360518e46138f2d2fb76;encrypted_payload_modeled_from_calibrated_aes_gcm;publish_once_then_parallel_provider_fetch
lan_ppd_100_8_030,LAN,PPD,100,8,8,ALL,30,0.0,10.09841,862.412376,864.451729,1668.61251,1717.515695,100.00464,800.000128,853.063966,4624,578,1,fresh_cid=bafyd69ea8149637de62456307988ce6f6dc8f67f2b373bddc67;encrypted_payload_modeled_from_calibrated_aes_gcm;publish_once_then_parallel_provider_fetch
wan_rpd_100_1_001,WAN,RPD,100,1,1,ALL,1,0.0,10.644511,,20078.147711,20078.147711,20078.147711,100.000016,0.0,,0,0.0,1,fresh_cid=bafy68424d06258c64c223be2603e65b2a5e6021d0343f43084e;encrypted_payload_modeled_from_calibrated_aes_gcm;parallel_send_shared_requester_uplink
wan_rpd_100_1_002,WAN,RPD,100,1,1,ALL,2,0.0,10.390252,,20077.893452,20077.893452,20077.893452,100.000016,0.0,,0,0.0,1,fresh_cid=bafy17973f078a4147456335f69fd0369ce4497a2d754b9b4f6d;encrypted_payload_modeled_from_calibrated_aes_gcm;parallel_send_shared_requester_uplink
wan_rpd_100_1_003,WAN,RPD,100,1,1,ALL,3,0.0,10.264825,,20083.622499,20083.622499,20083.622499,100.000016,0.0,,0,0.0,1,fresh_cid=bafyd8285ad90df8a0807bfb292a3473da8a453ed36ce06ac97a;encrypted_payload_modeled_from_calibrated_aes_gcm;parallel_send_shared_requester_uplink
wan_rpd_100_1_004,WAN,RPD,100,1,1,ALL,4,0.0,10.480349,,20077.983549,20077.983549,20077.983549,100.000016,0.0,,0,0.0,1,fresh_cid=bafyd0bd9cc3a635bb8d6a9d33bb760802a0db7d663012f28d70;encrypted_payload_modeled_from_calibrated_aes_gcm;parallel_send_shared_requester_uplink
wan_rpd_100_1_005,WAN,RPD,100,1,1,ALL,5,0.0,10.419218,,20078.278099,20078.278099,20078.278099,100.000016,0.0,,0,0.0,1,fresh_cid=bafye994e557e2d3a168caf0aa297b310064722a4c947b5e8f18;encrypted_payload_modeled_from_calibrated_aes_gcm;parallel_send_shared_requester_uplink
wan_rpd_100_1_006,WAN,RPD,100,1,1,ALL,6,0.0,10.424268,,20114.08164,20114.08164,20114.08164,100.000016,0.0,,0,0.0,1,fresh_cid=bafyba48c7ac4bf32fdbdb32c67cde221ac1a984f821f81235cf;encrypted_payload_modeled_from_calibrated_aes_gcm;parallel_send_shared_requester_uplink
wan_rpd_100_1_007,WAN,RPD,100,1,1,ALL,7,0.0,10.39845,,20114.327398,20114.327398,20114.327398,100.000016,0.0,,0,0.0,1,fresh_cid=bafye8f528cb1c2b25ceb06cdb3357e439af18494b1d003f513d;encrypted_payload_modeled_from_calibrated_aes_gcm;parallel_send_shared_requester_uplink
wan_rpd_100_1_008,WAN,RPD,100,1,1,ALL,8,0.0,10.437079,,20136.970097,20136.970097,20136.970097,100.000016,0.0,,0,0.0,1,fresh_cid=bafy97baf86f66646c86cd2a1b9cfe8fcda1438aa79b3fdda1f5;encrypted_payload_modeled_from_calibrated_aes_gcm;parallel_send_shared_requester_uplink
wan_rpd_100_1_009,WAN,RPD,100,1,1,ALL,9,0.0,10.455018,,20077.958218,20077.958218,20077.958218,100.000016,0.0,,0,0.0,1,fresh_cid=bafy6c4382c950419a977b071a580dcc7459d6505971b19cf14a;encrypted_payload_modeled_from_calibrated_aes_gcm;parallel_send_shared_requester_uplink
wan_rpd_100_1_010,WAN,RPD,100,1,1,ALL,10,0.0,10.666685,,20084.779656,20084.779656,20084.779656,100.000016,0.0,,0,0.0,1,fresh_cid=bafy3a7ffdcd1e72364a071e4f4db74db07e8399fee24175c6f5;encrypted_payload_modeled_from_calibrated_aes_gcm;parallel_send_shared_requester_uplink
wan_rpd_100_1_011,WAN,RPD,100,1,1,ALL,11,0.0,10.672062,,20078.175262,20078.175262,20078.175262,100.000016,0.0,,0,0.0,1,fresh_cid=bafy04b50f8cd68845f040469abf9f9e41ac397ace6772611627;encrypted_payload_modeled_from_calibrated_aes_gcm;parallel_send_shared_requester_uplink
wan_rpd_100_1_012,WAN,RPD,100,1,1,ALL,12,0.0,10.217782,,20077.720982,20077.720982,20077.720982,100.000016,0.0,,0,0.0,1,fresh_cid=bafy48970be21dce8552d172f16baba61544ac7d1a3fa4c5bb01;encrypted_payload_modeled_from_calibrated_aes_gcm;parallel_send_shared_requester_uplink
wan_rpd_100_1_013,WAN,RPD,100,1,1,ALL,13,0.0,10.731959,,20098.776363,20098.776363,20098.776363,100.000016,0.0,,0,0.0,1,fresh_cid=bafy1d24f16a6867483a1e6b4095db157b323c44cfa21dc5fb0a;encrypted_payload_modeled_from_calibrated_aes_gcm;parallel_send_shared_requester_uplink
wan_rpd_100_1_014,WAN,RPD,100,1,1,ALL,14,0.0,10.516102,,20078.019302,20078.019302,20078.019302,100.000016,0.0,,0,0.0,1,fresh_cid=bafyb607a940c98749c275370f63b58a655d76d61708a7c287f7;encrypted_payload_modeled_from_calibrated_aes_gcm;parallel_send_shared_requester_uplink
wan_rpd_100_1_015,WAN,RPD,100,1,1,ALL,15,0.0,10.53526,,20086.143842,20086.143842,20086.143842,100.000016,0.0,,0,0.0,1,fresh_cid=bafy33f3c74f5eef02aad0f76d7fbba83d943bad539958b07edd;encrypted_payload_modeled_from_calibrated_aes_gcm;parallel_send_shared_requester_uplink
wan_rpd_100_1_016,WAN,RPD,100,1,1,ALL,16,0.0,10.548469,,20089.127362,20089.127362,20089.127362,100.000016,0.0,,0,0.0,1,fresh_cid=bafy65ce5aca032299dd418ed148832f84cd2a2a8664b1877809;encrypted_payload_modeled_from_calibrated_aes_gcm;parallel_send_shared_requester_uplink
wan_rpd_100_1_017,WAN,RPD,100,1,1,ALL,17,0.0,10.34006,,20113.503894,20113.503894,20113.503894,100.000016,0.0,,0,0.0,1,fresh_cid=bafy68c0c486da32e94d68929df8dda08cfd296ec64bc344b4a7;encrypted_payload_modeled_from_calibrated_aes_gcm;parallel_send_shared_requester_uplink
wan_rpd_100_1_018,WAN,RPD,100,1,1,ALL,18,0.0,10.451764,,20097.399598,20097.399598,20097.399598,100.000016,0.0,,0,0.0,1,fresh_cid=bafyaff4d142d512d0cc7b1a5d461fbc4f01d8abac669703479d;encrypted_payload_modeled_from_calibrated_aes_gcm;parallel_send_shared_requester_uplink
wan_rpd_100_1_019,WAN,RPD,100,1,1,ALL,19,0.0,10.654042,,20092.05188,20092.05188,20092.05188,100.000016,0.0,,0,0.0,1,fresh_cid=bafy151290831bb3598c1872425327d611c624f7514a1fd311a9;encrypted_payload_modeled_from_calibrated_aes_gcm;parallel_send_shared_requester_uplink
wan_rpd_100_1_020,WAN,RPD,100,1,1,ALL,20,0.0,10.651438,,20113.077794,20113.077794,20113.077794,100.000016,0.0,,0,0.0,1,fresh_cid=bafyf07859229c09cb6eff05c4b53e568f39f14d175c2ae58115;encrypted_payload_modeled_from_calibrated_aes_gcm;parallel_send_shared_requester_uplink
wan_rpd_100_1_021,WAN,RPD,100,1,1,ALL,21,0.0,10.459169,,20083.585316,20083.585316,20083.585316,100.000016,0.0,,0,0.0,1,fresh_cid=bafybd28da59ad23d5ab08d461e8a1799ecfa981f97917f41e60;encrypted_payload_modeled_from_calibrated_aes_gcm;parallel_send_shared_requester_uplink
wan_rpd_100_1_022,WAN,RPD,100,1,1,ALL,22,0.0,10.483519,,20155.493635,20155.493635,20155.493635,100.000016,0.0,,0,0.0,1,fresh_cid=bafycbe8cf38350fcea1637a46488031d181bfc0a1e80f98c898;encrypted_payload_modeled_from_calibrated_aes_gcm;parallel_send_shared_requester_uplink
wan_rpd_100_1_023,WAN,RPD,100,1,1,ALL,23,0.0,10.456263,,20095.175046,20095.175046,20095.175046,100.000016,0.0,,0,0.0,1,fresh_cid=bafya818082426ca106f2b43233cea9c38552b85f082d4118d07;encrypted_payload_modeled_from_calibrated_aes_gcm;parallel_send_shared_requester_uplink
wan_rpd_100_1_024,WAN,RPD,100,1,1,ALL,24,0.0,10.147885,,20128.330394,20128.330394,20128.330394,100.000016,0.0,,0,0.0,1,fresh_cid=bafy99318bbbfab8734768e77bae556b897ef190d1ba81f43f5f;encrypted_payload_modeled_from_calibrated_aes_gcm;parallel_send_shared_requester_uplink
wan_rpd_100_1_025,WAN,RPD,100,1,1,ALL,25,0.0,10.524087,,20127.582886,20127.582886,20127.582886,100.000016,0.0,,0,0.0,1,fresh_cid=bafy05f65ce2d9af83a284c3541cabfc7af4c46c4883174d32b9;encrypted_payload_modeled_from_calibrated_aes_gcm;parallel_send_shared_requester_uplink
wan_rpd_100_1_026,WAN,RPD,100,1,1,ALL,26,0.0,10.675896,,20132.974177,20132.974177,20132.974177,100.000016,0.0,,0,0.0,1,fresh_cid=bafy24d58f62a13b1f10a09cfe69d86ea1d096d102ac725c14f8;encrypted_payload_modeled_from_calibrated_aes_gcm;parallel_send_shared_requester_uplink
wan_rpd_100_1_027,WAN,RPD,100,1,1,ALL,27,0.0,10.452447,,20093.75579,20093.75579,20093.75579,100.000016,0.0,,0,0.0,1,fresh_cid=bafyf8ef16259d02ef594a3101610592dd1f12104b85128bf30b;encrypted_payload_modeled_from_calibrated_aes_gcm;parallel_send_shared_requester_uplink
wan_rpd_100_1_028,WAN,RPD,100,1,1,ALL,28,0.0,10.579714,,20078.082914,20078.082914,20078.082914,100.000016,0.0,,0,0.0,1,fresh_cid=bafyf12017a4944122141fc2206b675c8dc8e5a98ea1886e5552;encrypted_payload_modeled_from_calibrated_aes_gcm;parallel_send_shared_requester_uplink
wan_rpd_100_1_029,WAN,RPD,100,1,1,ALL,29,0.0,10.362395,,20077.865595,20077.865595,20077.865595,100.000016,0.0,,0,0.0,1,fresh_cid=bafy1f9ac6673b6326d90a509e62241eb063fa0349a808146608;encrypted_payload_modeled_from_calibrated_aes_gcm;parallel_send_shared_requester_uplink
wan_rpd_100_1_030,WAN,RPD,100,1,1,ALL,30,0.0,10.586644,,20078.089844,20078.089844,20078.089844,100.000016,0.0,,0,0.0,1,fresh_cid=bafy49b9f2915a98e3f054c4f96059a2ee4139b5cdd58a8005e9;encrypted_payload_modeled_from_calibrated_aes_gcm;parallel_send_shared_requester_uplink
wan_rpd_100_2_001,WAN,RPD,100,2,2,ALL,1,0.0,10.461753,,40125.403324,40125.403324,40125.403324,200.000032,0.0,,0,0.0,1,fresh_cid=bafy7ddfcb5dec11b4eb0e1d0faf790f918d8b6bca867c3413c0;encrypted_payload_modeled_from_calibrated_aes_gcm;parallel_send_shared_requester_uplink
wan_rpd_100_2_002,WAN,RPD,100,2,2,ALL,2,0.0,10.447229,,40120.866022,40120.866022,40120.866022,200.000032,0.0,,0,0.0,1,fresh_cid=bafy60c2168809a0ca7c221cff2609feb933671c282d75ff4335;encrypted_payload_modeled_from_calibrated_aes_gcm;parallel_send_shared_requester_uplink
wan_rpd_100_2_003,WAN,RPD,100,2,2,ALL,3,0.0,10.343869,,40079.326273,40079.326273,40079.326273,200.000032,0.0,,0,0.0,1,fresh_cid=bafy651ab473bf3354da58dba3bba4a644e738663e25271d5778;encrypted_payload_modeled_from_calibrated_aes_gcm;parallel_send_shared_requester_uplink
wan_rpd_100_2_004,WAN,RPD,100,2,2,ALL,4,0.0,10.216084,,40093.171817,40093.171817,40093.171817,200.000032,0.0,,0,0.0,1,fresh_cid=bafy5874cd64463776c02ed6718eb6fe4e76aeeba55405dcb2fb;encrypted_payload_modeled_from_calibrated_aes_gcm;parallel_send_shared_requester_uplink
wan_rpd_100_2_005,WAN,RPD,100,2,2,ALL,5,0.0,10.757017,,40112.893629,40112.893629,40112.893629,200.000032,0.0,,0,0.0,1,fresh_cid=bafycbefacf291c2e2df0447e69bfbd2aa2523faf0f3a5d0617d;encrypted_payload_modeled_from_calibrated_aes_gcm;parallel_send_shared_requester_uplink
wan_rpd_100_2_006,WAN,RPD,100,2,2,ALL,6,0.0,10.166207,,40101.751749,40101.751749,40101.751749,200.000032,0.0,,0,0.0,1,fresh_cid=bafy072406fdc9455e836542192163714e457eaece85c71ac310;encrypted_payload_modeled_from_calibrated_aes_gcm;parallel_send_shared_requester_uplink
wan_rpd_100_2_007,WAN,RPD,100,2,2,ALL,7,0.0,10.397035,,40080.875946,40080.875946,40080.875946,200.000032,0.0,,0,0.0,1,fresh_cid=bafy159bbc0a4759a25e63284bfe8b54ffa9f374a15888008973;encrypted_payload_modeled_from_calibrated_aes_gcm;parallel_send_shared_requester_uplink
wan_rpd_100_2_008,WAN,RPD,100,2,2,ALL,8,0.0,10.801919,,40078.308319,40078.308319,40078.308319,200.000032,0.0,,0,0.0,1,fresh_cid=bafy788fb8972df072077984761bc7b03aae1721a2d356edeeea;encrypted_payload_modeled_from_calibrated_aes_gcm;parallel_send_shared_requester_uplink
wan_rpd_100_2_009,WAN,RPD,100,2,2,ALL,9,0.0,10.66036,,40078.16676,40078.16676,40078.16676,200.000032,0.0,,0,0.0,1,fresh_cid=bafydb3b8ce9ecd787bb887ef6ffb7bf4cb2d685564eb27df0da;encrypted_payload_modeled_from_calibrated_aes_gcm;parallel_send_shared_requester_uplink
wan_rpd_100_2_010,WAN,RPD,100,2,2,ALL,10,0.0,10.262941,,40103.004807,40103.004807,40103.004807,200.000032,0.0,,0,0.0,1,fresh_cid=bafy640b6f626690c69940ada1c1731fc82fbe6a7231b3c5cf62;encrypted_payload_modeled_from_calibrated_aes_gcm;parallel_send_shared_requester_uplink
wan_rpd_100_2_011,WAN,RPD,100,2,2,ALL,11,0.0,10.31313,,40128.138533,40128.138533,40128.138533,200.000032,0.0,,0,0.0,1,fresh_cid=bafy43fd29615a66c0232aed8330f36f110fbdc118914c54928b;encrypted_payload_modeled_from_calibrated_aes_gcm;parallel_send_shared_requester_uplink
wan_rpd_100_2_012,WAN,RPD,100,2,2,ALL,12,0.0,10.342247,,40077.848647,40077.848647,40077.848647,200.000032,0.0,,0,0.0,1,fresh_cid=bafy12d6346cfbc9d7023ee8fbe46ec876d76129ba3e72febabc;encrypted_payload_modeled_from_calibrated_aes_gcm;parallel_send_shared_requester_uplink
wan_rpd_100_2_013,WAN,RPD,100,2,2,ALL,13,0.0,10.449849,,40116.819136,40116.819136,40116.819136,200.000032,0.0,,0,0.0,1,fresh_cid=bafy06bd5b3b1af28b887f5af4ef3823d5eb56e65e484c2ba612;encrypted_payload_modeled_from_calibrated_aes_gcm;parallel_send_shared_requester_uplink
wan_rpd_100_2_014,WAN,RPD,100,2,2,ALL,14,0.0,10.57656,,40097.204938,40097.204938,40097.204938,200.000032,0.0,,0,0.0,1,fresh_cid=bafy1393d88bbd28d089963cef1f70b60b8703acec8fa766c852;encrypted_payload_modeled_from_calibrated_aes_gcm;parallel_send_shared_requester_uplink
wan_rpd_100_2_015,WAN,RPD,100,2,2,ALL,15,0.0,10.323552,,40090.093931,40090.093931,40090.093931,200.000032,0.0,,0,0.0,1,fresh_cid=bafycf520c176ae5ff3ef793da4e3f4f7c746bc594ee47aa73ce;encrypted_payload_modeled_from_calibrated_aes_gcm;parallel_send_shared_requester_uplink
wan_rpd_100_2_016,WAN,RPD,100,2,2,ALL,16,0.0,10.504658,,40119.43262,40119.43262,40119.43262,200.000032,0.0,,0,0.0,1,fresh_cid=bafyba316d73fdd6efae52e4c5546746860fe060c3ebc183775d;encrypted_payload_modeled_from_calibrated_aes_gcm;parallel_send_shared_requester_uplink
wan_rpd_100_2_017,WAN,RPD,100,2,2,ALL,17,0.0,10.366752,,40089.491621,40089.491621,40089.491621,200.000032,0.0,,0,0.0,1,fresh_cid=bafy3f6e92eeca95ef7a9eda9233ed5f090db3cb492973d88f20;encrypted_payload_modeled_from_calibrated_aes_gcm;parallel_send_shared_requester_uplink
wan_rpd_100_2_018,WAN,RPD,100,2,2,ALL,18,0.0,10.632259,,40101.162765,40101.162765,40101.162765,200.000032,0.0,,0,0.0,1,fresh_cid=bafye605eecda01d593ff558b04c41b9ab916f0c0dec9eb63081;encrypted_payload_modeled_from_calibrated_aes_gcm;parallel_send_shared_requester_uplink
wan_rpd_100_2_019,WAN,RPD,100,2,2,ALL,19,0.0,10.417758,,40113.69196,40113.69196,40113.69196,200.000032,0.0,,0,0.0,1,fresh_cid=bafyb2e32dbdd6c5c98a4cc4aa1010063a8fdc518bf77c71b24b;encrypted_payload_modeled_from_calibrated_aes_gcm;parallel_send_shared_requester_uplink
wan_rpd_100_2_020,WAN,RPD,100,2,2,ALL,20,0.0,10.564299,,40119.029124,40119.029124,40119.029124,200.000032,0.0,,0,0.0,1,fresh_cid=bafyef3ce135ce31de7c54f4d90f83bdf1058d32134d013f131b;encrypted_payload_modeled_from_calibrated_aes_gcm;parallel_send_shared_requester_uplink
wan_rpd_100_2_021,WAN,RPD,100,2,2,ALL,21,0.0,10.424542,,40091.41487,40091.41487,40091.41487,200.000032,0.0,,0,0.0,1,fresh_cid=bafy014852e96ea407dfe76e71ae41f3ad1c628c13bcd2384614;encrypted_payload_modeled_from_calibrated_aes_gcm;parallel_send_shared_requester_uplink
wan_rpd_100_2_022,WAN,RPD,100,2,2,ALL,22,0.0,10.542011,,40118.525681,40118.525681,40118.525681,200.000032,0.0,,0,0.0,1,fresh_cid=bafyda155506a8509eb6a41ef26240b86ebc165bfc62e9a7bb4a;encrypted_payload_modeled_from_calibrated_aes_gcm;parallel_send_shared_requester_uplink
wan_rpd_100_2_023,WAN,RPD,100,2,2,ALL,23,0.0,10.221355,,40085.369962,40085.369962,40085.369962,200.000032,0.0,,0,0.0,1,fresh_cid=bafyb80d8a22c6cb335258c4af5af7cdf97082b30258a021ddac;encrypted_payload_modeled_from_calibrated_aes_gcm;parallel_send_shared_requester_uplink
wan_rpd_100_2_024,WAN,RPD,100,2,2,ALL,24,0.0,10.56837,,40078.07477,40078.07477,40078.07477,200.000032,0.0,,0,0.0,1,fresh_cid=bafy97f17ad93ba39b1ccc5397197fee16deea62d10a3a8eb177;encrypted_payload_modeled_from_calibrated_aes_gcm;parallel_send_shared_requester_uplink
wan_rpd_100_2_025,WAN,RPD,100,2,2,ALL,25,0.0,10.71155,,40078.21795,40078.21795,40078.21795,200.000032,0.0,,0,0.0,1,fresh_cid=bafyadc3f0c2ac1c1fe2b8ad61204400f131c8a938179afb4bf6;encrypted_payload_modeled_from_calibrated_aes_gcm;parallel_send_shared_requester_uplink
wan_rpd_100_2_026,WAN,RPD,100,2,2,ALL,26,0.0,10.797109,,40146.274033,40146.274033,40146.274033,200.000032,0.0,,0,0.0,1,fresh_cid=bafy4fd9b7078976aa256c4f21b4d0d7a71ce31cd0ad46d006c0;encrypted_payload_modeled_from_calibrated_aes_gcm;parallel_send_shared_requester_uplink
wan_rpd_100_2_027,WAN,RPD,100,2,2,ALL,27,0.0,10.536843,,40130.653415,40130.653415,40130.653415,200.000032,0.0,,0,0.0,1,fresh_cid=bafyc1d197ecc621b534b677249df8ed36c345780cef0be0b9ea;encrypted_payload_modeled_from_calibrated_aes_gcm;parallel_send_shared_requester_uplink
wan_rpd_100_2_028,WAN,RPD,100,2,2,ALL,28,0.0,10.448982,,40094.067684,40094.067684,40094.067684,200.000032,0.0,,0,0.0,1,fresh_cid=bafy00f472ba2b7e912f056b1129762c73f866cba29d63b1f393;encrypted_payload_modeled_from_calibrated_aes_gcm;parallel_send_shared_requester_uplink
wan_rpd_100_2_029,WAN,RPD,100,2,2,ALL,29,0.0,10.295412,,40135.364626,40135.364626,40135.364626,200.000032,0.0,,0,0.0,1,fresh_cid=bafy6932b322bb1fb18cf64ed69d12b0bd93ef1a76c8ed76863b;encrypted_payload_modeled_from_calibrated_aes_gcm;parallel_send_shared_requester_uplink
wan_rpd_100_2_030,WAN,RPD,100,2,2,ALL,30,0.0,10.800419,,40078.306819,40078.306819,40078.306819,200.000032,0.0,,0,0.0,1,fresh_cid=bafye194b8721d9401783a002990ef05bd721951b4dd85157782;encrypted_payload_modeled_from_calibrated_aes_gcm;parallel_send_shared_requester_uplink
wan_rpd_100_4_001,WAN,RPD,100,4,4,ALL,1,0.0,10.709009,,80085.974399,80085.974399,80085.974399,400.000064,0.0,,0,0.0,1,fresh_cid=bafyf4be6f85c05e5310811734d43cab70ec75e1c3910fc1a4ee;encrypted_payload_modeled_from_calibrated_aes_gcm;parallel_send_shared_requester_uplink
wan_rpd_100_4_002,WAN,RPD,100,4,4,ALL,2,0.0,10.279623,,80158.687925,80158.687925,80158.687925,400.000064,0.0,,0,0.0,1,fresh_cid=bafy9a9a7e020b06e72f8652a78af45cb3307ccb890225ee6773;encrypted_payload_modeled_from_calibrated_aes_gcm;parallel_send_shared_requester_uplink
wan_rpd_100_4_003,WAN,RPD,100,4,4,ALL,3,0.0,10.55689,,80078.06969,80078.06969,80078.06969,400.000064,0.0,,0,0.0,1,fresh_cid=bafy1ebe2deb21e5063d627e5f48cd1655b72c76ff93ef5b7cb4;encrypted_payload_modeled_from_calibrated_aes_gcm;parallel_send_shared_requester_uplink
wan_rpd_100_4_004,WAN,RPD,100,4,4,ALL,4,0.0,10.283126,,80077.795926,80077.795926,80077.795926,400.000064,0.0,,0,0.0,1,fresh_cid=bafy95c7454ec6d8c00c8170415375b76017a35ca1f7e69934cb;encrypted_payload_modeled_from_calibrated_aes_gcm;parallel_send_shared_requester_uplink
wan_rpd_100_4_005,WAN,RPD,100,4,4,ALL,5,0.0,10.674654,,80078.187454,80078.187454,80078.187454,400.000064,0.0,,0,0.0,1,fresh_cid=bafyd327d0bcc0b5b819f09e0b97e851323e65ab0f518ab91ca2;encrypted_payload_modeled_from_calibrated_aes_gcm;parallel_send_shared_requester_uplink
wan_rpd_100_4_006,WAN,RPD,100,4,4,ALL,6,0.0,10.551156,,80078.063956,80078.063956,80078.063956,400.000064,0.0,,0,0.0,1,fresh_cid=bafy06c862b4353adfe6f1bc2771f95e4a3b5633ea4fcd2117f7;encrypted_payload_modeled_from_calibrated_aes_gcm;parallel_send_shared_requester_uplink
wan_rpd_100_4_007,WAN,RPD,100,4,4,ALL,7,0.0,10.685903,,80116.110639,80116.110639,80116.110639,400.000064,0.0,,0,0.0,1,fresh_cid=bafy2bea3ff174fc8942434c87c67b44bc858825fb7c8d244e12;encrypted_payload_modeled_from_calibrated_aes_gcm;parallel_send_shared_requester_uplink
wan_rpd_100_4_008,WAN,RPD,100,4,4,ALL,8,0.0,10.314487,,80077.827287,80077.827287,80077.827287,400.000064,0.0,,0,0.0,1,fresh_cid=bafy5a3cf844fb44a8a43aedd47ac2c853ef0cf341a16bcdbb3f;encrypted_payload_modeled_from_calibrated_aes_gcm;parallel_send_shared_requester_uplink
wan_rpd_100_4_009,WAN,RPD,100,4,4,ALL,9,0.0,10.596252,,80078.759336,80078.759336,80078.759336,400.000064,0.0,,0,0.0,1,fresh_cid=bafyf14b1ac15eeddb2bf3c2097e93ab2e8646e52acf4c7db836;encrypted_payload_modeled_from_calibrated_aes_gcm;parallel_send_shared_requester_uplink
wan_rpd_100_4_010,WAN,RPD,100,4,4,ALL,10,0.0,10.287074,,80077.799874,80077.799874,80077.799874,400.000064,0.0,,0,0.0,1,fresh_cid=bafy1c029b9473bd736abadad3019eb6eb901eb7ca332752fdd8;encrypted_payload_modeled_from_calibrated_aes_gcm;parallel_send_shared_requester_uplink
wan_rpd_100_4_011,WAN,RPD,100,4,4,ALL,11,0.0,10.374024,,80077.886824,80077.886824,80077.886824,400.000064,0.0,,0,0.0,1,fresh_cid=bafy03d1e1bcb48527a37d4fa77b9668799e669504baa273ab02;encrypted_payload_modeled_from_calibrated_aes_gcm;parallel_send_shared_requester_uplink
wan_rpd_100_4_012,WAN,RPD,100,4,4,ALL,12,0.0,10.651884,,80097.630362,80097.630362,80097.630362,400.000064,0.0,,0,0.0,1,fresh_cid=bafyecfe5f7a3639a5a4336f0b01e7e3091c3a53a6e03d9a18f4;encrypted_payload_modeled_from_calibrated_aes_gcm;parallel_send_shared_requester_uplink
wan_rpd_100_4_013,WAN,RPD,100,4,4,ALL,13,0.0,10.381332,,80102.884402,80102.884402,80102.884402,400.000064,0.0,,0,0.0,1,fresh_cid=bafy8d299cdb5f06293989bb563e247fcf488741a295340fea37;encrypted_payload_modeled_from_calibrated_aes_gcm;parallel_send_shared_requester_uplink
wan_rpd_100_4_014,WAN,RPD,100,4,4,ALL,14,0.0,10.311464,,80082.569043,80082.569043,80082.569043,400.000064,0.0,,0,0.0,1,fresh_cid=bafya67070bd2a04008fa536996de23ec8e0b37039c1b7a0f32d;encrypted_payload_modeled_from_calibrated_aes_gcm;parallel_send_shared_requester_uplink
wan_rpd_100_4_015,WAN,RPD,100,4,4,ALL,15,0.0,10.225111,,80077.737911,80077.737911,80077.737911,400.000064,0.0,,0,0.0,1,fresh_cid=bafy661126cd10c38da0e20831b12cd85a1bcd256ad48dade5db;encrypted_payload_modeled_from_calibrated_aes_gcm;parallel_send_shared_requester_uplink
wan_rpd_100_4_016,WAN,RPD,100,4,4,ALL,16,0.0,10.482399,,80122.904732,80122.904732,80122.904732,400.000064,0.0,,0,0.0,1,fresh_cid=bafy6f8c396fb811abd3c3107192039c537f88177d68f0da5dd1;encrypted_payload_modeled_from_calibrated_aes_gcm;parallel_send_shared_requester_uplink
wan_rpd_100_4_017,WAN,RPD,100,4,4,ALL,17,0.0,10.619876,,80147.670546,80147.670546,80147.670546,400.000064,0.0,,0,0.0,1,fresh_cid=bafyfb97011216c98fcd4ba1f8cc1cbc66db02cf88c326b58b39;encrypted_payload_modeled_from_calibrated_aes_gcm;parallel_send_shared_requester_uplink
wan_rpd_100_4_018,WAN,RPD,100,4,4,ALL,18,0.0,10.409921,,80156.278033,80156.278033,80156.278033,400.000064,0.0,,0,0.0,1,fresh_cid=bafyad21e82b19edac456c530a8354a0cb1980d800ef80c62ec7;encrypted_payload_modeled_from_calibrated_aes_gcm;parallel_send_shared_requester_uplink
wan_rpd_100_4_019,WAN,RPD,100,4,4,ALL,19,0.0,10.411331,,80108.19205,80108.19205,80108.19205,400.000064,0.0,,0,0.0,1,fresh_cid=bafye80248427446bbbddd2bbfc2c992fcb87d648f334d43ed08;encrypted_payload_modeled_from_calibrated_aes_gcm;parallel_send_shared_requester_uplink
wan_rpd_100_4_020,WAN,RPD,100,4,4,ALL,20,0.0,10.686306,,80078.199106,80078.199106,80078.199106,400.000064,0.0,,0,0.0,1,fresh_cid=bafy1b417635f60267f3817f6ff130de5f99d178c523d5140a52;encrypted_payload_modeled_from_calibrated_aes_gcm;parallel_send_shared_requester_uplink
wan_rpd_100_4_021,WAN,RPD,100,4,4,ALL,21,0.0,10.382715,,80102.880033,80102.880033,80102.880033,400.000064,0.0,,0,0.0,1,fresh_cid=bafy8eafa36e64b746e3873f04998e5ccdea72bb2a97f6a71667;encrypted_payload_modeled_from_calibrated_aes_gcm;parallel_send_shared_requester_uplink
wan_rpd_100_4_022,WAN,RPD,100,4,4,ALL,22,0.0,10.577727,,80097.316562,80097.316562,80097.316562,400.000064,0.0,,0,0.0,1,fresh_cid=bafyd75464adc540efa304cf873493de3d916b1c3cb79f48d249;encrypted_payload_modeled_from_calibrated_aes_gcm;parallel_send_shared_requester_uplink
wan_rpd_100_4_023,WAN,RPD,100,4,4,ALL,23,0.0,10.521837,,80078.034637,80078.034637,80078.034637,400.000064,0.0,,0,0.0,1,fresh_cid=bafy6c74d3a50097e0affc54d214673a7d198ce8c6dc1a904b97;encrypted_payload_modeled_from_calibrated_aes_gcm;parallel_send_shared_requester_uplink
wan_rpd_100_4_024,WAN,RPD,100,4,4,ALL,24,0.0,10.389738,,80102.528584,80102.528584,80102.528584,400.000064,0.0,,0,0.0,1,fresh_cid=bafy998fdcd7096c038744704c8cdb2e0b823fdc9240c3041964;encrypted_payload_modeled_from_calibrated_aes_gcm;parallel_send_shared_requester_uplink
wan_rpd_100_4_025,WAN,RPD,100,4,4,ALL,25,0.0,10.422413,,80093.436735,80093.436735,80093.436735,400.000064,0.0,,0,0.0,1,fresh_cid=bafy2a4d3aebad1f85c7ce6928bb3ea14f8a12dce475fe61a26a;encrypted_payload_modeled_from_calibrated_aes_gcm;parallel_send_shared_requester_uplink
wan_rpd_100_4_026,WAN,RPD,100,4,4,ALL,26,0.0,10.426325,,80090.726738,80090.726738,80090.726738,400.000064,0.0,,0,0.0,1,fresh_cid=bafy182084f6c041e74df107ac064ca0e5c0db4f16df842705b6;encrypted_payload_modeled_from_calibrated_aes_gcm;parallel_send_shared_requester_uplink
wan_rpd_100_4_027,WAN,RPD,100,4,4,ALL,27,0.0,10.395606,,80077.908406,80077.908406,80077.908406,400.000064,0.0,,0,0.0,1,fresh_cid=bafy97634f965baa3325fad87d6775608625be1c35fe6e09a8a1;encrypted_payload_modeled_from_calibrated_aes_gcm;parallel_send_shared_requester_uplink
wan_rpd_100_4_028,WAN,RPD,100,4,4,ALL,28,0.0,10.404519,,80121.285468,80121.285468,80121.285468,400.000064,0.0,,0,0.0,1,fresh_cid=bafyefc2315ac8984ca668a8001aeba4b716048957e6318b8b73;encrypted_payload_modeled_from_calibrated_aes_gcm;parallel_send_shared_requester_uplink
wan_rpd_100_4_029,WAN,RPD,100,4,4,ALL,29,0.0,10.233539,,80108.809392,80108.809392,80108.809392,400.000064,0.0,,0,0.0,1,fresh_cid=bafyef7919aae1d661de259fc999f305ac08e26a7944392e90a5;encrypted_payload_modeled_from_calibrated_aes_gcm;parallel_send_shared_requester_uplink
wan_rpd_100_4_030,WAN,RPD,100,4,4,ALL,30,0.0,10.153515,,80086.138968,80086.138968,80086.138968,400.000064,0.0,,0,0.0,1,fresh_cid=bafyccbea1733af707dca6e55b6af560ca4e5e1abd4db7a5d7c8;encrypted_payload_modeled_from_calibrated_aes_gcm;parallel_send_shared_requester_uplink
wan_rpd_100_8_001,WAN,RPD,100,8,8,ALL,1,0.0,10.440386,,160111.681466,160111.681466,160111.681466,800.000128,0.0,,0,0.0,1,fresh_cid=bafydaf8e13faa83748d3d2c83a53c89e5a875220540d67b5112;encrypted_payload_modeled_from_calibrated_aes_gcm;parallel_send_shared_requester_uplink
wan_rpd_100_8_002,WAN,RPD,100,8,8,ALL,2,0.0,10.483654,,160136.293417,160136.293417,160136.293417,800.000128,0.0,,0,0.0,1,fresh_cid=bafyb6aaf17fbe8b3bd4061b05637de26a50a87715d67761a7c0;encrypted_payload_modeled_from_calibrated_aes_gcm;parallel_send_shared_requester_uplink
wan_rpd_100_8_003,WAN,RPD,100,8,8,ALL,3,0.0,10.507157,,160078.032757,160078.032757,160078.032757,800.000128,0.0,,0,0.0,1,fresh_cid=bafy9f2f1e75f8db68f16fcdab4762a9021691428b758bc47fdd;encrypted_payload_modeled_from_calibrated_aes_gcm;parallel_send_shared_requester_uplink
wan_rpd_100_8_004,WAN,RPD,100,8,8,ALL,4,0.0,10.685662,,160104.733671,160104.733671,160104.733671,800.000128,0.0,,0,0.0,1,fresh_cid=bafy785ef06ea5a1052f4be3957da24a7eeac42403b46a6aabc9;encrypted_payload_modeled_from_calibrated_aes_gcm;parallel_send_shared_requester_uplink
wan_rpd_100_8_005,WAN,RPD,100,8,8,ALL,5,0.0,10.224287,,160077.749887,160077.749887,160077.749887,800.000128,0.0,,0,0.0,1,fresh_cid=bafy6f94f7df98ce209d56bc18601e4b0067ee7da25c578d623a;encrypted_payload_modeled_from_calibrated_aes_gcm;parallel_send_shared_requester_uplink
wan_rpd_100_8_006,WAN,RPD,100,8,8,ALL,6,0.0,10.468728,,160112.77763,160112.77763,160112.77763,800.000128,0.0,,0,0.0,1,fresh_cid=bafy377081f1711c6cea3da18d7ca62ebbfc644b4eb918be7e32;encrypted_payload_modeled_from_calibrated_aes_gcm;parallel_send_shared_requester_uplink
wan_rpd_100_8_007,WAN,RPD,100,8,8,ALL,7,0.0,10.352564,,160080.050735,160080.050735,160080.050735,800.000128,0.0,,0,0.0,1,fresh_cid=bafye26c8c893eb0f88c8cfd00b859a7739f6ea7015a82727cdf;encrypted_payload_modeled_from_calibrated_aes_gcm;parallel_send_shared_requester_uplink
wan_rpd_100_8_008,WAN,RPD,100,8,8,ALL,8,0.0,10.420388,,160079.026457,160079.026457,160079.026457,800.000128,0.0,,0,0.0,1,fresh_cid=bafyd6c83392894c40d032efbaf7d41da1f39b0a540b6b4c3f1d;encrypted_payload_modeled_from_calibrated_aes_gcm;parallel_send_shared_requester_uplink
wan_rpd_100_8_009,WAN,RPD,100,8,8,ALL,9,0.0,10.415274,,160115.992658,160115.992658,160115.992658,800.000128,0.0,,0,0.0,1,fresh_cid=bafyed287e116884413bfe09b3ef88469809dd08a5cbfd15be61;encrypted_payload_modeled_from_calibrated_aes_gcm;parallel_send_shared_requester_uplink
wan_rpd_100_8_010,WAN,RPD,100,8,8,ALL,10,0.0,10.557779,,160103.975249,160103.975249,160103.975249,800.000128,0.0,,0,0.0,1,fresh_cid=bafya79c15d6dee1c6c50fc4226997558d97ae949a4f4ce273e7;encrypted_payload_modeled_from_calibrated_aes_gcm;parallel_send_shared_requester_uplink
wan_rpd_100_8_011,WAN,RPD,100,8,8,ALL,11,0.0,10.307042,,160115.893709,160115.893709,160115.893709,800.000128,0.0,,0,0.0,1,fresh_cid=bafy988fb1ca544721fade30a607bab3758bd67b5b3228c8e21a;encrypted_payload_modeled_from_calibrated_aes_gcm;parallel_send_shared_requester_uplink
wan_rpd_100_8_012,WAN,RPD,100,8,8,ALL,12,0.0,10.807061,,160084.430471,160084.430471,160084.430471,800.000128,0.0,,0,0.0,1,fresh_cid=bafyddb2fd1726f2887e1131936d1fa5371e0966f458c4e4823c;encrypted_payload_modeled_from_calibrated_aes_gcm;parallel_send_shared_requester_uplink
wan_rpd_100_8_013,WAN,RPD,100,8,8,ALL,13,0.0,10.546314,,160096.691464,160096.691464,160096.691464,800.000128,0.0,,0,0.0,1,fresh_cid=bafya9cc418f0a97c5461c5a891fdb8f38a8518455727030628d;encrypted_payload_modeled_from_calibrated_aes_gcm;parallel_send_shared_requester_uplink
wan_rpd_100_8_014,WAN,RPD,100,8,8,ALL,14,0.0,10.339292,,160077.864892,160077.864892,160077.864892,800.000128,0.0,,0,0.0,1,fresh_cid=bafy36af6d44381954e283b05226fe6f23b5c892096e570c8c42;encrypted_payload_modeled_from_calibrated_aes_gcm;parallel_send_shared_requester_uplink
wan_rpd_100_8_015,WAN,RPD,100,8,8,ALL,15,0.0,10.377573,,160115.254002,160115.254002,160115.254002,800.000128,0.0,,0,0.0,1,fresh_cid=bafy793738b231df5fc3b104793a946166f6314f0bfb19d9115d;encrypted_payload_modeled_from_calibrated_aes_gcm;parallel_send_shared_requester_uplink
wan_rpd_100_8_016,WAN,RPD,100,8,8,ALL,16,0.0,10.346158,,160102.991876,160102.991876,160102.991876,800.000128,0.0,,0,0.0,1,fresh_cid=bafy6ff301e079acdf0f79567af322c256573ddc13bfa6f7eef8;encrypted_payload_modeled_from_calibrated_aes_gcm;parallel_send_shared_requester_uplink
wan_rpd_100_8_017,WAN,RPD,100,8,8,ALL,17,0.0,10.088732,,160088.173433,160088.173433,160088.173433,800.000128,0.0,,0,0.0,1,fresh_cid=bafyb48edbebfb8357a5b7185f0150f11fab39e4d4de0df56f10;encrypted_payload_modeled_from_calibrated_aes_gcm;parallel_send_shared_requester_uplink
wan_rpd_100_8_018,WAN,RPD,100,8,8,ALL,18,0.0,10.407038,,160139.103027,160139.103027,160139.103027,800.000128,0.0,,0,0.0,1,fresh_cid=bafyb2f5f4d637d8b0143e249fc74443a07f67b57ec98d4be8e2;encrypted_payload_modeled_from_calibrated_aes_gcm;parallel_send_shared_requester_uplink
wan_rpd_100_8_019,WAN,RPD,100,8,8,ALL,19,0.0,10.534105,,160112.755399,160112.755399,160112.755399,800.000128,0.0,,0,0.0,1,fresh_cid=bafy98c33c693f880442ab5158e048afdd11fb05416bfee90031;encrypted_payload_modeled_from_calibrated_aes_gcm;parallel_send_shared_requester_uplink
wan_rpd_100_8_020,WAN,RPD,100,8,8,ALL,20,0.0,10.383061,,160085.234156,160085.234156,160085.234156,800.000128,0.0,,0,0.0,1,fresh_cid=bafy1474543833aed3dd7f8fc6c794f7752b9794263ec695c4e0;encrypted_payload_modeled_from_calibrated_aes_gcm;parallel_send_shared_requester_uplink
wan_rpd_100_8_021,WAN,RPD,100,8,8,ALL,21,0.0,10.421216,,160116.473674,160116.473674,160116.473674,800.000128,0.0,,0,0.0,1,fresh_cid=bafy480c6dd435800055b18a0596ad09a1b093fc1c29d0c1d6dd;encrypted_payload_modeled_from_calibrated_aes_gcm;parallel_send_shared_requester_uplink
wan_rpd_100_8_022,WAN,RPD,100,8,8,ALL,22,0.0,10.197922,,160090.722051,160090.722051,160090.722051,800.000128,0.0,,0,0.0,1,fresh_cid=bafy536179809748462a9f77b4424d2189da7a44258dbb2e58cf;encrypted_payload_modeled_from_calibrated_aes_gcm;parallel_send_shared_requester_uplink
wan_rpd_100_8_023,WAN,RPD,100,8,8,ALL,23,0.0,10.48247,,160078.00807,160078.00807,160078.00807,800.000128,0.0,,0,0.0,1,fresh_cid=bafyb819be0aee0de24867ef10821e900e997b9b381dba5eb073;encrypted_payload_modeled_from_calibrated_aes_gcm;parallel_send_shared_requester_uplink
wan_rpd_100_8_024,WAN,RPD,100,8,8,ALL,24,0.0,10.353079,,160097.268525,160097.268525,160097.268525,800.000128,0.0,,0,0.0,1,fresh_cid=bafy8e08bdc1cb039cb79894bd068f9f8d075b03c534b00fc5d1;encrypted_payload_modeled_from_calibrated_aes_gcm;parallel_send_shared_requester_uplink
wan_rpd_100_8_025,WAN,RPD,100,8,8,ALL,25,0.0,10.468846,,160077.994446,160077.994446,160077.994446,800.000128,0.0,,0,0.0,1,fresh_cid=bafy0c37e27918b354d54f661854a2083520b78e49d78bffd36c;encrypted_payload_modeled_from_calibrated_aes_gcm;parallel_send_shared_requester_uplink
wan_rpd_100_8_026,WAN,RPD,100,8,8,ALL,26,0.0,10.362544,,160077.888144,160077.888144,160077.888144,800.000128,0.0,,0,0.0,1,fresh_cid=bafy0974f52832931812aadb8b27df7a0bde232f130f2bdc3a1a;encrypted_payload_modeled_from_calibrated_aes_gcm;parallel_send_shared_requester_uplink
wan_rpd_100_8_027,WAN,RPD,100,8,8,ALL,27,0.0,10.416055,,160129.315231,160129.315231,160129.315231,800.000128,0.0,,0,0.0,1,fresh_cid=bafy999f9839d5e173bba2629252e031eaad5f7a1e48b9529409;encrypted_payload_modeled_from_calibrated_aes_gcm;parallel_send_shared_requester_uplink
wan_rpd_100_8_028,WAN,RPD,100,8,8,ALL,28,0.0,10.612589,,160148.078314,160148.078314,160148.078314,800.000128,0.0,,0,0.0,1,fresh_cid=bafycc8b40517afa362efa9098c36526941f15d2215f7e6211b4;encrypted_payload_modeled_from_calibrated_aes_gcm;parallel_send_shared_requester_uplink
wan_rpd_100_8_029,WAN,RPD,100,8,8,ALL,29,0.0,10.383557,,160077.909157,160077.909157,160077.909157,800.000128,0.0,,0,0.0,1,fresh_cid=bafy8a7d35913d39b622c741533c659a1dc770f09e13ab9798b2;encrypted_payload_modeled_from_calibrated_aes_gcm;parallel_send_shared_requester_uplink
wan_rpd_100_8_030,WAN,RPD,100,8,8,ALL,30,0.0,10.361757,,160102.022134,160102.022134,160102.022134,800.000128,0.0,,0,0.0,1,fresh_cid=bafyf108e1d31db98a494c160ef3026e1204749cd44fe978d43a;encrypted_payload_modeled_from_calibrated_aes_gcm;parallel_send_shared_requester_uplink
wan_ppd_100_1_001,WAN,PPD,100,1,1,ALL,1,0.0,10.563886,20098.398864,20178.514464,29770.10612,30286.481913,100.000594,100.000016,10107.967448,578,578,1,fresh_cid=bafyb8df799cee08cdfecf5873527d6bca9ae3102139f977673f;encrypted_payload_modeled_from_calibrated_aes_gcm;publish_once_then_parallel_provider_fetch
wan_ppd_100_1_002,WAN,PPD,100,1,1,ALL,2,0.0,10.322506,20124.578991,20204.955403,29784.153663,30316.398439,100.000594,100.000016,10111.443036,578,578,1,fresh_cid=bafya64877411a977873070e1f3726e96ca1e4dcecaef7de5988;encrypted_payload_modeled_from_calibrated_aes_gcm;publish_once_then_parallel_provider_fetch
wan_ppd_100_1_003,WAN,PPD,100,1,1,ALL,3,0.0,10.369367,20077.872567,20157.988167,29705.788104,30255.947583,100.000594,100.000016,10097.959417,578,578,1,fresh_cid=bafye6f3038818ea6d24d997e414f43c5e58dc55c9f3ea343b07;encrypted_payload_modeled_from_calibrated_aes_gcm;publish_once_then_parallel_provider_fetch
wan_ppd_100_1_004,WAN,PPD,100,1,1,ALL,4,0.0,10.482311,20112.180349,20192.295949,29935.378745,30302.582151,100.000594,100.000016,10110.286202,578,578,1,fresh_cid=bafy4ac4fdba41aaaa49e022e3f8d4fdc303cb2419ea6aa32748;encrypted_payload_modeled_from_calibrated_aes_gcm;publish_once_then_parallel_provider_fetch
wan_ppd_100_1_005,WAN,PPD,100,1,1,ALL,5,0.0,10.785739,20078.288939,20158.927921,29587.350654,30238.929521,100.000594,100.000016,10080.0016,578,578,1,fresh_cid=bafy3f871f91a2563cc8e8853c482ac2dcee7b674d0c794bb29a;encrypted_payload_modeled_from_calibrated_aes_gcm;publish_once_then_parallel_provider_fetch
wan_ppd_100_1_006,WAN,PPD,100,1,1,ALL,6,0.0,10.756053,20078.259253,20161.805221,29757.276593,30280.901661,100.000594,100.000016,10119.096441,578,578,1,fresh_cid=bafye432f176b748b74ad95f7770db818d059c335a68aa68137c;encrypted_payload_modeled_from_calibrated_aes_gcm;publish_once_then_parallel_provider_fetch
wan_ppd_100_1_007,WAN,PPD,100,1,1,ALL,7,0.0,10.540666,20080.28672,20163.81215,30026.206902,30243.81375,100.000594,100.000016,10080.0016,578,578,1,fresh_cid=bafy9abc1fc314ce4b1c0b64fb5a1c9c95c7ca7afb55b6e1b053;encrypted_payload_modeled_from_calibrated_aes_gcm;publish_once_then_parallel_provider_fetch
wan_ppd_100_1_008,WAN,PPD,100,1,1,ALL,8,0.0,10.476981,20077.980181,20160.907798,29777.517961,30240.909398,100.000594,100.000016,10080.0016,578,578,1,fresh_cid=bafya5f3b9478aed6785badb86f119c4cfa215d21efdb02178b7;encrypted_payload_modeled_from_calibrated_aes_gcm;publish_once_then_parallel_provider_fetch
wan_ppd_100_1_009,WAN,PPD,100,1,1,ALL,9,0.0,10.399407,20077.902607,20158.018207,29564.043627,30238.019807,100.000594,100.000016,10080.0016,578,578,1,fresh_cid=bafyca859da6027e9cd73369d78fb1d6084fb1a6f2cc32e3f860;encrypted_payload_modeled_from_calibrated_aes_gcm;publish_once_then_parallel_provider_fetch
wan_ppd_100_1_010,WAN,PPD,100,1,1,ALL,10,0.0,10.445136,20079.869241,20159.984841,29814.129517,30243.211124,100.000594,100.000016,10083.226283,578,578,1,fresh_cid=bafyce99cf4fbe5d8b23dae034539bcd037c7a8ada636599b467;encrypted_payload_modeled_from_calibrated_aes_gcm;publish_once_then_parallel_provider_fetch
wan_ppd_100_1_011,WAN,PPD,100,1,1,ALL,11,0.0,10.235744,20078.77239,20160.623645,29877.753806,30260.738694,100.000594,100.000016,10100.115049,578,578,1,fresh_cid=bafy8fe4c9bbca2d5c95288d8db5a4e2fe4d725674e60ecb514c;encrypted_payload_modeled_from_calibrated_aes_gcm;publish_once_then_parallel_provider_fetch
wan_ppd_100_1_012,WAN,PPD,100,1,1,ALL,12,0.0,10.702478,20096.443333,20176.558933,29853.045211,30256.560533,100.000594,100.000016,10080.0016,578,578,1,fresh_cid=bafyf08bf53b37a98a1167c2df7d7a501f5571a0db938c6c68aa;encrypted_payload_modeled_from_calibrated_aes_gcm;publish_once_then_parallel_provider_fetch
wan_ppd_100_1_013,WAN,PPD,100,1,1,ALL,13,0.0,10.248848,20101.417053,20183.705863,29621.591219,30263.707463,100.000594,100.000016,10080.0016,578,578,1,fresh_cid=bafy92237238f869c51d75e4e8d4eacb3f1ead835eee609fbeae;encrypted_payload_modeled_from_calibrated_aes_gcm;publish_once_then_parallel_provider_fetch
wan_ppd_100_1_014,WAN,PPD,100,1,1,ALL,14,0.0,10.197826,20077.701026,20157.816626,29754.885295,30316.593354,100.000594,100.000016,10158.776728,578,578,1,fresh_cid=bafy90088f315bfd127610a42c98ecce840d3c8a93c7cb33367b;encrypted_payload_modeled_from_calibrated_aes_gcm;publish_once_then_parallel_provider_fetch
wan_ppd_100_1_015,WAN,PPD,100,1,1,ALL,15,0.0,10.630416,20088.524202,20168.703644,29535.483751,30248.705244,100.000594,100.000016,10080.0016,578,578,1,fresh_cid=bafyd3ecf3fef7306853895abd5a4dd034cd73ca2469967300b1;encrypted_payload_modeled_from_calibrated_aes_gcm;publish_once_then_parallel_provider_fetch
wan_ppd_100_1_016,WAN,PPD,100,1,1,ALL,16,0.0,10.584015,20078.087215,20158.202815,29629.528722,30238.204415,100.000594,100.000016,10080.0016,578,578,1,fresh_cid=bafy451588789f3af30b42000cd93f8a3d2f6a37952c0c8766e8;encrypted_payload_modeled_from_calibrated_aes_gcm;publish_once_then_parallel_provider_fetch
wan_ppd_100_1_017,WAN,PPD,100,1,1,ALL,17,0.0,10.575918,20085.462486,20168.415741,29690.941094,30274.040864,100.000594,100.000016,10105.625123,578,578,1,fresh_cid=bafyfbe3597ccce683df4882fee1304aee5ba4ed65cd2cb9205e;encrypted_payload_modeled_from_calibrated_aes_gcm;publish_once_then_parallel_provider_fetch
wan_ppd_100_1_018,WAN,PPD,100,1,1,ALL,18,0.0,10.471063,20126.163353,20207.870362,29943.350361,30312.120495,100.000594,100.000016,10104.250133,578,578,1,fresh_cid=bafy711c4f68995a51b50832e057370f33fe4fdc9679fde53881;encrypted_payload_modeled_from_calibrated_aes_gcm;publish_once_then_parallel_provider_fetch
wan_ppd_100_1_019,WAN,PPD,100,1,1,ALL,19,0.0,10.504824,20117.301435,20199.390628,30245.195431,30319.623034,100.000594,100.000016,10120.232405,578,578,1,fresh_cid=bafy43684eccb029a30a340ccf22e410183761767ce4bc2c12c2;encrypted_payload_modeled_from_calibrated_aes_gcm;publish_once_then_parallel_provider_fetch
wan_ppd_100_1_020,WAN,PPD,100,1,1,ALL,20,0.0,10.390233,20115.359254,20195.580014,29763.80542,30275.581614,100.000594,100.000016,10080.0016,578,578,1,fresh_cid=bafyc5e7856aedb8a9905ebcc948af5c0f4cbd218bbdbaa12495;encrypted_payload_modeled_from_calibrated_aes_gcm;publish_once_then_parallel_provider_fetch
wan_ppd_100_1_021,WAN,PPD,100,1,1,ALL,21,0.0,10.447279,20080.694881,20160.810481,29909.372926,30240.812081,100.000594,100.000016,10080.0016,578,578,1,fresh_cid=bafye1f538f96bdc399ee9e7f4109f91d1ac38f0f7c26c9ae551;encrypted_payload_modeled_from_calibrated_aes_gcm;publish_once_then_parallel_provider_fetch
wan_ppd_100_1_022,WAN,PPD,100,1,1,ALL,22,0.0,10.329203,20080.20048,20160.31608,29762.149016,30268.860853,100.000594,100.000016,10108.544774,578,578,1,fresh_cid=bafy6bb79ad7427f67bc6aaa3ebd5f7088d0090dd8c6ab68777e;encrypted_payload_modeled_from_calibrated_aes_gcm;publish_once_then_parallel_provider_fetch
wan_ppd_100_1_023,WAN,PPD,100,1,1,ALL,23,0.0,10.477764,20143.02676,20223.310394,29573.333369,30303.311994,100.000594,100.000016,10080.0016,578,578,1,fresh_cid=bafy485dc41cf54c281fb45d789d0ee574df5eeb211902b24ef8;encrypted_payload_modeled_from_calibrated_aes_gcm;publish_once_then_parallel_provider_fetch
wan_ppd_100_1_024,WAN,PPD,100,1,1,ALL,24,0.0,10.672688,20078.326722,20158.442322,29917.104139,30245.714301,100.000594,100.000016,10087.271979,578,578,1,fresh_cid=bafy059d816eb43a89409f161967d8b97cacef20a84e2eecb3ff;encrypted_payload_modeled_from_calibrated_aes_gcm;publish_once_then_parallel_provider_fetch
wan_ppd_100_1_025,WAN,PPD,100,1,1,ALL,25,0.0,10.359825,20077.863025,20158.79273,29579.633445,30238.79433,100.000594,100.000016,10080.0016,578,578,1,fresh_cid=bafydff8a07a6974a4bebaeb85953a6d8e4e178461947b0ca3e5;encrypted_payload_modeled_from_calibrated_aes_gcm;publish_once_then_parallel_provider_fetch
wan_ppd_100_1_026,WAN,PPD,100,1,1,ALL,26,0.0,10.42681,20090.028154,20170.357354,29701.792036,30250.358954,100.000594,100.000016,10080.0016,578,578,1,fresh_cid=bafyc7db4fef578b532b9bd71399d2dd49ead8b8b06131e77217;encrypted_payload_modeled_from_calibrated_aes_gcm;publish_once_then_parallel_provider_fetch
wan_ppd_100_1_027,WAN,PPD,100,1,1,ALL,27,0.0,10.289986,20077.793186,20157.908786,29671.455657,30237.910386,100.000594,100.000016,10080.0016,578,578,1,fresh_cid=bafy420a3b26fbf2c7e0bd44a7489919725ab4a422f45335afca;encrypted_payload_modeled_from_calibrated_aes_gcm;publish_once_then_parallel_provider_fetch
wan_ppd_100_1_028,WAN,PPD,100,1,1,ALL,28,0.0,10.43582,20077.93902,20160.28394,29901.103975,30240.28554,100.000594,100.000016,10080.0016,578,578,1,fresh_cid=bafy1bce515096a4658b42a8040022506781675109b0be0cf56f;encrypted_payload_modeled_from_calibrated_aes_gcm;publish_once_then_parallel_provider_fetch
wan_ppd_100_1_029,WAN,PPD,100,1,1,ALL,29,0.0,10.4501,20111.30737,20192.313135,29660.787695,30272.314735,100.000594,100.000016,10080.0016,578,578,1,fresh_cid=bafy03943470426c0760466c798cdc426a5f186b8b434c4837fa;encrypted_payload_modeled_from_calibrated_aes_gcm;publish_once_then_parallel_provider_fetch
wan_ppd_100_1_030,WAN,PPD,100,1,1,ALL,30,0.0,10.34491,20077.84811,20161.231726,29906.263291,30277.109193,100.000594,100.000016,10115.877467,578,578,1,fresh_cid=bafy0bf7707ef5bde99c2bedaf0687283345fa9e14a45650a1e3;encrypted_payload_modeled_from_calibrated_aes_gcm;publish_once_then_parallel_provider_fetch
wan_ppd_100_2_001,WAN,PPD,100,2,2,ALL,1,0.0,10.610989,20117.50767,20198.54365,30020.431709,30278.54525,100.001172,200.000032,10080.0016,1156,578,1,fresh_cid=bafy9e4d9f3a02182b62297c1dd9ec56ea71a22875a886a96f76;encrypted_payload_modeled_from_calibrated_aes_gcm;publish_once_then_parallel_provider_fetch
wan_ppd_100_2_002,WAN,PPD,100,2,2,ALL,2,0.0,10.486069,20094.33028,20179.080452,29626.057037,30259.082052,100.001172,200.000032,10080.0016,1156,578,1,fresh_cid=bafy3222b53045cc975e13643cb96d17827f7c59bb13af065a91;encrypted_payload_modeled_from_calibrated_aes_gcm;publish_once_then_parallel_provider_fetch
wan_ppd_100_2_003,WAN,PPD,100,2,2,ALL,3,0.0,10.549979,20078.053179,20160.566343,29768.300774,30240.567943,100.001172,200.000032,10080.0016,1156,578,1,fresh_cid=bafyb6aed024c60eeca4eb05932f271f2bb5f628c00c0ebe6c30;encrypted_payload_modeled_from_calibrated_aes_gcm;publish_once_then_parallel_provider_fetch
wan_ppd_100_2_004,WAN,PPD,100,2,2,ALL,4,0.0,10.610247,20078.113447,20160.189039,29375.183967,30268.288112,100.001172,200.000032,10108.099073,1156,578,1,fresh_cid=bafy9e4f3ed32e76c4a01ca95a1828d4ae5c8da93956f8ca6255;encrypted_payload_modeled_from_calibrated_aes_gcm;publish_once_then_parallel_provider_fetch
wan_ppd_100_2_005,WAN,PPD,100,2,2,ALL,5,0.0,10.586989,20116.265525,20197.373989,29765.013926,30298.638328,100.001172,200.000032,10101.264339,1156,578,1,fresh_cid=bafy46c72c80606bd1f69e6833d7e7fd69a5d5b8f5a2809ef143;encrypted_payload_modeled_from_calibrated_aes_gcm;publish_once_then_parallel_provider_fetch
wan_ppd_100_2_006,WAN,PPD,100,2,2,ALL,6,0.0,10.136888,20095.67929,20177.343147,29803.206704,30271.436936,100.001172,200.000032,10094.093789,1156,578,1,fresh_cid=bafyd20d0d8030040ceb87feceecd040506e4cb29c1f788abd4b;encrypted_payload_modeled_from_calibrated_aes_gcm;publish_once_then_parallel_provider_fetch
wan_ppd_100_2_007,WAN,PPD,100,2,2,ALL,7,0.0,10.396655,20086.22846,20166.45966,29864.191707,30268.944927,100.001172,200.000032,10102.485267,1156,578,1,fresh_cid=bafy04ee4359094cddbbc7ebefca7fdfeee28460950140fbd113;encrypted_payload_modeled_from_calibrated_aes_gcm;publish_once_then_parallel_provider_fetch
wan_ppd_100_2_008,WAN,PPD,100,2,2,ALL,8,0.0,10.407571,20100.957304,20182.293088,29573.957629,30296.534519,100.001172,200.000032,10114.241431,1156,578,1,fresh_cid=bafyed4f48c482f8fb4254fd5fe39305508b791cc1b2aed96538;encrypted_payload_modeled_from_calibrated_aes_gcm;publish_once_then_parallel_provider_fetch
wan_ppd_100_2_009,WAN,PPD,100,2,2,ALL,9,0.0,10.453525,20119.193459,20200.262212,29823.65802,30287.91624,100.001172,200.000032,10087.654028,1156,578,1,fresh_cid=bafy4062473b0be16c2721000fd9eed2a6a2b64a5f99d54a089e;encrypted_payload_modeled_from_calibrated_aes_gcm;publish_once_then_parallel_provider_fetch
wan_ppd_100_2_010,WAN,PPD,100,2,2,ALL,10,0.0,10.650995,20087.934189,20168.165389,29577.296634,30248.166989,100.001172,200.000032,10080.0016,1156,578,1,fresh_cid=bafy21bfbefa1d2fc40e260e41e52df44d98a55dbce0ab2a7b6f;encrypted_payload_modeled_from_calibrated_aes_gcm;publish_once_then_parallel_provider_fetch
wan_ppd_100_2_011,WAN,PPD,100,2,2,ALL,11,0.0,10.404191,20080.977357,20162.967762,29727.994104,30273.742023,100.001172,200.000032,10110.774261,1156,578,1,fresh_cid=bafy0576ec3bffb5cf4402fa37ac8e8c6bdae0c2a0cd2f5fcd00;encrypted_payload_modeled_from_calibrated_aes_gcm;publish_once_then_parallel_provider_fetch
wan_ppd_100_2_012,WAN,PPD,100,2,2,ALL,12,0.0,10.315914,20111.197875,20191.806923,29691.651379,30291.470725,100.001172,200.000032,10099.663803,1156,578,1,fresh_cid=bafy5b9180e19ca92d25a69669441f67b0fc22df1c8306d02e2d;encrypted_payload_modeled_from_calibrated_aes_gcm;publish_once_then_parallel_provider_fetch
wan_ppd_100_2_013,WAN,PPD,100,2,2,ALL,13,0.0,10.348378,20111.716987,20192.011372,29682.627605,30294.757761,100.001172,200.000032,10102.746389,1156,578,1,fresh_cid=bafyc178f2bba9b9b8a54c44de3724b7d27713fc19a5b64bacc3;encrypted_payload_modeled_from_calibrated_aes_gcm;publish_once_then_parallel_provider_fetch
wan_ppd_100_2_014,WAN,PPD,100,2,2,ALL,14,0.0,10.415539,20105.813872,20188.66409,29624.096373,30295.332695,100.001172,200.000032,10106.668605,1156,578,1,fresh_cid=bafy6adc8b720c567dc6cf61030bce261679ee0742596afaadd5;encrypted_payload_modeled_from_calibrated_aes_gcm;publish_once_then_parallel_provider_fetch
wan_ppd_100_2_015,WAN,PPD,100,2,2,ALL,15,0.0,10.423683,20089.736721,20169.967921,29771.781527,30249.969521,100.001172,200.000032,10080.0016,1156,578,1,fresh_cid=bafye873aadf29e726e633e7f20e2c05fdc86a2e44f52c674153;encrypted_payload_modeled_from_calibrated_aes_gcm;publish_once_then_parallel_provider_fetch
wan_ppd_100_2_016,WAN,PPD,100,2,2,ALL,16,0.0,10.590832,20084.459229,20166.647822,29612.944809,30293.382961,100.001172,200.000032,10126.735139,1156,578,1,fresh_cid=bafy967d080dddd6de4ef9d202a37efd2b2a92ac7b008a070884;encrypted_payload_modeled_from_calibrated_aes_gcm;publish_once_then_parallel_provider_fetch
wan_ppd_100_2_017,WAN,PPD,100,2,2,ALL,17,0.0,10.466494,20105.326281,20188.054015,29824.970653,30325.172122,100.001172,200.000032,10137.118106,1156,578,1,fresh_cid=bafyd1b46894f2cc807103827ad9bf2f6416b31007f1af02637f;encrypted_payload_modeled_from_calibrated_aes_gcm;publish_once_then_parallel_provider_fetch
wan_ppd_100_2_018,WAN,PPD,100,2,2,ALL,18,0.0,10.283968,20077.787168,20161.413227,29854.015574,30286.158451,100.001172,200.000032,10124.745224,1156,578,1,fresh_cid=bafy1eb51f0cef6ab550de3a4d5657e8bf8b450cf679b83e8324;encrypted_payload_modeled_from_calibrated_aes_gcm;publish_once_then_parallel_provider_fetch
wan_ppd_100_2_019,WAN,PPD,100,2,2,ALL,19,0.0,10.244377,20111.821745,20192.124213,29962.204559,30291.087014,100.001172,200.000032,10098.962801,1156,578,1,fresh_cid=bafyce744f3118abc36552da44d899e6fe073c6a96526b34dace;encrypted_payload_modeled_from_calibrated_aes_gcm;publish_once_then_parallel_provider_fetch
wan_ppd_100_2_020,WAN,PPD,100,2,2,ALL,20,0.0,10.29518,20084.596998,20164.828198,29612.662426,30244.829798,100.001172,200.000032,10080.0016,1156,578,1,fresh_cid=bafy955a6e86631cdcc9bef1beaf811064a7a9d202a5155f095e;encrypted_payload_modeled_from_calibrated_aes_gcm;publish_once_then_parallel_provider_fetch
wan_ppd_100_2_021,WAN,PPD,100,2,2,ALL,21,0.0,10.365072,20089.740117,20169.971317,29807.960602,30249.972917,100.001172,200.000032,10080.0016,1156,578,1,fresh_cid=bafy4d77bf69246337ccba5638317562595ddf6fa081f26313a6;encrypted_payload_modeled_from_calibrated_aes_gcm;publish_once_then_parallel_provider_fetch
wan_ppd_100_2_022,WAN,PPD,100,2,2,ALL,22,0.0,10.373851,20096.369921,20181.084727,29545.030737,30284.747318,100.001172,200.000032,10103.66259,1156,578,1,fresh_cid=bafy8815d4a959286e50ba61ca33a47692706f48159cbe3fc409;encrypted_payload_modeled_from_calibrated_aes_gcm;publish_once_then_parallel_provider_fetch
wan_ppd_100_2_023,WAN,PPD,100,2,2,ALL,23,0.0,10.499595,20078.002795,20158.233995,29753.576278,30238.235595,100.001172,200.000032,10080.0016,1156,578,1,fresh_cid=bafya3b1e5b8a80ab1fa56c965aa66fff73ad56e1a2e2bbc422a;encrypted_payload_modeled_from_calibrated_aes_gcm;publish_once_then_parallel_provider_fetch
wan_ppd_100_2_024,WAN,PPD,100,2,2,ALL,24,0.0,10.35655,20077.85975,20164.594252,29531.922574,30244.595852,100.001172,200.000032,10080.0016,1156,578,1,fresh_cid=bafy2f69e99a86c733d1271284491e6c1d8b37942a32c4aa0eb6;encrypted_payload_modeled_from_calibrated_aes_gcm;publish_once_then_parallel_provider_fetch
wan_ppd_100_2_025,WAN,PPD,100,2,2,ALL,25,0.0,10.541064,20081.41303,20161.64423,29831.17411,30244.439631,100.001172,200.000032,10082.795402,1156,578,1,fresh_cid=bafya50febf266350b3c11a2d760a86f1673fd08606fa4793d87;encrypted_payload_modeled_from_calibrated_aes_gcm;publish_once_then_parallel_provider_fetch
wan_ppd_100_2_026,WAN,PPD,100,2,2,ALL,26,0.0,10.392732,20098.802846,20179.335573,29780.020139,30264.372881,100.001172,200.000032,10085.037307,1156,578,1,fresh_cid=bafy32d1b7d9156450a760918dbfce1fadde55a3563f2b986b55;encrypted_payload_modeled_from_calibrated_aes_gcm;publish_once_then_parallel_provider_fetch
wan_ppd_100_2_027,WAN,PPD,100,2,2,ALL,27,0.0,10.109032,20108.817137,20189.048337,29787.941672,30269.049937,100.001172,200.000032,10080.0016,1156,578,1,fresh_cid=bafy6feaf9e486f30bc1ef92650c8c160241553593e0f8b0b8f8;encrypted_payload_modeled_from_calibrated_aes_gcm;publish_once_then_parallel_provider_fetch
wan_ppd_100_2_028,WAN,PPD,100,2,2,ALL,28,0.0,10.838396,20078.341596,20159.314932,29796.491792,30272.219022,100.001172,200.000032,10112.90409,1156,578,1,fresh_cid=bafy04c3d39dee977fd24289be31ca769665b25f3aaad192a586;encrypted_payload_modeled_from_calibrated_aes_gcm;publish_once_then_parallel_provider_fetch
wan_ppd_100_2_029,WAN,PPD,100,2,2,ALL,29,0.0,10.401936,20077.905136,20158.136336,29448.300809,30245.851084,100.001172,200.000032,10087.714748,1156,578,1,fresh_cid=bafy588be7d9c7d3e3bb0e07c02d538dc2acc2dc0334f2a9c57b;encrypted_payload_modeled_from_calibrated_aes_gcm;publish_once_then_parallel_provider_fetch
wan_ppd_100_2_030,WAN,PPD,100,2,2,ALL,30,0.0,10.432098,20112.376229,20193.807805,29789.212385,30317.724313,100.001172,200.000032,10123.916507,1156,578,1,fresh_cid=bafy1e83b263edf77908364003d93b985e4ec284e0664f2fffb8;encrypted_payload_modeled_from_calibrated_aes_gcm;publish_once_then_parallel_provider_fetch
wan_ppd_100_4_001,WAN,PPD,100,4,4,ALL,1,0.0,10.367537,20132.407517,20212.869917,29830.270626,30334.846983,100.002328,400.000064,10121.977066,2312,578,1,fresh_cid=bafy2318ee1caa4769813c80d116018342b94ea5153a896c8327;encrypted_payload_modeled_from_calibrated_aes_gcm;publish_once_then_parallel_provider_fetch
wan_ppd_100_4_002,WAN,PPD,100,4,4,ALL,2,0.0,10.296665,20084.894772,20167.677839,29765.635221,30260.27746,100.002328,400.000064,10092.599622,2312,578,1,fresh_cid=bafyd49963eb1890844afee1c45b77d9f9d4e0318c0c8af1dd4c;encrypted_payload_modeled_from_calibrated_aes_gcm;publish_once_then_parallel_provider_fetch
wan_ppd_100_4_003,WAN,PPD,100,4,4,ALL,3,0.0,10.36153,20077.86473,20158.32713,29734.794257,30262.546353,100.002328,400.000064,10104.219223,2312,578,1,fresh_cid=bafyc6aa602a2798fc85b11174ec6d4c64607c7557d56edbed06;encrypted_payload_modeled_from_calibrated_aes_gcm;publish_once_then_parallel_provider_fetch
wan_ppd_100_4_004,WAN,PPD,100,4,4,ALL,4,0.0,10.501638,20128.939419,20209.697346,29833.12946,30289.698946,100.002328,400.000064,10080.0016,2312,578,1,fresh_cid=bafy18dd988ed0b38add05aa1943ec4ef8b44229645f754a21ba;encrypted_payload_modeled_from_calibrated_aes_gcm;publish_once_then_parallel_provider_fetch
wan_ppd_100_4_005,WAN,PPD,100,4,4,ALL,5,0.0,10.550291,20087.97138,20168.43378,29737.535142,30267.339911,100.002328,400.000064,10098.906132,2312,578,1,fresh_cid=bafy6931a2af5911645628c49f3548c3342c55921cc9e9823893;encrypted_payload_modeled_from_calibrated_aes_gcm;publish_once_then_parallel_provider_fetch
wan_ppd_100_4_006,WAN,PPD,100,4,4,ALL,6,0.0,10.53834,20115.132812,20195.595212,30007.446706,30275.596812,100.002328,400.000064,10080.0016,2312,578,1,fresh_cid=bafyd6c290b102eab3d80684da83b39c81e6a67798bb996232bb;encrypted_payload_modeled_from_calibrated_aes_gcm;publish_once_then_parallel_provider_fetch
wan_ppd_100_4_007,WAN,PPD,100,4,4,ALL,7,0.0,10.491469,20083.659199,20164.910238,29693.809111,30247.657646,100.002328,400.000064,10082.747408,2312,578,1,fresh_cid=bafye2fff7514990c8b63c9d8f39a9f6543491e7a46706a2e448;encrypted_payload_modeled_from_calibrated_aes_gcm;publish_once_then_parallel_provider_fetch
wan_ppd_100_4_008,WAN,PPD,100,4,4,ALL,8,0.0,10.638346,20092.194762,20173.590659,29619.429423,30262.635038,100.002328,400.000064,10089.044379,2312,578,1,fresh_cid=bafy528450033a3415cccc0e0ed46196222767e258c49cab9687;encrypted_payload_modeled_from_calibrated_aes_gcm;publish_once_then_parallel_provider_fetch
wan_ppd_100_4_009,WAN,PPD,100,4,4,ALL,9,0.0,10.414841,20142.339305,20225.208795,29768.474866,30318.552,100.002328,400.000064,10093.343205,2312,578,1,fresh_cid=bafy88fbe8161b64b09fb63d182e9e1882d9613f83624144d26e;encrypted_payload_modeled_from_calibrated_aes_gcm;publish_once_then_parallel_provider_fetch
wan_ppd_100_4_010,WAN,PPD,100,4,4,ALL,10,0.0,10.250613,20112.993171,20193.455571,29839.858799,30273.457171,100.002328,400.000064,10080.0016,2312,578,1,fresh_cid=bafy0a664011b4532e795d34f1a61f44de1ca19e6c7014510674;encrypted_payload_modeled_from_calibrated_aes_gcm;publish_once_then_parallel_provider_fetch
wan_ppd_100_4_011,WAN,PPD,100,4,4,ALL,11,0.0,10.329552,20105.787575,20189.465954,29976.790819,30269.467554,100.002328,400.000064,10080.0016,2312,578,1,fresh_cid=bafyc20f4b6b297c01b6d08bfc29de0cc2069c7f6f921e790f65;encrypted_payload_modeled_from_calibrated_aes_gcm;publish_once_then_parallel_provider_fetch
wan_ppd_100_4_012,WAN,PPD,100,4,4,ALL,12,0.0,10.695054,20078.198254,20158.893958,29790.726824,30246.87879,100.002328,400.000064,10087.984832,2312,578,1,fresh_cid=bafy936470f3052bd60fb1eba76f7343f101ff325bb491a55be4;encrypted_payload_modeled_from_calibrated_aes_gcm;publish_once_then_parallel_provider_fetch
wan_ppd_100_4_013,WAN,PPD,100,4,4,ALL,13,0.0,10.406175,20077.909375,20158.371775,29930.313524,30259.359442,100.002328,400.000064,10100.987667,2312,578,1,fresh_cid=bafyb3ca35dcaa369a960d00835b37dccb2595f70c9c65f1c996;encrypted_payload_modeled_from_calibrated_aes_gcm;publish_once_then_parallel_provider_fetch
wan_ppd_100_4_014,WAN,PPD,100,4,4,ALL,14,0.0,10.599617,20089.756586,20173.912421,29280.495885,30292.338492,100.002328,400.000064,10118.426071,2312,578,1,fresh_cid=bafybc8429a03333ade93733677ed6f460df9e1ab62f42f000a6;encrypted_payload_modeled_from_calibrated_aes_gcm;publish_once_then_parallel_provider_fetch
wan_ppd_100_4_015,WAN,PPD,100,4,4,ALL,15,0.0,10.682389,20088.408267,20170.502778,29838.59408,30251.253674,100.002328,400.000064,10080.750896,2312,578,1,fresh_cid=bafy0b477ff4a28d513655e2a8e9d1593931fd886a385951687a;encrypted_payload_modeled_from_calibrated_aes_gcm;publish_once_then_parallel_provider_fetch
wan_ppd_100_4_016,WAN,PPD,100,4,4,ALL,16,0.0,10.506859,20144.535298,20224.997698,30028.538681,30332.219698,100.002328,400.000064,10107.222,2312,578,1,fresh_cid=bafy27219e41d70b83123e8394adaba42a9b01c3d117bee11ee5;encrypted_payload_modeled_from_calibrated_aes_gcm;publish_once_then_parallel_provider_fetch
wan_ppd_100_4_017,WAN,PPD,100,4,4,ALL,17,0.0,10.127895,20091.43026,20171.89266,29930.363435,30266.333902,100.002328,400.000064,10094.441242,2312,578,1,fresh_cid=bafya7ad529bb93a9ec49d54fedb033bb0e2a71373fb8b2a80f7;encrypted_payload_modeled_from_calibrated_aes_gcm;publish_once_then_parallel_provider_fetch
wan_ppd_100_4_018,WAN,PPD,100,4,4,ALL,18,0.0,10.588422,20078.091622,20161.418438,29802.900536,30241.420038,100.002328,400.000064,10080.0016,2312,578,1,fresh_cid=bafye19e268dbbb7eca0bd27fee86b7a6f2f7d02c01f15df8993;encrypted_payload_modeled_from_calibrated_aes_gcm;publish_once_then_parallel_provider_fetch
wan_ppd_100_4_019,WAN,PPD,100,4,4,ALL,19,0.0,10.457231,20093.768979,20174.231379,29930.266625,30254.232979,100.002328,400.000064,10080.0016,2312,578,1,fresh_cid=bafy20776c46ba1e887bb913e0665391a0ee4ffb21c804262ad8;encrypted_payload_modeled_from_calibrated_aes_gcm;publish_once_then_parallel_provider_fetch
wan_ppd_100_4_020,WAN,PPD,100,4,4,ALL,20,0.0,10.486914,20096.274598,20179.755676,29983.555866,30278.304204,100.002328,400.000064,10098.548528,2312,578,1,fresh_cid=bafyba32a10fa53b9b960e175634f0ab66881950387cd66a6d5d;encrypted_payload_modeled_from_calibrated_aes_gcm;publish_once_then_parallel_provider_fetch
wan_ppd_100_4_021,WAN,PPD,100,4,4,ALL,21,0.0,10.654449,20118.52603,20203.188308,29839.817174,30293.337875,100.002328,400.000064,10090.149567,2312,578,1,fresh_cid=bafy1103014f2a2f413199c2219afb3b4ec8acfa051c4e4a9378;encrypted_payload_modeled_from_calibrated_aes_gcm;publish_once_then_parallel_provider_fetch
wan_ppd_100_4_022,WAN,PPD,100,4,4,ALL,22,0.0,10.263961,20093.486756,20174.559135,30015.593286,30254.560735,100.002328,400.000064,10080.0016,2312,578,1,fresh_cid=bafyec9a369dc9988992639cf8f40029c547ab8fc86b38c5a289;encrypted_payload_modeled_from_calibrated_aes_gcm;publish_once_then_parallel_provider_fetch
wan_ppd_100_4_023,WAN,PPD,100,4,4,ALL,23,0.0,10.666165,20078.169365,20160.263435,29840.52626,30274.771091,100.002328,400.000064,10114.507656,2312,578,1,fresh_cid=bafy7cd114ee9c42b4fef8fdccbec9a4d1d846fa1d6abec0a5da;encrypted_payload_modeled_from_calibrated_aes_gcm;publish_once_then_parallel_provider_fetch
wan_ppd_100_4_024,WAN,PPD,100,4,4,ALL,24,0.0,10.509152,20078.012352,20159.479997,29997.027797,30298.844064,100.002328,400.000064,10139.364067,2312,578,1,fresh_cid=bafy5a82f11e788e1d6bd574e4ab4d7f16efdc2b299f040d7ce9;encrypted_payload_modeled_from_calibrated_aes_gcm;publish_once_then_parallel_provider_fetch
wan_ppd_100_4_025,WAN,PPD,100,4,4,ALL,25,0.0,10.388574,20077.891774,20158.354174,30205.492841,30243.585139,100.002328,400.000064,10085.230965,2312,578,1,fresh_cid=bafyd27077a82971c1742c861f7324b2a0225c7d6c2022d82c09;encrypted_payload_modeled_from_calibrated_aes_gcm;publish_once_then_parallel_provider_fetch
wan_ppd_100_4_026,WAN,PPD,100,4,4,ALL,26,0.0,10.373082,20108.954785,20189.417185,29858.825413,30269.418785,100.002328,400.000064,10080.0016,2312,578,1,fresh_cid=bafy2834b61de680f32caa18e1c10704ff2717a0b77ebbea359c;encrypted_payload_modeled_from_calibrated_aes_gcm;publish_once_then_parallel_provider_fetch
wan_ppd_100_4_027,WAN,PPD,100,4,4,ALL,27,0.0,10.225083,20079.545694,20162.793428,29600.045345,30287.71464,100.002328,400.000064,10124.921211,2312,578,1,fresh_cid=bafy6ffe246b23aab6f7f3adcb5b70bd9e5adfb39a4856473e3b;encrypted_payload_modeled_from_calibrated_aes_gcm;publish_once_then_parallel_provider_fetch
wan_ppd_100_4_028,WAN,PPD,100,4,4,ALL,28,0.0,10.158997,20077.662197,20158.124597,29734.195093,30263.513495,100.002328,400.000064,10105.388898,2312,578,1,fresh_cid=bafy5858c8128a9dbfd62a8bd24798798f3daafa4d9413a88ad8;encrypted_payload_modeled_from_calibrated_aes_gcm;publish_once_then_parallel_provider_fetch
wan_ppd_100_4_029,WAN,PPD,100,4,4,ALL,29,0.0,10.458844,20086.506461,20168.226864,29877.256981,30248.228464,100.002328,400.000064,10080.0016,2312,578,1,fresh_cid=bafy09f0cfc298939cee9f2a02ba17cf7f3fe9bb6bd11c3ee5b0;encrypted_payload_modeled_from_calibrated_aes_gcm;publish_once_then_parallel_provider_fetch
wan_ppd_100_4_030,WAN,PPD,100,4,4,ALL,30,0.0,10.391366,20077.894566,20159.847538,29882.561938,30239.849138,100.002328,400.000064,10080.0016,2312,578,1,fresh_cid=bafy9ae269ee8590c82e6d22edd5ff2f2742a0f063dc7ec74714;encrypted_payload_modeled_from_calibrated_aes_gcm;publish_once_then_parallel_provider_fetch
wan_ppd_100_8_001,WAN,PPD,100,8,8,ALL,1,0.0,10.310163,20136.346371,20217.271171,29909.824845,30304.032042,100.00464,800.000128,10086.760871,4624,578,1,fresh_cid=bafy0b49983fbd95a511a5f2726e2d2dd04b02bc0b70dc037ada;encrypted_payload_modeled_from_calibrated_aes_gcm;publish_once_then_parallel_provider_fetch
wan_ppd_100_8_002,WAN,PPD,100,8,8,ALL,2,0.0,10.413608,20081.491777,20162.416577,29590.095614,30242.418177,100.00464,800.000128,10080.0016,4624,578,1,fresh_cid=bafy0f1d4ca139e26973d43c863b9b3577a0f6cf71782ce397d7;encrypted_payload_modeled_from_calibrated_aes_gcm;publish_once_then_parallel_provider_fetch
wan_ppd_100_8_003,WAN,PPD,100,8,8,ALL,3,0.0,10.390565,20107.703945,20188.628745,29562.424271,30268.630345,100.00464,800.000128,10080.0016,4624,578,1,fresh_cid=bafy3dbe96dc5cbffc49e81604dff66efdc57f0181574970345b;encrypted_payload_modeled_from_calibrated_aes_gcm;publish_once_then_parallel_provider_fetch
wan_ppd_100_8_004,WAN,PPD,100,8,8,ALL,4,0.0,10.473255,20103.679022,20184.603822,29633.515796,30274.711027,100.00464,800.000128,10090.107204,4624,578,1,fresh_cid=bafyb4d6e6efe3cb21c5cf43e0cf844b8f62c5bfa9b5c050c0e2;encrypted_payload_modeled_from_calibrated_aes_gcm;publish_once_then_parallel_provider_fetch
wan_ppd_100_8_005,WAN,PPD,100,8,8,ALL,5,0.0,10.166962,20094.99201,20176.91978,29579.80357,30256.92138,100.00464,800.000128,10080.0016,4624,578,1,fresh_cid=bafyc45b435307cec632fe7ed058f489e993ed37dd186caee04d;encrypted_payload_modeled_from_calibrated_aes_gcm;publish_once_then_parallel_provider_fetch
wan_ppd_100_8_006,WAN,PPD,100,8,8,ALL,6,0.0,10.525296,20078.028496,20159.173988,29763.924053,30267.467155,100.00464,800.000128,10108.293167,4624,578,1,fresh_cid=bafy8e6d56e4ff7ffbdc55d5c185a06cd0933a38a10b39044ecf;encrypted_payload_modeled_from_calibrated_aes_gcm;publish_once_then_parallel_provider_fetch
wan_ppd_100_8_007,WAN,PPD,100,8,8,ALL,7,0.0,10.300949,20103.983195,20186.300179,29491.183728,30266.301779,100.00464,800.000128,10080.0016,4624,578,1,fresh_cid=bafy3ef5d2b0af3a050eb510238ce8082c714f38098cab1fe270;encrypted_payload_modeled_from_calibrated_aes_gcm;publish_once_then_parallel_provider_fetch
wan_ppd_100_8_008,WAN,PPD,100,8,8,ALL,8,0.0,10.207784,20115.623453,20197.70624,29642.654559,30281.118265,100.00464,800.000128,10083.412025,4624,578,1,fresh_cid=bafy54edaff61c829715d0300edaf1b9a781fd7b915dc9b3dcd4;encrypted_payload_modeled_from_calibrated_aes_gcm;publish_once_then_parallel_provider_fetch
wan_ppd_100_8_009,WAN,PPD,100,8,8,ALL,9,0.0,10.569042,20083.438802,20168.326982,29817.564239,30273.941239,100.00464,800.000128,10105.614257,4624,578,1,fresh_cid=bafy655ea592fee476c339f31c580f44038bdfcad6ad593c8291;encrypted_payload_modeled_from_calibrated_aes_gcm;publish_once_then_parallel_provider_fetch
wan_ppd_100_8_010,WAN,PPD,100,8,8,ALL,10,0.0,10.550169,20078.053369,20158.978169,29935.533713,30276.190789,100.00464,800.000128,10117.21262,4624,578,1,fresh_cid=bafy64dad7607698a98a00bd7b81db1868eb15819b9a801bed75;encrypted_payload_modeled_from_calibrated_aes_gcm;publish_once_then_parallel_provider_fetch
wan_ppd_100_8_011,WAN,PPD,100,8,8,ALL,11,0.0,10.473117,20077.976317,20158.901117,30001.620673,30239.527198,100.00464,800.000128,10080.626082,4624,578,1,fresh_cid=bafyb70187e402d557182d84bb0b70b125fccf42d6ca671ffde8;encrypted_payload_modeled_from_calibrated_aes_gcm;publish_once_then_parallel_provider_fetch
wan_ppd_100_8_012,WAN,PPD,100,8,8,ALL,12,0.0,10.425223,20084.503201,20166.14053,29708.957117,30253.440593,100.00464,800.000128,10087.300063,4624,578,1,fresh_cid=bafyfa08279778bb1b41015f46ea995f3d7969d35ede288a1908;encrypted_payload_modeled_from_calibrated_aes_gcm;publish_once_then_parallel_provider_fetch
wan_ppd_100_8_013,WAN,PPD,100,8,8,ALL,13,0.0,10.6817,20084.249235,20165.174035,29657.566613,30245.175635,100.00464,800.000128,10080.0016,4624,578,1,fresh_cid=bafy8fc7f0bc0f0bcb64164a15025383a0ff469dafe81738c194;encrypted_payload_modeled_from_calibrated_aes_gcm;publish_once_then_parallel_provider_fetch
wan_ppd_100_8_014,WAN,PPD,100,8,8,ALL,14,0.0,10.464938,20077.968138,20160.932224,29798.407181,30255.72018,100.00464,800.000128,10094.787957,4624,578,1,fresh_cid=bafya5b776bafd5736ac4552c8879d7b86ed97e6715e776382c8;encrypted_payload_modeled_from_calibrated_aes_gcm;publish_once_then_parallel_provider_fetch
wan_ppd_100_8_015,WAN,PPD,100,8,8,ALL,15,0.0,10.378945,20113.966546,20194.891346,29558.396979,30288.776839,100.00464,800.000128,10093.885494,4624,578,1,fresh_cid=bafy118140ca103aa8afb624bd88f55c9926204cabec6e44da0b;encrypted_payload_modeled_from_calibrated_aes_gcm;publish_once_then_parallel_provider_fetch
wan_ppd_100_8_016,WAN,PPD,100,8,8,ALL,16,0.0,10.683514,20092.219571,20173.395963,29819.876752,30256.236875,100.00464,800.000128,10082.840912,4624,578,1,fresh_cid=bafy4497f478849e53cadafba403c924c0c8b1d55f7ef8733d9a;encrypted_payload_modeled_from_calibrated_aes_gcm;publish_once_then_parallel_provider_fetch
wan_ppd_100_8_017,WAN,PPD,100,8,8,ALL,17,0.0,10.474794,20113.769713,20195.619288,29853.000527,30275.620888,100.00464,800.000128,10080.0016,4624,578,1,fresh_cid=bafy01e251883b345573bd33306c35a12cfc072e7155370018cf;encrypted_payload_modeled_from_calibrated_aes_gcm;publish_once_then_parallel_provider_fetch
wan_ppd_100_8_018,WAN,PPD,100,8,8,ALL,18,0.0,10.364556,20127.693066,20210.479519,29402.974038,30290.481119,100.00464,800.000128,10080.0016,4624,578,1,fresh_cid=bafy839be4987bd072e237523155b69dcf1b588a05d665402dff;encrypted_payload_modeled_from_calibrated_aes_gcm;publish_once_then_parallel_provider_fetch
wan_ppd_100_8_019,WAN,PPD,100,8,8,ALL,19,0.0,10.32447,20096.322167,20177.246967,30086.197365,30257.248567,100.00464,800.000128,10080.0016,4624,578,1,fresh_cid=bafy9df36609e604e78444084bd45004dfb0860e9ed994492d8d;encrypted_payload_modeled_from_calibrated_aes_gcm;publish_once_then_parallel_provider_fetch
wan_ppd_100_8_020,WAN,PPD,100,8,8,ALL,20,0.0,10.690795,20106.930345,20188.378149,29729.253297,30268.379749,100.00464,800.000128,10080.0016,4624,578,1,fresh_cid=bafyb2c8bb690f8c8bc090851be97ea0318f776f07e3608a8fd4;encrypted_payload_modeled_from_calibrated_aes_gcm;publish_once_then_parallel_provider_fetch
wan_ppd_100_8_021,WAN,PPD,100,8,8,ALL,21,0.0,10.563851,20086.340922,20168.581002,29929.649464,30250.389151,100.00464,800.000128,10081.808149,4624,578,1,fresh_cid=bafy97129d48f4ed6ef44a0cf5f198150269dacc1809a376364f;encrypted_payload_modeled_from_calibrated_aes_gcm;publish_once_then_parallel_provider_fetch
wan_ppd_100_8_022,WAN,PPD,100,8,8,ALL,22,0.0,10.61453,20082.910306,20163.835106,29641.059392,30243.836706,100.00464,800.000128,10080.0016,4624,578,1,fresh_cid=bafyeb0897a59c8225d6aba3b83a0b7d11be816503d056a6b8ff;encrypted_payload_modeled_from_calibrated_aes_gcm;publish_once_then_parallel_provider_fetch
wan_ppd_100_8_023,WAN,PPD,100,8,8,ALL,23,0.0,10.682481,20081.971554,20162.896354,29669.834595,30276.654225,100.00464,800.000128,10113.757871,4624,578,1,fresh_cid=bafy9bf9f75b12a4ecb7f07763c0a8535a3e357a6b182dfdcc25;encrypted_payload_modeled_from_calibrated_aes_gcm;publish_once_then_parallel_provider_fetch
wan_ppd_100_8_024,WAN,PPD,100,8,8,ALL,24,0.0,10.329454,20103.686875,20184.662834,29643.16329,30267.402783,100.00464,800.000128,10082.739949,4624,578,1,fresh_cid=bafy3804698e4ff6cf90236d504db86f1615ee24c74f40fdb7f5;encrypted_payload_modeled_from_calibrated_aes_gcm;publish_once_then_parallel_provider_fetch
wan_ppd_100_8_025,WAN,PPD,100,8,8,ALL,25,0.0,10.513195,20078.016395,20162.086649,29591.697157,30242.088249,100.00464,800.000128,10080.0016,4624,578,1,fresh_cid=bafyc4f199c21e6b5c65bfdeea47f97e1b7d4d9c88b934a7fe7d;encrypted_payload_modeled_from_calibrated_aes_gcm;publish_once_then_parallel_provider_fetch
wan_ppd_100_8_026,WAN,PPD,100,8,8,ALL,26,0.0,10.487442,20077.990642,20163.255371,29542.912875,30243.256971,100.00464,800.000128,10080.0016,4624,578,1,fresh_cid=bafye99606077894e6d44acb0f20c11b12d3e87f1a53dee92a29;encrypted_payload_modeled_from_calibrated_aes_gcm;publish_once_then_parallel_provider_fetch
wan_ppd_100_8_027,WAN,PPD,100,8,8,ALL,27,0.0,10.583511,20086.535814,20169.054316,29698.619388,30249.055916,100.00464,800.000128,10080.0016,4624,578,1,fresh_cid=bafyf0c01cda9450de1de23fa59077462d8c5b0db3e4daccaf0d;encrypted_payload_modeled_from_calibrated_aes_gcm;publish_once_then_parallel_provider_fetch
wan_ppd_100_8_028,WAN,PPD,100,8,8,ALL,28,0.0,10.541903,20078.045103,20158.969903,29596.483298,30241.580151,100.00464,800.000128,10082.610249,4624,578,1,fresh_cid=bafy1c60b638f459b804fb28edd6bfe65b3e8bd0b845456c8c25;encrypted_payload_modeled_from_calibrated_aes_gcm;publish_once_then_parallel_provider_fetch
wan_ppd_100_8_029,WAN,PPD,100,8,8,ALL,29,0.0,10.715447,20105.056684,20185.981484,29604.025879,30305.496333,100.00464,800.000128,10119.514849,4624,578,1,fresh_cid=bafy26636ccd8a68bed86b373b5b96fb2d1b98d3721de92377c5;encrypted_payload_modeled_from_calibrated_aes_gcm;publish_once_then_parallel_provider_fetch
wan_ppd_100_8_030,WAN,PPD,100,8,8,ALL,30,0.0,10.420013,20109.254071,20190.178871,29694.001882,30270.180471,100.00464,800.000128,10080.0016,4624,578,1,fresh_cid=bafyb97ac24bbe21ebd9260a7e83f3bc398e893f3b39f9c7ec18;encrypted_payload_modeled_from_calibrated_aes_gcm;publish_once_then_parallel_provider_fetch
