checkpoint,q,attack,timing,rho,statistic,detected,trials,rate
prefill__C1,64,diffuse_balanced,post_commit,0.002,combined,7,768,0.009114583333333334
prefill__C1,64,diffuse_balanced,post_commit,0.002,directional,3,768,0.00390625
prefill__C1,64,diffuse_balanced,post_commit,0.002,energy,5,768,0.006510416666666667
prefill__C1,64,diffuse_balanced,post_commit,0.002,spike,4,768,0.005208333333333333
prefill__C1,64,diffuse_balanced,post_commit,0.005,combined,47,768,0.061197916666666664
prefill__C1,64,diffuse_balanced,post_commit,0.005,directional,23,768,0.029947916666666668
prefill__C1,64,diffuse_balanced,post_commit,0.005,energy,26,768,0.033854166666666664
prefill__C1,64,diffuse_balanced,post_commit,0.005,spike,3,768,0.00390625
prefill__C1,64,diffuse_balanced,post_commit,0.01,combined,768,768,1.0
prefill__C1,64,diffuse_balanced,post_commit,0.01,directional,151,768,0.19661458333333334
prefill__C1,64,diffuse_balanced,post_commit,0.01,energy,768,768,1.0
prefill__C1,64,diffuse_balanced,post_commit,0.01,spike,4,768,0.005208333333333333
prefill__C1,64,diffuse_balanced,post_commit,0.02,combined,768,768,1.0
prefill__C1,64,diffuse_balanced,post_commit,0.02,directional,382,768,0.4973958333333333
prefill__C1,64,diffuse_balanced,post_commit,0.02,energy,768,768,1.0
prefill__C1,64,diffuse_balanced,post_commit,0.02,spike,12,768,0.015625
prefill__C1,64,diffuse_balanced,post_commit,0.05,combined,768,768,1.0
prefill__C1,64,diffuse_balanced,post_commit,0.05,directional,606,768,0.7890625
prefill__C1,64,diffuse_balanced,post_commit,0.05,energy,768,768,1.0
prefill__C1,64,diffuse_balanced,post_commit,0.05,spike,433,768,0.5638020833333334
prefill__C1,64,diffuse_balanced,post_commit,0.1,combined,768,768,1.0
prefill__C1,64,diffuse_balanced,post_commit,0.1,directional,685,768,0.8919270833333334
prefill__C1,64,diffuse_balanced,post_commit,0.1,energy,768,768,1.0
prefill__C1,64,diffuse_balanced,post_commit,0.1,spike,768,768,1.0
prefill__C1,64,directional,post_commit,0.002,combined,470,768,0.6119791666666666
prefill__C1,64,directional,post_commit,0.002,directional,466,768,0.6067708333333334
prefill__C1,64,directional,post_commit,0.002,energy,7,768,0.009114583333333334
prefill__C1,64,directional,post_commit,0.002,spike,4,768,0.005208333333333333
prefill__C1,64,directional,post_commit,0.005,combined,768,768,1.0
prefill__C1,64,directional,post_commit,0.005,directional,768,768,1.0
prefill__C1,64,directional,post_commit,0.005,energy,15,768,0.01953125
prefill__C1,64,directional,post_commit,0.005,spike,2,768,0.0026041666666666665
prefill__C1,64,directional,post_commit,0.01,combined,768,768,1.0
prefill__C1,64,directional,post_commit,0.01,directional,767,768,0.9986979166666666
prefill__C1,64,directional,post_commit,0.01,energy,768,768,1.0
prefill__C1,64,directional,post_commit,0.01,spike,2,768,0.0026041666666666665
prefill__C1,64,directional,post_commit,0.02,combined,768,768,1.0
prefill__C1,64,directional,post_commit,0.02,directional,768,768,1.0
prefill__C1,64,directional,post_commit,0.02,energy,768,768,1.0
prefill__C1,64,directional,post_commit,0.02,spike,6,768,0.0078125
prefill__C1,64,directional,post_commit,0.05,combined,768,768,1.0
prefill__C1,64,directional,post_commit,0.05,directional,768,768,1.0
prefill__C1,64,directional,post_commit,0.05,energy,768,768,1.0
prefill__C1,64,directional,post_commit,0.05,spike,348,768,0.453125
prefill__C1,64,directional,post_commit,0.1,combined,768,768,1.0
prefill__C1,64,directional,post_commit,0.1,directional,768,768,1.0
prefill__C1,64,directional,post_commit,0.1,energy,768,768,1.0
prefill__C1,64,directional,post_commit,0.1,spike,768,768,1.0
prefill__C1,64,honest,none,0.0,combined,6,768,0.0078125
prefill__C1,64,honest,none,0.0,directional,2,768,0.0026041666666666665
prefill__C1,64,honest,none,0.0,energy,5,768,0.006510416666666667
prefill__C1,64,honest,none,0.0,spike,4,768,0.005208333333333333
prefill__C1,64,sample_null,known_coordinates,0.002,combined,6,768,0.0078125
prefill__C1,64,sample_null,known_coordinates,0.002,directional,2,768,0.0026041666666666665
prefill__C1,64,sample_null,known_coordinates,0.002,energy,5,768,0.006510416666666667
prefill__C1,64,sample_null,known_coordinates,0.002,spike,4,768,0.005208333333333333
prefill__C1,64,sample_null,known_coordinates,0.005,combined,6,768,0.0078125
prefill__C1,64,sample_null,known_coordinates,0.005,directional,2,768,0.0026041666666666665
prefill__C1,64,sample_null,known_coordinates,0.005,energy,5,768,0.006510416666666667
prefill__C1,64,sample_null,known_coordinates,0.005,spike,4,768,0.005208333333333333
prefill__C1,64,sample_null,known_coordinates,0.01,combined,6,768,0.0078125
prefill__C1,64,sample_null,known_coordinates,0.01,directional,2,768,0.0026041666666666665
prefill__C1,64,sample_null,known_coordinates,0.01,energy,5,768,0.006510416666666667
prefill__C1,64,sample_null,known_coordinates,0.01,spike,4,768,0.005208333333333333
prefill__C1,64,sample_null,known_coordinates,0.02,combined,6,768,0.0078125
prefill__C1,64,sample_null,known_coordinates,0.02,directional,2,768,0.0026041666666666665
prefill__C1,64,sample_null,known_coordinates,0.02,energy,5,768,0.006510416666666667
prefill__C1,64,sample_null,known_coordinates,0.02,spike,4,768,0.005208333333333333
prefill__C1,64,sample_null,known_coordinates,0.05,combined,6,768,0.0078125
prefill__C1,64,sample_null,known_coordinates,0.05,directional,2,768,0.0026041666666666665
prefill__C1,64,sample_null,known_coordinates,0.05,energy,5,768,0.006510416666666667
prefill__C1,64,sample_null,known_coordinates,0.05,spike,4,768,0.005208333333333333
prefill__C1,64,sample_null,known_coordinates,0.1,combined,6,768,0.0078125
prefill__C1,64,sample_null,known_coordinates,0.1,directional,2,768,0.0026041666666666665
prefill__C1,64,sample_null,known_coordinates,0.1,energy,5,768,0.006510416666666667
prefill__C1,64,sample_null,known_coordinates,0.1,spike,4,768,0.005208333333333333
prefill__C1,64,sample_null,post_commit,0.002,combined,7,768,0.009114583333333334
prefill__C1,64,sample_null,post_commit,0.002,directional,2,768,0.0026041666666666665
prefill__C1,64,sample_null,post_commit,0.002,energy,6,768,0.0078125
prefill__C1,64,sample_null,post_commit,0.002,spike,4,768,0.005208333333333333
prefill__C1,64,sample_null,post_commit,0.005,combined,40,768,0.052083333333333336
prefill__C1,64,sample_null,post_commit,0.005,directional,21,768,0.02734375
prefill__C1,64,sample_null,post_commit,0.005,energy,23,768,0.029947916666666668
prefill__C1,64,sample_null,post_commit,0.005,spike,3,768,0.00390625
prefill__C1,64,sample_null,post_commit,0.01,combined,768,768,1.0
prefill__C1,64,sample_null,post_commit,0.01,directional,162,768,0.2109375
prefill__C1,64,sample_null,post_commit,0.01,energy,768,768,1.0
prefill__C1,64,sample_null,post_commit,0.01,spike,3,768,0.00390625
prefill__C1,64,sample_null,post_commit,0.02,combined,768,768,1.0
prefill__C1,64,sample_null,post_commit,0.02,directional,403,768,0.5247395833333334
prefill__C1,64,sample_null,post_commit,0.02,energy,768,768,1.0
prefill__C1,64,sample_null,post_commit,0.02,spike,16,768,0.020833333333333332
prefill__C1,64,sample_null,post_commit,0.05,combined,768,768,1.0
prefill__C1,64,sample_null,post_commit,0.05,directional,612,768,0.796875
prefill__C1,64,sample_null,post_commit,0.05,energy,768,768,1.0
prefill__C1,64,sample_null,post_commit,0.05,spike,413,768,0.5377604166666666
prefill__C1,64,sample_null,post_commit,0.1,combined,768,768,1.0
prefill__C1,64,sample_null,post_commit,0.1,directional,682,768,0.8880208333333334
prefill__C1,64,sample_null,post_commit,0.1,energy,768,768,1.0
prefill__C1,64,sample_null,post_commit,0.1,spike,768,768,1.0
prefill__C1,64,sparse_16,post_commit,0.002,combined,32,768,0.041666666666666664
prefill__C1,64,sparse_16,post_commit,0.002,directional,6,768,0.0078125
prefill__C1,64,sparse_16,post_commit,0.002,energy,28,768,0.036458333333333336
prefill__C1,64,sparse_16,post_commit,0.002,spike,17,768,0.022135416666666668
prefill__C1,64,sparse_16,post_commit,0.005,combined,46,768,0.059895833333333336
prefill__C1,64,sparse_16,post_commit,0.005,directional,41,768,0.053385416666666664
prefill__C1,64,sparse_16,post_commit,0.005,energy,45,768,0.05859375
prefill__C1,64,sparse_16,post_commit,0.005,spike,44,768,0.057291666666666664
prefill__C1,64,sparse_16,post_commit,0.01,combined,59,768,0.07682291666666667
prefill__C1,64,sparse_16,post_commit,0.01,directional,54,768,0.0703125
prefill__C1,64,sparse_16,post_commit,0.01,energy,58,768,0.07552083333333333
prefill__C1,64,sparse_16,post_commit,0.01,spike,57,768,0.07421875
prefill__C1,64,sparse_16,post_commit,0.02,combined,45,768,0.05859375
prefill__C1,64,sparse_16,post_commit,0.02,directional,41,768,0.053385416666666664
prefill__C1,64,sparse_16,post_commit,0.02,energy,44,768,0.057291666666666664
prefill__C1,64,sparse_16,post_commit,0.02,spike,43,768,0.055989583333333336
prefill__C1,64,sparse_16,post_commit,0.05,combined,52,768,0.06770833333333333
prefill__C1,64,sparse_16,post_commit,0.05,directional,45,768,0.05859375
prefill__C1,64,sparse_16,post_commit,0.05,energy,51,768,0.06640625
prefill__C1,64,sparse_16,post_commit,0.05,spike,50,768,0.06510416666666667
prefill__C1,64,sparse_16,post_commit,0.1,combined,53,768,0.06901041666666667
prefill__C1,64,sparse_16,post_commit,0.1,directional,48,768,0.0625
prefill__C1,64,sparse_16,post_commit,0.1,energy,52,768,0.06770833333333333
prefill__C1,64,sparse_16,post_commit,0.1,spike,51,768,0.06640625
prefill__C1,64,spike_1,post_commit,0.002,combined,6,768,0.0078125
prefill__C1,64,spike_1,post_commit,0.002,directional,2,768,0.0026041666666666665
prefill__C1,64,spike_1,post_commit,0.002,energy,5,768,0.006510416666666667
prefill__C1,64,spike_1,post_commit,0.002,spike,4,768,0.005208333333333333
prefill__C1,64,spike_1,post_commit,0.005,combined,10,768,0.013020833333333334
prefill__C1,64,spike_1,post_commit,0.005,directional,6,768,0.0078125
prefill__C1,64,spike_1,post_commit,0.005,energy,9,768,0.01171875
prefill__C1,64,spike_1,post_commit,0.005,spike,8,768,0.010416666666666666
prefill__C1,64,spike_1,post_commit,0.01,combined,7,768,0.009114583333333334
prefill__C1,64,spike_1,post_commit,0.01,directional,3,768,0.00390625
prefill__C1,64,spike_1,post_commit,0.01,energy,6,768,0.0078125
prefill__C1,64,spike_1,post_commit,0.01,spike,5,768,0.006510416666666667
prefill__C1,64,spike_1,post_commit,0.02,combined,7,768,0.009114583333333334
prefill__C1,64,spike_1,post_commit,0.02,directional,3,768,0.00390625
prefill__C1,64,spike_1,post_commit,0.02,energy,6,768,0.0078125
prefill__C1,64,spike_1,post_commit,0.02,spike,5,768,0.006510416666666667
prefill__C1,64,spike_1,post_commit,0.05,combined,9,768,0.01171875
prefill__C1,64,spike_1,post_commit,0.05,directional,5,768,0.006510416666666667
prefill__C1,64,spike_1,post_commit,0.05,energy,8,768,0.010416666666666666
prefill__C1,64,spike_1,post_commit,0.05,spike,7,768,0.009114583333333334
prefill__C1,64,spike_1,post_commit,0.1,combined,10,768,0.013020833333333334
prefill__C1,64,spike_1,post_commit,0.1,directional,6,768,0.0078125
prefill__C1,64,spike_1,post_commit,0.1,energy,9,768,0.01171875
prefill__C1,64,spike_1,post_commit,0.1,spike,8,768,0.010416666666666666
prefill__C1,128,diffuse_balanced,post_commit,0.002,combined,2,768,0.0026041666666666665
prefill__C1,128,diffuse_balanced,post_commit,0.002,directional,2,768,0.0026041666666666665
prefill__C1,128,diffuse_balanced,post_commit,0.002,energy,2,768,0.0026041666666666665
prefill__C1,128,diffuse_balanced,post_commit,0.002,spike,2,768,0.0026041666666666665
prefill__C1,128,diffuse_balanced,post_commit,0.005,combined,2,768,0.0026041666666666665
prefill__C1,128,diffuse_balanced,post_commit,0.005,directional,2,768,0.0026041666666666665
prefill__C1,128,diffuse_balanced,post_commit,0.005,energy,2,768,0.0026041666666666665
prefill__C1,128,diffuse_balanced,post_commit,0.005,spike,2,768,0.0026041666666666665
prefill__C1,128,diffuse_balanced,post_commit,0.01,combined,2,768,0.0026041666666666665
prefill__C1,128,diffuse_balanced,post_commit,0.01,directional,2,768,0.0026041666666666665
prefill__C1,128,diffuse_balanced,post_commit,0.01,energy,2,768,0.0026041666666666665
prefill__C1,128,diffuse_balanced,post_commit,0.01,spike,2,768,0.0026041666666666665
prefill__C1,128,diffuse_balanced,post_commit,0.02,combined,19,768,0.024739583333333332
prefill__C1,128,diffuse_balanced,post_commit,0.02,directional,19,768,0.024739583333333332
prefill__C1,128,diffuse_balanced,post_commit,0.02,energy,2,768,0.0026041666666666665
prefill__C1,128,diffuse_balanced,post_commit,0.02,spike,2,768,0.0026041666666666665
prefill__C1,128,diffuse_balanced,post_commit,0.05,combined,768,768,1.0
prefill__C1,128,diffuse_balanced,post_commit,0.05,directional,271,768,0.3528645833333333
prefill__C1,128,diffuse_balanced,post_commit,0.05,energy,768,768,1.0
prefill__C1,128,diffuse_balanced,post_commit,0.05,spike,2,768,0.0026041666666666665
prefill__C1,128,diffuse_balanced,post_commit,0.1,combined,768,768,1.0
prefill__C1,128,diffuse_balanced,post_commit,0.1,directional,511,768,0.6653645833333334
prefill__C1,128,diffuse_balanced,post_commit,0.1,energy,768,768,1.0
prefill__C1,128,diffuse_balanced,post_commit,0.1,spike,1,768,0.0013020833333333333
prefill__C1,128,directional,post_commit,0.002,combined,2,768,0.0026041666666666665
prefill__C1,128,directional,post_commit,0.002,directional,2,768,0.0026041666666666665
prefill__C1,128,directional,post_commit,0.002,energy,2,768,0.0026041666666666665
prefill__C1,128,directional,post_commit,0.002,spike,2,768,0.0026041666666666665
prefill__C1,128,directional,post_commit,0.005,combined,753,768,0.98046875
prefill__C1,128,directional,post_commit,0.005,directional,753,768,0.98046875
prefill__C1,128,directional,post_commit,0.005,energy,2,768,0.0026041666666666665
prefill__C1,128,directional,post_commit,0.005,spike,2,768,0.0026041666666666665
prefill__C1,128,directional,post_commit,0.01,combined,768,768,1.0
prefill__C1,128,directional,post_commit,0.01,directional,768,768,1.0
prefill__C1,128,directional,post_commit,0.01,energy,2,768,0.0026041666666666665
prefill__C1,128,directional,post_commit,0.01,spike,2,768,0.0026041666666666665
prefill__C1,128,directional,post_commit,0.02,combined,768,768,1.0
prefill__C1,128,directional,post_commit,0.02,directional,768,768,1.0
prefill__C1,128,directional,post_commit,0.02,energy,2,768,0.0026041666666666665
prefill__C1,128,directional,post_commit,0.02,spike,2,768,0.0026041666666666665
prefill__C1,128,directional,post_commit,0.05,combined,768,768,1.0
prefill__C1,128,directional,post_commit,0.05,directional,768,768,1.0
prefill__C1,128,directional,post_commit,0.05,energy,768,768,1.0
prefill__C1,128,directional,post_commit,0.05,spike,2,768,0.0026041666666666665
prefill__C1,128,directional,post_commit,0.1,combined,768,768,1.0
prefill__C1,128,directional,post_commit,0.1,directional,768,768,1.0
prefill__C1,128,directional,post_commit,0.1,energy,768,768,1.0
prefill__C1,128,directional,post_commit,0.1,spike,2,768,0.0026041666666666665
prefill__C1,128,honest,none,0.0,combined,2,768,0.0026041666666666665
prefill__C1,128,honest,none,0.0,directional,2,768,0.0026041666666666665
prefill__C1,128,honest,none,0.0,energy,2,768,0.0026041666666666665
prefill__C1,128,honest,none,0.0,spike,2,768,0.0026041666666666665
prefill__C1,128,sample_null,known_coordinates,0.002,combined,2,768,0.0026041666666666665
prefill__C1,128,sample_null,known_coordinates,0.002,directional,2,768,0.0026041666666666665
prefill__C1,128,sample_null,known_coordinates,0.002,energy,2,768,0.0026041666666666665
prefill__C1,128,sample_null,known_coordinates,0.002,spike,2,768,0.0026041666666666665
prefill__C1,128,sample_null,known_coordinates,0.005,combined,2,768,0.0026041666666666665
prefill__C1,128,sample_null,known_coordinates,0.005,directional,2,768,0.0026041666666666665
prefill__C1,128,sample_null,known_coordinates,0.005,energy,2,768,0.0026041666666666665
prefill__C1,128,sample_null,known_coordinates,0.005,spike,2,768,0.0026041666666666665
prefill__C1,128,sample_null,known_coordinates,0.01,combined,2,768,0.0026041666666666665
prefill__C1,128,sample_null,known_coordinates,0.01,directional,2,768,0.0026041666666666665
prefill__C1,128,sample_null,known_coordinates,0.01,energy,2,768,0.0026041666666666665
prefill__C1,128,sample_null,known_coordinates,0.01,spike,2,768,0.0026041666666666665
prefill__C1,128,sample_null,known_coordinates,0.02,combined,2,768,0.0026041666666666665
prefill__C1,128,sample_null,known_coordinates,0.02,directional,2,768,0.0026041666666666665
prefill__C1,128,sample_null,known_coordinates,0.02,energy,2,768,0.0026041666666666665
prefill__C1,128,sample_null,known_coordinates,0.02,spike,2,768,0.0026041666666666665
prefill__C1,128,sample_null,known_coordinates,0.05,combined,2,768,0.0026041666666666665
prefill__C1,128,sample_null,known_coordinates,0.05,directional,2,768,0.0026041666666666665
prefill__C1,128,sample_null,known_coordinates,0.05,energy,2,768,0.0026041666666666665
prefill__C1,128,sample_null,known_coordinates,0.05,spike,2,768,0.0026041666666666665
prefill__C1,128,sample_null,known_coordinates,0.1,combined,2,768,0.0026041666666666665
prefill__C1,128,sample_null,known_coordinates,0.1,directional,2,768,0.0026041666666666665
prefill__C1,128,sample_null,known_coordinates,0.1,energy,2,768,0.0026041666666666665
prefill__C1,128,sample_null,known_coordinates,0.1,spike,2,768,0.0026041666666666665
prefill__C1,128,sample_null,post_commit,0.002,combined,2,768,0.0026041666666666665
prefill__C1,128,sample_null,post_commit,0.002,directional,2,768,0.0026041666666666665
prefill__C1,128,sample_null,post_commit,0.002,energy,2,768,0.0026041666666666665
prefill__C1,128,sample_null,post_commit,0.002,spike,2,768,0.0026041666666666665
prefill__C1,128,sample_null,post_commit,0.005,combined,2,768,0.0026041666666666665
prefill__C1,128,sample_null,post_commit,0.005,directional,1,768,0.0013020833333333333
prefill__C1,128,sample_null,post_commit,0.005,energy,2,768,0.0026041666666666665
prefill__C1,128,sample_null,post_commit,0.005,spike,2,768,0.0026041666666666665
prefill__C1,128,sample_null,post_commit,0.01,combined,2,768,0.0026041666666666665
prefill__C1,128,sample_null,post_commit,0.01,directional,2,768,0.0026041666666666665
prefill__C1,128,sample_null,post_commit,0.01,energy,2,768,0.0026041666666666665
prefill__C1,128,sample_null,post_commit,0.01,spike,2,768,0.0026041666666666665
prefill__C1,128,sample_null,post_commit,0.02,combined,17,768,0.022135416666666668
prefill__C1,128,sample_null,post_commit,0.02,directional,17,768,0.022135416666666668
prefill__C1,128,sample_null,post_commit,0.02,energy,2,768,0.0026041666666666665
prefill__C1,128,sample_null,post_commit,0.02,spike,2,768,0.0026041666666666665
prefill__C1,128,sample_null,post_commit,0.05,combined,768,768,1.0
prefill__C1,128,sample_null,post_commit,0.05,directional,263,768,0.3424479166666667
prefill__C1,128,sample_null,post_commit,0.05,energy,768,768,1.0
prefill__C1,128,sample_null,post_commit,0.05,spike,2,768,0.0026041666666666665
prefill__C1,128,sample_null,post_commit,0.1,combined,768,768,1.0
prefill__C1,128,sample_null,post_commit,0.1,directional,497,768,0.6471354166666666
prefill__C1,128,sample_null,post_commit,0.1,energy,768,768,1.0
prefill__C1,128,sample_null,post_commit,0.1,spike,1,768,0.0013020833333333333
prefill__C1,128,sparse_16,post_commit,0.002,combined,2,768,0.0026041666666666665
prefill__C1,128,sparse_16,post_commit,0.002,directional,2,768,0.0026041666666666665
prefill__C1,128,sparse_16,post_commit,0.002,energy,2,768,0.0026041666666666665
prefill__C1,128,sparse_16,post_commit,0.002,spike,2,768,0.0026041666666666665
prefill__C1,128,sparse_16,post_commit,0.005,combined,2,768,0.0026041666666666665
prefill__C1,128,sparse_16,post_commit,0.005,directional,2,768,0.0026041666666666665
prefill__C1,128,sparse_16,post_commit,0.005,energy,2,768,0.0026041666666666665
prefill__C1,128,sparse_16,post_commit,0.005,spike,2,768,0.0026041666666666665
prefill__C1,128,sparse_16,post_commit,0.01,combined,2,768,0.0026041666666666665
prefill__C1,128,sparse_16,post_commit,0.01,directional,2,768,0.0026041666666666665
prefill__C1,128,sparse_16,post_commit,0.01,energy,2,768,0.0026041666666666665
prefill__C1,128,sparse_16,post_commit,0.01,spike,2,768,0.0026041666666666665
prefill__C1,128,sparse_16,post_commit,0.02,combined,89,768,0.11588541666666667
prefill__C1,128,sparse_16,post_commit,0.02,directional,87,768,0.11328125
prefill__C1,128,sparse_16,post_commit,0.02,energy,89,768,0.11588541666666667
prefill__C1,128,sparse_16,post_commit,0.02,spike,89,768,0.11588541666666667
prefill__C1,128,sparse_16,post_commit,0.05,combined,105,768,0.13671875
prefill__C1,128,sparse_16,post_commit,0.05,directional,97,768,0.12630208333333334
prefill__C1,128,sparse_16,post_commit,0.05,energy,105,768,0.13671875
prefill__C1,128,sparse_16,post_commit,0.05,spike,105,768,0.13671875
prefill__C1,128,sparse_16,post_commit,0.1,combined,94,768,0.12239583333333333
prefill__C1,128,sparse_16,post_commit,0.1,directional,92,768,0.11979166666666667
prefill__C1,128,sparse_16,post_commit,0.1,energy,94,768,0.12239583333333333
prefill__C1,128,sparse_16,post_commit,0.1,spike,94,768,0.12239583333333333
prefill__C1,128,spike_1,post_commit,0.002,combined,2,768,0.0026041666666666665
prefill__C1,128,spike_1,post_commit,0.002,directional,2,768,0.0026041666666666665
prefill__C1,128,spike_1,post_commit,0.002,energy,2,768,0.0026041666666666665
prefill__C1,128,spike_1,post_commit,0.002,spike,2,768,0.0026041666666666665
prefill__C1,128,spike_1,post_commit,0.005,combined,9,768,0.01171875
prefill__C1,128,spike_1,post_commit,0.005,directional,9,768,0.01171875
prefill__C1,128,spike_1,post_commit,0.005,energy,9,768,0.01171875
prefill__C1,128,spike_1,post_commit,0.005,spike,9,768,0.01171875
prefill__C1,128,spike_1,post_commit,0.01,combined,12,768,0.015625
prefill__C1,128,spike_1,post_commit,0.01,directional,12,768,0.015625
prefill__C1,128,spike_1,post_commit,0.01,energy,12,768,0.015625
prefill__C1,128,spike_1,post_commit,0.01,spike,12,768,0.015625
prefill__C1,128,spike_1,post_commit,0.02,combined,10,768,0.013020833333333334
prefill__C1,128,spike_1,post_commit,0.02,directional,10,768,0.013020833333333334
prefill__C1,128,spike_1,post_commit,0.02,energy,10,768,0.013020833333333334
prefill__C1,128,spike_1,post_commit,0.02,spike,10,768,0.013020833333333334
prefill__C1,128,spike_1,post_commit,0.05,combined,5,768,0.006510416666666667
prefill__C1,128,spike_1,post_commit,0.05,directional,5,768,0.006510416666666667
prefill__C1,128,spike_1,post_commit,0.05,energy,5,768,0.006510416666666667
prefill__C1,128,spike_1,post_commit,0.05,spike,5,768,0.006510416666666667
prefill__C1,128,spike_1,post_commit,0.1,combined,13,768,0.016927083333333332
prefill__C1,128,spike_1,post_commit,0.1,directional,13,768,0.016927083333333332
prefill__C1,128,spike_1,post_commit,0.1,energy,13,768,0.016927083333333332
prefill__C1,128,spike_1,post_commit,0.1,spike,13,768,0.016927083333333332
prefill__C1,256,diffuse_balanced,post_commit,0.002,combined,2,768,0.0026041666666666665
prefill__C1,256,diffuse_balanced,post_commit,0.002,directional,2,768,0.0026041666666666665
prefill__C1,256,diffuse_balanced,post_commit,0.002,energy,2,768,0.0026041666666666665
prefill__C1,256,diffuse_balanced,post_commit,0.002,spike,2,768,0.0026041666666666665
prefill__C1,256,diffuse_balanced,post_commit,0.005,combined,2,768,0.0026041666666666665
prefill__C1,256,diffuse_balanced,post_commit,0.005,directional,2,768,0.0026041666666666665
prefill__C1,256,diffuse_balanced,post_commit,0.005,energy,2,768,0.0026041666666666665
prefill__C1,256,diffuse_balanced,post_commit,0.005,spike,2,768,0.0026041666666666665
prefill__C1,256,diffuse_balanced,post_commit,0.01,combined,4,768,0.005208333333333333
prefill__C1,256,diffuse_balanced,post_commit,0.01,directional,4,768,0.005208333333333333
prefill__C1,256,diffuse_balanced,post_commit,0.01,energy,2,768,0.0026041666666666665
prefill__C1,256,diffuse_balanced,post_commit,0.01,spike,2,768,0.0026041666666666665
prefill__C1,256,diffuse_balanced,post_commit,0.02,combined,89,768,0.11588541666666667
prefill__C1,256,diffuse_balanced,post_commit,0.02,directional,88,768,0.11458333333333333
prefill__C1,256,diffuse_balanced,post_commit,0.02,energy,2,768,0.0026041666666666665
prefill__C1,256,diffuse_balanced,post_commit,0.02,spike,2,768,0.0026041666666666665
prefill__C1,256,diffuse_balanced,post_commit,0.05,combined,768,768,1.0
prefill__C1,256,diffuse_balanced,post_commit,0.05,directional,424,768,0.5520833333333334
prefill__C1,256,diffuse_balanced,post_commit,0.05,energy,768,768,1.0
prefill__C1,256,diffuse_balanced,post_commit,0.05,spike,1,768,0.0013020833333333333
prefill__C1,256,diffuse_balanced,post_commit,0.1,combined,768,768,1.0
prefill__C1,256,diffuse_balanced,post_commit,0.1,directional,567,768,0.73828125
prefill__C1,256,diffuse_balanced,post_commit,0.1,energy,768,768,1.0
prefill__C1,256,diffuse_balanced,post_commit,0.1,spike,0,768,0.0
prefill__C1,256,directional,post_commit,0.002,combined,142,768,0.18489583333333334
prefill__C1,256,directional,post_commit,0.002,directional,140,768,0.18229166666666666
prefill__C1,256,directional,post_commit,0.002,energy,2,768,0.0026041666666666665
prefill__C1,256,directional,post_commit,0.002,spike,2,768,0.0026041666666666665
prefill__C1,256,directional,post_commit,0.005,combined,768,768,1.0
prefill__C1,256,directional,post_commit,0.005,directional,768,768,1.0
prefill__C1,256,directional,post_commit,0.005,energy,2,768,0.0026041666666666665
prefill__C1,256,directional,post_commit,0.005,spike,2,768,0.0026041666666666665
prefill__C1,256,directional,post_commit,0.01,combined,768,768,1.0
prefill__C1,256,directional,post_commit,0.01,directional,768,768,1.0
prefill__C1,256,directional,post_commit,0.01,energy,2,768,0.0026041666666666665
prefill__C1,256,directional,post_commit,0.01,spike,1,768,0.0013020833333333333
prefill__C1,256,directional,post_commit,0.02,combined,768,768,1.0
prefill__C1,256,directional,post_commit,0.02,directional,768,768,1.0
prefill__C1,256,directional,post_commit,0.02,energy,2,768,0.0026041666666666665
prefill__C1,256,directional,post_commit,0.02,spike,1,768,0.0013020833333333333
prefill__C1,256,directional,post_commit,0.05,combined,768,768,1.0
prefill__C1,256,directional,post_commit,0.05,directional,768,768,1.0
prefill__C1,256,directional,post_commit,0.05,energy,768,768,1.0
prefill__C1,256,directional,post_commit,0.05,spike,1,768,0.0013020833333333333
prefill__C1,256,directional,post_commit,0.1,combined,768,768,1.0
prefill__C1,256,directional,post_commit,0.1,directional,768,768,1.0
prefill__C1,256,directional,post_commit,0.1,energy,768,768,1.0
prefill__C1,256,directional,post_commit,0.1,spike,0,768,0.0
prefill__C1,256,honest,none,0.0,combined,2,768,0.0026041666666666665
prefill__C1,256,honest,none,0.0,directional,2,768,0.0026041666666666665
prefill__C1,256,honest,none,0.0,energy,2,768,0.0026041666666666665
prefill__C1,256,honest,none,0.0,spike,2,768,0.0026041666666666665
prefill__C1,256,sample_null,known_coordinates,0.002,combined,2,768,0.0026041666666666665
prefill__C1,256,sample_null,known_coordinates,0.002,directional,2,768,0.0026041666666666665
prefill__C1,256,sample_null,known_coordinates,0.002,energy,2,768,0.0026041666666666665
prefill__C1,256,sample_null,known_coordinates,0.002,spike,2,768,0.0026041666666666665
prefill__C1,256,sample_null,known_coordinates,0.005,combined,2,768,0.0026041666666666665
prefill__C1,256,sample_null,known_coordinates,0.005,directional,2,768,0.0026041666666666665
prefill__C1,256,sample_null,known_coordinates,0.005,energy,2,768,0.0026041666666666665
prefill__C1,256,sample_null,known_coordinates,0.005,spike,2,768,0.0026041666666666665
prefill__C1,256,sample_null,known_coordinates,0.01,combined,2,768,0.0026041666666666665
prefill__C1,256,sample_null,known_coordinates,0.01,directional,2,768,0.0026041666666666665
prefill__C1,256,sample_null,known_coordinates,0.01,energy,2,768,0.0026041666666666665
prefill__C1,256,sample_null,known_coordinates,0.01,spike,2,768,0.0026041666666666665
prefill__C1,256,sample_null,known_coordinates,0.02,combined,2,768,0.0026041666666666665
prefill__C1,256,sample_null,known_coordinates,0.02,directional,2,768,0.0026041666666666665
prefill__C1,256,sample_null,known_coordinates,0.02,energy,2,768,0.0026041666666666665
prefill__C1,256,sample_null,known_coordinates,0.02,spike,2,768,0.0026041666666666665
prefill__C1,256,sample_null,known_coordinates,0.05,combined,2,768,0.0026041666666666665
prefill__C1,256,sample_null,known_coordinates,0.05,directional,2,768,0.0026041666666666665
prefill__C1,256,sample_null,known_coordinates,0.05,energy,2,768,0.0026041666666666665
prefill__C1,256,sample_null,known_coordinates,0.05,spike,2,768,0.0026041666666666665
prefill__C1,256,sample_null,known_coordinates,0.1,combined,2,768,0.0026041666666666665
prefill__C1,256,sample_null,known_coordinates,0.1,directional,2,768,0.0026041666666666665
prefill__C1,256,sample_null,known_coordinates,0.1,energy,2,768,0.0026041666666666665
prefill__C1,256,sample_null,known_coordinates,0.1,spike,2,768,0.0026041666666666665
prefill__C1,256,sample_null,post_commit,0.002,combined,2,768,0.0026041666666666665
prefill__C1,256,sample_null,post_commit,0.002,directional,2,768,0.0026041666666666665
prefill__C1,256,sample_null,post_commit,0.002,energy,2,768,0.0026041666666666665
prefill__C1,256,sample_null,post_commit,0.002,spike,2,768,0.0026041666666666665
prefill__C1,256,sample_null,post_commit,0.005,combined,2,768,0.0026041666666666665
prefill__C1,256,sample_null,post_commit,0.005,directional,2,768,0.0026041666666666665
prefill__C1,256,sample_null,post_commit,0.005,energy,2,768,0.0026041666666666665
prefill__C1,256,sample_null,post_commit,0.005,spike,2,768,0.0026041666666666665
prefill__C1,256,sample_null,post_commit,0.01,combined,3,768,0.00390625
prefill__C1,256,sample_null,post_commit,0.01,directional,3,768,0.00390625
prefill__C1,256,sample_null,post_commit,0.01,energy,2,768,0.0026041666666666665
prefill__C1,256,sample_null,post_commit,0.01,spike,2,768,0.0026041666666666665
prefill__C1,256,sample_null,post_commit,0.02,combined,88,768,0.11458333333333333
prefill__C1,256,sample_null,post_commit,0.02,directional,87,768,0.11328125
prefill__C1,256,sample_null,post_commit,0.02,energy,2,768,0.0026041666666666665
prefill__C1,256,sample_null,post_commit,0.02,spike,1,768,0.0013020833333333333
prefill__C1,256,sample_null,post_commit,0.05,combined,768,768,1.0
prefill__C1,256,sample_null,post_commit,0.05,directional,394,768,0.5130208333333334
prefill__C1,256,sample_null,post_commit,0.05,energy,768,768,1.0
prefill__C1,256,sample_null,post_commit,0.05,spike,2,768,0.0026041666666666665
prefill__C1,256,sample_null,post_commit,0.1,combined,768,768,1.0
prefill__C1,256,sample_null,post_commit,0.1,directional,562,768,0.7317708333333334
prefill__C1,256,sample_null,post_commit,0.1,energy,768,768,1.0
prefill__C1,256,sample_null,post_commit,0.1,spike,1,768,0.0013020833333333333
prefill__C1,256,sparse_16,post_commit,0.002,combined,2,768,0.0026041666666666665
prefill__C1,256,sparse_16,post_commit,0.002,directional,2,768,0.0026041666666666665
prefill__C1,256,sparse_16,post_commit,0.002,energy,2,768,0.0026041666666666665
prefill__C1,256,sparse_16,post_commit,0.002,spike,2,768,0.0026041666666666665
prefill__C1,256,sparse_16,post_commit,0.005,combined,2,768,0.0026041666666666665
prefill__C1,256,sparse_16,post_commit,0.005,directional,2,768,0.0026041666666666665
prefill__C1,256,sparse_16,post_commit,0.005,energy,2,768,0.0026041666666666665
prefill__C1,256,sparse_16,post_commit,0.005,spike,2,768,0.0026041666666666665
prefill__C1,256,sparse_16,post_commit,0.01,combined,8,768,0.010416666666666666
prefill__C1,256,sparse_16,post_commit,0.01,directional,8,768,0.010416666666666666
prefill__C1,256,sparse_16,post_commit,0.01,energy,2,768,0.0026041666666666665
prefill__C1,256,sparse_16,post_commit,0.01,spike,2,768,0.0026041666666666665
prefill__C1,256,sparse_16,post_commit,0.02,combined,171,768,0.22265625
prefill__C1,256,sparse_16,post_commit,0.02,directional,153,768,0.19921875
prefill__C1,256,sparse_16,post_commit,0.02,energy,171,768,0.22265625
prefill__C1,256,sparse_16,post_commit,0.02,spike,171,768,0.22265625
prefill__C1,256,sparse_16,post_commit,0.05,combined,168,768,0.21875
prefill__C1,256,sparse_16,post_commit,0.05,directional,160,768,0.20833333333333334
prefill__C1,256,sparse_16,post_commit,0.05,energy,168,768,0.21875
prefill__C1,256,sparse_16,post_commit,0.05,spike,168,768,0.21875
prefill__C1,256,sparse_16,post_commit,0.1,combined,184,768,0.23958333333333334
prefill__C1,256,sparse_16,post_commit,0.1,directional,176,768,0.22916666666666666
prefill__C1,256,sparse_16,post_commit,0.1,energy,184,768,0.23958333333333334
prefill__C1,256,sparse_16,post_commit,0.1,spike,184,768,0.23958333333333334
prefill__C1,256,spike_1,post_commit,0.002,combined,2,768,0.0026041666666666665
prefill__C1,256,spike_1,post_commit,0.002,directional,2,768,0.0026041666666666665
prefill__C1,256,spike_1,post_commit,0.002,energy,2,768,0.0026041666666666665
prefill__C1,256,spike_1,post_commit,0.002,spike,2,768,0.0026041666666666665
prefill__C1,256,spike_1,post_commit,0.005,combined,11,768,0.014322916666666666
prefill__C1,256,spike_1,post_commit,0.005,directional,11,768,0.014322916666666666
prefill__C1,256,spike_1,post_commit,0.005,energy,11,768,0.014322916666666666
prefill__C1,256,spike_1,post_commit,0.005,spike,11,768,0.014322916666666666
prefill__C1,256,spike_1,post_commit,0.01,combined,15,768,0.01953125
prefill__C1,256,spike_1,post_commit,0.01,directional,15,768,0.01953125
prefill__C1,256,spike_1,post_commit,0.01,energy,15,768,0.01953125
prefill__C1,256,spike_1,post_commit,0.01,spike,15,768,0.01953125
prefill__C1,256,spike_1,post_commit,0.02,combined,13,768,0.016927083333333332
prefill__C1,256,spike_1,post_commit,0.02,directional,13,768,0.016927083333333332
prefill__C1,256,spike_1,post_commit,0.02,energy,13,768,0.016927083333333332
prefill__C1,256,spike_1,post_commit,0.02,spike,13,768,0.016927083333333332
prefill__C1,256,spike_1,post_commit,0.05,combined,18,768,0.0234375
prefill__C1,256,spike_1,post_commit,0.05,directional,18,768,0.0234375
prefill__C1,256,spike_1,post_commit,0.05,energy,18,768,0.0234375
prefill__C1,256,spike_1,post_commit,0.05,spike,18,768,0.0234375
prefill__C1,256,spike_1,post_commit,0.1,combined,13,768,0.016927083333333332
prefill__C1,256,spike_1,post_commit,0.1,directional,13,768,0.016927083333333332
prefill__C1,256,spike_1,post_commit,0.1,energy,13,768,0.016927083333333332
prefill__C1,256,spike_1,post_commit,0.1,spike,13,768,0.016927083333333332
prefill__C1,512,diffuse_balanced,post_commit,0.002,combined,4,768,0.005208333333333333
prefill__C1,512,diffuse_balanced,post_commit,0.002,directional,2,768,0.0026041666666666665
prefill__C1,512,diffuse_balanced,post_commit,0.002,energy,2,768,0.0026041666666666665
prefill__C1,512,diffuse_balanced,post_commit,0.002,spike,2,768,0.0026041666666666665
prefill__C1,512,diffuse_balanced,post_commit,0.005,combined,4,768,0.005208333333333333
prefill__C1,512,diffuse_balanced,post_commit,0.005,directional,3,768,0.00390625
prefill__C1,512,diffuse_balanced,post_commit,0.005,energy,2,768,0.0026041666666666665
prefill__C1,512,diffuse_balanced,post_commit,0.005,spike,2,768,0.0026041666666666665
prefill__C1,512,diffuse_balanced,post_commit,0.01,combined,15,768,0.01953125
prefill__C1,512,diffuse_balanced,post_commit,0.01,directional,12,768,0.015625
prefill__C1,512,diffuse_balanced,post_commit,0.01,energy,6,768,0.0078125
prefill__C1,512,diffuse_balanced,post_commit,0.01,spike,2,768,0.0026041666666666665
prefill__C1,512,diffuse_balanced,post_commit,0.02,combined,137,768,0.17838541666666666
prefill__C1,512,diffuse_balanced,post_commit,0.02,directional,133,768,0.17317708333333334
prefill__C1,512,diffuse_balanced,post_commit,0.02,energy,6,768,0.0078125
prefill__C1,512,diffuse_balanced,post_commit,0.02,spike,2,768,0.0026041666666666665
prefill__C1,512,diffuse_balanced,post_commit,0.05,combined,768,768,1.0
prefill__C1,512,diffuse_balanced,post_commit,0.05,directional,459,768,0.59765625
prefill__C1,512,diffuse_balanced,post_commit,0.05,energy,768,768,1.0
prefill__C1,512,diffuse_balanced,post_commit,0.05,spike,3,768,0.00390625
prefill__C1,512,diffuse_balanced,post_commit,0.1,combined,768,768,1.0
prefill__C1,512,diffuse_balanced,post_commit,0.1,directional,613,768,0.7981770833333334
prefill__C1,512,diffuse_balanced,post_commit,0.1,energy,768,768,1.0
prefill__C1,512,diffuse_balanced,post_commit,0.1,spike,5,768,0.006510416666666667
prefill__C1,512,directional,post_commit,0.002,combined,764,768,0.9947916666666666
prefill__C1,512,directional,post_commit,0.002,directional,763,768,0.9934895833333334
prefill__C1,512,directional,post_commit,0.002,energy,2,768,0.0026041666666666665
prefill__C1,512,directional,post_commit,0.002,spike,2,768,0.0026041666666666665
prefill__C1,512,directional,post_commit,0.005,combined,768,768,1.0
prefill__C1,512,directional,post_commit,0.005,directional,768,768,1.0
prefill__C1,512,directional,post_commit,0.005,energy,2,768,0.0026041666666666665
prefill__C1,512,directional,post_commit,0.005,spike,2,768,0.0026041666666666665
prefill__C1,512,directional,post_commit,0.01,combined,768,768,1.0
prefill__C1,512,directional,post_commit,0.01,directional,768,768,1.0
prefill__C1,512,directional,post_commit,0.01,energy,6,768,0.0078125
prefill__C1,512,directional,post_commit,0.01,spike,2,768,0.0026041666666666665
prefill__C1,512,directional,post_commit,0.02,combined,768,768,1.0
prefill__C1,512,directional,post_commit,0.02,directional,768,768,1.0
prefill__C1,512,directional,post_commit,0.02,energy,6,768,0.0078125
prefill__C1,512,directional,post_commit,0.02,spike,2,768,0.0026041666666666665
prefill__C1,512,directional,post_commit,0.05,combined,768,768,1.0
prefill__C1,512,directional,post_commit,0.05,directional,768,768,1.0
prefill__C1,512,directional,post_commit,0.05,energy,768,768,1.0
prefill__C1,512,directional,post_commit,0.05,spike,2,768,0.0026041666666666665
prefill__C1,512,directional,post_commit,0.1,combined,768,768,1.0
prefill__C1,512,directional,post_commit,0.1,directional,768,768,1.0
prefill__C1,512,directional,post_commit,0.1,energy,768,768,1.0
prefill__C1,512,directional,post_commit,0.1,spike,1,768,0.0013020833333333333
prefill__C1,512,honest,none,0.0,combined,4,768,0.005208333333333333
prefill__C1,512,honest,none,0.0,directional,3,768,0.00390625
prefill__C1,512,honest,none,0.0,energy,2,768,0.0026041666666666665
prefill__C1,512,honest,none,0.0,spike,2,768,0.0026041666666666665
prefill__C1,512,sample_null,known_coordinates,0.002,combined,4,768,0.005208333333333333
prefill__C1,512,sample_null,known_coordinates,0.002,directional,3,768,0.00390625
prefill__C1,512,sample_null,known_coordinates,0.002,energy,2,768,0.0026041666666666665
prefill__C1,512,sample_null,known_coordinates,0.002,spike,2,768,0.0026041666666666665
prefill__C1,512,sample_null,known_coordinates,0.005,combined,4,768,0.005208333333333333
prefill__C1,512,sample_null,known_coordinates,0.005,directional,3,768,0.00390625
prefill__C1,512,sample_null,known_coordinates,0.005,energy,2,768,0.0026041666666666665
prefill__C1,512,sample_null,known_coordinates,0.005,spike,2,768,0.0026041666666666665
prefill__C1,512,sample_null,known_coordinates,0.01,combined,4,768,0.005208333333333333
prefill__C1,512,sample_null,known_coordinates,0.01,directional,3,768,0.00390625
prefill__C1,512,sample_null,known_coordinates,0.01,energy,2,768,0.0026041666666666665
prefill__C1,512,sample_null,known_coordinates,0.01,spike,2,768,0.0026041666666666665
prefill__C1,512,sample_null,known_coordinates,0.02,combined,4,768,0.005208333333333333
prefill__C1,512,sample_null,known_coordinates,0.02,directional,3,768,0.00390625
prefill__C1,512,sample_null,known_coordinates,0.02,energy,2,768,0.0026041666666666665
prefill__C1,512,sample_null,known_coordinates,0.02,spike,2,768,0.0026041666666666665
prefill__C1,512,sample_null,known_coordinates,0.05,combined,4,768,0.005208333333333333
prefill__C1,512,sample_null,known_coordinates,0.05,directional,3,768,0.00390625
prefill__C1,512,sample_null,known_coordinates,0.05,energy,2,768,0.0026041666666666665
prefill__C1,512,sample_null,known_coordinates,0.05,spike,2,768,0.0026041666666666665
prefill__C1,512,sample_null,known_coordinates,0.1,combined,4,768,0.005208333333333333
prefill__C1,512,sample_null,known_coordinates,0.1,directional,3,768,0.00390625
prefill__C1,512,sample_null,known_coordinates,0.1,energy,2,768,0.0026041666666666665
prefill__C1,512,sample_null,known_coordinates,0.1,spike,2,768,0.0026041666666666665
prefill__C1,512,sample_null,post_commit,0.002,combined,4,768,0.005208333333333333
prefill__C1,512,sample_null,post_commit,0.002,directional,3,768,0.00390625
prefill__C1,512,sample_null,post_commit,0.002,energy,2,768,0.0026041666666666665
prefill__C1,512,sample_null,post_commit,0.002,spike,2,768,0.0026041666666666665
prefill__C1,512,sample_null,post_commit,0.005,combined,5,768,0.006510416666666667
prefill__C1,512,sample_null,post_commit,0.005,directional,3,768,0.00390625
prefill__C1,512,sample_null,post_commit,0.005,energy,2,768,0.0026041666666666665
prefill__C1,512,sample_null,post_commit,0.005,spike,2,768,0.0026041666666666665
prefill__C1,512,sample_null,post_commit,0.01,combined,19,768,0.024739583333333332
prefill__C1,512,sample_null,post_commit,0.01,directional,18,768,0.0234375
prefill__C1,512,sample_null,post_commit,0.01,energy,6,768,0.0078125
prefill__C1,512,sample_null,post_commit,0.01,spike,2,768,0.0026041666666666665
prefill__C1,512,sample_null,post_commit,0.02,combined,139,768,0.18098958333333334
prefill__C1,512,sample_null,post_commit,0.02,directional,136,768,0.17708333333333334
prefill__C1,512,sample_null,post_commit,0.02,energy,6,768,0.0078125
prefill__C1,512,sample_null,post_commit,0.02,spike,2,768,0.0026041666666666665
prefill__C1,512,sample_null,post_commit,0.05,combined,768,768,1.0
prefill__C1,512,sample_null,post_commit,0.05,directional,433,768,0.5638020833333334
prefill__C1,512,sample_null,post_commit,0.05,energy,768,768,1.0
prefill__C1,512,sample_null,post_commit,0.05,spike,4,768,0.005208333333333333
prefill__C1,512,sample_null,post_commit,0.1,combined,768,768,1.0
prefill__C1,512,sample_null,post_commit,0.1,directional,583,768,0.7591145833333334
prefill__C1,512,sample_null,post_commit,0.1,energy,768,768,1.0
prefill__C1,512,sample_null,post_commit,0.1,spike,3,768,0.00390625
prefill__C1,512,sparse_16,post_commit,0.002,combined,3,768,0.00390625
prefill__C1,512,sparse_16,post_commit,0.002,directional,2,768,0.0026041666666666665
prefill__C1,512,sparse_16,post_commit,0.002,energy,2,768,0.0026041666666666665
prefill__C1,512,sparse_16,post_commit,0.002,spike,2,768,0.0026041666666666665
prefill__C1,512,sparse_16,post_commit,0.005,combined,5,768,0.006510416666666667
prefill__C1,512,sparse_16,post_commit,0.005,directional,4,768,0.005208333333333333
prefill__C1,512,sparse_16,post_commit,0.005,energy,2,768,0.0026041666666666665
prefill__C1,512,sparse_16,post_commit,0.005,spike,2,768,0.0026041666666666665
prefill__C1,512,sparse_16,post_commit,0.01,combined,23,768,0.029947916666666668
prefill__C1,512,sparse_16,post_commit,0.01,directional,18,768,0.0234375
prefill__C1,512,sparse_16,post_commit,0.01,energy,7,768,0.009114583333333334
prefill__C1,512,sparse_16,post_commit,0.01,spike,2,768,0.0026041666666666665
prefill__C1,512,sparse_16,post_commit,0.02,combined,283,768,0.3684895833333333
prefill__C1,512,sparse_16,post_commit,0.02,directional,154,768,0.20052083333333334
prefill__C1,512,sparse_16,post_commit,0.02,energy,273,768,0.35546875
prefill__C1,512,sparse_16,post_commit,0.02,spike,259,768,0.3372395833333333
prefill__C1,512,sparse_16,post_commit,0.05,combined,305,768,0.3971354166666667
prefill__C1,512,sparse_16,post_commit,0.05,directional,281,768,0.3658854166666667
prefill__C1,512,sparse_16,post_commit,0.05,energy,305,768,0.3971354166666667
prefill__C1,512,sparse_16,post_commit,0.05,spike,305,768,0.3971354166666667
prefill__C1,512,sparse_16,post_commit,0.1,combined,322,768,0.4192708333333333
prefill__C1,512,sparse_16,post_commit,0.1,directional,290,768,0.3776041666666667
prefill__C1,512,sparse_16,post_commit,0.1,energy,321,768,0.41796875
prefill__C1,512,sparse_16,post_commit,0.1,spike,321,768,0.41796875
prefill__C1,512,spike_1,post_commit,0.002,combined,4,768,0.005208333333333333
prefill__C1,512,spike_1,post_commit,0.002,directional,3,768,0.00390625
prefill__C1,512,spike_1,post_commit,0.002,energy,3,768,0.00390625
prefill__C1,512,spike_1,post_commit,0.002,spike,2,768,0.0026041666666666665
prefill__C1,512,spike_1,post_commit,0.005,combined,29,768,0.037760416666666664
prefill__C1,512,spike_1,post_commit,0.005,directional,18,768,0.0234375
prefill__C1,512,spike_1,post_commit,0.005,energy,27,768,0.03515625
prefill__C1,512,spike_1,post_commit,0.005,spike,27,768,0.03515625
prefill__C1,512,spike_1,post_commit,0.01,combined,28,768,0.036458333333333336
prefill__C1,512,spike_1,post_commit,0.01,directional,27,768,0.03515625
prefill__C1,512,spike_1,post_commit,0.01,energy,26,768,0.033854166666666664
prefill__C1,512,spike_1,post_commit,0.01,spike,26,768,0.033854166666666664
prefill__C1,512,spike_1,post_commit,0.02,combined,26,768,0.033854166666666664
prefill__C1,512,spike_1,post_commit,0.02,directional,25,768,0.032552083333333336
prefill__C1,512,spike_1,post_commit,0.02,energy,24,768,0.03125
prefill__C1,512,spike_1,post_commit,0.02,spike,24,768,0.03125
prefill__C1,512,spike_1,post_commit,0.05,combined,19,768,0.024739583333333332
prefill__C1,512,spike_1,post_commit,0.05,directional,18,768,0.0234375
prefill__C1,512,spike_1,post_commit,0.05,energy,17,768,0.022135416666666668
prefill__C1,512,spike_1,post_commit,0.05,spike,17,768,0.022135416666666668
prefill__C1,512,spike_1,post_commit,0.1,combined,28,768,0.036458333333333336
prefill__C1,512,spike_1,post_commit,0.1,directional,27,768,0.03515625
prefill__C1,512,spike_1,post_commit,0.1,energy,26,768,0.033854166666666664
prefill__C1,512,spike_1,post_commit,0.1,spike,26,768,0.033854166666666664
prefill__C2,64,diffuse_balanced,post_commit,0.002,combined,7,768,0.009114583333333334
prefill__C2,64,diffuse_balanced,post_commit,0.002,directional,1,768,0.0013020833333333333
prefill__C2,64,diffuse_balanced,post_commit,0.002,energy,6,768,0.0078125
prefill__C2,64,diffuse_balanced,post_commit,0.002,spike,5,768,0.006510416666666667
prefill__C2,64,diffuse_balanced,post_commit,0.005,combined,28,768,0.036458333333333336
prefill__C2,64,diffuse_balanced,post_commit,0.005,directional,17,768,0.022135416666666668
prefill__C2,64,diffuse_balanced,post_commit,0.005,energy,15,768,0.01953125
prefill__C2,64,diffuse_balanced,post_commit,0.005,spike,4,768,0.005208333333333333
prefill__C2,64,diffuse_balanced,post_commit,0.01,combined,768,768,1.0
prefill__C2,64,diffuse_balanced,post_commit,0.01,directional,137,768,0.17838541666666666
prefill__C2,64,diffuse_balanced,post_commit,0.01,energy,768,768,1.0
prefill__C2,64,diffuse_balanced,post_commit,0.01,spike,5,768,0.006510416666666667
prefill__C2,64,diffuse_balanced,post_commit,0.02,combined,768,768,1.0
prefill__C2,64,diffuse_balanced,post_commit,0.02,directional,348,768,0.453125
prefill__C2,64,diffuse_balanced,post_commit,0.02,energy,768,768,1.0
prefill__C2,64,diffuse_balanced,post_commit,0.02,spike,15,768,0.01953125
prefill__C2,64,diffuse_balanced,post_commit,0.05,combined,768,768,1.0
prefill__C2,64,diffuse_balanced,post_commit,0.05,directional,573,768,0.74609375
prefill__C2,64,diffuse_balanced,post_commit,0.05,energy,768,768,1.0
prefill__C2,64,diffuse_balanced,post_commit,0.05,spike,435,768,0.56640625
prefill__C2,64,diffuse_balanced,post_commit,0.1,combined,768,768,1.0
prefill__C2,64,diffuse_balanced,post_commit,0.1,directional,695,768,0.9049479166666666
prefill__C2,64,diffuse_balanced,post_commit,0.1,energy,768,768,1.0
prefill__C2,64,diffuse_balanced,post_commit,0.1,spike,768,768,1.0
prefill__C2,64,directional,post_commit,0.002,combined,420,768,0.546875
prefill__C2,64,directional,post_commit,0.002,directional,416,768,0.5416666666666666
prefill__C2,64,directional,post_commit,0.002,energy,4,768,0.005208333333333333
prefill__C2,64,directional,post_commit,0.002,spike,5,768,0.006510416666666667
prefill__C2,64,directional,post_commit,0.005,combined,768,768,1.0
prefill__C2,64,directional,post_commit,0.005,directional,768,768,1.0
prefill__C2,64,directional,post_commit,0.005,energy,13,768,0.016927083333333332
prefill__C2,64,directional,post_commit,0.005,spike,3,768,0.00390625
prefill__C2,64,directional,post_commit,0.01,combined,768,768,1.0
prefill__C2,64,directional,post_commit,0.01,directional,768,768,1.0
prefill__C2,64,directional,post_commit,0.01,energy,768,768,1.0
prefill__C2,64,directional,post_commit,0.01,spike,3,768,0.00390625
prefill__C2,64,directional,post_commit,0.02,combined,768,768,1.0
prefill__C2,64,directional,post_commit,0.02,directional,768,768,1.0
prefill__C2,64,directional,post_commit,0.02,energy,768,768,1.0
prefill__C2,64,directional,post_commit,0.02,spike,10,768,0.013020833333333334
prefill__C2,64,directional,post_commit,0.05,combined,768,768,1.0
prefill__C2,64,directional,post_commit,0.05,directional,768,768,1.0
prefill__C2,64,directional,post_commit,0.05,energy,768,768,1.0
prefill__C2,64,directional,post_commit,0.05,spike,370,768,0.4817708333333333
prefill__C2,64,directional,post_commit,0.1,combined,768,768,1.0
prefill__C2,64,directional,post_commit,0.1,directional,768,768,1.0
prefill__C2,64,directional,post_commit,0.1,energy,768,768,1.0
prefill__C2,64,directional,post_commit,0.1,spike,768,768,1.0
prefill__C2,64,honest,none,0.0,combined,6,768,0.0078125
prefill__C2,64,honest,none,0.0,directional,1,768,0.0013020833333333333
prefill__C2,64,honest,none,0.0,energy,4,768,0.005208333333333333
prefill__C2,64,honest,none,0.0,spike,5,768,0.006510416666666667
prefill__C2,64,sample_null,known_coordinates,0.002,combined,6,768,0.0078125
prefill__C2,64,sample_null,known_coordinates,0.002,directional,1,768,0.0013020833333333333
prefill__C2,64,sample_null,known_coordinates,0.002,energy,4,768,0.005208333333333333
prefill__C2,64,sample_null,known_coordinates,0.002,spike,5,768,0.006510416666666667
prefill__C2,64,sample_null,known_coordinates,0.005,combined,6,768,0.0078125
prefill__C2,64,sample_null,known_coordinates,0.005,directional,1,768,0.0013020833333333333
prefill__C2,64,sample_null,known_coordinates,0.005,energy,4,768,0.005208333333333333
prefill__C2,64,sample_null,known_coordinates,0.005,spike,5,768,0.006510416666666667
prefill__C2,64,sample_null,known_coordinates,0.01,combined,6,768,0.0078125
prefill__C2,64,sample_null,known_coordinates,0.01,directional,1,768,0.0013020833333333333
prefill__C2,64,sample_null,known_coordinates,0.01,energy,4,768,0.005208333333333333
prefill__C2,64,sample_null,known_coordinates,0.01,spike,5,768,0.006510416666666667
prefill__C2,64,sample_null,known_coordinates,0.02,combined,6,768,0.0078125
prefill__C2,64,sample_null,known_coordinates,0.02,directional,1,768,0.0013020833333333333
prefill__C2,64,sample_null,known_coordinates,0.02,energy,4,768,0.005208333333333333
prefill__C2,64,sample_null,known_coordinates,0.02,spike,5,768,0.006510416666666667
prefill__C2,64,sample_null,known_coordinates,0.05,combined,6,768,0.0078125
prefill__C2,64,sample_null,known_coordinates,0.05,directional,1,768,0.0013020833333333333
prefill__C2,64,sample_null,known_coordinates,0.05,energy,4,768,0.005208333333333333
prefill__C2,64,sample_null,known_coordinates,0.05,spike,5,768,0.006510416666666667
prefill__C2,64,sample_null,known_coordinates,0.1,combined,6,768,0.0078125
prefill__C2,64,sample_null,known_coordinates,0.1,directional,1,768,0.0013020833333333333
prefill__C2,64,sample_null,known_coordinates,0.1,energy,4,768,0.005208333333333333
prefill__C2,64,sample_null,known_coordinates,0.1,spike,5,768,0.006510416666666667
prefill__C2,64,sample_null,post_commit,0.002,combined,6,768,0.0078125
prefill__C2,64,sample_null,post_commit,0.002,directional,1,768,0.0013020833333333333
prefill__C2,64,sample_null,post_commit,0.002,energy,4,768,0.005208333333333333
prefill__C2,64,sample_null,post_commit,0.002,spike,5,768,0.006510416666666667
prefill__C2,64,sample_null,post_commit,0.005,combined,31,768,0.040364583333333336
prefill__C2,64,sample_null,post_commit,0.005,directional,18,768,0.0234375
prefill__C2,64,sample_null,post_commit,0.005,energy,15,768,0.01953125
prefill__C2,64,sample_null,post_commit,0.005,spike,4,768,0.005208333333333333
prefill__C2,64,sample_null,post_commit,0.01,combined,768,768,1.0
prefill__C2,64,sample_null,post_commit,0.01,directional,127,768,0.16536458333333334
prefill__C2,64,sample_null,post_commit,0.01,energy,768,768,1.0
prefill__C2,64,sample_null,post_commit,0.01,spike,5,768,0.006510416666666667
prefill__C2,64,sample_null,post_commit,0.02,combined,768,768,1.0
prefill__C2,64,sample_null,post_commit,0.02,directional,365,768,0.4752604166666667
prefill__C2,64,sample_null,post_commit,0.02,energy,768,768,1.0
prefill__C2,64,sample_null,post_commit,0.02,spike,17,768,0.022135416666666668
prefill__C2,64,sample_null,post_commit,0.05,combined,768,768,1.0
prefill__C2,64,sample_null,post_commit,0.05,directional,582,768,0.7578125
prefill__C2,64,sample_null,post_commit,0.05,energy,768,768,1.0
prefill__C2,64,sample_null,post_commit,0.05,spike,413,768,0.5377604166666666
prefill__C2,64,sample_null,post_commit,0.1,combined,768,768,1.0
prefill__C2,64,sample_null,post_commit,0.1,directional,675,768,0.87890625
prefill__C2,64,sample_null,post_commit,0.1,energy,768,768,1.0
prefill__C2,64,sample_null,post_commit,0.1,spike,768,768,1.0
prefill__C2,64,sparse_16,post_commit,0.002,combined,39,768,0.05078125
prefill__C2,64,sparse_16,post_commit,0.002,directional,4,768,0.005208333333333333
prefill__C2,64,sparse_16,post_commit,0.002,energy,27,768,0.03515625
prefill__C2,64,sparse_16,post_commit,0.002,spike,34,768,0.044270833333333336
prefill__C2,64,sparse_16,post_commit,0.005,combined,49,768,0.06380208333333333
prefill__C2,64,sparse_16,post_commit,0.005,directional,40,768,0.052083333333333336
prefill__C2,64,sparse_16,post_commit,0.005,energy,47,768,0.061197916666666664
prefill__C2,64,sparse_16,post_commit,0.005,spike,48,768,0.0625
prefill__C2,64,sparse_16,post_commit,0.01,combined,49,768,0.06380208333333333
prefill__C2,64,sparse_16,post_commit,0.01,directional,44,768,0.057291666666666664
prefill__C2,64,sparse_16,post_commit,0.01,energy,47,768,0.061197916666666664
prefill__C2,64,sparse_16,post_commit,0.01,spike,48,768,0.0625
prefill__C2,64,sparse_16,post_commit,0.02,combined,64,768,0.08333333333333333
prefill__C2,64,sparse_16,post_commit,0.02,directional,59,768,0.07682291666666667
prefill__C2,64,sparse_16,post_commit,0.02,energy,63,768,0.08203125
prefill__C2,64,sparse_16,post_commit,0.02,spike,63,768,0.08203125
prefill__C2,64,sparse_16,post_commit,0.05,combined,57,768,0.07421875
prefill__C2,64,sparse_16,post_commit,0.05,directional,52,768,0.06770833333333333
prefill__C2,64,sparse_16,post_commit,0.05,energy,55,768,0.07161458333333333
prefill__C2,64,sparse_16,post_commit,0.05,spike,56,768,0.07291666666666667
prefill__C2,64,sparse_16,post_commit,0.1,combined,51,768,0.06640625
prefill__C2,64,sparse_16,post_commit,0.1,directional,45,768,0.05859375
prefill__C2,64,sparse_16,post_commit,0.1,energy,49,768,0.06380208333333333
prefill__C2,64,sparse_16,post_commit,0.1,spike,50,768,0.06510416666666667
prefill__C2,64,spike_1,post_commit,0.002,combined,8,768,0.010416666666666666
prefill__C2,64,spike_1,post_commit,0.002,directional,3,768,0.00390625
prefill__C2,64,spike_1,post_commit,0.002,energy,6,768,0.0078125
prefill__C2,64,spike_1,post_commit,0.002,spike,7,768,0.009114583333333334
prefill__C2,64,spike_1,post_commit,0.005,combined,8,768,0.010416666666666666
prefill__C2,64,spike_1,post_commit,0.005,directional,3,768,0.00390625
prefill__C2,64,spike_1,post_commit,0.005,energy,6,768,0.0078125
prefill__C2,64,spike_1,post_commit,0.005,spike,7,768,0.009114583333333334
prefill__C2,64,spike_1,post_commit,0.01,combined,11,768,0.014322916666666666
prefill__C2,64,spike_1,post_commit,0.01,directional,6,768,0.0078125
prefill__C2,64,spike_1,post_commit,0.01,energy,9,768,0.01171875
prefill__C2,64,spike_1,post_commit,0.01,spike,10,768,0.013020833333333334
prefill__C2,64,spike_1,post_commit,0.02,combined,12,768,0.015625
prefill__C2,64,spike_1,post_commit,0.02,directional,7,768,0.009114583333333334
prefill__C2,64,spike_1,post_commit,0.02,energy,10,768,0.013020833333333334
prefill__C2,64,spike_1,post_commit,0.02,spike,11,768,0.014322916666666666
prefill__C2,64,spike_1,post_commit,0.05,combined,9,768,0.01171875
prefill__C2,64,spike_1,post_commit,0.05,directional,4,768,0.005208333333333333
prefill__C2,64,spike_1,post_commit,0.05,energy,7,768,0.009114583333333334
prefill__C2,64,spike_1,post_commit,0.05,spike,8,768,0.010416666666666666
prefill__C2,64,spike_1,post_commit,0.1,combined,7,768,0.009114583333333334
prefill__C2,64,spike_1,post_commit,0.1,directional,2,768,0.0026041666666666665
prefill__C2,64,spike_1,post_commit,0.1,energy,5,768,0.006510416666666667
prefill__C2,64,spike_1,post_commit,0.1,spike,6,768,0.0078125
prefill__C2,128,diffuse_balanced,post_commit,0.002,combined,4,768,0.005208333333333333
prefill__C2,128,diffuse_balanced,post_commit,0.002,directional,4,768,0.005208333333333333
prefill__C2,128,diffuse_balanced,post_commit,0.002,energy,4,768,0.005208333333333333
prefill__C2,128,diffuse_balanced,post_commit,0.002,spike,4,768,0.005208333333333333
prefill__C2,128,diffuse_balanced,post_commit,0.005,combined,4,768,0.005208333333333333
prefill__C2,128,diffuse_balanced,post_commit,0.005,directional,4,768,0.005208333333333333
prefill__C2,128,diffuse_balanced,post_commit,0.005,energy,4,768,0.005208333333333333
prefill__C2,128,diffuse_balanced,post_commit,0.005,spike,4,768,0.005208333333333333
prefill__C2,128,diffuse_balanced,post_commit,0.01,combined,5,768,0.006510416666666667
prefill__C2,128,diffuse_balanced,post_commit,0.01,directional,4,768,0.005208333333333333
prefill__C2,128,diffuse_balanced,post_commit,0.01,energy,4,768,0.005208333333333333
prefill__C2,128,diffuse_balanced,post_commit,0.01,spike,4,768,0.005208333333333333
prefill__C2,128,diffuse_balanced,post_commit,0.02,combined,30,768,0.0390625
prefill__C2,128,diffuse_balanced,post_commit,0.02,directional,30,768,0.0390625
prefill__C2,128,diffuse_balanced,post_commit,0.02,energy,4,768,0.005208333333333333
prefill__C2,128,diffuse_balanced,post_commit,0.02,spike,3,768,0.00390625
prefill__C2,128,diffuse_balanced,post_commit,0.05,combined,768,768,1.0
prefill__C2,128,diffuse_balanced,post_commit,0.05,directional,307,768,0.3997395833333333
prefill__C2,128,diffuse_balanced,post_commit,0.05,energy,768,768,1.0
prefill__C2,128,diffuse_balanced,post_commit,0.05,spike,3,768,0.00390625
prefill__C2,128,diffuse_balanced,post_commit,0.1,combined,768,768,1.0
prefill__C2,128,diffuse_balanced,post_commit,0.1,directional,521,768,0.6783854166666666
prefill__C2,128,diffuse_balanced,post_commit,0.1,energy,768,768,1.0
prefill__C2,128,diffuse_balanced,post_commit,0.1,spike,3,768,0.00390625
prefill__C2,128,directional,post_commit,0.002,combined,4,768,0.005208333333333333
prefill__C2,128,directional,post_commit,0.002,directional,1,768,0.0013020833333333333
prefill__C2,128,directional,post_commit,0.002,energy,4,768,0.005208333333333333
prefill__C2,128,directional,post_commit,0.002,spike,4,768,0.005208333333333333
prefill__C2,128,directional,post_commit,0.005,combined,766,768,0.9973958333333334
prefill__C2,128,directional,post_commit,0.005,directional,763,768,0.9934895833333334
prefill__C2,128,directional,post_commit,0.005,energy,4,768,0.005208333333333333
prefill__C2,128,directional,post_commit,0.005,spike,4,768,0.005208333333333333
prefill__C2,128,directional,post_commit,0.01,combined,768,768,1.0
prefill__C2,128,directional,post_commit,0.01,directional,768,768,1.0
prefill__C2,128,directional,post_commit,0.01,energy,4,768,0.005208333333333333
prefill__C2,128,directional,post_commit,0.01,spike,2,768,0.0026041666666666665
prefill__C2,128,directional,post_commit,0.02,combined,768,768,1.0
prefill__C2,128,directional,post_commit,0.02,directional,768,768,1.0
prefill__C2,128,directional,post_commit,0.02,energy,4,768,0.005208333333333333
prefill__C2,128,directional,post_commit,0.02,spike,2,768,0.0026041666666666665
prefill__C2,128,directional,post_commit,0.05,combined,768,768,1.0
prefill__C2,128,directional,post_commit,0.05,directional,768,768,1.0
prefill__C2,128,directional,post_commit,0.05,energy,768,768,1.0
prefill__C2,128,directional,post_commit,0.05,spike,2,768,0.0026041666666666665
prefill__C2,128,directional,post_commit,0.1,combined,768,768,1.0
prefill__C2,128,directional,post_commit,0.1,directional,768,768,1.0
prefill__C2,128,directional,post_commit,0.1,energy,768,768,1.0
prefill__C2,128,directional,post_commit,0.1,spike,1,768,0.0013020833333333333
prefill__C2,128,honest,none,0.0,combined,4,768,0.005208333333333333
prefill__C2,128,honest,none,0.0,directional,4,768,0.005208333333333333
prefill__C2,128,honest,none,0.0,energy,4,768,0.005208333333333333
prefill__C2,128,honest,none,0.0,spike,4,768,0.005208333333333333
prefill__C2,128,sample_null,known_coordinates,0.002,combined,4,768,0.005208333333333333
prefill__C2,128,sample_null,known_coordinates,0.002,directional,4,768,0.005208333333333333
prefill__C2,128,sample_null,known_coordinates,0.002,energy,4,768,0.005208333333333333
prefill__C2,128,sample_null,known_coordinates,0.002,spike,4,768,0.005208333333333333
prefill__C2,128,sample_null,known_coordinates,0.005,combined,4,768,0.005208333333333333
prefill__C2,128,sample_null,known_coordinates,0.005,directional,4,768,0.005208333333333333
prefill__C2,128,sample_null,known_coordinates,0.005,energy,4,768,0.005208333333333333
prefill__C2,128,sample_null,known_coordinates,0.005,spike,4,768,0.005208333333333333
prefill__C2,128,sample_null,known_coordinates,0.01,combined,4,768,0.005208333333333333
prefill__C2,128,sample_null,known_coordinates,0.01,directional,4,768,0.005208333333333333
prefill__C2,128,sample_null,known_coordinates,0.01,energy,4,768,0.005208333333333333
prefill__C2,128,sample_null,known_coordinates,0.01,spike,4,768,0.005208333333333333
prefill__C2,128,sample_null,known_coordinates,0.02,combined,4,768,0.005208333333333333
prefill__C2,128,sample_null,known_coordinates,0.02,directional,4,768,0.005208333333333333
prefill__C2,128,sample_null,known_coordinates,0.02,energy,4,768,0.005208333333333333
prefill__C2,128,sample_null,known_coordinates,0.02,spike,4,768,0.005208333333333333
prefill__C2,128,sample_null,known_coordinates,0.05,combined,4,768,0.005208333333333333
prefill__C2,128,sample_null,known_coordinates,0.05,directional,4,768,0.005208333333333333
prefill__C2,128,sample_null,known_coordinates,0.05,energy,4,768,0.005208333333333333
prefill__C2,128,sample_null,known_coordinates,0.05,spike,4,768,0.005208333333333333
prefill__C2,128,sample_null,known_coordinates,0.1,combined,4,768,0.005208333333333333
prefill__C2,128,sample_null,known_coordinates,0.1,directional,4,768,0.005208333333333333
prefill__C2,128,sample_null,known_coordinates,0.1,energy,4,768,0.005208333333333333
prefill__C2,128,sample_null,known_coordinates,0.1,spike,4,768,0.005208333333333333
prefill__C2,128,sample_null,post_commit,0.002,combined,4,768,0.005208333333333333
prefill__C2,128,sample_null,post_commit,0.002,directional,4,768,0.005208333333333333
prefill__C2,128,sample_null,post_commit,0.002,energy,4,768,0.005208333333333333
prefill__C2,128,sample_null,post_commit,0.002,spike,4,768,0.005208333333333333
prefill__C2,128,sample_null,post_commit,0.005,combined,4,768,0.005208333333333333
prefill__C2,128,sample_null,post_commit,0.005,directional,3,768,0.00390625
prefill__C2,128,sample_null,post_commit,0.005,energy,4,768,0.005208333333333333
prefill__C2,128,sample_null,post_commit,0.005,spike,4,768,0.005208333333333333
prefill__C2,128,sample_null,post_commit,0.01,combined,4,768,0.005208333333333333
prefill__C2,128,sample_null,post_commit,0.01,directional,2,768,0.0026041666666666665
prefill__C2,128,sample_null,post_commit,0.01,energy,4,768,0.005208333333333333
prefill__C2,128,sample_null,post_commit,0.01,spike,3,768,0.00390625
prefill__C2,128,sample_null,post_commit,0.02,combined,40,768,0.052083333333333336
prefill__C2,128,sample_null,post_commit,0.02,directional,40,768,0.052083333333333336
prefill__C2,128,sample_null,post_commit,0.02,energy,4,768,0.005208333333333333
prefill__C2,128,sample_null,post_commit,0.02,spike,3,768,0.00390625
prefill__C2,128,sample_null,post_commit,0.05,combined,768,768,1.0
prefill__C2,128,sample_null,post_commit,0.05,directional,298,768,0.3880208333333333
prefill__C2,128,sample_null,post_commit,0.05,energy,768,768,1.0
prefill__C2,128,sample_null,post_commit,0.05,spike,3,768,0.00390625
prefill__C2,128,sample_null,post_commit,0.1,combined,768,768,1.0
prefill__C2,128,sample_null,post_commit,0.1,directional,515,768,0.6705729166666666
prefill__C2,128,sample_null,post_commit,0.1,energy,768,768,1.0
prefill__C2,128,sample_null,post_commit,0.1,spike,3,768,0.00390625
prefill__C2,128,sparse_16,post_commit,0.002,combined,4,768,0.005208333333333333
prefill__C2,128,sparse_16,post_commit,0.002,directional,4,768,0.005208333333333333
prefill__C2,128,sparse_16,post_commit,0.002,energy,4,768,0.005208333333333333
prefill__C2,128,sparse_16,post_commit,0.002,spike,4,768,0.005208333333333333
prefill__C2,128,sparse_16,post_commit,0.005,combined,4,768,0.005208333333333333
prefill__C2,128,sparse_16,post_commit,0.005,directional,4,768,0.005208333333333333
prefill__C2,128,sparse_16,post_commit,0.005,energy,4,768,0.005208333333333333
prefill__C2,128,sparse_16,post_commit,0.005,spike,4,768,0.005208333333333333
prefill__C2,128,sparse_16,post_commit,0.01,combined,8,768,0.010416666666666666
prefill__C2,128,sparse_16,post_commit,0.01,directional,7,768,0.009114583333333334
prefill__C2,128,sparse_16,post_commit,0.01,energy,4,768,0.005208333333333333
prefill__C2,128,sparse_16,post_commit,0.01,spike,4,768,0.005208333333333333
prefill__C2,128,sparse_16,post_commit,0.02,combined,116,768,0.15104166666666666
prefill__C2,128,sparse_16,post_commit,0.02,directional,113,768,0.14713541666666666
prefill__C2,128,sparse_16,post_commit,0.02,energy,116,768,0.15104166666666666
prefill__C2,128,sparse_16,post_commit,0.02,spike,116,768,0.15104166666666666
prefill__C2,128,sparse_16,post_commit,0.05,combined,104,768,0.13541666666666666
prefill__C2,128,sparse_16,post_commit,0.05,directional,103,768,0.13411458333333334
prefill__C2,128,sparse_16,post_commit,0.05,energy,104,768,0.13541666666666666
prefill__C2,128,sparse_16,post_commit,0.05,spike,104,768,0.13541666666666666
prefill__C2,128,sparse_16,post_commit,0.1,combined,96,768,0.125
prefill__C2,128,sparse_16,post_commit,0.1,directional,90,768,0.1171875
prefill__C2,128,sparse_16,post_commit,0.1,energy,96,768,0.125
prefill__C2,128,sparse_16,post_commit,0.1,spike,96,768,0.125
prefill__C2,128,spike_1,post_commit,0.002,combined,4,768,0.005208333333333333
prefill__C2,128,spike_1,post_commit,0.002,directional,4,768,0.005208333333333333
prefill__C2,128,spike_1,post_commit,0.002,energy,4,768,0.005208333333333333
prefill__C2,128,spike_1,post_commit,0.002,spike,4,768,0.005208333333333333
prefill__C2,128,spike_1,post_commit,0.005,combined,15,768,0.01953125
prefill__C2,128,spike_1,post_commit,0.005,directional,15,768,0.01953125
prefill__C2,128,spike_1,post_commit,0.005,energy,15,768,0.01953125
prefill__C2,128,spike_1,post_commit,0.005,spike,15,768,0.01953125
prefill__C2,128,spike_1,post_commit,0.01,combined,8,768,0.010416666666666666
prefill__C2,128,spike_1,post_commit,0.01,directional,8,768,0.010416666666666666
prefill__C2,128,spike_1,post_commit,0.01,energy,8,768,0.010416666666666666
prefill__C2,128,spike_1,post_commit,0.01,spike,8,768,0.010416666666666666
prefill__C2,128,spike_1,post_commit,0.02,combined,9,768,0.01171875
prefill__C2,128,spike_1,post_commit,0.02,directional,9,768,0.01171875
prefill__C2,128,spike_1,post_commit,0.02,energy,9,768,0.01171875
prefill__C2,128,spike_1,post_commit,0.02,spike,9,768,0.01171875
prefill__C2,128,spike_1,post_commit,0.05,combined,10,768,0.013020833333333334
prefill__C2,128,spike_1,post_commit,0.05,directional,10,768,0.013020833333333334
prefill__C2,128,spike_1,post_commit,0.05,energy,10,768,0.013020833333333334
prefill__C2,128,spike_1,post_commit,0.05,spike,10,768,0.013020833333333334
prefill__C2,128,spike_1,post_commit,0.1,combined,9,768,0.01171875
prefill__C2,128,spike_1,post_commit,0.1,directional,9,768,0.01171875
prefill__C2,128,spike_1,post_commit,0.1,energy,9,768,0.01171875
prefill__C2,128,spike_1,post_commit,0.1,spike,9,768,0.01171875
prefill__C2,256,diffuse_balanced,post_commit,0.002,combined,2,768,0.0026041666666666665
prefill__C2,256,diffuse_balanced,post_commit,0.002,directional,1,768,0.0013020833333333333
prefill__C2,256,diffuse_balanced,post_commit,0.002,energy,2,768,0.0026041666666666665
prefill__C2,256,diffuse_balanced,post_commit,0.002,spike,2,768,0.0026041666666666665
prefill__C2,256,diffuse_balanced,post_commit,0.005,combined,2,768,0.0026041666666666665
prefill__C2,256,diffuse_balanced,post_commit,0.005,directional,2,768,0.0026041666666666665
prefill__C2,256,diffuse_balanced,post_commit,0.005,energy,2,768,0.0026041666666666665
prefill__C2,256,diffuse_balanced,post_commit,0.005,spike,2,768,0.0026041666666666665
prefill__C2,256,diffuse_balanced,post_commit,0.01,combined,4,768,0.005208333333333333
prefill__C2,256,diffuse_balanced,post_commit,0.01,directional,3,768,0.00390625
prefill__C2,256,diffuse_balanced,post_commit,0.01,energy,2,768,0.0026041666666666665
prefill__C2,256,diffuse_balanced,post_commit,0.01,spike,2,768,0.0026041666666666665
prefill__C2,256,diffuse_balanced,post_commit,0.02,combined,62,768,0.08072916666666667
prefill__C2,256,diffuse_balanced,post_commit,0.02,directional,61,768,0.07942708333333333
prefill__C2,256,diffuse_balanced,post_commit,0.02,energy,2,768,0.0026041666666666665
prefill__C2,256,diffuse_balanced,post_commit,0.02,spike,2,768,0.0026041666666666665
prefill__C2,256,diffuse_balanced,post_commit,0.05,combined,768,768,1.0
prefill__C2,256,diffuse_balanced,post_commit,0.05,directional,379,768,0.4934895833333333
prefill__C2,256,diffuse_balanced,post_commit,0.05,energy,768,768,1.0
prefill__C2,256,diffuse_balanced,post_commit,0.05,spike,2,768,0.0026041666666666665
prefill__C2,256,diffuse_balanced,post_commit,0.1,combined,768,768,1.0
prefill__C2,256,diffuse_balanced,post_commit,0.1,directional,546,768,0.7109375
prefill__C2,256,diffuse_balanced,post_commit,0.1,energy,768,768,1.0
prefill__C2,256,diffuse_balanced,post_commit,0.1,spike,2,768,0.0026041666666666665
prefill__C2,256,directional,post_commit,0.002,combined,65,768,0.08463541666666667
prefill__C2,256,directional,post_commit,0.002,directional,64,768,0.08333333333333333
prefill__C2,256,directional,post_commit,0.002,energy,2,768,0.0026041666666666665
prefill__C2,256,directional,post_commit,0.002,spike,2,768,0.0026041666666666665
prefill__C2,256,directional,post_commit,0.005,combined,768,768,1.0
prefill__C2,256,directional,post_commit,0.005,directional,768,768,1.0
prefill__C2,256,directional,post_commit,0.005,energy,2,768,0.0026041666666666665
prefill__C2,256,directional,post_commit,0.005,spike,2,768,0.0026041666666666665
prefill__C2,256,directional,post_commit,0.01,combined,768,768,1.0
prefill__C2,256,directional,post_commit,0.01,directional,768,768,1.0
prefill__C2,256,directional,post_commit,0.01,energy,2,768,0.0026041666666666665
prefill__C2,256,directional,post_commit,0.01,spike,2,768,0.0026041666666666665
prefill__C2,256,directional,post_commit,0.02,combined,768,768,1.0
prefill__C2,256,directional,post_commit,0.02,directional,768,768,1.0
prefill__C2,256,directional,post_commit,0.02,energy,2,768,0.0026041666666666665
prefill__C2,256,directional,post_commit,0.02,spike,2,768,0.0026041666666666665
prefill__C2,256,directional,post_commit,0.05,combined,768,768,1.0
prefill__C2,256,directional,post_commit,0.05,directional,768,768,1.0
prefill__C2,256,directional,post_commit,0.05,energy,768,768,1.0
prefill__C2,256,directional,post_commit,0.05,spike,2,768,0.0026041666666666665
prefill__C2,256,directional,post_commit,0.1,combined,768,768,1.0
prefill__C2,256,directional,post_commit,0.1,directional,768,768,1.0
prefill__C2,256,directional,post_commit,0.1,energy,768,768,1.0
prefill__C2,256,directional,post_commit,0.1,spike,1,768,0.0013020833333333333
prefill__C2,256,honest,none,0.0,combined,2,768,0.0026041666666666665
prefill__C2,256,honest,none,0.0,directional,1,768,0.0013020833333333333
prefill__C2,256,honest,none,0.0,energy,2,768,0.0026041666666666665
prefill__C2,256,honest,none,0.0,spike,2,768,0.0026041666666666665
prefill__C2,256,sample_null,known_coordinates,0.002,combined,2,768,0.0026041666666666665
prefill__C2,256,sample_null,known_coordinates,0.002,directional,1,768,0.0013020833333333333
prefill__C2,256,sample_null,known_coordinates,0.002,energy,2,768,0.0026041666666666665
prefill__C2,256,sample_null,known_coordinates,0.002,spike,2,768,0.0026041666666666665
prefill__C2,256,sample_null,known_coordinates,0.005,combined,2,768,0.0026041666666666665
prefill__C2,256,sample_null,known_coordinates,0.005,directional,1,768,0.0013020833333333333
prefill__C2,256,sample_null,known_coordinates,0.005,energy,2,768,0.0026041666666666665
prefill__C2,256,sample_null,known_coordinates,0.005,spike,2,768,0.0026041666666666665
prefill__C2,256,sample_null,known_coordinates,0.01,combined,2,768,0.0026041666666666665
prefill__C2,256,sample_null,known_coordinates,0.01,directional,1,768,0.0013020833333333333
prefill__C2,256,sample_null,known_coordinates,0.01,energy,2,768,0.0026041666666666665
prefill__C2,256,sample_null,known_coordinates,0.01,spike,2,768,0.0026041666666666665
prefill__C2,256,sample_null,known_coordinates,0.02,combined,2,768,0.0026041666666666665
prefill__C2,256,sample_null,known_coordinates,0.02,directional,1,768,0.0013020833333333333
prefill__C2,256,sample_null,known_coordinates,0.02,energy,2,768,0.0026041666666666665
prefill__C2,256,sample_null,known_coordinates,0.02,spike,2,768,0.0026041666666666665
prefill__C2,256,sample_null,known_coordinates,0.05,combined,2,768,0.0026041666666666665
prefill__C2,256,sample_null,known_coordinates,0.05,directional,1,768,0.0013020833333333333
prefill__C2,256,sample_null,known_coordinates,0.05,energy,2,768,0.0026041666666666665
prefill__C2,256,sample_null,known_coordinates,0.05,spike,2,768,0.0026041666666666665
prefill__C2,256,sample_null,known_coordinates,0.1,combined,2,768,0.0026041666666666665
prefill__C2,256,sample_null,known_coordinates,0.1,directional,1,768,0.0013020833333333333
prefill__C2,256,sample_null,known_coordinates,0.1,energy,2,768,0.0026041666666666665
prefill__C2,256,sample_null,known_coordinates,0.1,spike,2,768,0.0026041666666666665
prefill__C2,256,sample_null,post_commit,0.002,combined,2,768,0.0026041666666666665
prefill__C2,256,sample_null,post_commit,0.002,directional,1,768,0.0013020833333333333
prefill__C2,256,sample_null,post_commit,0.002,energy,2,768,0.0026041666666666665
prefill__C2,256,sample_null,post_commit,0.002,spike,2,768,0.0026041666666666665
prefill__C2,256,sample_null,post_commit,0.005,combined,2,768,0.0026041666666666665
prefill__C2,256,sample_null,post_commit,0.005,directional,1,768,0.0013020833333333333
prefill__C2,256,sample_null,post_commit,0.005,energy,2,768,0.0026041666666666665
prefill__C2,256,sample_null,post_commit,0.005,spike,2,768,0.0026041666666666665
prefill__C2,256,sample_null,post_commit,0.01,combined,6,768,0.0078125
prefill__C2,256,sample_null,post_commit,0.01,directional,5,768,0.006510416666666667
prefill__C2,256,sample_null,post_commit,0.01,energy,2,768,0.0026041666666666665
prefill__C2,256,sample_null,post_commit,0.01,spike,2,768,0.0026041666666666665
prefill__C2,256,sample_null,post_commit,0.02,combined,77,768,0.10026041666666667
prefill__C2,256,sample_null,post_commit,0.02,directional,77,768,0.10026041666666667
prefill__C2,256,sample_null,post_commit,0.02,energy,2,768,0.0026041666666666665
prefill__C2,256,sample_null,post_commit,0.02,spike,2,768,0.0026041666666666665
prefill__C2,256,sample_null,post_commit,0.05,combined,768,768,1.0
prefill__C2,256,sample_null,post_commit,0.05,directional,360,768,0.46875
prefill__C2,256,sample_null,post_commit,0.05,energy,768,768,1.0
prefill__C2,256,sample_null,post_commit,0.05,spike,2,768,0.0026041666666666665
prefill__C2,256,sample_null,post_commit,0.1,combined,768,768,1.0
prefill__C2,256,sample_null,post_commit,0.1,directional,556,768,0.7239583333333334
prefill__C2,256,sample_null,post_commit,0.1,energy,768,768,1.0
prefill__C2,256,sample_null,post_commit,0.1,spike,1,768,0.0013020833333333333
prefill__C2,256,sparse_16,post_commit,0.002,combined,2,768,0.0026041666666666665
prefill__C2,256,sparse_16,post_commit,0.002,directional,1,768,0.0013020833333333333
prefill__C2,256,sparse_16,post_commit,0.002,energy,2,768,0.0026041666666666665
prefill__C2,256,sparse_16,post_commit,0.002,spike,2,768,0.0026041666666666665
prefill__C2,256,sparse_16,post_commit,0.005,combined,2,768,0.0026041666666666665
prefill__C2,256,sparse_16,post_commit,0.005,directional,0,768,0.0
prefill__C2,256,sparse_16,post_commit,0.005,energy,2,768,0.0026041666666666665
prefill__C2,256,sparse_16,post_commit,0.005,spike,2,768,0.0026041666666666665
prefill__C2,256,sparse_16,post_commit,0.01,combined,13,768,0.016927083333333332
prefill__C2,256,sparse_16,post_commit,0.01,directional,12,768,0.015625
prefill__C2,256,sparse_16,post_commit,0.01,energy,3,768,0.00390625
prefill__C2,256,sparse_16,post_commit,0.01,spike,2,768,0.0026041666666666665
prefill__C2,256,sparse_16,post_commit,0.02,combined,146,768,0.19010416666666666
prefill__C2,256,sparse_16,post_commit,0.02,directional,117,768,0.15234375
prefill__C2,256,sparse_16,post_commit,0.02,energy,137,768,0.17838541666666666
prefill__C2,256,sparse_16,post_commit,0.02,spike,136,768,0.17708333333333334
prefill__C2,256,sparse_16,post_commit,0.05,combined,182,768,0.23697916666666666
prefill__C2,256,sparse_16,post_commit,0.05,directional,172,768,0.22395833333333334
prefill__C2,256,sparse_16,post_commit,0.05,energy,182,768,0.23697916666666666
prefill__C2,256,sparse_16,post_commit,0.05,spike,182,768,0.23697916666666666
prefill__C2,256,sparse_16,post_commit,0.1,combined,172,768,0.22395833333333334
prefill__C2,256,sparse_16,post_commit,0.1,directional,165,768,0.21484375
prefill__C2,256,sparse_16,post_commit,0.1,energy,172,768,0.22395833333333334
prefill__C2,256,sparse_16,post_commit,0.1,spike,172,768,0.22395833333333334
prefill__C2,256,spike_1,post_commit,0.002,combined,2,768,0.0026041666666666665
prefill__C2,256,spike_1,post_commit,0.002,directional,1,768,0.0013020833333333333
prefill__C2,256,spike_1,post_commit,0.002,energy,2,768,0.0026041666666666665
prefill__C2,256,spike_1,post_commit,0.002,spike,2,768,0.0026041666666666665
prefill__C2,256,spike_1,post_commit,0.005,combined,15,768,0.01953125
prefill__C2,256,spike_1,post_commit,0.005,directional,13,768,0.016927083333333332
prefill__C2,256,spike_1,post_commit,0.005,energy,13,768,0.016927083333333332
prefill__C2,256,spike_1,post_commit,0.005,spike,13,768,0.016927083333333332
prefill__C2,256,spike_1,post_commit,0.01,combined,14,768,0.018229166666666668
prefill__C2,256,spike_1,post_commit,0.01,directional,13,768,0.016927083333333332
prefill__C2,256,spike_1,post_commit,0.01,energy,14,768,0.018229166666666668
prefill__C2,256,spike_1,post_commit,0.01,spike,14,768,0.018229166666666668
prefill__C2,256,spike_1,post_commit,0.02,combined,14,768,0.018229166666666668
prefill__C2,256,spike_1,post_commit,0.02,directional,13,768,0.016927083333333332
prefill__C2,256,spike_1,post_commit,0.02,energy,14,768,0.018229166666666668
prefill__C2,256,spike_1,post_commit,0.02,spike,14,768,0.018229166666666668
prefill__C2,256,spike_1,post_commit,0.05,combined,11,768,0.014322916666666666
prefill__C2,256,spike_1,post_commit,0.05,directional,11,768,0.014322916666666666
prefill__C2,256,spike_1,post_commit,0.05,energy,11,768,0.014322916666666666
prefill__C2,256,spike_1,post_commit,0.05,spike,11,768,0.014322916666666666
prefill__C2,256,spike_1,post_commit,0.1,combined,12,768,0.015625
prefill__C2,256,spike_1,post_commit,0.1,directional,11,768,0.014322916666666666
prefill__C2,256,spike_1,post_commit,0.1,energy,12,768,0.015625
prefill__C2,256,spike_1,post_commit,0.1,spike,12,768,0.015625
prefill__C2,512,diffuse_balanced,post_commit,0.002,combined,6,768,0.0078125
prefill__C2,512,diffuse_balanced,post_commit,0.002,directional,4,768,0.005208333333333333
prefill__C2,512,diffuse_balanced,post_commit,0.002,energy,5,768,0.006510416666666667
prefill__C2,512,diffuse_balanced,post_commit,0.002,spike,5,768,0.006510416666666667
prefill__C2,512,diffuse_balanced,post_commit,0.005,combined,6,768,0.0078125
prefill__C2,512,diffuse_balanced,post_commit,0.005,directional,3,768,0.00390625
prefill__C2,512,diffuse_balanced,post_commit,0.005,energy,5,768,0.006510416666666667
prefill__C2,512,diffuse_balanced,post_commit,0.005,spike,5,768,0.006510416666666667
prefill__C2,512,diffuse_balanced,post_commit,0.01,combined,12,768,0.015625
prefill__C2,512,diffuse_balanced,post_commit,0.01,directional,9,768,0.01171875
prefill__C2,512,diffuse_balanced,post_commit,0.01,energy,6,768,0.0078125
prefill__C2,512,diffuse_balanced,post_commit,0.01,spike,5,768,0.006510416666666667
prefill__C2,512,diffuse_balanced,post_commit,0.02,combined,139,768,0.18098958333333334
prefill__C2,512,diffuse_balanced,post_commit,0.02,directional,134,768,0.17447916666666666
prefill__C2,512,diffuse_balanced,post_commit,0.02,energy,6,768,0.0078125
prefill__C2,512,diffuse_balanced,post_commit,0.02,spike,5,768,0.006510416666666667
prefill__C2,512,diffuse_balanced,post_commit,0.05,combined,768,768,1.0
prefill__C2,512,diffuse_balanced,post_commit,0.05,directional,443,768,0.5768229166666666
prefill__C2,512,diffuse_balanced,post_commit,0.05,energy,768,768,1.0
prefill__C2,512,diffuse_balanced,post_commit,0.05,spike,5,768,0.006510416666666667
prefill__C2,512,diffuse_balanced,post_commit,0.1,combined,768,768,1.0
prefill__C2,512,diffuse_balanced,post_commit,0.1,directional,607,768,0.7903645833333334
prefill__C2,512,diffuse_balanced,post_commit,0.1,energy,768,768,1.0
prefill__C2,512,diffuse_balanced,post_commit,0.1,spike,3,768,0.00390625
prefill__C2,512,directional,post_commit,0.002,combined,766,768,0.9973958333333334
prefill__C2,512,directional,post_commit,0.002,directional,763,768,0.9934895833333334
prefill__C2,512,directional,post_commit,0.002,energy,5,768,0.006510416666666667
prefill__C2,512,directional,post_commit,0.002,spike,5,768,0.006510416666666667
prefill__C2,512,directional,post_commit,0.005,combined,768,768,1.0
prefill__C2,512,directional,post_commit,0.005,directional,768,768,1.0
prefill__C2,512,directional,post_commit,0.005,energy,5,768,0.006510416666666667
prefill__C2,512,directional,post_commit,0.005,spike,5,768,0.006510416666666667
prefill__C2,512,directional,post_commit,0.01,combined,768,768,1.0
prefill__C2,512,directional,post_commit,0.01,directional,768,768,1.0
prefill__C2,512,directional,post_commit,0.01,energy,6,768,0.0078125
prefill__C2,512,directional,post_commit,0.01,spike,5,768,0.006510416666666667
prefill__C2,512,directional,post_commit,0.02,combined,768,768,1.0
prefill__C2,512,directional,post_commit,0.02,directional,768,768,1.0
prefill__C2,512,directional,post_commit,0.02,energy,6,768,0.0078125
prefill__C2,512,directional,post_commit,0.02,spike,5,768,0.006510416666666667
prefill__C2,512,directional,post_commit,0.05,combined,768,768,1.0
prefill__C2,512,directional,post_commit,0.05,directional,768,768,1.0
prefill__C2,512,directional,post_commit,0.05,energy,768,768,1.0
prefill__C2,512,directional,post_commit,0.05,spike,5,768,0.006510416666666667
prefill__C2,512,directional,post_commit,0.1,combined,768,768,1.0
prefill__C2,512,directional,post_commit,0.1,directional,768,768,1.0
prefill__C2,512,directional,post_commit,0.1,energy,768,768,1.0
prefill__C2,512,directional,post_commit,0.1,spike,2,768,0.0026041666666666665
prefill__C2,512,honest,none,0.0,combined,6,768,0.0078125
prefill__C2,512,honest,none,0.0,directional,3,768,0.00390625
prefill__C2,512,honest,none,0.0,energy,5,768,0.006510416666666667
prefill__C2,512,honest,none,0.0,spike,5,768,0.006510416666666667
prefill__C2,512,sample_null,known_coordinates,0.002,combined,6,768,0.0078125
prefill__C2,512,sample_null,known_coordinates,0.002,directional,3,768,0.00390625
prefill__C2,512,sample_null,known_coordinates,0.002,energy,5,768,0.006510416666666667
prefill__C2,512,sample_null,known_coordinates,0.002,spike,5,768,0.006510416666666667
prefill__C2,512,sample_null,known_coordinates,0.005,combined,6,768,0.0078125
prefill__C2,512,sample_null,known_coordinates,0.005,directional,3,768,0.00390625
prefill__C2,512,sample_null,known_coordinates,0.005,energy,5,768,0.006510416666666667
prefill__C2,512,sample_null,known_coordinates,0.005,spike,5,768,0.006510416666666667
prefill__C2,512,sample_null,known_coordinates,0.01,combined,6,768,0.0078125
prefill__C2,512,sample_null,known_coordinates,0.01,directional,3,768,0.00390625
prefill__C2,512,sample_null,known_coordinates,0.01,energy,5,768,0.006510416666666667
prefill__C2,512,sample_null,known_coordinates,0.01,spike,5,768,0.006510416666666667
prefill__C2,512,sample_null,known_coordinates,0.02,combined,6,768,0.0078125
prefill__C2,512,sample_null,known_coordinates,0.02,directional,3,768,0.00390625
prefill__C2,512,sample_null,known_coordinates,0.02,energy,5,768,0.006510416666666667
prefill__C2,512,sample_null,known_coordinates,0.02,spike,5,768,0.006510416666666667
prefill__C2,512,sample_null,known_coordinates,0.05,combined,6,768,0.0078125
prefill__C2,512,sample_null,known_coordinates,0.05,directional,3,768,0.00390625
prefill__C2,512,sample_null,known_coordinates,0.05,energy,5,768,0.006510416666666667
prefill__C2,512,sample_null,known_coordinates,0.05,spike,5,768,0.006510416666666667
prefill__C2,512,sample_null,known_coordinates,0.1,combined,6,768,0.0078125
prefill__C2,512,sample_null,known_coordinates,0.1,directional,3,768,0.00390625
prefill__C2,512,sample_null,known_coordinates,0.1,energy,5,768,0.006510416666666667
prefill__C2,512,sample_null,known_coordinates,0.1,spike,5,768,0.006510416666666667
prefill__C2,512,sample_null,post_commit,0.002,combined,6,768,0.0078125
prefill__C2,512,sample_null,post_commit,0.002,directional,3,768,0.00390625
prefill__C2,512,sample_null,post_commit,0.002,energy,5,768,0.006510416666666667
prefill__C2,512,sample_null,post_commit,0.002,spike,5,768,0.006510416666666667
prefill__C2,512,sample_null,post_commit,0.005,combined,6,768,0.0078125
prefill__C2,512,sample_null,post_commit,0.005,directional,4,768,0.005208333333333333
prefill__C2,512,sample_null,post_commit,0.005,energy,5,768,0.006510416666666667
prefill__C2,512,sample_null,post_commit,0.005,spike,5,768,0.006510416666666667
prefill__C2,512,sample_null,post_commit,0.01,combined,13,768,0.016927083333333332
prefill__C2,512,sample_null,post_commit,0.01,directional,10,768,0.013020833333333334
prefill__C2,512,sample_null,post_commit,0.01,energy,6,768,0.0078125
prefill__C2,512,sample_null,post_commit,0.01,spike,5,768,0.006510416666666667
prefill__C2,512,sample_null,post_commit,0.02,combined,151,768,0.19661458333333334
prefill__C2,512,sample_null,post_commit,0.02,directional,149,768,0.19401041666666666
prefill__C2,512,sample_null,post_commit,0.02,energy,6,768,0.0078125
prefill__C2,512,sample_null,post_commit,0.02,spike,5,768,0.006510416666666667
prefill__C2,512,sample_null,post_commit,0.05,combined,768,768,1.0
prefill__C2,512,sample_null,post_commit,0.05,directional,458,768,0.5963541666666666
prefill__C2,512,sample_null,post_commit,0.05,energy,768,768,1.0
prefill__C2,512,sample_null,post_commit,0.05,spike,5,768,0.006510416666666667
prefill__C2,512,sample_null,post_commit,0.1,combined,768,768,1.0
prefill__C2,512,sample_null,post_commit,0.1,directional,611,768,0.7955729166666666
prefill__C2,512,sample_null,post_commit,0.1,energy,768,768,1.0
prefill__C2,512,sample_null,post_commit,0.1,spike,4,768,0.005208333333333333
prefill__C2,512,sparse_16,post_commit,0.002,combined,6,768,0.0078125
prefill__C2,512,sparse_16,post_commit,0.002,directional,3,768,0.00390625
prefill__C2,512,sparse_16,post_commit,0.002,energy,5,768,0.006510416666666667
prefill__C2,512,sparse_16,post_commit,0.002,spike,5,768,0.006510416666666667
prefill__C2,512,sparse_16,post_commit,0.005,combined,7,768,0.009114583333333334
prefill__C2,512,sparse_16,post_commit,0.005,directional,4,768,0.005208333333333333
prefill__C2,512,sparse_16,post_commit,0.005,energy,5,768,0.006510416666666667
prefill__C2,512,sparse_16,post_commit,0.005,spike,5,768,0.006510416666666667
prefill__C2,512,sparse_16,post_commit,0.01,combined,22,768,0.028645833333333332
prefill__C2,512,sparse_16,post_commit,0.01,directional,20,768,0.026041666666666668
prefill__C2,512,sparse_16,post_commit,0.01,energy,6,768,0.0078125
prefill__C2,512,sparse_16,post_commit,0.01,spike,5,768,0.006510416666666667
prefill__C2,512,sparse_16,post_commit,0.02,combined,300,768,0.390625
prefill__C2,512,sparse_16,post_commit,0.02,directional,159,768,0.20703125
prefill__C2,512,sparse_16,post_commit,0.02,energy,295,768,0.3841145833333333
prefill__C2,512,sparse_16,post_commit,0.02,spike,279,768,0.36328125
prefill__C2,512,sparse_16,post_commit,0.05,combined,309,768,0.40234375
prefill__C2,512,sparse_16,post_commit,0.05,directional,275,768,0.3580729166666667
prefill__C2,512,sparse_16,post_commit,0.05,energy,308,768,0.4010416666666667
prefill__C2,512,sparse_16,post_commit,0.05,spike,308,768,0.4010416666666667
prefill__C2,512,sparse_16,post_commit,0.1,combined,319,768,0.4153645833333333
prefill__C2,512,sparse_16,post_commit,0.1,directional,289,768,0.3763020833333333
prefill__C2,512,sparse_16,post_commit,0.1,energy,318,768,0.4140625
prefill__C2,512,sparse_16,post_commit,0.1,spike,318,768,0.4140625
prefill__C2,512,spike_1,post_commit,0.002,combined,6,768,0.0078125
prefill__C2,512,spike_1,post_commit,0.002,directional,2,768,0.0026041666666666665
prefill__C2,512,spike_1,post_commit,0.002,energy,5,768,0.006510416666666667
prefill__C2,512,spike_1,post_commit,0.002,spike,5,768,0.006510416666666667
prefill__C2,512,spike_1,post_commit,0.005,combined,21,768,0.02734375
prefill__C2,512,spike_1,post_commit,0.005,directional,13,768,0.016927083333333332
prefill__C2,512,spike_1,post_commit,0.005,energy,20,768,0.026041666666666668
prefill__C2,512,spike_1,post_commit,0.005,spike,20,768,0.026041666666666668
prefill__C2,512,spike_1,post_commit,0.01,combined,34,768,0.044270833333333336
prefill__C2,512,spike_1,post_commit,0.01,directional,31,768,0.040364583333333336
prefill__C2,512,spike_1,post_commit,0.01,energy,33,768,0.04296875
prefill__C2,512,spike_1,post_commit,0.01,spike,33,768,0.04296875
prefill__C2,512,spike_1,post_commit,0.02,combined,31,768,0.040364583333333336
prefill__C2,512,spike_1,post_commit,0.02,directional,28,768,0.036458333333333336
prefill__C2,512,spike_1,post_commit,0.02,energy,30,768,0.0390625
prefill__C2,512,spike_1,post_commit,0.02,spike,30,768,0.0390625
prefill__C2,512,spike_1,post_commit,0.05,combined,35,768,0.045572916666666664
prefill__C2,512,spike_1,post_commit,0.05,directional,32,768,0.041666666666666664
prefill__C2,512,spike_1,post_commit,0.05,energy,34,768,0.044270833333333336
prefill__C2,512,spike_1,post_commit,0.05,spike,34,768,0.044270833333333336
prefill__C2,512,spike_1,post_commit,0.1,combined,29,768,0.037760416666666664
prefill__C2,512,spike_1,post_commit,0.1,directional,26,768,0.033854166666666664
prefill__C2,512,spike_1,post_commit,0.1,energy,28,768,0.036458333333333336
prefill__C2,512,spike_1,post_commit,0.1,spike,28,768,0.036458333333333336
prefill__C3,64,diffuse_balanced,post_commit,0.002,combined,29,768,0.037760416666666664
prefill__C3,64,diffuse_balanced,post_commit,0.002,directional,5,768,0.006510416666666667
prefill__C3,64,diffuse_balanced,post_commit,0.002,energy,23,768,0.029947916666666668
prefill__C3,64,diffuse_balanced,post_commit,0.002,spike,11,768,0.014322916666666666
prefill__C3,64,diffuse_balanced,post_commit,0.005,combined,31,768,0.040364583333333336
prefill__C3,64,diffuse_balanced,post_commit,0.005,directional,4,768,0.005208333333333333
prefill__C3,64,diffuse_balanced,post_commit,0.005,energy,26,768,0.033854166666666664
prefill__C3,64,diffuse_balanced,post_commit,0.005,spike,12,768,0.015625
prefill__C3,64,diffuse_balanced,post_commit,0.01,combined,52,768,0.06770833333333333
prefill__C3,64,diffuse_balanced,post_commit,0.01,directional,9,768,0.01171875
prefill__C3,64,diffuse_balanced,post_commit,0.01,energy,45,768,0.05859375
prefill__C3,64,diffuse_balanced,post_commit,0.01,spike,11,768,0.014322916666666666
prefill__C3,64,diffuse_balanced,post_commit,0.02,combined,354,768,0.4609375
prefill__C3,64,diffuse_balanced,post_commit,0.02,directional,23,768,0.029947916666666668
prefill__C3,64,diffuse_balanced,post_commit,0.02,energy,350,768,0.4557291666666667
prefill__C3,64,diffuse_balanced,post_commit,0.02,spike,15,768,0.01953125
prefill__C3,64,diffuse_balanced,post_commit,0.05,combined,768,768,1.0
prefill__C3,64,diffuse_balanced,post_commit,0.05,directional,215,768,0.2799479166666667
prefill__C3,64,diffuse_balanced,post_commit,0.05,energy,768,768,1.0
prefill__C3,64,diffuse_balanced,post_commit,0.05,spike,38,768,0.049479166666666664
prefill__C3,64,diffuse_balanced,post_commit,0.1,combined,768,768,1.0
prefill__C3,64,diffuse_balanced,post_commit,0.1,directional,425,768,0.5533854166666666
prefill__C3,64,diffuse_balanced,post_commit,0.1,energy,768,768,1.0
prefill__C3,64,diffuse_balanced,post_commit,0.1,spike,323,768,0.4205729166666667
prefill__C3,64,directional,post_commit,0.002,combined,30,768,0.0390625
prefill__C3,64,directional,post_commit,0.002,directional,7,768,0.009114583333333334
prefill__C3,64,directional,post_commit,0.002,energy,22,768,0.028645833333333332
prefill__C3,64,directional,post_commit,0.002,spike,10,768,0.013020833333333334
prefill__C3,64,directional,post_commit,0.005,combined,86,768,0.11197916666666667
prefill__C3,64,directional,post_commit,0.005,directional,67,768,0.08723958333333333
prefill__C3,64,directional,post_commit,0.005,energy,23,768,0.029947916666666668
prefill__C3,64,directional,post_commit,0.005,spike,10,768,0.013020833333333334
prefill__C3,64,directional,post_commit,0.01,combined,666,768,0.8671875
prefill__C3,64,directional,post_commit,0.01,directional,658,768,0.8567708333333334
prefill__C3,64,directional,post_commit,0.01,energy,37,768,0.048177083333333336
prefill__C3,64,directional,post_commit,0.01,spike,10,768,0.013020833333333334
prefill__C3,64,directional,post_commit,0.02,combined,768,768,1.0
prefill__C3,64,directional,post_commit,0.02,directional,768,768,1.0
prefill__C3,64,directional,post_commit,0.02,energy,286,768,0.3723958333333333
prefill__C3,64,directional,post_commit,0.02,spike,15,768,0.01953125
prefill__C3,64,directional,post_commit,0.05,combined,768,768,1.0
prefill__C3,64,directional,post_commit,0.05,directional,768,768,1.0
prefill__C3,64,directional,post_commit,0.05,energy,768,768,1.0
prefill__C3,64,directional,post_commit,0.05,spike,44,768,0.057291666666666664
prefill__C3,64,directional,post_commit,0.1,combined,768,768,1.0
prefill__C3,64,directional,post_commit,0.1,directional,768,768,1.0
prefill__C3,64,directional,post_commit,0.1,energy,768,768,1.0
prefill__C3,64,directional,post_commit,0.1,spike,298,768,0.3880208333333333
prefill__C3,64,honest,none,0.0,combined,27,768,0.03515625
prefill__C3,64,honest,none,0.0,directional,3,768,0.00390625
prefill__C3,64,honest,none,0.0,energy,23,768,0.029947916666666668
prefill__C3,64,honest,none,0.0,spike,9,768,0.01171875
prefill__C3,64,sample_null,known_coordinates,0.002,combined,27,768,0.03515625
prefill__C3,64,sample_null,known_coordinates,0.002,directional,3,768,0.00390625
prefill__C3,64,sample_null,known_coordinates,0.002,energy,23,768,0.029947916666666668
prefill__C3,64,sample_null,known_coordinates,0.002,spike,9,768,0.01171875
prefill__C3,64,sample_null,known_coordinates,0.005,combined,27,768,0.03515625
prefill__C3,64,sample_null,known_coordinates,0.005,directional,3,768,0.00390625
prefill__C3,64,sample_null,known_coordinates,0.005,energy,23,768,0.029947916666666668
prefill__C3,64,sample_null,known_coordinates,0.005,spike,9,768,0.01171875
prefill__C3,64,sample_null,known_coordinates,0.01,combined,27,768,0.03515625
prefill__C3,64,sample_null,known_coordinates,0.01,directional,3,768,0.00390625
prefill__C3,64,sample_null,known_coordinates,0.01,energy,23,768,0.029947916666666668
prefill__C3,64,sample_null,known_coordinates,0.01,spike,9,768,0.01171875
prefill__C3,64,sample_null,known_coordinates,0.02,combined,27,768,0.03515625
prefill__C3,64,sample_null,known_coordinates,0.02,directional,3,768,0.00390625
prefill__C3,64,sample_null,known_coordinates,0.02,energy,23,768,0.029947916666666668
prefill__C3,64,sample_null,known_coordinates,0.02,spike,9,768,0.01171875
prefill__C3,64,sample_null,known_coordinates,0.05,combined,27,768,0.03515625
prefill__C3,64,sample_null,known_coordinates,0.05,directional,3,768,0.00390625
prefill__C3,64,sample_null,known_coordinates,0.05,energy,23,768,0.029947916666666668
prefill__C3,64,sample_null,known_coordinates,0.05,spike,9,768,0.01171875
prefill__C3,64,sample_null,known_coordinates,0.1,combined,27,768,0.03515625
prefill__C3,64,sample_null,known_coordinates,0.1,directional,3,768,0.00390625
prefill__C3,64,sample_null,known_coordinates,0.1,energy,23,768,0.029947916666666668
prefill__C3,64,sample_null,known_coordinates,0.1,spike,9,768,0.01171875
prefill__C3,64,sample_null,post_commit,0.002,combined,28,768,0.036458333333333336
prefill__C3,64,sample_null,post_commit,0.002,directional,4,768,0.005208333333333333
prefill__C3,64,sample_null,post_commit,0.002,energy,22,768,0.028645833333333332
prefill__C3,64,sample_null,post_commit,0.002,spike,9,768,0.01171875
prefill__C3,64,sample_null,post_commit,0.005,combined,30,768,0.0390625
prefill__C3,64,sample_null,post_commit,0.005,directional,6,768,0.0078125
prefill__C3,64,sample_null,post_commit,0.005,energy,25,768,0.032552083333333336
prefill__C3,64,sample_null,post_commit,0.005,spike,13,768,0.016927083333333332
prefill__C3,64,sample_null,post_commit,0.01,combined,50,768,0.06510416666666667
prefill__C3,64,sample_null,post_commit,0.01,directional,6,768,0.0078125
prefill__C3,64,sample_null,post_commit,0.01,energy,45,768,0.05859375
prefill__C3,64,sample_null,post_commit,0.01,spike,9,768,0.01171875
prefill__C3,64,sample_null,post_commit,0.02,combined,349,768,0.4544270833333333
prefill__C3,64,sample_null,post_commit,0.02,directional,24,768,0.03125
prefill__C3,64,sample_null,post_commit,0.02,energy,341,768,0.4440104166666667
prefill__C3,64,sample_null,post_commit,0.02,spike,13,768,0.016927083333333332
prefill__C3,64,sample_null,post_commit,0.05,combined,768,768,1.0
prefill__C3,64,sample_null,post_commit,0.05,directional,207,768,0.26953125
prefill__C3,64,sample_null,post_commit,0.05,energy,768,768,1.0
prefill__C3,64,sample_null,post_commit,0.05,spike,39,768,0.05078125
prefill__C3,64,sample_null,post_commit,0.1,combined,768,768,1.0
prefill__C3,64,sample_null,post_commit,0.1,directional,415,768,0.5403645833333334
prefill__C3,64,sample_null,post_commit,0.1,energy,768,768,1.0
prefill__C3,64,sample_null,post_commit,0.1,spike,303,768,0.39453125
prefill__C3,64,sparse_16,post_commit,0.002,combined,28,768,0.036458333333333336
prefill__C3,64,sparse_16,post_commit,0.002,directional,3,768,0.00390625
prefill__C3,64,sparse_16,post_commit,0.002,energy,24,768,0.03125
prefill__C3,64,sparse_16,post_commit,0.002,spike,9,768,0.01171875
prefill__C3,64,sparse_16,post_commit,0.005,combined,65,768,0.08463541666666667
prefill__C3,64,sparse_16,post_commit,0.005,directional,4,768,0.005208333333333333
prefill__C3,64,sparse_16,post_commit,0.005,energy,43,768,0.055989583333333336
prefill__C3,64,sparse_16,post_commit,0.005,spike,43,768,0.055989583333333336
prefill__C3,64,sparse_16,post_commit,0.01,combined,79,768,0.10286458333333333
prefill__C3,64,sparse_16,post_commit,0.01,directional,9,768,0.01171875
prefill__C3,64,sparse_16,post_commit,0.01,energy,75,768,0.09765625
prefill__C3,64,sparse_16,post_commit,0.01,spike,62,768,0.08072916666666667
prefill__C3,64,sparse_16,post_commit,0.02,combined,74,768,0.09635416666666667
prefill__C3,64,sparse_16,post_commit,0.02,directional,46,768,0.059895833333333336
prefill__C3,64,sparse_16,post_commit,0.02,energy,70,768,0.09114583333333333
prefill__C3,64,sparse_16,post_commit,0.02,spike,56,768,0.07291666666666667
prefill__C3,64,sparse_16,post_commit,0.05,combined,74,768,0.09635416666666667
prefill__C3,64,sparse_16,post_commit,0.05,directional,49,768,0.06380208333333333
prefill__C3,64,sparse_16,post_commit,0.05,energy,70,768,0.09114583333333333
prefill__C3,64,sparse_16,post_commit,0.05,spike,56,768,0.07291666666666667
prefill__C3,64,sparse_16,post_commit,0.1,combined,83,768,0.10807291666666667
prefill__C3,64,sparse_16,post_commit,0.1,directional,59,768,0.07682291666666667
prefill__C3,64,sparse_16,post_commit,0.1,energy,79,768,0.10286458333333333
prefill__C3,64,sparse_16,post_commit,0.1,spike,66,768,0.0859375
prefill__C3,64,spike_1,post_commit,0.002,combined,30,768,0.0390625
prefill__C3,64,spike_1,post_commit,0.002,directional,3,768,0.00390625
prefill__C3,64,spike_1,post_commit,0.002,energy,26,768,0.033854166666666664
prefill__C3,64,spike_1,post_commit,0.002,spike,12,768,0.015625
prefill__C3,64,spike_1,post_commit,0.005,combined,29,768,0.037760416666666664
prefill__C3,64,spike_1,post_commit,0.005,directional,5,768,0.006510416666666667
prefill__C3,64,spike_1,post_commit,0.005,energy,25,768,0.032552083333333336
prefill__C3,64,spike_1,post_commit,0.005,spike,11,768,0.014322916666666666
prefill__C3,64,spike_1,post_commit,0.01,combined,31,768,0.040364583333333336
prefill__C3,64,spike_1,post_commit,0.01,directional,7,768,0.009114583333333334
prefill__C3,64,spike_1,post_commit,0.01,energy,27,768,0.03515625
prefill__C3,64,spike_1,post_commit,0.01,spike,13,768,0.016927083333333332
prefill__C3,64,spike_1,post_commit,0.02,combined,29,768,0.037760416666666664
prefill__C3,64,spike_1,post_commit,0.02,directional,5,768,0.006510416666666667
prefill__C3,64,spike_1,post_commit,0.02,energy,25,768,0.032552083333333336
prefill__C3,64,spike_1,post_commit,0.02,spike,11,768,0.014322916666666666
prefill__C3,64,spike_1,post_commit,0.05,combined,28,768,0.036458333333333336
prefill__C3,64,spike_1,post_commit,0.05,directional,4,768,0.005208333333333333
prefill__C3,64,spike_1,post_commit,0.05,energy,24,768,0.03125
prefill__C3,64,spike_1,post_commit,0.05,spike,10,768,0.013020833333333334
prefill__C3,64,spike_1,post_commit,0.1,combined,28,768,0.036458333333333336
prefill__C3,64,spike_1,post_commit,0.1,directional,4,768,0.005208333333333333
prefill__C3,64,spike_1,post_commit,0.1,energy,24,768,0.03125
prefill__C3,64,spike_1,post_commit,0.1,spike,10,768,0.013020833333333334
prefill__C3,128,diffuse_balanced,post_commit,0.002,combined,42,768,0.0546875
prefill__C3,128,diffuse_balanced,post_commit,0.002,directional,3,768,0.00390625
prefill__C3,128,diffuse_balanced,post_commit,0.002,energy,37,768,0.048177083333333336
prefill__C3,128,diffuse_balanced,post_commit,0.002,spike,14,768,0.018229166666666668
prefill__C3,128,diffuse_balanced,post_commit,0.005,combined,46,768,0.059895833333333336
prefill__C3,128,diffuse_balanced,post_commit,0.005,directional,3,768,0.00390625
prefill__C3,128,diffuse_balanced,post_commit,0.005,energy,42,768,0.0546875
prefill__C3,128,diffuse_balanced,post_commit,0.005,spike,15,768,0.01953125
prefill__C3,128,diffuse_balanced,post_commit,0.01,combined,82,768,0.10677083333333333
prefill__C3,128,diffuse_balanced,post_commit,0.01,directional,1,768,0.0013020833333333333
prefill__C3,128,diffuse_balanced,post_commit,0.01,energy,82,768,0.10677083333333333
prefill__C3,128,diffuse_balanced,post_commit,0.01,spike,17,768,0.022135416666666668
prefill__C3,128,diffuse_balanced,post_commit,0.02,combined,683,768,0.8893229166666666
prefill__C3,128,diffuse_balanced,post_commit,0.02,directional,14,768,0.018229166666666668
prefill__C3,128,diffuse_balanced,post_commit,0.02,energy,683,768,0.8893229166666666
prefill__C3,128,diffuse_balanced,post_commit,0.02,spike,20,768,0.026041666666666668
prefill__C3,128,diffuse_balanced,post_commit,0.05,combined,768,768,1.0
prefill__C3,128,diffuse_balanced,post_commit,0.05,directional,189,768,0.24609375
prefill__C3,128,diffuse_balanced,post_commit,0.05,energy,768,768,1.0
prefill__C3,128,diffuse_balanced,post_commit,0.05,spike,43,768,0.055989583333333336
prefill__C3,128,diffuse_balanced,post_commit,0.1,combined,768,768,1.0
prefill__C3,128,diffuse_balanced,post_commit,0.1,directional,422,768,0.5494791666666666
prefill__C3,128,diffuse_balanced,post_commit,0.1,energy,768,768,1.0
prefill__C3,128,diffuse_balanced,post_commit,0.1,spike,328,768,0.4270833333333333
prefill__C3,128,directional,post_commit,0.002,combined,47,768,0.061197916666666664
prefill__C3,128,directional,post_commit,0.002,directional,7,768,0.009114583333333334
prefill__C3,128,directional,post_commit,0.002,energy,40,768,0.052083333333333336
prefill__C3,128,directional,post_commit,0.002,spike,14,768,0.018229166666666668
prefill__C3,128,directional,post_commit,0.005,combined,183,768,0.23828125
prefill__C3,128,directional,post_commit,0.005,directional,159,768,0.20703125
prefill__C3,128,directional,post_commit,0.005,energy,44,768,0.057291666666666664
prefill__C3,128,directional,post_commit,0.005,spike,15,768,0.01953125
prefill__C3,128,directional,post_commit,0.01,combined,761,768,0.9908854166666666
prefill__C3,128,directional,post_commit,0.01,directional,760,768,0.9895833333333334
prefill__C3,128,directional,post_commit,0.01,energy,83,768,0.10807291666666667
prefill__C3,128,directional,post_commit,0.01,spike,17,768,0.022135416666666668
prefill__C3,128,directional,post_commit,0.02,combined,768,768,1.0
prefill__C3,128,directional,post_commit,0.02,directional,768,768,1.0
prefill__C3,128,directional,post_commit,0.02,energy,632,768,0.8229166666666666
prefill__C3,128,directional,post_commit,0.02,spike,15,768,0.01953125
prefill__C3,128,directional,post_commit,0.05,combined,768,768,1.0
prefill__C3,128,directional,post_commit,0.05,directional,768,768,1.0
prefill__C3,128,directional,post_commit,0.05,energy,768,768,1.0
prefill__C3,128,directional,post_commit,0.05,spike,49,768,0.06380208333333333
prefill__C3,128,directional,post_commit,0.1,combined,768,768,1.0
prefill__C3,128,directional,post_commit,0.1,directional,768,768,1.0
prefill__C3,128,directional,post_commit,0.1,energy,768,768,1.0
prefill__C3,128,directional,post_commit,0.1,spike,283,768,0.3684895833333333
prefill__C3,128,honest,none,0.0,combined,42,768,0.0546875
prefill__C3,128,honest,none,0.0,directional,3,768,0.00390625
prefill__C3,128,honest,none,0.0,energy,37,768,0.048177083333333336
prefill__C3,128,honest,none,0.0,spike,14,768,0.018229166666666668
prefill__C3,128,sample_null,known_coordinates,0.002,combined,42,768,0.0546875
prefill__C3,128,sample_null,known_coordinates,0.002,directional,3,768,0.00390625
prefill__C3,128,sample_null,known_coordinates,0.002,energy,37,768,0.048177083333333336
prefill__C3,128,sample_null,known_coordinates,0.002,spike,14,768,0.018229166666666668
prefill__C3,128,sample_null,known_coordinates,0.005,combined,42,768,0.0546875
prefill__C3,128,sample_null,known_coordinates,0.005,directional,3,768,0.00390625
prefill__C3,128,sample_null,known_coordinates,0.005,energy,37,768,0.048177083333333336
prefill__C3,128,sample_null,known_coordinates,0.005,spike,14,768,0.018229166666666668
prefill__C3,128,sample_null,known_coordinates,0.01,combined,42,768,0.0546875
prefill__C3,128,sample_null,known_coordinates,0.01,directional,3,768,0.00390625
prefill__C3,128,sample_null,known_coordinates,0.01,energy,37,768,0.048177083333333336
prefill__C3,128,sample_null,known_coordinates,0.01,spike,14,768,0.018229166666666668
prefill__C3,128,sample_null,known_coordinates,0.02,combined,42,768,0.0546875
prefill__C3,128,sample_null,known_coordinates,0.02,directional,3,768,0.00390625
prefill__C3,128,sample_null,known_coordinates,0.02,energy,37,768,0.048177083333333336
prefill__C3,128,sample_null,known_coordinates,0.02,spike,14,768,0.018229166666666668
prefill__C3,128,sample_null,known_coordinates,0.05,combined,42,768,0.0546875
prefill__C3,128,sample_null,known_coordinates,0.05,directional,3,768,0.00390625
prefill__C3,128,sample_null,known_coordinates,0.05,energy,37,768,0.048177083333333336
prefill__C3,128,sample_null,known_coordinates,0.05,spike,14,768,0.018229166666666668
prefill__C3,128,sample_null,known_coordinates,0.1,combined,42,768,0.0546875
prefill__C3,128,sample_null,known_coordinates,0.1,directional,3,768,0.00390625
prefill__C3,128,sample_null,known_coordinates,0.1,energy,37,768,0.048177083333333336
prefill__C3,128,sample_null,known_coordinates,0.1,spike,14,768,0.018229166666666668
prefill__C3,128,sample_null,post_commit,0.002,combined,42,768,0.0546875
prefill__C3,128,sample_null,post_commit,0.002,directional,3,768,0.00390625
prefill__C3,128,sample_null,post_commit,0.002,energy,39,768,0.05078125
prefill__C3,128,sample_null,post_commit,0.002,spike,13,768,0.016927083333333332
prefill__C3,128,sample_null,post_commit,0.005,combined,49,768,0.06380208333333333
prefill__C3,128,sample_null,post_commit,0.005,directional,3,768,0.00390625
prefill__C3,128,sample_null,post_commit,0.005,energy,45,768,0.05859375
prefill__C3,128,sample_null,post_commit,0.005,spike,15,768,0.01953125
prefill__C3,128,sample_null,post_commit,0.01,combined,86,768,0.11197916666666667
prefill__C3,128,sample_null,post_commit,0.01,directional,3,768,0.00390625
prefill__C3,128,sample_null,post_commit,0.01,energy,81,768,0.10546875
prefill__C3,128,sample_null,post_commit,0.01,spike,15,768,0.01953125
prefill__C3,128,sample_null,post_commit,0.02,combined,682,768,0.8880208333333334
prefill__C3,128,sample_null,post_commit,0.02,directional,21,768,0.02734375
prefill__C3,128,sample_null,post_commit,0.02,energy,681,768,0.88671875
prefill__C3,128,sample_null,post_commit,0.02,spike,17,768,0.022135416666666668
prefill__C3,128,sample_null,post_commit,0.05,combined,768,768,1.0
prefill__C3,128,sample_null,post_commit,0.05,directional,200,768,0.2604166666666667
prefill__C3,128,sample_null,post_commit,0.05,energy,768,768,1.0
prefill__C3,128,sample_null,post_commit,0.05,spike,52,768,0.06770833333333333
prefill__C3,128,sample_null,post_commit,0.1,combined,768,768,1.0
prefill__C3,128,sample_null,post_commit,0.1,directional,407,768,0.5299479166666666
prefill__C3,128,sample_null,post_commit,0.1,energy,768,768,1.0
prefill__C3,128,sample_null,post_commit,0.1,spike,332,768,0.4322916666666667
prefill__C3,128,sparse_16,post_commit,0.002,combined,45,768,0.05859375
prefill__C3,128,sparse_16,post_commit,0.002,directional,3,768,0.00390625
prefill__C3,128,sparse_16,post_commit,0.002,energy,41,768,0.053385416666666664
prefill__C3,128,sparse_16,post_commit,0.002,spike,14,768,0.018229166666666668
prefill__C3,128,sparse_16,post_commit,0.005,combined,90,768,0.1171875
prefill__C3,128,sparse_16,post_commit,0.005,directional,4,768,0.005208333333333333
prefill__C3,128,sparse_16,post_commit,0.005,energy,57,768,0.07421875
prefill__C3,128,sparse_16,post_commit,0.005,spike,57,768,0.07421875
prefill__C3,128,sparse_16,post_commit,0.01,combined,127,768,0.16536458333333334
prefill__C3,128,sparse_16,post_commit,0.01,directional,6,768,0.0078125
prefill__C3,128,sparse_16,post_commit,0.01,energy,123,768,0.16015625
prefill__C3,128,sparse_16,post_commit,0.01,spike,102,768,0.1328125
prefill__C3,128,sparse_16,post_commit,0.02,combined,131,768,0.17057291666666666
prefill__C3,128,sparse_16,post_commit,0.02,directional,34,768,0.044270833333333336
prefill__C3,128,sparse_16,post_commit,0.02,energy,126,768,0.1640625
prefill__C3,128,sparse_16,post_commit,0.02,spike,108,768,0.140625
prefill__C3,128,sparse_16,post_commit,0.05,combined,130,768,0.16927083333333334
prefill__C3,128,sparse_16,post_commit,0.05,directional,97,768,0.12630208333333334
prefill__C3,128,sparse_16,post_commit,0.05,energy,127,768,0.16536458333333334
prefill__C3,128,sparse_16,post_commit,0.05,spike,107,768,0.13932291666666666
prefill__C3,128,sparse_16,post_commit,0.1,combined,125,768,0.16276041666666666
prefill__C3,128,sparse_16,post_commit,0.1,directional,89,768,0.11588541666666667
prefill__C3,128,sparse_16,post_commit,0.1,energy,122,768,0.15885416666666666
prefill__C3,128,sparse_16,post_commit,0.1,spike,101,768,0.13151041666666666
prefill__C3,128,spike_1,post_commit,0.002,combined,44,768,0.057291666666666664
prefill__C3,128,spike_1,post_commit,0.002,directional,3,768,0.00390625
prefill__C3,128,spike_1,post_commit,0.002,energy,39,768,0.05078125
prefill__C3,128,spike_1,post_commit,0.002,spike,16,768,0.020833333333333332
prefill__C3,128,spike_1,post_commit,0.005,combined,51,768,0.06640625
prefill__C3,128,spike_1,post_commit,0.005,directional,5,768,0.006510416666666667
prefill__C3,128,spike_1,post_commit,0.005,energy,46,768,0.059895833333333336
prefill__C3,128,spike_1,post_commit,0.005,spike,23,768,0.029947916666666668
prefill__C3,128,spike_1,post_commit,0.01,combined,49,768,0.06380208333333333
prefill__C3,128,spike_1,post_commit,0.01,directional,11,768,0.014322916666666666
prefill__C3,128,spike_1,post_commit,0.01,energy,44,768,0.057291666666666664
prefill__C3,128,spike_1,post_commit,0.01,spike,22,768,0.028645833333333332
prefill__C3,128,spike_1,post_commit,0.02,combined,50,768,0.06510416666666667
prefill__C3,128,spike_1,post_commit,0.02,directional,12,768,0.015625
prefill__C3,128,spike_1,post_commit,0.02,energy,45,768,0.05859375
prefill__C3,128,spike_1,post_commit,0.02,spike,22,768,0.028645833333333332
prefill__C3,128,spike_1,post_commit,0.05,combined,47,768,0.061197916666666664
prefill__C3,128,spike_1,post_commit,0.05,directional,8,768,0.010416666666666666
prefill__C3,128,spike_1,post_commit,0.05,energy,42,768,0.0546875
prefill__C3,128,spike_1,post_commit,0.05,spike,19,768,0.024739583333333332
prefill__C3,128,spike_1,post_commit,0.1,combined,45,768,0.05859375
prefill__C3,128,spike_1,post_commit,0.1,directional,7,768,0.009114583333333334
prefill__C3,128,spike_1,post_commit,0.1,energy,40,768,0.052083333333333336
prefill__C3,128,spike_1,post_commit,0.1,spike,18,768,0.0234375
prefill__C3,256,diffuse_balanced,post_commit,0.002,combined,71,768,0.09244791666666667
prefill__C3,256,diffuse_balanced,post_commit,0.002,directional,1,768,0.0013020833333333333
prefill__C3,256,diffuse_balanced,post_commit,0.002,energy,67,768,0.08723958333333333
prefill__C3,256,diffuse_balanced,post_commit,0.002,spike,19,768,0.024739583333333332
prefill__C3,256,diffuse_balanced,post_commit,0.005,combined,85,768,0.11067708333333333
prefill__C3,256,diffuse_balanced,post_commit,0.005,directional,2,768,0.0026041666666666665
prefill__C3,256,diffuse_balanced,post_commit,0.005,energy,79,768,0.10286458333333333
prefill__C3,256,diffuse_balanced,post_commit,0.005,spike,19,768,0.024739583333333332
prefill__C3,256,diffuse_balanced,post_commit,0.01,combined,161,768,0.20963541666666666
prefill__C3,256,diffuse_balanced,post_commit,0.01,directional,5,768,0.006510416666666667
prefill__C3,256,diffuse_balanced,post_commit,0.01,energy,156,768,0.203125
prefill__C3,256,diffuse_balanced,post_commit,0.01,spike,22,768,0.028645833333333332
prefill__C3,256,diffuse_balanced,post_commit,0.02,combined,767,768,0.9986979166666666
prefill__C3,256,diffuse_balanced,post_commit,0.02,directional,12,768,0.015625
prefill__C3,256,diffuse_balanced,post_commit,0.02,energy,767,768,0.9986979166666666
prefill__C3,256,diffuse_balanced,post_commit,0.02,spike,38,768,0.049479166666666664
prefill__C3,256,diffuse_balanced,post_commit,0.05,combined,768,768,1.0
prefill__C3,256,diffuse_balanced,post_commit,0.05,directional,143,768,0.18619791666666666
prefill__C3,256,diffuse_balanced,post_commit,0.05,energy,768,768,1.0
prefill__C3,256,diffuse_balanced,post_commit,0.05,spike,89,768,0.11588541666666667
prefill__C3,256,diffuse_balanced,post_commit,0.1,combined,768,768,1.0
prefill__C3,256,diffuse_balanced,post_commit,0.1,directional,391,768,0.5091145833333334
prefill__C3,256,diffuse_balanced,post_commit,0.1,energy,768,768,1.0
prefill__C3,256,diffuse_balanced,post_commit,0.1,spike,467,768,0.6080729166666666
prefill__C3,256,directional,post_commit,0.002,combined,72,768,0.09375
prefill__C3,256,directional,post_commit,0.002,directional,6,768,0.0078125
prefill__C3,256,directional,post_commit,0.002,energy,65,768,0.08463541666666667
prefill__C3,256,directional,post_commit,0.002,spike,19,768,0.024739583333333332
prefill__C3,256,directional,post_commit,0.005,combined,362,768,0.4713541666666667
prefill__C3,256,directional,post_commit,0.005,directional,328,768,0.4270833333333333
prefill__C3,256,directional,post_commit,0.005,energy,78,768,0.1015625
prefill__C3,256,directional,post_commit,0.005,spike,18,768,0.0234375
prefill__C3,256,directional,post_commit,0.01,combined,768,768,1.0
prefill__C3,256,directional,post_commit,0.01,directional,768,768,1.0
prefill__C3,256,directional,post_commit,0.01,energy,136,768,0.17708333333333334
prefill__C3,256,directional,post_commit,0.01,spike,22,768,0.028645833333333332
prefill__C3,256,directional,post_commit,0.02,combined,768,768,1.0
prefill__C3,256,directional,post_commit,0.02,directional,768,768,1.0
prefill__C3,256,directional,post_commit,0.02,energy,763,768,0.9934895833333334
prefill__C3,256,directional,post_commit,0.02,spike,30,768,0.0390625
prefill__C3,256,directional,post_commit,0.05,combined,768,768,1.0
prefill__C3,256,directional,post_commit,0.05,directional,768,768,1.0
prefill__C3,256,directional,post_commit,0.05,energy,768,768,1.0
prefill__C3,256,directional,post_commit,0.05,spike,79,768,0.10286458333333333
prefill__C3,256,directional,post_commit,0.1,combined,768,768,1.0
prefill__C3,256,directional,post_commit,0.1,directional,768,768,1.0
prefill__C3,256,directional,post_commit,0.1,energy,768,768,1.0
prefill__C3,256,directional,post_commit,0.1,spike,425,768,0.5533854166666666
prefill__C3,256,honest,none,0.0,combined,66,768,0.0859375
prefill__C3,256,honest,none,0.0,directional,2,768,0.0026041666666666665
prefill__C3,256,honest,none,0.0,energy,62,768,0.08072916666666667
prefill__C3,256,honest,none,0.0,spike,17,768,0.022135416666666668
prefill__C3,256,sample_null,known_coordinates,0.002,combined,66,768,0.0859375
prefill__C3,256,sample_null,known_coordinates,0.002,directional,2,768,0.0026041666666666665
prefill__C3,256,sample_null,known_coordinates,0.002,energy,62,768,0.08072916666666667
prefill__C3,256,sample_null,known_coordinates,0.002,spike,17,768,0.022135416666666668
prefill__C3,256,sample_null,known_coordinates,0.005,combined,66,768,0.0859375
prefill__C3,256,sample_null,known_coordinates,0.005,directional,2,768,0.0026041666666666665
prefill__C3,256,sample_null,known_coordinates,0.005,energy,62,768,0.08072916666666667
prefill__C3,256,sample_null,known_coordinates,0.005,spike,17,768,0.022135416666666668
prefill__C3,256,sample_null,known_coordinates,0.01,combined,66,768,0.0859375
prefill__C3,256,sample_null,known_coordinates,0.01,directional,2,768,0.0026041666666666665
prefill__C3,256,sample_null,known_coordinates,0.01,energy,62,768,0.08072916666666667
prefill__C3,256,sample_null,known_coordinates,0.01,spike,17,768,0.022135416666666668
prefill__C3,256,sample_null,known_coordinates,0.02,combined,66,768,0.0859375
prefill__C3,256,sample_null,known_coordinates,0.02,directional,2,768,0.0026041666666666665
prefill__C3,256,sample_null,known_coordinates,0.02,energy,62,768,0.08072916666666667
prefill__C3,256,sample_null,known_coordinates,0.02,spike,17,768,0.022135416666666668
prefill__C3,256,sample_null,known_coordinates,0.05,combined,66,768,0.0859375
prefill__C3,256,sample_null,known_coordinates,0.05,directional,2,768,0.0026041666666666665
prefill__C3,256,sample_null,known_coordinates,0.05,energy,62,768,0.08072916666666667
prefill__C3,256,sample_null,known_coordinates,0.05,spike,17,768,0.022135416666666668
prefill__C3,256,sample_null,known_coordinates,0.1,combined,66,768,0.0859375
prefill__C3,256,sample_null,known_coordinates,0.1,directional,2,768,0.0026041666666666665
prefill__C3,256,sample_null,known_coordinates,0.1,energy,62,768,0.08072916666666667
prefill__C3,256,sample_null,known_coordinates,0.1,spike,17,768,0.022135416666666668
prefill__C3,256,sample_null,post_commit,0.002,combined,70,768,0.09114583333333333
prefill__C3,256,sample_null,post_commit,0.002,directional,2,768,0.0026041666666666665
prefill__C3,256,sample_null,post_commit,0.002,energy,66,768,0.0859375
prefill__C3,256,sample_null,post_commit,0.002,spike,18,768,0.0234375
prefill__C3,256,sample_null,post_commit,0.005,combined,89,768,0.11588541666666667
prefill__C3,256,sample_null,post_commit,0.005,directional,2,768,0.0026041666666666665
prefill__C3,256,sample_null,post_commit,0.005,energy,84,768,0.109375
prefill__C3,256,sample_null,post_commit,0.005,spike,21,768,0.02734375
prefill__C3,256,sample_null,post_commit,0.01,combined,162,768,0.2109375
prefill__C3,256,sample_null,post_commit,0.01,directional,3,768,0.00390625
prefill__C3,256,sample_null,post_commit,0.01,energy,160,768,0.20833333333333334
prefill__C3,256,sample_null,post_commit,0.01,spike,19,768,0.024739583333333332
prefill__C3,256,sample_null,post_commit,0.02,combined,768,768,1.0
prefill__C3,256,sample_null,post_commit,0.02,directional,15,768,0.01953125
prefill__C3,256,sample_null,post_commit,0.02,energy,768,768,1.0
prefill__C3,256,sample_null,post_commit,0.02,spike,35,768,0.045572916666666664
prefill__C3,256,sample_null,post_commit,0.05,combined,768,768,1.0
prefill__C3,256,sample_null,post_commit,0.05,directional,142,768,0.18489583333333334
prefill__C3,256,sample_null,post_commit,0.05,energy,768,768,1.0
prefill__C3,256,sample_null,post_commit,0.05,spike,96,768,0.125
prefill__C3,256,sample_null,post_commit,0.1,combined,768,768,1.0
prefill__C3,256,sample_null,post_commit,0.1,directional,365,768,0.4752604166666667
prefill__C3,256,sample_null,post_commit,0.1,energy,768,768,1.0
prefill__C3,256,sample_null,post_commit,0.1,spike,485,768,0.6315104166666666
prefill__C3,256,sparse_16,post_commit,0.002,combined,71,768,0.09244791666666667
prefill__C3,256,sparse_16,post_commit,0.002,directional,2,768,0.0026041666666666665
prefill__C3,256,sparse_16,post_commit,0.002,energy,67,768,0.08723958333333333
prefill__C3,256,sparse_16,post_commit,0.002,spike,17,768,0.022135416666666668
prefill__C3,256,sparse_16,post_commit,0.005,combined,151,768,0.19661458333333334
prefill__C3,256,sparse_16,post_commit,0.005,directional,2,768,0.0026041666666666665
prefill__C3,256,sparse_16,post_commit,0.005,energy,90,768,0.1171875
prefill__C3,256,sparse_16,post_commit,0.005,spike,96,768,0.125
prefill__C3,256,sparse_16,post_commit,0.01,combined,226,768,0.2942708333333333
prefill__C3,256,sparse_16,post_commit,0.01,directional,6,768,0.0078125
prefill__C3,256,sparse_16,post_commit,0.01,energy,214,768,0.2786458333333333
prefill__C3,256,sparse_16,post_commit,0.01,spike,185,768,0.24088541666666666
prefill__C3,256,sparse_16,post_commit,0.02,combined,209,768,0.2721354166666667
prefill__C3,256,sparse_16,post_commit,0.02,directional,18,768,0.0234375
prefill__C3,256,sparse_16,post_commit,0.02,energy,206,768,0.2682291666666667
prefill__C3,256,sparse_16,post_commit,0.02,spike,171,768,0.22265625
prefill__C3,256,sparse_16,post_commit,0.05,combined,223,768,0.2903645833333333
prefill__C3,256,sparse_16,post_commit,0.05,directional,144,768,0.1875
prefill__C3,256,sparse_16,post_commit,0.05,energy,219,768,0.28515625
prefill__C3,256,sparse_16,post_commit,0.05,spike,188,768,0.24479166666666666
prefill__C3,256,sparse_16,post_commit,0.1,combined,230,768,0.2994791666666667
prefill__C3,256,sparse_16,post_commit,0.1,directional,173,768,0.22526041666666666
prefill__C3,256,sparse_16,post_commit,0.1,energy,227,768,0.2955729166666667
prefill__C3,256,sparse_16,post_commit,0.1,spike,193,768,0.2513020833333333
prefill__C3,256,spike_1,post_commit,0.002,combined,78,768,0.1015625
prefill__C3,256,spike_1,post_commit,0.002,directional,2,768,0.0026041666666666665
prefill__C3,256,spike_1,post_commit,0.002,energy,69,768,0.08984375
prefill__C3,256,spike_1,post_commit,0.002,spike,29,768,0.037760416666666664
prefill__C3,256,spike_1,post_commit,0.005,combined,75,768,0.09765625
prefill__C3,256,spike_1,post_commit,0.005,directional,3,768,0.00390625
prefill__C3,256,spike_1,post_commit,0.005,energy,71,768,0.09244791666666667
prefill__C3,256,spike_1,post_commit,0.005,spike,27,768,0.03515625
prefill__C3,256,spike_1,post_commit,0.01,combined,76,768,0.09895833333333333
prefill__C3,256,spike_1,post_commit,0.01,directional,7,768,0.009114583333333334
prefill__C3,256,spike_1,post_commit,0.01,energy,72,768,0.09375
prefill__C3,256,spike_1,post_commit,0.01,spike,27,768,0.03515625
prefill__C3,256,spike_1,post_commit,0.02,combined,78,768,0.1015625
prefill__C3,256,spike_1,post_commit,0.02,directional,15,768,0.01953125
prefill__C3,256,spike_1,post_commit,0.02,energy,74,768,0.09635416666666667
prefill__C3,256,spike_1,post_commit,0.02,spike,30,768,0.0390625
prefill__C3,256,spike_1,post_commit,0.05,combined,81,768,0.10546875
prefill__C3,256,spike_1,post_commit,0.05,directional,20,768,0.026041666666666668
prefill__C3,256,spike_1,post_commit,0.05,energy,77,768,0.10026041666666667
prefill__C3,256,spike_1,post_commit,0.05,spike,33,768,0.04296875
prefill__C3,256,spike_1,post_commit,0.1,combined,76,768,0.09895833333333333
prefill__C3,256,spike_1,post_commit,0.1,directional,13,768,0.016927083333333332
prefill__C3,256,spike_1,post_commit,0.1,energy,72,768,0.09375
prefill__C3,256,spike_1,post_commit,0.1,spike,27,768,0.03515625
prefill__C3,512,diffuse_balanced,post_commit,0.002,combined,117,768,0.15234375
prefill__C3,512,diffuse_balanced,post_commit,0.002,directional,0,768,0.0
prefill__C3,512,diffuse_balanced,post_commit,0.002,energy,116,768,0.15104166666666666
prefill__C3,512,diffuse_balanced,post_commit,0.002,spike,14,768,0.018229166666666668
prefill__C3,512,diffuse_balanced,post_commit,0.005,combined,132,768,0.171875
prefill__C3,512,diffuse_balanced,post_commit,0.005,directional,0,768,0.0
prefill__C3,512,diffuse_balanced,post_commit,0.005,energy,132,768,0.171875
prefill__C3,512,diffuse_balanced,post_commit,0.005,spike,13,768,0.016927083333333332
prefill__C3,512,diffuse_balanced,post_commit,0.01,combined,231,768,0.30078125
prefill__C3,512,diffuse_balanced,post_commit,0.01,directional,0,768,0.0
prefill__C3,512,diffuse_balanced,post_commit,0.01,energy,231,768,0.30078125
prefill__C3,512,diffuse_balanced,post_commit,0.01,spike,14,768,0.018229166666666668
prefill__C3,512,diffuse_balanced,post_commit,0.02,combined,768,768,1.0
prefill__C3,512,diffuse_balanced,post_commit,0.02,directional,6,768,0.0078125
prefill__C3,512,diffuse_balanced,post_commit,0.02,energy,768,768,1.0
prefill__C3,512,diffuse_balanced,post_commit,0.02,spike,12,768,0.015625
prefill__C3,512,diffuse_balanced,post_commit,0.05,combined,768,768,1.0
prefill__C3,512,diffuse_balanced,post_commit,0.05,directional,100,768,0.13020833333333334
prefill__C3,512,diffuse_balanced,post_commit,0.05,energy,768,768,1.0
prefill__C3,512,diffuse_balanced,post_commit,0.05,spike,27,768,0.03515625
prefill__C3,512,diffuse_balanced,post_commit,0.1,combined,768,768,1.0
prefill__C3,512,diffuse_balanced,post_commit,0.1,directional,340,768,0.4427083333333333
prefill__C3,512,diffuse_balanced,post_commit,0.1,energy,768,768,1.0
prefill__C3,512,diffuse_balanced,post_commit,0.1,spike,115,768,0.14973958333333334
prefill__C3,512,directional,post_commit,0.002,combined,116,768,0.15104166666666666
prefill__C3,512,directional,post_commit,0.002,directional,6,768,0.0078125
prefill__C3,512,directional,post_commit,0.002,energy,112,768,0.14583333333333334
prefill__C3,512,directional,post_commit,0.002,spike,12,768,0.015625
prefill__C3,512,directional,post_commit,0.005,combined,621,768,0.80859375
prefill__C3,512,directional,post_commit,0.005,directional,594,768,0.7734375
prefill__C3,512,directional,post_commit,0.005,energy,127,768,0.16536458333333334
prefill__C3,512,directional,post_commit,0.005,spike,12,768,0.015625
prefill__C3,512,directional,post_commit,0.01,combined,768,768,1.0
prefill__C3,512,directional,post_commit,0.01,directional,768,768,1.0
prefill__C3,512,directional,post_commit,0.01,energy,207,768,0.26953125
prefill__C3,512,directional,post_commit,0.01,spike,12,768,0.015625
prefill__C3,512,directional,post_commit,0.02,combined,768,768,1.0
prefill__C3,512,directional,post_commit,0.02,directional,768,768,1.0
prefill__C3,512,directional,post_commit,0.02,energy,768,768,1.0
prefill__C3,512,directional,post_commit,0.02,spike,12,768,0.015625
prefill__C3,512,directional,post_commit,0.05,combined,768,768,1.0
prefill__C3,512,directional,post_commit,0.05,directional,768,768,1.0
prefill__C3,512,directional,post_commit,0.05,energy,768,768,1.0
prefill__C3,512,directional,post_commit,0.05,spike,36,768,0.046875
prefill__C3,512,directional,post_commit,0.1,combined,768,768,1.0
prefill__C3,512,directional,post_commit,0.1,directional,768,768,1.0
prefill__C3,512,directional,post_commit,0.1,energy,768,768,1.0
prefill__C3,512,directional,post_commit,0.1,spike,112,768,0.14583333333333334
prefill__C3,512,honest,none,0.0,combined,112,768,0.14583333333333334
prefill__C3,512,honest,none,0.0,directional,0,768,0.0
prefill__C3,512,honest,none,0.0,energy,111,768,0.14453125
prefill__C3,512,honest,none,0.0,spike,12,768,0.015625
prefill__C3,512,sample_null,known_coordinates,0.002,combined,112,768,0.14583333333333334
prefill__C3,512,sample_null,known_coordinates,0.002,directional,0,768,0.0
prefill__C3,512,sample_null,known_coordinates,0.002,energy,111,768,0.14453125
prefill__C3,512,sample_null,known_coordinates,0.002,spike,12,768,0.015625
prefill__C3,512,sample_null,known_coordinates,0.005,combined,112,768,0.14583333333333334
prefill__C3,512,sample_null,known_coordinates,0.005,directional,0,768,0.0
prefill__C3,512,sample_null,known_coordinates,0.005,energy,111,768,0.14453125
prefill__C3,512,sample_null,known_coordinates,0.005,spike,12,768,0.015625
prefill__C3,512,sample_null,known_coordinates,0.01,combined,112,768,0.14583333333333334
prefill__C3,512,sample_null,known_coordinates,0.01,directional,0,768,0.0
prefill__C3,512,sample_null,known_coordinates,0.01,energy,111,768,0.14453125
prefill__C3,512,sample_null,known_coordinates,0.01,spike,12,768,0.015625
prefill__C3,512,sample_null,known_coordinates,0.02,combined,112,768,0.14583333333333334
prefill__C3,512,sample_null,known_coordinates,0.02,directional,0,768,0.0
prefill__C3,512,sample_null,known_coordinates,0.02,energy,111,768,0.14453125
prefill__C3,512,sample_null,known_coordinates,0.02,spike,12,768,0.015625
prefill__C3,512,sample_null,known_coordinates,0.05,combined,112,768,0.14583333333333334
prefill__C3,512,sample_null,known_coordinates,0.05,directional,0,768,0.0
prefill__C3,512,sample_null,known_coordinates,0.05,energy,111,768,0.14453125
prefill__C3,512,sample_null,known_coordinates,0.05,spike,12,768,0.015625
prefill__C3,512,sample_null,known_coordinates,0.1,combined,112,768,0.14583333333333334
prefill__C3,512,sample_null,known_coordinates,0.1,directional,0,768,0.0
prefill__C3,512,sample_null,known_coordinates,0.1,energy,111,768,0.14453125
prefill__C3,512,sample_null,known_coordinates,0.1,spike,12,768,0.015625
prefill__C3,512,sample_null,post_commit,0.002,combined,114,768,0.1484375
prefill__C3,512,sample_null,post_commit,0.002,directional,0,768,0.0
prefill__C3,512,sample_null,post_commit,0.002,energy,113,768,0.14713541666666666
prefill__C3,512,sample_null,post_commit,0.002,spike,12,768,0.015625
prefill__C3,512,sample_null,post_commit,0.005,combined,135,768,0.17578125
prefill__C3,512,sample_null,post_commit,0.005,directional,0,768,0.0
prefill__C3,512,sample_null,post_commit,0.005,energy,135,768,0.17578125
prefill__C3,512,sample_null,post_commit,0.005,spike,14,768,0.018229166666666668
prefill__C3,512,sample_null,post_commit,0.01,combined,242,768,0.3151041666666667
prefill__C3,512,sample_null,post_commit,0.01,directional,1,768,0.0013020833333333333
prefill__C3,512,sample_null,post_commit,0.01,energy,241,768,0.3138020833333333
prefill__C3,512,sample_null,post_commit,0.01,spike,12,768,0.015625
prefill__C3,512,sample_null,post_commit,0.02,combined,768,768,1.0
prefill__C3,512,sample_null,post_commit,0.02,directional,9,768,0.01171875
prefill__C3,512,sample_null,post_commit,0.02,energy,768,768,1.0
prefill__C3,512,sample_null,post_commit,0.02,spike,12,768,0.015625
prefill__C3,512,sample_null,post_commit,0.05,combined,768,768,1.0
prefill__C3,512,sample_null,post_commit,0.05,directional,98,768,0.12760416666666666
prefill__C3,512,sample_null,post_commit,0.05,energy,768,768,1.0
prefill__C3,512,sample_null,post_commit,0.05,spike,30,768,0.0390625
prefill__C3,512,sample_null,post_commit,0.1,combined,768,768,1.0
prefill__C3,512,sample_null,post_commit,0.1,directional,328,768,0.4270833333333333
prefill__C3,512,sample_null,post_commit,0.1,energy,768,768,1.0
prefill__C3,512,sample_null,post_commit,0.1,spike,132,768,0.171875
prefill__C3,512,sparse_16,post_commit,0.002,combined,118,768,0.15364583333333334
prefill__C3,512,sparse_16,post_commit,0.002,directional,0,768,0.0
prefill__C3,512,sparse_16,post_commit,0.002,energy,117,768,0.15234375
prefill__C3,512,sparse_16,post_commit,0.002,spike,12,768,0.015625
prefill__C3,512,sparse_16,post_commit,0.005,combined,140,768,0.18229166666666666
prefill__C3,512,sparse_16,post_commit,0.005,directional,0,768,0.0
prefill__C3,512,sparse_16,post_commit,0.005,energy,138,768,0.1796875
prefill__C3,512,sparse_16,post_commit,0.005,spike,13,768,0.016927083333333332
prefill__C3,512,sparse_16,post_commit,0.01,combined,357,768,0.46484375
prefill__C3,512,sparse_16,post_commit,0.01,directional,0,768,0.0
prefill__C3,512,sparse_16,post_commit,0.01,energy,297,768,0.38671875
prefill__C3,512,sparse_16,post_commit,0.01,spike,296,768,0.3854166666666667
prefill__C3,512,sparse_16,post_commit,0.02,combined,372,768,0.484375
prefill__C3,512,sparse_16,post_commit,0.02,directional,11,768,0.014322916666666666
prefill__C3,512,sparse_16,post_commit,0.02,energy,371,768,0.4830729166666667
prefill__C3,512,sparse_16,post_commit,0.02,spike,318,768,0.4140625
prefill__C3,512,sparse_16,post_commit,0.05,combined,360,768,0.46875
prefill__C3,512,sparse_16,post_commit,0.05,directional,115,768,0.14973958333333334
prefill__C3,512,sparse_16,post_commit,0.05,energy,360,768,0.46875
prefill__C3,512,sparse_16,post_commit,0.05,spike,301,768,0.3919270833333333
prefill__C3,512,sparse_16,post_commit,0.1,combined,382,768,0.4973958333333333
prefill__C3,512,sparse_16,post_commit,0.1,directional,286,768,0.3723958333333333
prefill__C3,512,sparse_16,post_commit,0.1,energy,381,768,0.49609375
prefill__C3,512,sparse_16,post_commit,0.1,spike,327,768,0.42578125
prefill__C3,512,spike_1,post_commit,0.002,combined,133,768,0.17317708333333334
prefill__C3,512,spike_1,post_commit,0.002,directional,0,768,0.0
prefill__C3,512,spike_1,post_commit,0.002,energy,119,768,0.15494791666666666
prefill__C3,512,spike_1,post_commit,0.002,spike,35,768,0.045572916666666664
prefill__C3,512,spike_1,post_commit,0.005,combined,124,768,0.16145833333333334
prefill__C3,512,spike_1,post_commit,0.005,directional,1,768,0.0013020833333333333
prefill__C3,512,spike_1,post_commit,0.005,energy,123,768,0.16015625
prefill__C3,512,spike_1,post_commit,0.005,spike,27,768,0.03515625
prefill__C3,512,spike_1,post_commit,0.01,combined,127,768,0.16536458333333334
prefill__C3,512,spike_1,post_commit,0.01,directional,4,768,0.005208333333333333
prefill__C3,512,spike_1,post_commit,0.01,energy,126,768,0.1640625
prefill__C3,512,spike_1,post_commit,0.01,spike,29,768,0.037760416666666664
prefill__C3,512,spike_1,post_commit,0.02,combined,130,768,0.16927083333333334
prefill__C3,512,spike_1,post_commit,0.02,directional,19,768,0.024739583333333332
prefill__C3,512,spike_1,post_commit,0.02,energy,129,768,0.16796875
prefill__C3,512,spike_1,post_commit,0.02,spike,32,768,0.041666666666666664
prefill__C3,512,spike_1,post_commit,0.05,combined,125,768,0.16276041666666666
prefill__C3,512,spike_1,post_commit,0.05,directional,15,768,0.01953125
prefill__C3,512,spike_1,post_commit,0.05,energy,124,768,0.16145833333333334
prefill__C3,512,spike_1,post_commit,0.05,spike,26,768,0.033854166666666664
prefill__C3,512,spike_1,post_commit,0.1,combined,134,768,0.17447916666666666
prefill__C3,512,spike_1,post_commit,0.1,directional,27,768,0.03515625
prefill__C3,512,spike_1,post_commit,0.1,energy,133,768,0.17317708333333334
prefill__C3,512,spike_1,post_commit,0.1,spike,38,768,0.049479166666666664
