Path,Bytes,SHA256
.gitattributes,339,d68c84324d706bcbeb78136653d017b9cfdd657dc8e3944f8ab6404dfc5c4c33
.gitignore,400,060cf520073528173a2cfc6b01a1b60ea4a7efd393b03975699724430cc2b1d3
GITHUB_UPLOAD_CHECKLIST.md,3112,3403069d9148f5dcd0dbe24e51898127cc08aefc38ad2db0be0113bfd053e314
README.md,5725,bd66bb1c160a7077b84d882a90eee538c100a27582c6f007a6f53e07fa245f07
docs/EUROSYS27_REVIEW_ANALYSIS_AND_REVISION_PLAN.md,23429,09e3e58edda1f1ba603632fdc3f5b48025ab08dd0eb1e869ea54b66ede199055
docs/HARDWARE_INVENTORY_MEMO.pdf,1094844,d3fd64bd8fd9436bfdde6b4a7713fef8c490ca9a22c7378ac03800ed48857126
docs/OPTIMISTIC_COMMIT_CHALLENGE_DESIGN(1).pdf,2395164,d14866055a2dea402b80693062c08e7fc026e54a1141234ff50be4aa753574ce
docs/README.md,1594,5609c8db11dd0a0b25930cb531c39d21da44bb68df99598c55e07c9f7fed1293
docs/ROUTE_B_REDESIGN_PACT_2026-08-24.md,22764,18b9a7b32c34a240011bf9cece63830dc6b512fe4b3da9bae38f5169b34d51c0
docs/ROUTE_B_STRONG_CHECK_DESIGN_2026-08-24.md,19261,335cd9d8db759184fdded2c5f3aecafc5d7778a319c8e922be49b8374c7d6b2c
docs/ROUTE_B_STUDENT_RESEARCH_HANDBOOK_2026-09-03.md,53946,6e679a329e40e9c48914c80d1e0af100b3f2d24148b07b35d8646b1f0ead0849
docs/T_DIMENSIONS_NOTE.md,3401,860cc8d53253e3ad459f36cd5c2a2325efc7e7aadf6df34629adad881796d4a3
docs/VERIEDGE_ROUTE_B_RESEARCH_HANDBOOK_2026-08-24.md,38108,99de2a528b2ef9c319af3b40d6c8783aabb6e03c4bb2f131dc88e8ca82a319d7
experiments/README.md,1235,a8a6ff5de36293a74825d5f043fe504ef97c939817507ec3ce3f1756c2655584
experiments/pact_offline/ADAPTIVE_GAUSSIAN_RESULTS_2026-08-24.md,2823,6bbc4964aa9a80ecb47a921339a124576f2346ae3f7405e746e2bcdceedf08e5
experiments/pact_offline/CALIBRATION_AUDIT_2026-08-24.md,3367,62f6b3c2e4ced374fe46f18664210bfb43ba8699933ef42081a758b40e4abecc
experiments/pact_offline/CONDITIONAL_POWER_2026-08-24.md,2698,9be165202e5de7353ed9934dbed24e5ec64af34560ac8c684db022da2469d29b
experiments/pact_offline/GAUSSIAN_P0_RESULTS_2026-08-24.md,4429,5814278477d7389dc7ea8428eb57b5ee12f1d58c25c3c8ff6d838ed9052b2340
experiments/pact_offline/KNOWN_SEED_NEGATIVE_CONTROL_2026-08-24.md,2644,6feda08b7ea38e4865530acf59ecad2720c997ab33ccb96bfe6f073c6b21d905
experiments/pact_offline/P0_RESULTS_2026-08-24.md,5450,1391a5babe917623bab30f6c4e79d920648519e456e6cfc7257bc8c2d72f509a
experiments/pact_offline/PACT_G16_PROTOCOL_RESULTS_2026-08-24.md,4550,7df93d3d25638d38c009939004af4f083d538a3167d97cc1fc406694e321dc20
experiments/pact_offline/PACT_G16_STATE_MACHINE_RESULTS_2026-08-24.md,3005,3170feddd257dadc2570bcc05b65df39daf007463e6afea114975e26943ded77
experiments/pact_offline/QUANTIZED_GAUSSIAN_RESULTS_2026-08-24.md,4712,81218b7c3bed14175146301ea1132eff795b1858246fa7dee3ee0863bd6836c4
experiments/pact_offline/README.md,3287,16e1caa8fdac4824ae6d41b5be8fcda5d9b8dcbbbc9d01011883f7dcb5c0da6e
experiments/pact_offline/adaptive_gaussian_policy.py,8589,76e83ce03302abbd2fdedb1d23266f81130e98040693197ffb01896f285b59fd
experiments/pact_offline/benchmark_projection_cost.py,4473,cec75bb40defd6882611b7eb28844fc07e3df95d0dab76456fbccd7a2ec12a30
experiments/pact_offline/calibration_audit.py,9943,d0679d8050fc1b7c6f72fe13e8e458a432605cce38872115fed88ac307b8372c
experiments/pact_offline/conditional_power.py,5500,46da6cb9ab30c147bf2689a75b619467fd3323352cbf789775f83b6ff9e59feb
experiments/pact_offline/known_seed_nullspace.py,8043,89354d09a9caceeb7964d7b7453f88868f3fec5beb089202068549fa51e8b0f6
experiments/pact_offline/pact_g16_protocol.py,23868,626eaa6d5175edc84fedd17c66811ff67e971d2c458660bdf66a4a61b88a228b
experiments/pact_offline/pact_g16_state_machine.py,26812,e9f2ead32f71309d36035ede8afc4e22085ee655533c6d8f3440b7a18c678a43
experiments/pact_offline/pact_projection.py,24430,7f1caf1f97238cac227c2db45da0f6bcad4e0ed910ff1697b4602d0d34fd39c5
experiments/pact_offline/quantized_gaussian.py,11592,f5757b57464fa890aec50e53dfdb9db68f6fe8fda72856d8c37e5bd2271cb59c
experiments/pact_offline/results/README.md,938,d467b30a65190424764988af0f2a8cbc07388b660fbca4cd67df5e947f3e36e2
experiments/pact_offline/results/adaptive_gaussian/adaptive_aggregate.csv,1465,04b6b552312a7ca2b7a9d593ca430779241edd5305b60811814ce150fae8b7ec
experiments/pact_offline/results/adaptive_gaussian/adaptive_by_prompt.csv,18400,41f10ac64eb81bd5d42fac5394af861ec475f8d13dd37513ea9f3d8cb89f7ad0
experiments/pact_offline/results/adaptive_gaussian/adaptive_verdicts.png,78427,62d92976060fbc7646a210bb74633b41f8f10ed563a71465518798bc31268985
experiments/pact_offline/results/adaptive_gaussian/summary.json,420,1a713ae94d31c68284183fd9579da216628e74a15a54001377ea958ba81045df
experiments/pact_offline/results/calibration_audit/calibration_summary.csv,929,192c7360b5b2a35a9f4596bedbec21919e6a08dd731e8fe435643af3ecc4641f
experiments/pact_offline/results/calibration_audit/energy_by_prompt.csv,9920,ccbd574b821d3c7f4fd0b570b7f729461b41173d6555beef3e75bfa5a3e19e97
experiments/pact_offline/results/calibration_audit/infinite_k_oracle.csv,1123,3fb220e78f4e36e3f1696e0d1d55e22c170e81316edca9c9c2da387adb7bebbd
experiments/pact_offline/results/calibration_audit/prompt_energy.png,101567,421c0d48ca27646ecfacd2e58658569ad617cb9b09d29db2299e35363ccf8398
experiments/pact_offline/results/calibration_audit/summary.json,405,8f1d5b99d2106e159b08f0a449fd485deab243b10a50b8856451daa951683c76
experiments/pact_offline/results/conditional_power/power_aggregate.csv,614,6ac9ea785046156b2fac202db173827cd85ddfdb48b199e83ee74aa6791870df
experiments/pact_offline/results/conditional_power/power_by_prompt.csv,10960,f81ed6ee6dd8339037e52b13bd6f80a32e95ced09895040dee24286388a3d343
experiments/pact_offline/results/conditional_power/power_curves.csv,40679,af954da81fd1944bd007d164212200bf35e5e3a8a69a4d21960657547418534f
experiments/pact_offline/results/conditional_power/summary.json,277,eee98505d97874b212dca177f9f48d0cd59c132e9357990f04fdbe81c40f7a06
experiments/pact_offline/results/g16_protocol/protocol_benchmark.csv,459,427934b40c426a591b0905a81c9b887be788270271fffc590f94ace687ddd85f
experiments/pact_offline/results/g16_protocol/protocol_checks.json,2357,133b1ab67b305c250716455b3201fb721981f718151459ec2e5c237623b7d419
experiments/pact_offline/results/g16_protocol/protocol_matrix.csv,844,26f1b397125aa80a42618c801be750cd13603796db9a9b30746a6041080e63a3
experiments/pact_offline/results/g16_protocol/sample_receipts.json,3143,ba6e8cf981f09c1f62182c4fcc694eee73700271c716f2e42506ea9145feeb37
experiments/pact_offline/results/g16_state_machine/state_machine.sqlite,32768,b37172dc21411ac8b8cffeb47bd80aa4b5615ff50cc5ad2fa2a3444790ac93bb
experiments/pact_offline/results/g16_state_machine/state_machine_checks.json,5466,63988dae56aa7e024507ed82556310ceae6311dcbd43131d19fcf3d4b1ec517e
experiments/pact_offline/results/gaussian_p0/pact_detection.png,108559,c728d1f3b2fe54e3e02b73d53c7b6c0fe7fbc58e0920067fa41b416c8c7fa601
experiments/pact_offline/results/gaussian_p0/rates_aggregate.csv,7373,9d97a25e2bae3320db772c09a43b95bd49e6a67f3db7449e941d072fe8596ee5
experiments/pact_offline/results/gaussian_p0/rates_by_pair.csv,88843,1d938d1c054eb333ef4332d5d644f93f020867d73c88753678e9e13ad178491d
experiments/pact_offline/results/gaussian_p0/summary.json,821,fb53713a8d7a6d81a4e8d87b8bef63f2fa4cb5a82e7a59ec1d3699bd5f182e2a
experiments/pact_offline/results/gaussian_p0/thresholds.csv,1348,966793706ebe482d5ccb1343dd5b6f827e5505445ba1fcb1ab3adc26fd8b9aca
experiments/pact_offline/results/gaussian_smoke/pact_detection.png,40919,7b014ed66414478f0d6cc29dec572b6ba5cbbb137d3f088ff3aef72e9cb182bf
experiments/pact_offline/results/gaussian_smoke/rates_aggregate.csv,742,c30b70ec5888facf31d06eeed2c51a21a6b0b3763ae6d162c5e5f734d5cb769c
experiments/pact_offline/results/gaussian_smoke/rates_by_pair.csv,4200,ddcd752ce00bc79c62779d5e041b9b38af8076382e5c360e1056759f3fd4784d
experiments/pact_offline/results/gaussian_smoke/summary.json,750,5cd8a8965843a9e79d10e86aa914e39b6594004d4751ddcf0daf99ca1fe379e1
experiments/pact_offline/results/gaussian_smoke/thresholds.csv,457,11623d881abdfae0b794d2bc9a0dfaa1b5449af74d671dd1b5ae4a84f111e5d5
experiments/pact_offline/results/known_seed/constraint_audit.csv,5282,296c756bbb602aa70df66b5a4685fb74a1fb9c003552fb764800ef27a3fd937c
experiments/pact_offline/results/known_seed/known_seed_aggregate.csv,490,bd74d0505823e299e4bbbd3c652e8f55593baa4f178fc56c61eb3061e222f00d
experiments/pact_offline/results/known_seed/known_seed_by_pair.csv,4500,85667e7f65930e4fbe93cd443aa1e5be7d45133ec20ced1b7f9a7ca9242e3629
experiments/pact_offline/results/known_seed/summary.json,491,79ff075af8e33387c292e9e115d7920855469478d5c2676e2e08c4977cdb88ea
experiments/pact_offline/results/lut16_focused/pact_detection.png,64560,dda58be75f9a80bede5cc0343c00c9c8efe721185db6324fdff4729629aebbbe
experiments/pact_offline/results/lut16_focused/rates_aggregate.csv,1675,a1dc70d692fa0005e465e2f68cb050bc16d4ec953c4c4ec4151cba70e8034172
experiments/pact_offline/results/lut16_focused/rates_by_pair.csv,17410,a904e614b33173c9c4a0a430371aa84bf39231f8bba015f9f740f1342684ccb7
experiments/pact_offline/results/lut16_focused/summary.json,893,a9d44d6d2a0caef2f66d4497c3ddaf95ff5d63dfe94a5b84dc153b66f500d796
experiments/pact_offline/results/lut16_focused/thresholds.csv,450,76550f3acad09638f35831ad46eb021d47046165752c36d535fb88e4833326af
experiments/pact_offline/results/lut16_high_precision/chi_square_coverage.csv,1268,503364cbfabfec4e872c18d721b00a904d02398956c08f5d8f9eced420f64cc7
experiments/pact_offline/results/lut16_high_precision/coefficient_moments.csv,292,2ea327216d0376668a8dde0d1a355cc580e6cbfbf24d691acf9337bb696ccb8f
experiments/pact_offline/results/lut16_high_precision/family_summary.csv,242,2ef8cda49764167c60b572c367aafcafa20be6045e69631121e78d9a87622890
experiments/pact_offline/results/lut16_high_precision/rates.csv,8466,d2cda17d5b841f31d327549de1aea052e60965de661e000f046b3ad7ec3b76a7
experiments/pact_offline/results/lut16_high_precision/summary.json,412,f708f0e7b6ee0a110e38564b602db2d89a762c43df56c4f100c509fd19a9fc4a
experiments/pact_offline/results/lut16_high_precision/support_spreads.csv,2541,20222cf7c32d9eccba4693ad97f205da407ced613c6bc8b616f77d7a6d35f970
experiments/pact_offline/results/lut16_p0/pact_detection.png,115212,ba943e3c1876b3472d7d26d7df3387e8ca28cb2eca2c0a04ddbdf3eb1879c6c0
experiments/pact_offline/results/lut16_p0/rates_aggregate.csv,7094,1f595987e249774572c6c7d65cfec012db5736e06611c8e884cd3a7a543607f4
experiments/pact_offline/results/lut16_p0/rates_by_pair.csv,85551,9879bb046d98cfebc9448a24453276c6e8dae390eafc31ac3b5365c4d4aca235
experiments/pact_offline/results/lut16_p0/summary.json,944,3382854fb5f6ba0ab6dba0d76746045e5292aaae5241deacd8b8d9d9a9d12c2f
experiments/pact_offline/results/lut16_p0/thresholds.csv,1261,2f4edd7963b59ccf9ffb09004b7e190adb82c8f6e3c17e0c1f8dbbd601a26140
experiments/pact_offline/results/lut8_high_precision/chi_square_coverage.csv,1248,c3ff90006e82063279a0c0be2deffdeb987210f5597c09d49448f265419d8f35
experiments/pact_offline/results/lut8_high_precision/coefficient_moments.csv,286,431e292a30e91a19b2d65ad4992add35adc2101602280846751f3e7c43c72ac1
experiments/pact_offline/results/lut8_high_precision/family_summary.csv,238,a8bd8f349b92200c50358c440f99253475a6a00f200e6e0c46e93fb10450a1bc
experiments/pact_offline/results/lut8_high_precision/rates.csv,8389,ea7138a68aa8b63ff0f23c81010da3db0b6a10972db82cc8b8b05da5d7520005
experiments/pact_offline/results/lut8_high_precision/summary.json,411,5f6935350633c3d8b7c1d06f32de0adf92c1796d7f57411c9138948988e47391
experiments/pact_offline/results/lut8_high_precision/support_spreads.csv,2471,8d47d01c6b10e278a6a234bb35d06e366b45fdfbcac4c124d47f2d99b387d2fc
experiments/pact_offline/results/lut8_p0/pact_detection.png,113395,930f41c4b4995ab9a4aaf292e9239f3b6ee9784b17e0f37f22d1ccd808f054f7
experiments/pact_offline/results/lut8_p0/rates_aggregate.csv,7210,9171e380af5281c2f07e0fb85b40a0afa7f289b8099702649374f1b74d4b4823
experiments/pact_offline/results/lut8_p0/rates_by_pair.csv,85401,7ea6a91b9f5dbb39866607e4a6bfc7724eb242950e8039dbb87674456872fb0c
experiments/pact_offline/results/lut8_p0/summary.json,776,57361ae08b05b021665f91c9f85c31bc1199d5e37908521b098d861f8195f940
experiments/pact_offline/results/lut8_p0/thresholds.csv,1241,68a1e417b58b9c8d71dde717a91fbecaac52cf6941f186a6a3bbd5f3038d4e6a
experiments/pact_offline/results/lut8_smoke/pact_detection.png,45531,af56ed9404c7969a250edfc7a25701c4d895db1b733c35709a2a2eb9559b5d65
experiments/pact_offline/results/lut8_smoke/rates_aggregate.csv,785,35e1c03b89fb83b6443083756a2c1706a3d8dae57dbccd2304b43075e27298d2
experiments/pact_offline/results/lut8_smoke/rates_by_pair.csv,4015,77d970ebfdf912b8ced0fbeafa33fbb74d04a7bfcb0fc7c942a56f491c7ac414
experiments/pact_offline/results/lut8_smoke/summary.json,708,78fcae899119da7b5d561fac2691c0a321d5d25557a2d2af8955ebf380b65588
experiments/pact_offline/results/lut8_smoke/thresholds.csv,432,a6fbc91badde7388f7b5ca4d2442534e8c9f1c387fed1532d8fc1fc9e16c44ba
experiments/pact_offline/results/p0/pact_detection.png,126311,676f44ed703c44cc9a249fc0cd5975273f04a295d144f813451d68e03ca9cae3
experiments/pact_offline/results/p0/rates_aggregate.csv,7179,8146b5a57c0ad8050cf50bac519bb69c5ae6b22e204cecdc6b8ef088e9167cea
experiments/pact_offline/results/p0/rates_by_pair.csv,82485,9acb3a726848e49b62896ac9e0ae6d32b63df1d4023c9d305647301889c22c44
experiments/pact_offline/results/p0/summary.json,708,1c05262406749f77b47980b52ff957110053821fff8ed4f46044531087891512
experiments/pact_offline/results/p0/thresholds.csv,1116,0eae7559e40af3f67720a978cdd41644b2b555e3d962755942a95c2e2823cc05
experiments/pact_offline/results/projection_benchmark/projection_cost.csv,1222,3cb9d1c1af430d7320b940f9553449526a3548c3b6d71873b7ab6098530d3fb9
experiments/pact_offline/results/projection_benchmark/summary.json,4335,71ac6541216022cb3a9f1f50fa001342793598b2dbdd7399a9203e84db02a0e5
experiments/pact_offline/results/projection_benchmark_lut16/projection_cost.csv,2202,d5e6236fc7903a6ab3777cd38093597ee8298425e4a4e5079abcfaf0613da6b1
experiments/pact_offline/results/projection_benchmark_lut16/summary.json,8443,ffad2d61a2124c3505065f992431ce541c0500ce0538e77bda29690cf3d3d01f
experiments/pact_offline/results/projection_benchmark_lut8/projection_cost.csv,1689,330d5f54487a3eee7164c5ee0fca2927ef7e3b979a45482db5c2836009a85129
experiments/pact_offline/results/projection_benchmark_lut8/summary.json,6366,31984e9e50b52305b9ca1f428fdec6244fe183b43d4f4b70849a0326b3181265
experiments/pact_offline/results/quantized_gaussian/coefficient_moments.csv,578,a28e8d2830481decc4075b22e96c61b3d8545d1de6cfe66d400f994529712117
experiments/pact_offline/results/quantized_gaussian/family_summary.csv,400,499bea414c479825093b935fe0f0b71bccab2e5a4db959867ee637ce2c3f2b01
experiments/pact_offline/results/quantized_gaussian/rates.csv,19927,4e1ef2d2d8305f539b2102c906b9773b33c3b67d0610586a17b157ea5e1f0b6f
experiments/pact_offline/results/quantized_gaussian/summary.json,465,afb5dda044d972185443628355984a83863d067d177d2e7fa89a5aeed93cf234
experiments/pact_offline/results/quantized_gaussian/support_spreads.csv,5720,097dfdf0b4a018988064a99fd962af5e74e4c37c03cbd8b3e5e7e94dec88eaa7
experiments/pact_offline/results/quantized_gaussian_high_precision/coefficient_moments.csv,313,3ba61a79db579f9423ebc589da42dfefbfdd285d3013f13caacf96d608bd82d6
experiments/pact_offline/results/quantized_gaussian_high_precision/family_summary.csv,243,eb58f68ebd68218c60b8abb20b78febdd6679d083b92979f9998e1dd371cf1bf
experiments/pact_offline/results/quantized_gaussian_high_precision/rates.csv,8606,9d99fca9b7f98b0e1ce11d1dc1aac64a6564593386489b6a9a50a9426677ddc7
experiments/pact_offline/results/quantized_gaussian_high_precision/summary.json,414,99cf8b459b0e458aefe69d9aec5f3923c6cfc9b9e5406c5561ac09927de4ae2a
experiments/pact_offline/results/quantized_gaussian_high_precision/support_spreads.csv,2568,f15010ab8f2a586c06acf34dac4528f7ca6dc3ad1ced20afb5c5e4a9c9cb64b0
experiments/pact_offline/results/smoke/pact_detection.png,43129,a87d5e4f3c45c304106d620d9e8013b7cf9ff72f255150977769d4399d960990
experiments/pact_offline/results/smoke/rates_aggregate.csv,781,b2a77befe20019bf695ed91378c99eb45bec559d46c3f7a18fa4a1a922872cb5
experiments/pact_offline/results/smoke/rates_by_pair.csv,4015,fe4c1c490c48e3c636b8d1a6775d7a650aaf21581131c3930ef408a28f9807e2
experiments/pact_offline/results/smoke/summary.json,640,b168ec4314fcf536eb908206169f42a6a25779a90b48a6663e7cfefcf7787542
experiments/pact_offline/results/smoke/thresholds.csv,384,43b37fc2194264b57276936596384400a16c11d8e530aaa0c1e10ad21a0ddec0
experiments/pact_offline/validate_gaussian_sampler.py,1281,2090d1e58c9831b9e4208f33283536e0afdd0a3a0dd511de7ab3a5f1771fa7ef
experiments/pcra_offline_retired/ADAPTIVE_RESULTS_2026-08-24.md,4021,85502c36fa6dd9fb00a704e97e8fc56f2a3eb54c3b8558a0a3b01852fc2d3704
experiments/pcra_offline_retired/FIRST_RESULTS_2026-08-24.md,5620,d96901dc060fb09e45d11b2421c5fae0cd3776f5023ebc4ffa7fc523dbecd4e7
experiments/pcra_offline_retired/README.md,3811,8ac20d1f4d491be1beb55db48f3546d37ba722fc1c134ea8b79de0a8dfbf4f49
experiments/pcra_offline_retired/adaptive_attack.py,18280,bca2025ecb1776bbc9b1ba183e827915066e17025a93372a303d02685437ce56
experiments/pcra_offline_retired/pcra_offline.py,21760,ee64b24d07d4df1aad0890401d45f77f23e00a8f01b7ebca4ab440ea9e0761d9
experiments/pcra_offline_retired/plot_adaptive_results.py,2946,282d3d53fcfb9bbb59a435b68b9c6e68f1fcd10534653c30f21d32c0176c0c85
experiments/pcra_offline_retired/results/adaptive/DO_NOT_REPORT.md,223,7dda81a2490737be04ee81511be813c5aea571e27eeebcdfdc8ea15311e16d64
experiments/pcra_offline_retired/results/adaptive/adaptive_aggregate.csv,1649,6acfb4b4db5f4cf8077abd5e5af8cb1336e7397e5644836c4cd22403fa7a1962
experiments/pcra_offline_retired/results/adaptive/adaptive_rates.csv,73149,0916558eec1dc6225ec7bc7ca5610b14739be5f28fbf98d681a0f466b83072c6
experiments/pcra_offline_retired/results/adaptive/summary.json,6262,b21134f344dbd69f298c06c4385430439b6458d75f32a71be312acd19ddd8e9b
experiments/pcra_offline_retired/results/adaptive_fullq/DO_NOT_REPORT.md,223,7dda81a2490737be04ee81511be813c5aea571e27eeebcdfdc8ea15311e16d64
experiments/pcra_offline_retired/results/adaptive_fullq/adaptive_aggregate.csv,3227,ab652fd0e58bc92d083d29f48b4597720914e5b70eaccd76d37ab20764341864
experiments/pcra_offline_retired/results/adaptive_fullq/adaptive_rates.csv,146575,0b175d269cf082e4cf2c45972f360b1bcbac88e3a8e7b7ee828ed0a1480bd41c
experiments/pcra_offline_retired/results/adaptive_fullq/summary.json,11994,226c2e1f789efed9ef57422b5af85c75cf51d165b3b174284d1429337eab67f5
experiments/pcra_offline_retired/results/adaptive_harm_preserving/adaptive_aggregate.csv,3206,89a0cc7ccc7405b47fb979af5e2594a295c88b9a0d268d5a5fbaa81b6db55e3a
experiments/pcra_offline_retired/results/adaptive_harm_preserving/adaptive_detection.png,109401,fae6f137bce356d4b712b6c9f80b0395b50de3bf82079d7f66def13003806e92
experiments/pcra_offline_retired/results/adaptive_harm_preserving/adaptive_rates.csv,196070,b458a4ca3225f2d14a3087e3c1a13a6c37193e4747729889e54532c3ed03b8b6
experiments/pcra_offline_retired/results/adaptive_harm_preserving/summary.json,12014,28c10891a7a3705bce4613d4307dccb309437d4df49775ef5677951355a43a90
experiments/pcra_offline_retired/results/adaptive_smoke/adaptive_aggregate.csv,317,b192ece1ebff11f3d722dad44262608550efd7f2e8aabc61e13b8ca30ca90f34
experiments/pcra_offline_retired/results/adaptive_smoke/adaptive_rates.csv,2319,6ea002b2122d2ac304de502eeb8c1bfe625ef180958934c785bed4edafae1e74
experiments/pcra_offline_retired/results/adaptive_smoke/summary.json,1501,85ac6c92f7e49de003d597921ff97fbb53fd588982ce5d8bb6790ee24e269e5a
experiments/pcra_offline_retired/results/adaptive_smoke_harm/adaptive_aggregate.csv,323,60121a67b371d91af83130e043b81a68c2cd2aa5de8233c236a13fe986d51241
experiments/pcra_offline_retired/results/adaptive_smoke_harm/adaptive_rates.csv,3103,fecdbf2802f45af57abc5bef5d5a4ee5dab5fb41f2f73669b62266116956e62d
experiments/pcra_offline_retired/results/adaptive_smoke_harm/summary.json,1548,03130f6ddfa19fa04bd17a27863b6077cff1b17fed2f2ba45d5ec83436d2fa3a
experiments/pcra_offline_retired/results/calib2048/detection_curves.png,157989,91a18f0e5c30fbd64c0a56aa956116ca14758f7faa71f0bf1bec75c9f8511087
experiments/pcra_offline_retired/results/calib2048/evaluation_cases.csv,318849,928d154369e851c0251902b69adbf8c0774b21ce1d16d9e2fe709c29b33c31c5
experiments/pcra_offline_retired/results/calib2048/rates_aggregate.csv,43314,bb7a8d19321473dc06839a1ef633ef87c65557d6742d41dfa821007dbfa35961
experiments/pcra_offline_retired/results/calib2048/rates_by_checkpoint.csv,137656,411849ac14a765400c355202ec57f48622c624df038564a6f80d3166fa86a759
experiments/pcra_offline_retired/results/calib2048/summary.json,1541,b3db1313e6b08db9ae18f128aea3668b73373dad1f2c3d5f133076fd21c18eae
experiments/pcra_offline_retired/results/calib2048/thresholds.csv,2942,1c90883f41d25b3c9c4bb675eae602330d5b0a280fb3bd2e4f35cec5816c7aa3
experiments/pcra_offline_retired/results/default/detection_curves.png,157989,91a18f0e5c30fbd64c0a56aa956116ca14758f7faa71f0bf1bec75c9f8511087
experiments/pcra_offline_retired/results/default/evaluation_cases.csv,318849,928d154369e851c0251902b69adbf8c0774b21ce1d16d9e2fe709c29b33c31c5
experiments/pcra_offline_retired/results/default/rates_aggregate.csv,43314,bb7a8d19321473dc06839a1ef633ef87c65557d6742d41dfa821007dbfa35961
experiments/pcra_offline_retired/results/default/rates_by_checkpoint.csv,137656,411849ac14a765400c355202ec57f48622c624df038564a6f80d3166fa86a759
experiments/pcra_offline_retired/results/default/summary.json,1541,b3db1313e6b08db9ae18f128aea3668b73373dad1f2c3d5f133076fd21c18eae
experiments/pcra_offline_retired/results/default/thresholds.csv,2942,1c90883f41d25b3c9c4bb675eae602330d5b0a280fb3bd2e4f35cec5816c7aa3
experiments/pcra_offline_retired/results/smoke/detection_curves.png,85084,b4237c99f375c392f8574a13e59e32a861af979327501b005cb52f2474017f06
experiments/pcra_offline_retired/results/smoke/evaluation_cases.csv,9681,27671743dbc9f70c0fb2ad244198374b1c3e8e8ec43d43d0e83206dc7e541a29
experiments/pcra_offline_retired/results/smoke/rates_aggregate.csv,7185,13a046f513e52e4968958d002603eb562aa6adcd369592ebf1f1c0914b223c71
experiments/pcra_offline_retired/results/smoke/rates_by_checkpoint.csv,21723,13d6a350811168a04292f6d9ba37a45970ad0c93aad1779dc967ed12187bc462
experiments/pcra_offline_retired/results/smoke/summary.json,996,cd214be331fda33472803b3fcbd02ca20089865dd2ce63e23ba532c285bd73c8
experiments/pcra_offline_retired/results/smoke/thresholds.csv,1468,94d2b72c6fc95795300385a0e657d7e6ce56ac960607b2b9f1e464c639243612
experiments/pcra_offline_retired/results/smoke_optimized/detection_curves.png,84181,a8c611279d3c910df5d04956a5c689382475ee2cb4f0219fe66305db3a4562d5
experiments/pcra_offline_retired/results/smoke_optimized/evaluation_cases.csv,9681,27671743dbc9f70c0fb2ad244198374b1c3e8e8ec43d43d0e83206dc7e541a29
experiments/pcra_offline_retired/results/smoke_optimized/rates_aggregate.csv,7170,517ac35b4538a44bd0e047f53bc53f2fd0ba6606bb6ec8eb5f0f453b707c3b4e
experiments/pcra_offline_retired/results/smoke_optimized/rates_by_checkpoint.csv,21825,e27537c7e61f594023cc21ecf7f30b65008ca408b297da0a826493fb3414950e
experiments/pcra_offline_retired/results/smoke_optimized/summary.json,996,cd214be331fda33472803b3fcbd02ca20089865dd2ce63e23ba532c285bd73c8
experiments/pcra_offline_retired/results/smoke_optimized/thresholds.csv,1468,94d2b72c6fc95795300385a0e657d7e6ce56ac960607b2b9f1e464c639243612
legacy_veriedge_eurosys/EUROSYS27_REVIEW_ANALYSIS_AND_REVISION_PLAN.md,23429,09e3e58edda1f1ba603632fdc3f5b48025ab08dd0eb1e869ea54b66ede199055
legacy_veriedge_eurosys/PAPER1_EXPERIMENT_COMPLETION_MANUAL.md,10121,111b4164d4b8b4ca19f98da4efd4df976b3eaf24e16e3f2d146efde898f53548
legacy_veriedge_eurosys/PAPER1_RESTRUCTURE_PLAN.md,7964,5d09219fe71d974d6b00b2b822abcc2f9fb58e8d1bfc93a858e4a26de23ca467
legacy_veriedge_eurosys/PAPER1_REVISION_PLAN.md,12876,1b9591b0642de1ddb8332cc3a9335beb417b732df60ed25c42e00b5bb4a32d15
legacy_veriedge_eurosys/README.md,1098,7621d3172fe1a1cb84f89e44bbbcd67cb27c574531a3e8e8a2b4759124c50e5d
legacy_veriedge_eurosys/bibtex/bib/IEEEabrv.bib,17779,222d5c1a21f40fe2ce1f3dbd0963f4f7d2fb3fa38825104992b083e357f8fd71
legacy_veriedge_eurosys/bibtex/bib/mybib.bib,18283,5f15e02a99d0faccec1a74d56a293b19e1dc432bb26feb136e8469aa9f3592da
legacy_veriedge_eurosys/experimental_assets/第一轮新增实验/README.md,352,0a4e218e4a4b6b53dbd5c03bb314ec3a5649ee15d8ec753f8116dcce5a28e3df
legacy_veriedge_eurosys/experimental_assets/第一轮新增实验/VeriEdge_TSTC_DDL冲刺版_实验结果交付手册.md,41874,3bc64e95656ada4b1402be50c58e3da96e2f617f3f6c7a14af1212208f777ea0
legacy_veriedge_eurosys/experimental_assets/第一轮新增实验/configs/exp_e5_20260512_measured_profile_inputs.json,106495,445cff345b30edaa2af29c81d94899f3049e2f588879af9102e290d0212f485d
legacy_veriedge_eurosys/experimental_assets/第一轮新增实验/configs/exp_e5_20260512_measured_profile_mainline_policy_config.json,9833,a83edb3f18c41aa1f28492fd68e7742ca5dfefa088f3cd3e0303d7de220509bf
legacy_veriedge_eurosys/experimental_assets/第一轮新增实验/configs/exp_e5_20260512_verification_profile_matrix_manifest.json,1067,78821c279cd11535356761e466c47c6184da5b4ad0968fabd0572117ab606345
legacy_veriedge_eurosys/experimental_assets/第一轮新增实验/figures/FIGURE_INDEX.md,4432,c0a90a2373cc5a4c806299c84636df3fbdc59b717d5afecf679b86d575f9b847
legacy_veriedge_eurosys/experimental_assets/第一轮新增实验/figures/exp_e2_20260512_equal_budget_live_ab_fpr_tpr_vs_budget.png,135392,2db06c26fefc1a9e890966c2ada76d1683cd074a6aa8b78182575aa5c5d541d2
legacy_veriedge_eurosys/experimental_assets/第一轮新增实验/figures/exp_e2_20260512_experiment_a_pair_family_projcos_pair_family_fpr_tpr.png,71223,31d8b97b9eae7dd04ccda784a5be357d798cb2deb0a941ea7db97e9ab8795629
legacy_veriedge_eurosys/experimental_assets/第一轮新增实验/figures/exp_e2_20260512_material_tamper_full_matrix_focus_tpr.png,510110,850376c52488dc7d91441f1a31de5d121bf48a2c31de144e36b3b9df04085fe5
legacy_veriedge_eurosys/experimental_assets/第一轮新增实验/figures/exp_e2_20260512_material_tamper_full_matrix_material_focus_panel.png,91995,dfe2637a3ffc27ac21288ac4ac827c1632c2a0fcd422aea47248ea7171dcb7e3
legacy_veriedge_eurosys/experimental_assets/第一轮新增实验/figures/exp_e2_20260512_material_tamper_full_matrix_strength_sweep_focus.png,151124,a3a368d2e26156f71f9a838cad840824d7886764ab9ca6f92b8624f8dc4c0f26
legacy_veriedge_eurosys/experimental_assets/第一轮新增实验/figures/exp_e2_20260512_projscalar1_abs_experiment_c_attack_and_sweep.png,144031,06b900e0113923ac167335824dbf9232b883846da081a141c327464688ac7859
legacy_veriedge_eurosys/experimental_assets/第一轮新增实验/figures/exp_e2_20260512_projscalar1_abs_multiseed_stability_stability.png,115436,78bd13f89d406b79db8fe0547a88e9180ddabeee92964ce0a5b938aabb8bb689
legacy_veriedge_eurosys/experimental_assets/第一轮新增实验/figures/exp_e2_20260512_projscalar1_abs_validation_hard_and_material_focus.png,135568,efd93473fae6e9afd092650513082d054fc5060d4f416599cc048017e53770d3
legacy_veriedge_eurosys/experimental_assets/第一轮新增实验/figures/exp_e4_20260512_equal_budget_live_ab_payload_latency.png,106427,10624f14ef48194f1396fc9af2763cd38ff0337ed0d91058044221d1580cb99f
legacy_veriedge_eurosys/experimental_assets/第一轮新增实验/figures/exp_e5_20260512_measured_profile_mainline_queued_8_pareto.png,172125,33283c24f47e786ee5c1bd9ea022d81266372b54b4b5bcb8a856eb9ef1c4261c
legacy_veriedge_eurosys/experimental_assets/第一轮新增实验/figures/exp_e5_20260512_measured_profile_mainline_queued_8_policy_compare.png,270896,12487fb468451d79c8eca3dbff74d19db27058e93a98e3a2cdd39b1044d9f7f5
legacy_veriedge_eurosys/experimental_assets/第一轮新增实验/figures/exp_e5_20260512_measured_profile_mainline_queued_8_risk_stack.png,93126,83a43bb547a878787767939f4e5af8c46f088e5034d294a226d15b8e850cd009
legacy_veriedge_eurosys/experimental_assets/第一轮新增实验/figures/exp_e5_20260512_measured_profile_mainline_single_task_pareto.png,174123,1173aef4696884768a6b813c9f246ab5dce883e506fe49f19c692a737ea95a7f
legacy_veriedge_eurosys/experimental_assets/第一轮新增实验/figures/exp_e5_20260512_measured_profile_mainline_single_task_policy_compare.png,306971,b92ce2f32a7eb5086efdebded71af9b071cb9c61ef3a8a7a1e30e95965cb4367
legacy_veriedge_eurosys/experimental_assets/第一轮新增实验/figures/exp_e5_20260512_measured_profile_mainline_single_task_risk_stack.png,92074,6ce14dc32b9fcb6f3dc26d74ba46b6a6aff6bfabd7ad0bb32c7c39b87089c699
legacy_veriedge_eurosys/experimental_assets/第一轮新增实验/notes/E2_material_tamper_full_matrix_report_20260512.md,6987,c6b56e527376d672df0163f9aefa647994ade660c725f4fcea58a21e321cf47c
legacy_veriedge_eurosys/experimental_assets/第一轮新增实验/notes/ExperimentA_pair_family_completion_report_20260512.md,5569,9159b0774f84ad418bb964d5f2dc80b18677ffc0c650163c21ba79bcb8a69419
legacy_veriedge_eurosys/experimental_assets/第一轮新增实验/notes/exp_e2_20260512_equal_budget_live_ab_notes.md,1868,11a616b7f5bd4388e4ebe1341a6e29fa6c12951fc63e2a705ae0fefb98089edd
legacy_veriedge_eurosys/experimental_assets/第一轮新增实验/notes/exp_e2_20260512_material_tamper_full_matrix_completion_report.md,8207,7527e2014efaabb576ca7c2c1bbb508c16ceb358f30a416491ddc6127a9f7478
legacy_veriedge_eurosys/experimental_assets/第一轮新增实验/notes/exp_e2_20260512_output_affecting_subset_report.md,9493,729031687789d0c54cdcb1c0b620b84d5d68949ac9d0a38f4dbfaf42d967b09f
legacy_veriedge_eurosys/experimental_assets/第一轮新增实验/notes/exp_e2_20260512_projscalar1_abs_experiment_c_report.md,4319,f907e56ecf952ef43f682d50fd1a3bf78ccc2acc391c671e2e6f1f59347b8d49
legacy_veriedge_eurosys/experimental_assets/第一轮新增实验/notes/exp_e2_20260512_projscalar1_abs_multiseed_stability_report.md,4244,cb9c8a55a46ae03cbd04a03dcb735b3a9a9a0ee51a9a3466b83669526590a755
legacy_veriedge_eurosys/experimental_assets/第一轮新增实验/notes/exp_e2_20260512_projscalar1_abs_validation_report.md,4117,17cab3b98bca37f8ffb16e0e66b80758a8b748f3dd07810746caf7c9cf2e4de6
legacy_veriedge_eurosys/experimental_assets/第一轮新增实验/notes/exp_e4_20260512_equal_budget_live_ab_notes.md,2255,52924e1671510dd47cb20f37bb8c34e64828daf62d7eafc7a421477346fa9d8e
legacy_veriedge_eurosys/experimental_assets/第一轮新增实验/notes/exp_e5_20260512_measured_profile_mainline_notes.md,5445,960475cbcef94fdacb552564c605a760187dd82720fe35ee93955666ca52249e
legacy_veriedge_eurosys/experimental_assets/第一轮新增实验/notes/exp_e5_20260512_verification_profile_matrix.md,1833,b51eb75a4ed6d33b6af5bb4bce7f8351478cf9e984a49fe68b58ddf442ac8433
legacy_veriedge_eurosys/experimental_assets/第一轮新增实验/notes/projscalar1_abs_补充实验审计报告_20260512.md,5352,d12e31041933b79645d86bb447f5ebebe1cc2e0922b048a258a15a4e4d19bd11
legacy_veriedge_eurosys/experimental_assets/第一轮新增实验/pdf/VeriEdge_TSTC_DDL冲刺版_实验结果交付手册.pdf,3947495,c42ad977f168abb89b4f2dae69ae768121d050588539f273206c4e6291699d42
legacy_veriedge_eurosys/experimental_assets/第一轮新增实验/pdf/exp_e2_20260512_equal_budget_live_ab_fpr_tpr_vs_budget.pdf,20923,f71a59a8c0e3910f9726d1127753affe30b5c4af34a3758787f0b10cc2ae5ce4
legacy_veriedge_eurosys/experimental_assets/第一轮新增实验/pdf/exp_e2_20260512_experiment_a_pair_family_projcos_pair_family_fpr_tpr.pdf,16042,98bb827a8a446e5ef8b13420c74a07c0a11910fe3bc60a3756a90448b2b83341
legacy_veriedge_eurosys/experimental_assets/第一轮新增实验/pdf/exp_e2_20260512_material_tamper_full_matrix_focus_tpr.pdf,20281,24e16876faaa2a1a862fbfe4e82bf653654c81b60fd06decedca941b087144a7
legacy_veriedge_eurosys/experimental_assets/第一轮新增实验/pdf/exp_e2_20260512_material_tamper_full_matrix_material_focus_panel.pdf,19884,ea06e4dbb2798b819b365f386d84c16c264df3d6bf5379bf04fa366a4c9cc6f8
legacy_veriedge_eurosys/experimental_assets/第一轮新增实验/pdf/exp_e2_20260512_material_tamper_full_matrix_strength_sweep_focus.pdf,22057,7ebad5fce017da93ceef9084edd3bc3b87a8572e73879bfc4990f071eba4dc93
legacy_veriedge_eurosys/experimental_assets/第一轮新增实验/pdf/exp_e2_20260512_projscalar1_abs_experiment_c_attack_and_sweep.pdf,19001,3be1644999e8bb3332e08c78f3d7d6eaa57c92233962672fde51efe12e43c825
legacy_veriedge_eurosys/experimental_assets/第一轮新增实验/pdf/exp_e2_20260512_projscalar1_abs_multiseed_stability_stability.pdf,16796,7b7162b334a205d48db8ae426c0a3f47cb2eb6dbbb48121a2729814817e556b1
legacy_veriedge_eurosys/experimental_assets/第一轮新增实验/pdf/exp_e2_20260512_projscalar1_abs_validation_hard_and_material_focus.pdf,18953,cfa35671ed1a4ba29f20a0fd17fc8e7d5f09e320bae6077719c91dd6734f6113
legacy_veriedge_eurosys/experimental_assets/第一轮新增实验/pdf/exp_e4_20260512_equal_budget_live_ab_payload_latency.pdf,17447,cf2e9c1e2275a9afe118c40c4d74b818631ebac3163fe22f8e37097ec35b3dc0
legacy_veriedge_eurosys/experimental_assets/第一轮新增实验/pdf/exp_e5_20260512_measured_profile_mainline_queued_8_pareto.pdf,21361,9ba638c92762fe39f161eeac0e8aae48bb9cdd50ad29838286e12124537ad6f9
legacy_veriedge_eurosys/experimental_assets/第一轮新增实验/pdf/exp_e5_20260512_measured_profile_mainline_queued_8_policy_compare.pdf,22105,dea60c50a8e243b41c81e098a2c3e177705ea3a934bd362e2fffb57b6a9ef1a6
legacy_veriedge_eurosys/experimental_assets/第一轮新增实验/pdf/exp_e5_20260512_measured_profile_mainline_queued_8_risk_stack.pdf,16314,480730bb9e9dab4d730ca24caeed71ba73017e8e2f059631101c1733505014ae
legacy_veriedge_eurosys/experimental_assets/第一轮新增实验/pdf/exp_e5_20260512_measured_profile_mainline_single_task_pareto.pdf,21782,bd91bbcb4ee57a87fc9b5b75a94d8c051376a9d42c240dbadd0596ef92159cf8
legacy_veriedge_eurosys/experimental_assets/第一轮新增实验/pdf/exp_e5_20260512_measured_profile_mainline_single_task_policy_compare.pdf,22050,a10e720fc2a05d5abee6234bd6f61bf7093123aeab6712e0d8b367a1084941d9
legacy_veriedge_eurosys/experimental_assets/第一轮新增实验/pdf/exp_e5_20260512_measured_profile_mainline_single_task_risk_stack.pdf,15971,37909ef59015f69ae0a0625b43cdbb2f828c43afb7c84646b117ad89706cbca7
legacy_veriedge_eurosys/experimental_assets/第一轮新增实验/scripts/build_e2_equal_budget_baseline.py,26241,7623965794b63545f396a2df6bcc8f1a7a4a88589e6de00d53abf74913bd65ce
legacy_veriedge_eurosys/experimental_assets/第一轮新增实验/scripts/build_e2_experiment_a_pair_family_projcos.py,25968,91a245c1eef4c614372c7f649e85fd57dc2928d45301cbc75f577fd924dd15a1
legacy_veriedge_eurosys/experimental_assets/第一轮新增实验/scripts/build_e2_material_tamper_full_matrix.py,33805,b3c8ad1f91c8b1a7a604d80f7a3ef77fb46a7b50dab44fa2e1c4f82cfd544065
legacy_veriedge_eurosys/experimental_assets/第一轮新增实验/scripts/build_e2_projscalar1_abs_experiment_c.py,18132,d4f983f8ac9989351ac4bb5c5d166d11bf90641bc5a3b5855f4154bc46e9acf1
legacy_veriedge_eurosys/experimental_assets/第一轮新增实验/scripts/build_e2_projscalar1_abs_multiseed_stability.py,27975,a137417758a663d75875cfe5a1f0f9b678c0f4ab91a8e0daa91f987b2d282941
legacy_veriedge_eurosys/experimental_assets/第一轮新增实验/scripts/build_e2_projscalar1_abs_validation.py,29531,ae118fa31e2e16539ab296d3c439fc0a741e64a5bfb7d746ed9de21b624dd2e5
legacy_veriedge_eurosys/experimental_assets/第一轮新增实验/scripts/build_e4_equal_budget_overhead.py,25480,958d5750ca8b14d4b128dcf5f34e12a3f6b6425c1fb74f77966e4c680440a818
legacy_veriedge_eurosys/experimental_assets/第一轮新增实验/scripts/build_e5_measured_profile_inputs.py,14942,fef008985b5adfa934e0863ef3ae3787efd91f6a599441d28397959ffb1a7d46
legacy_veriedge_eurosys/experimental_assets/第一轮新增实验/scripts/build_verification_profile_matrix.py,20620,2ab26f63c39f19c465121fd03b5cb9de3e595e286c2681503bd93ae0e3b6df19
legacy_veriedge_eurosys/experimental_assets/第一轮新增实验/scripts/plot_e2_material_tamper_completion.py,12343,2195d9a07903704bb453384e0f8a83afc6cae376414cfbb8c39c2ec1077347e2
legacy_veriedge_eurosys/experimental_assets/第一轮新增实验/scripts/plot_e5_measured_profile_results.py,10953,2fd375be2edcc935675b4240cc7ef3be1caf30b107b13f94b4f3ec2e12d2ac5f
legacy_veriedge_eurosys/experimental_assets/第一轮新增实验/scripts/run_e2_output_affecting_subset.py,17318,6ac408fcc8826e6430606fc34e431c6ff200a5d4d435f643cb726f623ed84831
legacy_veriedge_eurosys/experimental_assets/第一轮新增实验/scripts/run_e5_measured_profile_replay.py,17262,6833aa793530d42bf0734cdfcf1ecbda6072c5d824a5690c2a084c5a3d0c0b4d
legacy_veriedge_eurosys/experimental_assets/第一轮新增实验/tables/TABLE_INDEX.md,8514,0ac51851a84da5ab607138fd937b8182c1f7478799655f3d397f9f427dc547c9
legacy_veriedge_eurosys/experimental_assets/第一轮新增实验/tables/exp_e2_20260512_equal_budget_live_ab_candidate_grid.csv,18079,ee8426ea7908d821adfce5162310215d6d6951f409c1e513a6d0a3a639df92cc
legacy_veriedge_eurosys/experimental_assets/第一轮新增实验/tables/exp_e2_20260512_equal_budget_live_ab_selected_summary.csv,1551,bf6a2bb2ed6103fce758d302716a18450b23e26d9f568ffd2650a4e953da6c47
legacy_veriedge_eurosys/experimental_assets/第一轮新增实验/tables/exp_e2_20260512_experiment_a_pair_family_projcos_candidate_grid.csv,97530,ec037bcbbd374de164a56bfbd66a793430bebcc634789db3866407e9da29987f
legacy_veriedge_eurosys/experimental_assets/第一轮新增实验/tables/exp_e2_20260512_experiment_a_pair_family_projcos_fallback_baselines.csv,1725,da9797cfe46a0e8c3cdee2490c1ce1a7beedce22e8b3edde13c08c92fdcbdbbd
legacy_veriedge_eurosys/experimental_assets/第一轮新增实验/tables/exp_e2_20260512_experiment_a_pair_family_projcos_gap_distribution.csv,1494094,cd6832dc515b36906959855347a4c23f8e45f39038499cc281e18665b56d4142
legacy_veriedge_eurosys/experimental_assets/第一轮新增实验/tables/exp_e2_20260512_experiment_a_pair_family_projcos_hetero_mismatch_detail.csv,308530,8f28002d131c0e15239ff1fc7b7bb1d5236581b5947784d8b009886dd782933e
legacy_veriedge_eurosys/experimental_assets/第一轮新增实验/tables/exp_e2_20260512_experiment_a_pair_family_projcos_paper_main_table.csv,3706,bb610b483eebf8d2970c1d9ff75dbadd46b623d0c0aed7627df9b03a787e35be
legacy_veriedge_eurosys/experimental_assets/第一轮新增实验/tables/exp_e2_20260512_experiment_a_pair_family_projcos_selected_summary.csv,5698,dd43a985cc851295be73126c9dfc3be5b391ec040db7069fb82c11f68d885353
legacy_veriedge_eurosys/experimental_assets/第一轮新增实验/tables/exp_e2_20260512_experiment_a_pair_family_projcos_tamper_mismatch_detail.csv,323301,b70cc28ff0d23aac963f60440c3e8a42064c60ab9abaf1aae64cd9702e531838
legacy_veriedge_eurosys/experimental_assets/第一轮新增实验/tables/exp_e2_20260512_material_tamper_full_matrix_attack_summary.csv,31583,a0806fdcc7e1b02aea74f216144c5f3af15557575a09324de1704af39dc16002
legacy_veriedge_eurosys/experimental_assets/第一轮新增实验/tables/exp_e2_20260512_material_tamper_full_matrix_detail.csv,6628085,4a7f5272d2988121adea5ffd89ebc5d17e4cdb41312c5f6d38f47f5d7cf2f639
legacy_veriedge_eurosys/experimental_assets/第一轮新增实验/tables/exp_e2_20260512_material_tamper_full_matrix_selected_operating_points.csv,6161,708ea6a9b56348483d536fb8d6473b46165d917dea563b2b10c8b8c0fb1f265c
legacy_veriedge_eurosys/experimental_assets/第一轮新增实验/tables/exp_e2_20260512_material_tamper_full_matrix_strength_sweep.csv,59181,2466c124c56c7498a5d31a024acd703fa65a7fcb24b300afa8ff78804c3f99f3
legacy_veriedge_eurosys/experimental_assets/第一轮新增实验/tables/exp_e2_20260512_output_affecting_subset_joined_detail.csv,4351096,1cd466656e1fa5b88a9ebed640daec412e2580680dda6f1c27a9bd102a2a4dce
legacy_veriedge_eurosys/experimental_assets/第一轮新增实验/tables/exp_e2_20260512_output_affecting_subset_labels.csv,2005689,edbdc6ff988e956d6de5b464dd2046bfa14c2a891a37f8512d2faa59d0470ec0
legacy_veriedge_eurosys/experimental_assets/第一轮新增实验/tables/exp_e2_20260512_output_affecting_subset_summary.csv,6755,10375d39fc1803e393089aef3223418555ed37e6444f79d6a2c811bae0385959
legacy_veriedge_eurosys/experimental_assets/第一轮新增实验/tables/exp_e2_20260512_projscalar1_abs_experiment_c_attack_summary.csv,339,1f6e0422c9b05ffacfdd909225a3e344d22af27cf10999157fdeafcf49587c35
legacy_veriedge_eurosys/experimental_assets/第一轮新增实验/tables/exp_e2_20260512_projscalar1_abs_experiment_c_focus_detail.csv,4397,bc5c82ac633bf4ae29bf8ac166ffff93a4d8b1f31583eecdb8f32069871dabdc
legacy_veriedge_eurosys/experimental_assets/第一轮新增实验/tables/exp_e2_20260512_projscalar1_abs_experiment_c_selected_operating_points.csv,1435,d85c6f4182a00da69cc65ba2c72ad0dcb6c19aba96115509d30e0ed6df99bb58
legacy_veriedge_eurosys/experimental_assets/第一轮新增实验/tables/exp_e2_20260512_projscalar1_abs_experiment_c_strength_sweep_detail.csv,12687,9a0b3df01b9a8e0135ff44afe46716e90c9261f969e843f28f5a112913de67de
legacy_veriedge_eurosys/experimental_assets/第一轮新增实验/tables/exp_e2_20260512_projscalar1_abs_experiment_c_strength_sweep_summary.csv,658,454d21a03b1cab99a57632140a527106f827a6e3fffde76c09ddca822016305f
legacy_veriedge_eurosys/experimental_assets/第一轮新增实验/tables/exp_e2_20260512_projscalar1_abs_multiseed_stability_hard_pair_detail.csv,3846,a50e3c9843cfb7826758867c9a9fb88f6907b317be5a643490dde54e2e21565e
legacy_veriedge_eurosys/experimental_assets/第一轮新增实验/tables/exp_e2_20260512_projscalar1_abs_multiseed_stability_material_focus_detail.csv,18384,1a7b0123bc31d530b54dd730c4aea725a7a15b8b2062c3b2780409266134f103
legacy_veriedge_eurosys/experimental_assets/第一轮新增实验/tables/exp_e2_20260512_projscalar1_abs_multiseed_stability_overall_summary.csv,243,ab67e4beb9634127d66d19757b245d4d0baf58fc084e5ed68ce52fa0b5ce325a
legacy_veriedge_eurosys/experimental_assets/第一轮新增实验/tables/exp_e2_20260512_projscalar1_abs_multiseed_stability_pair_summary.csv,608,86fcf6aa439dfdcbb11ccdd4710c9be4973e28ca49f97ca3db8d8197015968f0
legacy_veriedge_eurosys/experimental_assets/第一轮新增实验/tables/exp_e2_20260512_projscalar1_abs_multiseed_stability_selected_operating_points.csv,5891,a0530da203954f09c7d7b925fad12d1e478429b635e245e6a7f747f3caf0e70c
legacy_veriedge_eurosys/experimental_assets/第一轮新增实验/tables/exp_e2_20260512_projscalar1_abs_validation_e5_profile_addendum.csv,1614,065f0f5c373ce1bc2d07a82ee96b745518354219a0a535eba06272800451611a
legacy_veriedge_eurosys/experimental_assets/第一轮新增实验/tables/exp_e2_20260512_projscalar1_abs_validation_hard_pair_summary.csv,959,d2349f4bb2c944ff862e1aaab49469a3f17b3f458c7bb2d200afb68e42bfcd77
legacy_veriedge_eurosys/experimental_assets/第一轮新增实验/tables/exp_e2_20260512_projscalar1_abs_validation_material_focus_detail.csv,620327,cd92bd14cf33afc781606f778b83ffc45710d561bca7e5cbc736874ddd561487
legacy_veriedge_eurosys/experimental_assets/第一轮新增实验/tables/exp_e2_20260512_projscalar1_abs_validation_material_focus_summary.csv,3772,f75481d6979de643738b7f7d9222570c5e1556c44e0a7d572a4c2f9e8f5cd0f4
legacy_veriedge_eurosys/experimental_assets/第一轮新增实验/tables/exp_e2_20260512_projscalar1_abs_validation_selected_operating_points.csv,1510,80f4735ba78a7bdf9d0f81984414fec4b214553c47dda4c93b912b6dc5771484
legacy_veriedge_eurosys/experimental_assets/第一轮新增实验/tables/exp_e4_20260512_equal_budget_live_ab_detail.csv,605163,c6b54f572e77555fc881e2671ef9ea6c58c151ad50846db1da4531280b656ce9
legacy_veriedge_eurosys/experimental_assets/第一轮新增实验/tables/exp_e4_20260512_equal_budget_live_ab_main_table.csv,1183,3bd5dc58884a0217d0a0ee39883dfaf0f0b2adaef90cc43c4700f3dba9f6f3bf
legacy_veriedge_eurosys/experimental_assets/第一轮新增实验/tables/exp_e4_20260512_equal_budget_live_ab_summary.csv,3178,6acee72f5ede3867d1aa7807e7718944e28baf430fd7b432a36670ca13dbcaa2
legacy_veriedge_eurosys/experimental_assets/第一轮新增实验/tables/exp_e5_20260512_measured_profile_mainline_per_task.csv,478305,2ef8cc1ab34dbe407417cd418a777bcea1eb511fbbb47a87021e8084b8443d6c
legacy_veriedge_eurosys/experimental_assets/第一轮新增实验/tables/exp_e5_20260512_measured_profile_mainline_placement_mix.csv,3207,c8eb536781de85ca1d16c15d101c162429be7e6479491503fdc11dff59d52bd5
legacy_veriedge_eurosys/experimental_assets/第一轮新增实验/tables/exp_e5_20260512_measured_profile_mainline_policy_compare.csv,1934,462f51d37a4c29a6978246345b02f1c15cb5d0ba4ed7350923a5e6c32212e671
legacy_veriedge_eurosys/experimental_assets/第一轮新增实验/tables/exp_e5_20260512_verification_profile_matrix.csv,15150,737ebf341b4cf0034d2ab421b515871f53c1bef37293de388d48c0bd7c846ec0
legacy_veriedge_eurosys/experimental_assets/第一轮新增实验/主结果速览.md,6922,8de2485955138b8e38ff96e0af6973a049bb9927a1c4c98c415d00a3e26ba523
legacy_veriedge_eurosys/experimental_assets/第二轮新增实验/实验A交付物/实验A交付物/ExperimentA_A1_A3_results.md,16448,ed3f463956b1fc8b421b1ca98b796e160c30183244c036bc7fa8562665f6915e
legacy_veriedge_eurosys/experimental_assets/第二轮新增实验/实验A交付物/实验A交付物/MANIFEST.md,2052,06aecb2bf03c364b38061b4d452b748eb34b95e3d1edeb815a35e923bef053a2
legacy_veriedge_eurosys/experimental_assets/第二轮新增实验/实验A交付物/实验A交付物/README.md,3081,017b7bb429d6899204cdbda6e01dcaac5c4843fed21417cc04e4d3f5c2bf1934
legacy_veriedge_eurosys/experimental_assets/第二轮新增实验/实验A交付物/实验A交付物/data/DATA_INDEX.md,852,a904f516594c977e62ddc91e4cbb93b134b0060fc951deab4aa327266185a092
legacy_veriedge_eurosys/experimental_assets/第二轮新增实验/实验A交付物/实验A交付物/data/candidate_placements.csv,1332,41acf856c066ddc79f33d4786f3b0d251e50c8705bd547dc37645fb95238f449
legacy_veriedge_eurosys/experimental_assets/第二轮新增实验/实验A交付物/实验A交付物/data/profile_matrix.csv,4578,59b5ff50556ac0403127ee956915b7ca229d273653c8d8835f553ff7bb6fddd6
legacy_veriedge_eurosys/experimental_assets/第二轮新增实验/实验A交付物/实验A交付物/data/workload.csv,32438,ae032df8ae13049335dd8a45077ee3bb631b0ed79d25f49c489d6baf245c7218
legacy_veriedge_eurosys/experimental_assets/第二轮新增实验/实验A交付物/实验A交付物/docs/fig_alpha_sensitivity_infeasible.png,115143,e9ec89bc9d4a08b8fa17b096b5857c0e4e41c532fcff5f5783b2af2b015aba53
legacy_veriedge_eurosys/experimental_assets/第二轮新增实验/实验A交付物/实验A交付物/docs/fig_placement_frontier_a1.png,78616,5a95014b011011cc28b6424de2db2e8585cd141266f689bc647956d22511e77d
legacy_veriedge_eurosys/experimental_assets/第二轮新增实验/实验A交付物/实验A交付物/docs/fig_placement_frontier_a3_queue.png,69262,f13aba54060fa854fd688f3a8bf540c07e03a5735682ef24ada3731b0910f295
legacy_veriedge_eurosys/experimental_assets/第二轮新增实验/实验A交付物/实验A交付物/docs/fig_risk_class_composition.png,68806,598dc2645a8b821a0ae0d123390f1e0aac3f0634f4fed60933fe316f191240ec
legacy_veriedge_eurosys/experimental_assets/第二轮新增实验/实验A交付物/实验A交付物/docs/veriedge_revision_workbook.md,45663,1a1100846507433c921ff07d173da0e1bd0effab9d579cdfb4ed19b557fa81db
legacy_veriedge_eurosys/experimental_assets/第二轮新增实验/实验A交付物/实验A交付物/docs/实验A_A1_A3结果记录与解读.md,16530,e85680d85d60b711651c34c9449d22b56e771a5de06f7dbbafdc1afd03ac2add
legacy_veriedge_eurosys/experimental_assets/第二轮新增实验/实验A交付物/实验A交付物/docs/文件索引.md,2247,d26a2aff33604fdfeb31136699df2eee29bccc54380adb07c6c002a264ea5aa7
legacy_veriedge_eurosys/experimental_assets/第二轮新增实验/实验A交付物/实验A交付物/fig_alpha_sensitivity_infeasible.png,115143,e9ec89bc9d4a08b8fa17b096b5857c0e4e41c532fcff5f5783b2af2b015aba53
legacy_veriedge_eurosys/experimental_assets/第二轮新增实验/实验A交付物/实验A交付物/fig_placement_frontier_a1.png,78616,5a95014b011011cc28b6424de2db2e8585cd141266f689bc647956d22511e77d
legacy_veriedge_eurosys/experimental_assets/第二轮新增实验/实验A交付物/实验A交付物/fig_placement_frontier_a3_queue.png,69262,f13aba54060fa854fd688f3a8bf540c07e03a5735682ef24ada3731b0910f295
legacy_veriedge_eurosys/experimental_assets/第二轮新增实验/实验A交付物/实验A交付物/fig_risk_class_composition.png,68806,598dc2645a8b821a0ae0d123390f1e0aac3f0634f4fed60933fe316f191240ec
legacy_veriedge_eurosys/experimental_assets/第二轮新增实验/实验A交付物/实验A交付物/figures/FIGURE_INDEX.md,1165,8a89e794520105c4127d7b0ffad4c6eab82a455b7e68e8e46c392945b59c3f89
legacy_veriedge_eurosys/experimental_assets/第二轮新增实验/实验A交付物/实验A交付物/figures/fig_alpha_sensitivity_infeasible.pdf,19333,deb3ff553fcdc3a933dfc4841aa76ea0b55edeb3f9f79b28848119b4bd8f1ac3
legacy_veriedge_eurosys/experimental_assets/第二轮新增实验/实验A交付物/实验A交付物/figures/fig_alpha_sensitivity_infeasible.png,115143,e9ec89bc9d4a08b8fa17b096b5857c0e4e41c532fcff5f5783b2af2b015aba53
legacy_veriedge_eurosys/experimental_assets/第二轮新增实验/实验A交付物/实验A交付物/figures/fig_placement_frontier_a1.pdf,17186,06666938b0acdd6a210d8aa56ff4854aa2f447c4143c3b649a7664586695439c
legacy_veriedge_eurosys/experimental_assets/第二轮新增实验/实验A交付物/实验A交付物/figures/fig_placement_frontier_a1.png,78616,5a95014b011011cc28b6424de2db2e8585cd141266f689bc647956d22511e77d
legacy_veriedge_eurosys/experimental_assets/第二轮新增实验/实验A交付物/实验A交付物/figures/fig_placement_frontier_a3_queue.pdf,16363,16415ce88ddfe7c86e2511419d75243c1e3f6ec440fb33f449dd1676f891ca2f
legacy_veriedge_eurosys/experimental_assets/第二轮新增实验/实验A交付物/实验A交付物/figures/fig_placement_frontier_a3_queue.png,69262,f13aba54060fa854fd688f3a8bf540c07e03a5735682ef24ada3731b0910f295
legacy_veriedge_eurosys/experimental_assets/第二轮新增实验/实验A交付物/实验A交付物/figures/fig_risk_class_composition.pdf,16271,4ba7b752737905599e2c472a8abdcea9cb3eca8860051fa19d89bfc453f3f4cd
legacy_veriedge_eurosys/experimental_assets/第二轮新增实验/实验A交付物/实验A交付物/figures/fig_risk_class_composition.png,68806,598dc2645a8b821a0ae0d123390f1e0aac3f0634f4fed60933fe316f191240ec
legacy_veriedge_eurosys/experimental_assets/第二轮新增实验/实验A交付物/实验A交付物/metadata/environment.md,879,4707ac168fc4ec519008b9fe45a92a172525222a7c4d64b9242b255972f227e4
legacy_veriedge_eurosys/experimental_assets/第二轮新增实验/实验A交付物/实验A交付物/metadata/git_commit.txt,41,aa5df607a22df0c94ec0c82e5a352f09258aa6921adcebca85e05e2b356974eb
legacy_veriedge_eurosys/experimental_assets/第二轮新增实验/实验A交付物/实验A交付物/metadata/network_config.md,128,a9d83808347f6c4e395c53cac57ded80c558ecfd5b3545d64f720cbb3b2ddf19
legacy_veriedge_eurosys/experimental_assets/第二轮新增实验/实验A交付物/实验A交付物/paper_snippets/PAPER_SNIPPETS_INDEX.md,569,00f8086767defbe8be3d8a3c9321305114a632f5729db072171f0879b5dadcad
legacy_veriedge_eurosys/experimental_assets/第二轮新增实验/实验A交付物/实验A交付物/paper_snippets/abstract_numbers.txt,680,8caccaa7462f3b1277f9f18f9329eee7d319458ec23951a29caee20b1ee25ea9
legacy_veriedge_eurosys/experimental_assets/第二轮新增实验/实验A交付物/实验A交付物/paper_snippets/figure_captions.txt,1255,d33a30b84dbc6b26257caea54bfa3504dd4ce87e7eecb72b0a977d1cf4933d9f
legacy_veriedge_eurosys/experimental_assets/第二轮新增实验/实验A交付物/实验A交付物/paper_snippets/placement_eval_subsection.tex,949,6539b9ad16082d78ac3ce1270401ee43b482e9ca46c1efa625c5f3fed17c513c
legacy_veriedge_eurosys/experimental_assets/第二轮新增实验/实验A交付物/实验A交付物/results/RESULT_INDEX.md,876,247c0a8a82e330b567c321f33de80b0659474614579b13e39d7119024bf3c311
legacy_veriedge_eurosys/experimental_assets/第二轮新增实验/实验A交付物/实验A交付物/results/placement_runs.csv,11041236,6bee149b8d6b96ece5629898add520701ebceb276565adfa11f93c58dd339231
legacy_veriedge_eurosys/experimental_assets/第二轮新增实验/实验A交付物/实验A交付物/results/placement_summary.csv,7426,699753fb1f946f2fa444b7bcca0ca1c7c16c35e5049dd69ac04c23a5e609e169
legacy_veriedge_eurosys/experimental_assets/第二轮新增实验/实验A交付物/实验A交付物/results/placement_summary_by_seed.csv,36881,134ac0912e5f0afeaea9e2973b51992ef4f530cd9eaf6f06d4767afcb25d8c27
legacy_veriedge_eurosys/experimental_assets/第二轮新增实验/实验A交付物/实验A交付物/scripts/redraw_experiment_a_figures.py,8189,05a7a4acc42bb7ed42532451101384e2fe5ce865f82b4a9bce174c7ea498f9d6
legacy_veriedge_eurosys/experimental_assets/第二轮新增实验/实验A交付物/实验A交付物/scripts/run_experiment_a_full.py,50328,73b8dbef0e9cd314a6af101d0b687a8939e793ef303ea167e8f3f9aa1f67a83a
legacy_veriedge_eurosys/experimental_assets/第二轮新增实验/实验B交付物/实验B交付物/README.md,3475,2cea75ac8c57d479d0f6de2a3bc60eb15853c8afd5912a98452afff350111a67
legacy_veriedge_eurosys/experimental_assets/第二轮新增实验/实验B交付物/实验B交付物/图像/fig_delivery_egress_group_size.pdf,16713,28c93aedd79f01727f1bd738f1498883f13f66f7dcc2660faa371ae889cb9b88
legacy_veriedge_eurosys/experimental_assets/第二轮新增实验/实验B交付物/实验B交付物/图像/fig_delivery_egress_group_size.png,55258,e4217b7a1a5a9a215845449c56497fdb3a21767b08579163f3bce51e20355ab6
legacy_veriedge_eurosys/experimental_assets/第二轮新增实验/实验B交付物/实验B交付物/图像/fig_delivery_latency_lan.pdf,17435,1479645ceda014ea504a96d1a3fc3e80c20b238bc2dfe458d335adb9ece92edc
legacy_veriedge_eurosys/experimental_assets/第二轮新增实验/实验B交付物/实验B交付物/图像/fig_delivery_latency_lan.png,57160,0811ac07685e79cd9f09def4133a39c73b47b3ce1d398d2de37b46c08175c5bf
legacy_veriedge_eurosys/experimental_assets/第二轮新增实验/实验B交付物/实验B交付物/图像/fig_delivery_latency_wan.pdf,17486,1f6a954a2db08eae1cbb53fddcb062b971fc1900258a4671ddd99735c12ea429
legacy_veriedge_eurosys/experimental_assets/第二轮新增实验/实验B交付物/实验B交付物/图像/fig_delivery_latency_wan.png,62277,8287f515b1a5818b34a87233ae3fc32fd1d4f0a4246231809119048f9f54b9d7
legacy_veriedge_eurosys/experimental_assets/第二轮新增实验/实验B交付物/实验B交付物/图像/fig_delivery_live_store_latency_egress.pdf,19252,b8e5c1ce904413d95ac53b3f2de6e9eb31b1205d447ecc2ca96f85f037d7b63f
legacy_veriedge_eurosys/experimental_assets/第二轮新增实验/实验B交付物/实验B交付物/图像/fig_delivery_live_store_latency_egress.png,107189,9b48144eb8132ef2887112a892d115f0f0021be1412126118814c329714ef056
legacy_veriedge_eurosys/experimental_assets/第二轮新增实验/实验B交付物/实验B交付物/数据/主实验_delivery_runs.csv,137545,5c40ac0adaa9b29e2d7c93cc6967e0e170364c7d22874ff732d808eb5a5fddb6
legacy_veriedge_eurosys/experimental_assets/第二轮新增实验/实验B交付物/实验B交付物/数据/补充实验_live_store_runs.csv,81237,122699a16a98f0ae107f177b78ed4e08659e4781505c2ff35dd7b25011a14a06
legacy_veriedge_eurosys/experimental_assets/第二轮新增实验/实验B交付物/实验B交付物/文档/ExperimentB_delivery_sweep_report.md,4854,096ff05a0209b7f15187ba491fbc25cb7f9cd9270a73dcdec5409cf5f22630bf
legacy_veriedge_eurosys/experimental_assets/第二轮新增实验/实验B交付物/实验B交付物/文档/ExperimentB_live_store_supplement_report.md,1684,593f33f18ffcc22f84153af314aa037c3f56fa7721b9dacec4ab152b611c9e0b
legacy_veriedge_eurosys/experimental_assets/第二轮新增实验/实验B交付物/实验B交付物/文档/ExperimentB_selective_delivery_交付手册.md,12217,8c996ef7c37de45967aea653967b882feba5312acc2426242ef99a85e609de78
legacy_veriedge_eurosys/experimental_assets/第二轮新增实验/实验B交付物/实验B交付物/文档/ExperimentB_selective_delivery_交付手册.pdf,802526,88793c8b5b9fabfc5a0145c5b67cb48ea450f66c722208efbf91505a8eca74a4
legacy_veriedge_eurosys/experimental_assets/第二轮新增实验/实验B交付物/实验B交付物/文档/README_主实验.md,1145,7d166adfde4cf4e0477ca30b7348324c327529fc2e7d7ed20aebc6e8e13da7bb
legacy_veriedge_eurosys/experimental_assets/第二轮新增实验/实验B交付物/实验B交付物/文档/abstract_numbers.txt,464,428dcf3171e6211bda8046c7f40ac4abc0404e76929232cc62d893c540f3c8ba
legacy_veriedge_eurosys/experimental_assets/第二轮新增实验/实验B交付物/实验B交付物/文档/delivery_eval_subsection.tex,913,9f3c051bcf301ba41968b32405e365b0541699887c418c4177bcef0b4429580c
legacy_veriedge_eurosys/experimental_assets/第二轮新增实验/实验B交付物/实验B交付物/文档/figure_captions.txt,924,78bf0ad9d1941085fbdbb58109ed913285a3738fb5c3e03fab56bf28453d08ff
legacy_veriedge_eurosys/experimental_assets/第二轮新增实验/实验B交付物/实验B交付物/文档/figures/fig_delivery_egress_group_size.pdf,16713,28c93aedd79f01727f1bd738f1498883f13f66f7dcc2660faa371ae889cb9b88
legacy_veriedge_eurosys/experimental_assets/第二轮新增实验/实验B交付物/实验B交付物/文档/figures/fig_delivery_egress_group_size.png,55258,e4217b7a1a5a9a215845449c56497fdb3a21767b08579163f3bce51e20355ab6
legacy_veriedge_eurosys/experimental_assets/第二轮新增实验/实验B交付物/实验B交付物/文档/figures/fig_delivery_latency_lan.pdf,17435,1479645ceda014ea504a96d1a3fc3e80c20b238bc2dfe458d335adb9ece92edc
legacy_veriedge_eurosys/experimental_assets/第二轮新增实验/实验B交付物/实验B交付物/文档/figures/fig_delivery_latency_lan.png,57160,0811ac07685e79cd9f09def4133a39c73b47b3ce1d398d2de37b46c08175c5bf
legacy_veriedge_eurosys/experimental_assets/第二轮新增实验/实验B交付物/实验B交付物/文档/figures/fig_delivery_latency_wan.pdf,17486,1f6a954a2db08eae1cbb53fddcb062b971fc1900258a4671ddd99735c12ea429
legacy_veriedge_eurosys/experimental_assets/第二轮新增实验/实验B交付物/实验B交付物/文档/figures/fig_delivery_latency_wan.png,62277,8287f515b1a5818b34a87233ae3fc32fd1d4f0a4246231809119048f9f54b9d7
legacy_veriedge_eurosys/experimental_assets/第二轮新增实验/实验B交付物/实验B交付物/文档/figures/fig_delivery_live_store_latency_egress.pdf,19252,b8e5c1ce904413d95ac53b3f2de6e9eb31b1205d447ecc2ca96f85f037d7b63f
legacy_veriedge_eurosys/experimental_assets/第二轮新增实验/实验B交付物/实验B交付物/文档/figures/fig_delivery_live_store_latency_egress.png,107189,9b48144eb8132ef2887112a892d115f0f0021be1412126118814c329714ef056
legacy_veriedge_eurosys/experimental_assets/第二轮新增实验/实验B交付物/实验B交付物/脚本与元数据/environment.md,692,dbe26f4968da7a4653261621a0af106c64de24f11d674aaa32b3aa1fdbd0e99c
legacy_veriedge_eurosys/experimental_assets/第二轮新增实验/实验B交付物/实验B交付物/脚本与元数据/environment_live_store.md,300,f869c6b6f355273499b2ec60a92a22d6439643ef8f6b0c72df1cc076651ac1c7
legacy_veriedge_eurosys/experimental_assets/第二轮新增实验/实验B交付物/实验B交付物/脚本与元数据/git_commit.txt,41,aa5df607a22df0c94ec0c82e5a352f09258aa6921adcebca85e05e2b356974eb
legacy_veriedge_eurosys/experimental_assets/第二轮新增实验/实验B交付物/实验B交付物/脚本与元数据/network_config.md,553,5d5fb56c46a34423e93fd472eef8b470654084d341b2dae8b28a48b8ccbaaf2e
legacy_veriedge_eurosys/experimental_assets/第二轮新增实验/实验B交付物/实验B交付物/脚本与元数据/run_experiment_b_delivery_sweep.py,34259,ee2850b296970b97dfbf19c4585f6a0d6e6cbfab1f83a5b96d26684938d2201c
legacy_veriedge_eurosys/experimental_assets/第二轮新增实验/实验B交付物/实验B交付物/脚本与元数据/run_experiment_b_delivery_sweep_live_store.py,22633,95cf51725ef486b85c4788a8fc1388ae683fbb4e4462652c81b99b0057c3ab54
legacy_veriedge_eurosys/experimental_assets/第二轮新增实验/实验B交付物/实验B交付物/表格/主实验_delivery_summary.csv,2115,ea173394e091e479dc61c8afea873684484e44b835a90826f351c82b83dc60bb
legacy_veriedge_eurosys/experimental_assets/第二轮新增实验/实验B交付物/实验B交付物/表格/补充实验_live_store_summary.csv,1128,bacfe3462a8f5cad3a2a257695968e0149b681ab983c047d543469e50f272cf4
legacy_veriedge_eurosys/experimental_assets/第二轮新增实验/补充实验A.pdf,981942,5f45cc60d1772b2243aa786851010ed6c945e419308ff7eb4126a7921b7882f0
legacy_veriedge_eurosys/experimental_assets/第二轮新增实验/补充实验B.pdf,787063,439ea3d7991d2740212c590c7aac5a8c1492e2b698bc39f5ceec78a5b5bbe885
legacy_veriedge_eurosys/fig_exp_tikz/fig_alpha_sensitivity_infeasible.pdf,19333,deb3ff553fcdc3a933dfc4841aa76ea0b55edeb3f9f79b28848119b4bd8f1ac3
legacy_veriedge_eurosys/fig_exp_tikz/fig_alpha_sensitivity_infeasible_tikz.tex,2168,5f342d292d24a7313ef41f21bcaa3d2e96164229b1cd904a7570841ac17160d0
legacy_veriedge_eurosys/fig_exp_tikz/fig_delivery_live_store_tikz.tex,2789,a2e3c8d10bccc4e93a81a9265c3f91e97e86d48b90076b2d0a0ba82e2cbc9992
legacy_veriedge_eurosys/fig_exp_tikz/fig_delivery_scaling_tikz.tex,2639,ddcf9ff1f4308a027ee36b84817f397f94a8ea88b9b7c194f75c30d79ae3beb0
legacy_veriedge_eurosys/fig_exp_tikz/fig_e5_policy_compare_tikz.tex,3853,2b7a71b744f00d087b97239b763cdf803372cdeea30c577f377fd119f49201d5
legacy_veriedge_eurosys/fig_exp_tikz/fig_material_tamper_focus.pdf,166607,e3c266f8d55209e73808b520d12197b0e68f7724a0a8211ecd6b5eb27af17c2b
legacy_veriedge_eurosys/fig_exp_tikz/fig_material_tamper_focus.tex,2415,194da138cba6dce9f6fb6c0a7ff91f8c7a152d5982325e5e184e03b78f0bb55b
legacy_veriedge_eurosys/fig_exp_tikz/fig_material_tamper_strength_sweep_tikz.tex,3302,0aca2552b0e24e3aa7c45251a032a15ae0605ee53157d724b07d9a8c38bdc678
legacy_veriedge_eurosys/fig_exp_tikz/fig_placement_frontier_a1.pdf,17186,06666938b0acdd6a210d8aa56ff4854aa2f447c4143c3b649a7664586695439c
legacy_veriedge_eurosys/fig_exp_tikz/fig_placement_frontier_a1_tikz.tex,2931,ff891f12e30a25b99b5d57e9dedba281ff6a1fedd0a956af2f32e7b69dd70b89
legacy_veriedge_eurosys/fig_exp_tikz/fig_placement_frontier_a3_queue.pdf,16363,16415ce88ddfe7c86e2511419d75243c1e3f6ec440fb33f449dd1676f891ca2f
legacy_veriedge_eurosys/fig_exp_tikz/fig_placement_frontier_a3_queue_tikz.tex,2539,dd7e7c4d84a1803cbdfdde5179cdb544de9848b0d8528cb44b64d78fc338727f
legacy_veriedge_eurosys/fig_exp_tikz/fig_placement_replay_1x3.pdf,85123,2c7ba13225c13cc4c8b82cd7566ae79f9ad0d286a704cf79704fedcf41060866
legacy_veriedge_eurosys/fig_exp_tikz/fig_placement_replay_1x3_label_heavy_preview-1.png,136610,5b66d1d2166ac2d750b979608ec414984c85d29db8f6abf5a1ac875a2a9d2208
legacy_veriedge_eurosys/fig_exp_tikz/fig_placement_replay_1x3_preview-1.png,148069,717432b546fe4fc8ccfcb71be99b3b49db3f8ed13a629b3824e7b650561decb5
legacy_veriedge_eurosys/fig_exp_tikz/fig_placement_replay_1x3_preview_wide-1.png,165278,dceb29ebc6e33d230a25921dc866d8fc32f19b1403a52491faa0ab0b0ffd7f8a
legacy_veriedge_eurosys/fig_exp_tikz/fig_placement_replay_1x3_standalone.pdf,85123,2c7ba13225c13cc4c8b82cd7566ae79f9ad0d286a704cf79704fedcf41060866
legacy_veriedge_eurosys/fig_exp_tikz/fig_placement_replay_1x3_standalone.tex,781,b9b57826f4f6705f3ef41960f7e804a20303f110792d3052a3048c8b6e24f62f
legacy_veriedge_eurosys/fig_exp_tikz/fig_projscalar_attack_sweep_tikz.tex,2642,5d53df6ae605da129aaa83fb02a9f0d599c25c6071918b32748d2c298b801101
legacy_veriedge_eurosys/fig_exp_tikz/fig_projscalar_multiseed_stability_tikz.tex,2647,1c1a599e40781c68e79e2d37899a800bc8026a09ead2b2c4457b2b8fa0bcfb75
legacy_veriedge_eurosys/fig_exp_tikz/fig_risk_class_composition.pdf,16271,4ba7b752737905599e2c472a8abdcea9cb3eca8860051fa19d89bfc453f3f4cd
legacy_veriedge_eurosys/fig_exp_tikz/fig_risk_class_composition_tikz.tex,2525,474c9eb2d5fda9d075fd6c33da4b370d3f72f8bb08b78490fd5a145476f9eb24
legacy_veriedge_eurosys/fig_exp_tikz/fig_verifier_payload_latency_tikz.tex,3079,e8117c802fef8e8e906fdebd372443540f41f40428037160f5c34619b83d18b8
legacy_veriedge_eurosys/fig_system_model_workflow.drawio,186448,ff8be0a7147305ee11c24000616a43413345c04ee64b9715b52a453c774b63cc
legacy_veriedge_eurosys/fig_system_model_workflow.drawio.pdf,555928,a1f9380eb0f00d4d7915b0091c40b5961acacf4fba5b637b75617e0d0ca291d9
legacy_veriedge_eurosys/fig_tstc_mechanism.drawio,40788,13086a0c5ce449329df8c6a021dabe51fff43a8bea24b38fa0f557661eedaac1
legacy_veriedge_eurosys/fig_tstc_mechanism.drawio.pdf,179312,58eb099f1e016a5e31d006c46583d128ba36f9b5051a5a7aac3ffe08c2366c74
legacy_veriedge_eurosys/figures/_fig1_page-04.png,554772,4f0f9cf9ce9ff8feeff0284212bff0e48f05241e628ce380b8c16544c0da43f4
legacy_veriedge_eurosys/figures/_fig1_page_full-04.png,539806,4f28d9d4b81824f60a40c0b0b6ec024ee74df5ed2107ae09b6538ce577d0c4c4
legacy_veriedge_eurosys/figures/_inspect_home.db,155648,d166837f098eaf5b7b7cc59acc95e49ea781daf24c15b237e68158411fdc74db
legacy_veriedge_eurosys/figures/_inspect_nucleus.sqlite3,6864896,97237d4de4071e8f63bd2ac619dd5f7c0f977570989479bfc6dd2147f869c25b
legacy_veriedge_eurosys/figures/_inspect_nucleus.sqlite3-shm,32768,fd4c9fda9cd3f9ae7c962b0ddf37232294d55580e1aa165aa06129b8549389eb
legacy_veriedge_eurosys/figures/_inspect_nucleus.sqlite3-wal,0,e3b0c44298fc1c149afbf4c8996fb92427ae41e4649b934ca495991b7852b855
legacy_veriedge_eurosys/figures/_inspect_sync_history.db,24576,49c0581e9fb6124b3044e54191cefe87f7503861930132ea64c56ad9f5868b8a
legacy_veriedge_eurosys/figures/create_tstc_mechanism_drawio.ps1,11486,1a6cdb1d23196cadd857fb5732483e998ce22786d919a2d917ff118be7d96dd1
legacy_veriedge_eurosys/figures/create_tstc_mechanism_ppt.ps1,21943,421974a4b8fad7bfdd7115df2bfec739d81ca4563b94011cbe156526945bb927
legacy_veriedge_eurosys/figures/eval/exp_e2_20260512_equal_budget_live_ab_fpr_tpr_vs_budget.pdf,20923,f71a59a8c0e3910f9726d1127753affe30b5c4af34a3758787f0b10cc2ae5ce4
legacy_veriedge_eurosys/figures/eval/exp_e2_20260512_material_tamper_full_matrix_focus_tpr.pdf,20281,24e16876faaa2a1a862fbfe4e82bf653654c81b60fd06decedca941b087144a7
legacy_veriedge_eurosys/figures/eval/exp_e2_20260512_material_tamper_full_matrix_strength_sweep_focus.pdf,22057,7ebad5fce017da93ceef9084edd3bc3b87a8572e73879bfc4990f071eba4dc93
legacy_veriedge_eurosys/figures/eval/exp_e2_20260512_projscalar1_abs_experiment_c_attack_and_sweep.pdf,19001,3be1644999e8bb3332e08c78f3d7d6eaa57c92233962672fde51efe12e43c825
legacy_veriedge_eurosys/figures/eval/exp_e2_20260512_projscalar1_abs_multiseed_stability_stability.pdf,16796,7b7162b334a205d48db8ae426c0a3f47cb2eb6dbbb48121a2729814817e556b1
legacy_veriedge_eurosys/figures/eval/exp_e4_20260512_equal_budget_live_ab_payload_latency.pdf,17447,cf2e9c1e2275a9afe118c40c4d74b818631ebac3163fe22f8e37097ec35b3dc0
legacy_veriedge_eurosys/figures/eval/exp_e5_20260512_measured_profile_mainline_queued_8_pareto.pdf,21361,9ba638c92762fe39f161eeac0e8aae48bb9cdd50ad29838286e12124537ad6f9
legacy_veriedge_eurosys/figures/eval/exp_e5_20260512_measured_profile_mainline_queued_8_policy_compare.pdf,22105,dea60c50a8e243b41c81e098a2c3e177705ea3a934bd362e2fffb57b6a9ef1a6
legacy_veriedge_eurosys/figures/eval/exp_e5_20260512_measured_profile_mainline_queued_8_risk_stack.pdf,16314,480730bb9e9dab4d730ca24caeed71ba73017e8e2f059631101c1733505014ae
legacy_veriedge_eurosys/figures/eval/fig_delivery_egress_group_size.pdf,16713,28c93aedd79f01727f1bd738f1498883f13f66f7dcc2660faa371ae889cb9b88
legacy_veriedge_eurosys/figures/eval/fig_delivery_latency_lan.pdf,17435,1479645ceda014ea504a96d1a3fc3e80c20b238bc2dfe458d335adb9ece92edc
legacy_veriedge_eurosys/figures/eval/fig_delivery_latency_wan.pdf,17486,1f6a954a2db08eae1cbb53fddcb062b971fc1900258a4671ddd99735c12ea429
legacy_veriedge_eurosys/figures/eval/fig_delivery_live_store_latency_egress.pdf,19252,b8e5c1ce904413d95ac53b3f2de6e9eb31b1205d447ecc2ca96f85f037d7b63f
legacy_veriedge_eurosys/figures/eval/fig_risk_class_composition.pdf,16271,4ba7b752737905599e2c472a8abdcea9cb3eca8860051fa19d89bfc453f3f4cd
legacy_veriedge_eurosys/figures/fig1_original_icons/_contact_sheet.png,101585,6f54a2dc997d8bbeb8e5a93cbc077c46be2760fe609a6647a79244d0ad1b2b36
legacy_veriedge_eurosys/figures/fig1_original_icons/ledger-bank.png,3690,ebb6fe9bfaf343ee1284e6ac0820ec8255cd5eb64bae202118e7acb3322e833d
legacy_veriedge_eurosys/figures/fig1_original_icons/ledger-check.png,3923,87e4e951bb9d536723d62c6850954b0349b08078448e38ec6b700bdc8b9c62fa
legacy_veriedge_eurosys/figures/fig1_original_icons/ledger-file.png,3734,32ba878b2ce179f6a37c304dc6b762722cc3a1be41163fb6918ca6cd0cd93428
legacy_veriedge_eurosys/figures/fig1_original_icons/ledger-link.png,6027,d4f1d9cfa2810dca5c9cf6831d979c5846bb049abf41a4532f8f233c1dd51661
legacy_veriedge_eurosys/figures/fig1_original_icons/ledger-wallet.png,4337,94bddcfdcd9de38dac630efc33a9530eeccdddfce25df4e30c9ed29ebd904ad7
legacy_veriedge_eurosys/figures/fig1_original_icons/orch-file.png,2729,b3da86f4c4ae89bd0916f774f4893dee2dc32af14e1a3dbcf6a4cb4f6d3a783d
legacy_veriedge_eurosys/figures/fig1_original_icons/orch-gear.png,8910,b88fa0a4b85f3f2a8995a250e2c7f8996b64052e8d3c000febe973353bf3b9b6
legacy_veriedge_eurosys/figures/fig1_original_icons/orch-grid.png,3408,32a8a689542782eff1011a529cf51ccad653326f7ad16939e68f4ab6a910d489
legacy_veriedge_eurosys/figures/fig1_original_icons/orch-lock.png,3230,7b004b42de33bb0e786091a0885c8ed70d5b743930dc58b4ca653cd71448d3ba
legacy_veriedge_eurosys/figures/fig1_original_icons/orch-search.png,2738,62d8a9615db276988c7585da3ee7892ec186e2677daa9b6d876f0b4616e226c2
legacy_veriedge_eurosys/figures/fig1_original_icons/orch-users.png,3309,e8aebb5c57b1c0035b6c4f96e49c6d347d2a0259db020c7a4bbcc2cff097fc92
legacy_veriedge_eurosys/figures/fig1_original_icons/p1-server.png,4208,f11267d677df044c0c908106af8206116d83c3ff9cc2f8ea9f88de0f62a2861e
legacy_veriedge_eurosys/figures/fig1_original_icons/p2-server.png,4165,4f9bc53161211caf04cdb02ebe394464bc66010d1972d14bd3153ba5647dbd10
legacy_veriedge_eurosys/figures/fig1_original_icons/p3-server.png,4340,80c13e51a60f247aa32f641a0f7fc2797300ec49d98e8254a4f50b4df9612e72
legacy_veriedge_eurosys/figures/fig1_original_icons/p3-warning.png,2325,46952b88a05a6248242018c7c101a90d424388e9f0e2c08eb58a8e39773cd359
legacy_veriedge_eurosys/figures/fig1_original_icons/p4-server.png,2641,ee0d191e5bc64b7d016a0b348892c6fef7beb21987943d68076593a0a36470d8
legacy_veriedge_eurosys/figures/fig1_original_icons/p5-server.png,2388,66d78b5b99cb244d2d62fe4a66b4f8727fdc4857941520c6fca4c62fdf953e13
legacy_veriedge_eurosys/figures/fig1_original_icons/prov-pool.png,7194,b4758f0f4cb9f50848a1e7a396c417404670c8b0f7239ab63283cce93b05c145
legacy_veriedge_eurosys/figures/fig1_original_icons/req-file.png,3925,316a55280f46c89c3b4f4e7e205f8c3f8ed8a273c5ab6f9bda5585c62032ad5f
legacy_veriedge_eurosys/figures/fig1_original_icons/req-key.png,4140,9e93061d3bb7b651264721bc669c3b59627b28c6f87d775ca8c8800ccde63574
legacy_veriedge_eurosys/figures/fig1_original_icons/req-lock.png,4045,2ed9488446c091ee0333c9c38beb1c7a069dd5dadc1c915254618d607294b4ca
legacy_veriedge_eurosys/figures/fig1_original_icons/req-shield.png,5158,d910247e848325bbf84bb1d9637ed94073a2362f70649bef5f5303969f8438f3
legacy_veriedge_eurosys/figures/fig1_original_icons/req-user.png,7548,8498cdb49c4543cd5868b1079adeb4352c83e820e598181210540c5d42f728c6
legacy_veriedge_eurosys/figures/fig1_original_icons/store-cipher.png,4872,dd79157e0c42a90f4c262f84f014b785189a684b558c304f211c39883fc7d06e
legacy_veriedge_eurosys/figures/fig1_original_icons/store-db.png,5956,e55b6abe8d1ae30428afc9ad4a065e42c609dd1f1725559b797fa988b626a209
legacy_veriedge_eurosys/figures/fig1_original_icons/store-lock.png,3905,3546311d886624eb0fe6a0159b58841b604ace48ed43fff5f3d4858758c28863
legacy_veriedge_eurosys/figures/fig1_original_icons/verifier.png,7066,f52a6a5b84e2f659de83437139bab0d48419471d99ff3e94886f6c42613c6c09
legacy_veriedge_eurosys/figures/fig_system_model_workflow.drawio,186234,71103384707b796724395cb3ad404079c63b71ef878ddb1666788db7557fb4ff
legacy_veriedge_eurosys/figures/fig_system_model_workflow_final.png,1547241,0113f3b7e228a7e2c1460f657fdc9fff03bd8377d05fb1cd11805bb9d79e0c56
legacy_veriedge_eurosys/figures/fig_system_model_workflow_recreated.drawio,65292,5b03f7103c25f90b79ac46282c9b18d5ecd96f2bea9b5772caf46278ff1be9fa
legacy_veriedge_eurosys/figures/fig_system_model_workflow_recreated_native_icons.drawio,65292,5b03f7103c25f90b79ac46282c9b18d5ecd96f2bea9b5772caf46278ff1be9fa
legacy_veriedge_eurosys/figures/fig_system_model_workflow_recreated_original_icons.drawio,197705,00b68287b3ea4adaadcdc25657956487976f9d924516c88e67ca07437c2ac32b
legacy_veriedge_eurosys/figures/fig_system_model_workflow_recreated_original_icons.drawio.xml,186234,71103384707b796724395cb3ad404079c63b71ef878ddb1666788db7557fb4ff
legacy_veriedge_eurosys/figures/fig_system_model_workflow_tikz.pdf,215794,3e3f9fc0634c71b3e8dfbc24b91eb5e7698164979448b64085fcd65d315c896e
legacy_veriedge_eurosys/figures/fig_system_model_workflow_tikz.tex,12660,0f95418f66f44106300fb65aed5f03a3edff8d2bf1d7ed44e624cb398177fef4
legacy_veriedge_eurosys/figures/fig_system_model_workflow_tikz_preview-1.png,308393,9db9509bcf27ce6a417271c4384fc4d4c1be6771560db771089815fdfe0bc6f9
legacy_veriedge_eurosys/figures/fig_system_model_workflow_v1.png,1423503,3d3673975a85ca3f94ed9b46b63bd4633a2ee8c6426669062f10f8104020f826
legacy_veriedge_eurosys/figures/fig_system_model_workflow_v2.png,1258047,784b5713ad32dafd772397da4945ca8d80baeeca6c5e92a0c32395c7bf05f836
legacy_veriedge_eurosys/figures/fig_system_model_workflow_v2.pptx,131238,2f82ba0c510691055afd8e89727f59c797408bf623cae492e9617fab4e1ef310
legacy_veriedge_eurosys/figures/fig_system_model_workflow_v2.svg,152696,fc566284d19585184e5e17e3b294c139662c1db0cc4ff6e5891afca6712e25f1
legacy_veriedge_eurosys/figures/fig_system_model_workflow_v2_before_codex_overwrite_170238.pptx,231738,6648d55dba4afc0790c6fa9973e40cd6dd98a19a3841e5208928cf98ab1b2a5c
legacy_veriedge_eurosys/figures/fig_system_model_workflow_v2_recovered_from_powerpoint_tmp.pptx,121079,a096fe64f6fb64fe69ba4c87a31f28c0bc78fe399987a16f418d181448d56ae5
legacy_veriedge_eurosys/figures/fig_tstc_mechanism.drawio,40796,8dddd859bb9d326296d388974a16b664d43696252a58240005c463159b415844
legacy_veriedge_eurosys/figures/fig_tstc_mechanism.pdf,124501,d1e30c7d4d77c4f4359cfee3fabe2cac16a32e0574aa6f1777e537f0dbf1947f
legacy_veriedge_eurosys/figures/fig_tstc_mechanism.tex,8026,cfb8017c11ce0d808632db504bba83221f2e604881e799015496062c2cc04039
legacy_veriedge_eurosys/figures/fig_tstc_mechanism_ppt.pdf,241747,71a056bd29cf2241ced48b41e1adedc87187e4a04242d5f7aca62424e48010a6
legacy_veriedge_eurosys/figures/fig_tstc_mechanism_ppt.pptx,115106,3238a015675bc235535423e98acd391bd2453611a9d97e64451b9a77f632afa2
legacy_veriedge_eurosys/figures/fig_tstc_mechanism_ppt_preview.png,122901,28abe89ac646c9df38959dd5f31bbc5ee4cb09555c1e35cb1890672ce2a3d5d9
legacy_veriedge_eurosys/figures/fig_tstc_mechanism_preview-1.png,156876,4c96b7bcb1d291e72478119dac17ede2a5d5f32401020435582591c6e200bd23
legacy_veriedge_eurosys/figures/fig_tstc_mechanism_preview_final-1.png,153050,99920ae600b15e9785f7186228e428098bf3cef4b9322346cf72ec0fba7b9ab7
legacy_veriedge_eurosys/figures/fig_tstc_mechanism_preview_final2-1.png,151433,ceaa60b296e3dadabaa32849d8a28f09a6321949b3291322e19e4c7702db813d
legacy_veriedge_eurosys/figures/fig_tstc_mechanism_preview_fixed_icons.png,152504,39f99afd64f57247e96ae607ca879d54a905f44544a7e34f4f56985be386d358
legacy_veriedge_eurosys/figures/fig_tstc_mechanism_preview_v2-1.png,156424,4e2c9862e9e6a6c6271955932dd5a1237ea642b590bb42ebd770dddc28cf1102
legacy_veriedge_eurosys/figures/fig_tstc_mechanism_preview_v3-1.png,153327,a1402e916ec12bafae0c4acffb8dbf9b9af4a56f75d5ab761ee1b9e7f49aed7e
legacy_veriedge_eurosys/figures/figure1.png,1214301,603886e4402713c17e2be6b5d1b5351cf8aeef15cebb87a2dd0800a7f12ea431
legacy_veriedge_eurosys/figures/figure1_editable_layout.pptx,116645,86c6bdf2804592fed48414ae89fda2418eb5cd328bec2a9933bc550c9f5821d1
legacy_veriedge_eurosys/figures/figure2.png,1353861,9c8be5129536948a0a88d64eb70fab23c6d36c28fa549767d7c9e81811284b2a
legacy_veriedge_eurosys/figures/figure2_editable_layout.pptx,101906,d3dbb993edcd5989f7305dfb6b2f951fd1d322abad4d3fd995d9dcfbfc111bc2
legacy_veriedge_eurosys/figures/figure2_reference_style_with_icons.pptx,650192,a99ab8b0d9a3009acee1ebda7976bac0094c11410d50d540b65e971d69fbfa77
legacy_veriedge_eurosys/figures/figure2_simple_editable_layout.pptx,94076,31107ea19655e11e12ae483eec01639eb4e370228d5b582a1ad673cac93f46ff
legacy_veriedge_eurosys/figures/figure2_with_icons.pptx,236129,3f03ddb3772024d60fb263c9f89281d0dd906c949cf2d8a60bb104978c6c74b9
legacy_veriedge_eurosys/figures/figure3.png,1124260,efe3a8cc9d184bee4c42853d6491ab566900671afa943a10b0abddff4bd89e98
legacy_veriedge_eurosys/figures/icons_pdf/challenge_clipboard.pdf,1603,9b8c761ee50cdbc843d15aa30c03eb3489c5b84b2eb44303d397c0f30bd9b785
legacy_veriedge_eurosys/figures/icons_pdf/chip.pdf,1644,7bb33df6b28a31454db09f7c8b7585d1d0826f1a1350740b8b47d27c250a46d6
legacy_veriedge_eurosys/figures/icons_pdf/ciphertext_storage.pdf,1601,dada6dd025847a74788febf8beb10f1e00620fafae84531f52b2fe78cc0e21c5
legacy_veriedge_eurosys/figures/icons_pdf/data_store.pdf,1586,9a76d0d994611f5526489fda755d83b8e4aecd44131df617881ffb1891807e4c
legacy_veriedge_eurosys/figures/icons_pdf/document.pdf,1449,2dbde23e688a4bf41898cd6b49bbfa4833d79edccde278777e83a2d21af8fe0a
legacy_veriedge_eurosys/figures/icons_pdf/encrypted_object.pdf,1621,048bb0fea77d142a216833b5e2f270e51f5154ce97477bb5be8261f6b54b861a
legacy_veriedge_eurosys/figures/icons_pdf/escrow_wallet.pdf,1648,75e4d602568afaa929ccec9e4eb3c350a2329d23305a0e4e260dd9ddabdd3509
legacy_veriedge_eurosys/figures/icons_pdf/fig1_icon_sheet.pdf,6729,d2eefbc039d62b5f004be55e7c640ca9d51bd59a28eee409be13ce22263fdbc4
legacy_veriedge_eurosys/figures/icons_pdf/group.pdf,1830,cabfc0f5064408fa1036b18bd02975c9ed7b4fd371484fbf66976090d95fc304
legacy_veriedge_eurosys/figures/icons_pdf/key.pdf,1494,87c60259a762d027af26b807c5517b1e822785aecc456da9f624f4409a99ad84
legacy_veriedge_eurosys/figures/icons_pdf/ledger_link.pdf,1573,c047d682e52749f903370ce1b2e83ed6938987b9464c090ddd691f8463090609
legacy_veriedge_eurosys/figures/icons_pdf/lock.pdf,1554,4137d719151bf60f8985249555f20d93d2d9768ad8c9421b726b6a3779320fcf
legacy_veriedge_eurosys/figures/icons_pdf/orchestrator.pdf,1724,25399fdbe37f4736d72f46ce56d17cb6f123625dc54423a9564143f2bc8b589e
legacy_veriedge_eurosys/figures/icons_pdf/orchestrator_lock.pdf,1554,957836dc353ee15e3f2ee815e8f51f61e6d748db4067a6ca969ea4cecab22070
legacy_veriedge_eurosys/figures/icons_pdf/placement_commit.pdf,1476,bdb9a93d301108ad8a15776e0307d3d593d4e44ddaf2ccb2a31a24898494ce72
legacy_veriedge_eurosys/figures/icons_pdf/provider_group.pdf,1874,9e172b5a3be00c11b287672794236385fd42536bc7250e8e07652457db1f6eb6
legacy_veriedge_eurosys/figures/icons_pdf/quantize_filter.pdf,1288,76319d7175a6df6dfa1ad1022df0e7fdc58c5c26a2571dc93b0e4af62e503db0
legacy_veriedge_eurosys/figures/icons_pdf/quantize_filter.tex,607,27409e7195033f8a3bf2e48e02b60cc9b2cfe422ba7644a85ed22f6089079c9d
legacy_veriedge_eurosys/figures/icons_pdf/quantize_filter_preview-1.png,2776,31573fcacaf8f3917ec26bd451441a43832d3d90fcaba69ba53c0ef12123666e
legacy_veriedge_eurosys/figures/icons_pdf/requester.pdf,1539,e74673df1de8df2ed8f774cc9426d1382821493ae46f69369f8d12f548644125
legacy_veriedge_eurosys/figures/icons_pdf/sample_dice.pdf,2067,a44a65944efdae19fab45f954140663885d60b44e48f696277dbb2bd5549b17d
legacy_veriedge_eurosys/figures/icons_pdf/sample_dice.tex,777,3f51a179300257c586345a60c8919ef547632277154a256463742cfae163c0ef
legacy_veriedge_eurosys/figures/icons_pdf/sample_dice_preview-1.png,5418,faff004021ac2934ff5a47d1b0865c6988cf59babceb4cc01e90136d1d52e226
legacy_veriedge_eurosys/figures/icons_pdf/search.pdf,1470,89bf580ce96c967d6824564b0061c50dff2a77fcba902ae2c667a1a2e0124b5d
legacy_veriedge_eurosys/figures/icons_pdf/server_gray.pdf,1868,0c5a2ae6a5a70bad2396fa7cf147c19d96d3148d6d1e9fc22fbf606007de352c
legacy_veriedge_eurosys/figures/icons_pdf/server_green.pdf,1868,bd5700f304c3b8f75e1df2b453c64fa55c9922c7ab863c318338e9ab984644cb
legacy_veriedge_eurosys/figures/icons_pdf/server_red.pdf,1868,dc23d4b76522bd3fa6a7a07844433ee99a686e8518238eb26ab2d97532bf9429
legacy_veriedge_eurosys/figures/icons_pdf/settlement_bank.pdf,1449,f34bfb9944f68ecb206c5a9e45f42c2524c70dd9f5482bc77416f06ce0a62bfa
legacy_veriedge_eurosys/figures/icons_pdf/shard_grid.pdf,1410,c9a5f05bf698991b03846d698caf8aa1b27ccd8b7f7e38e5a1c4759cf364e404
legacy_veriedge_eurosys/figures/icons_pdf/shield_check.pdf,1425,25354eca269a678f983a0257bee5c53888a8067900009411d01a5fd71927c94d
legacy_veriedge_eurosys/figures/icons_pdf/target_bullseye.pdf,1577,6742f6b7ca3c0d383c9f528249bae1b21256d7ecc9b39cd6c5c75e5a40ae7039
legacy_veriedge_eurosys/figures/icons_pdf/target_bullseye.tex,652,fb5af53a7a20ed3bcf11d30268f7b05f5160cee20ab1a02ad9028bc2c818a49f
legacy_veriedge_eurosys/figures/icons_pdf/target_bullseye_preview-1.png,6356,205396f827a9008758b22f96dd9a557b8949450d0e80a9423779b7867c740fab
legacy_veriedge_eurosys/figures/icons_pdf/verifier_balance.pdf,1580,227cc682d5f2abb86911cae0b133cad08b0667c0cc1df3aaedd5f91aac21c353
legacy_veriedge_eurosys/figures/icons_pdf/warning_triangle.pdf,1480,016f15406876cb90489a1558fa7ae849a67052bacde41ee5aca804a3c0b07a23
legacy_veriedge_eurosys/img/fig_ch3_system_overview.png,1315021,15a6ef779edcbce42f3c41d97d85cac14e63b7b24524165cb089c7d383e845a3
legacy_veriedge_eurosys/img/fig_ch4_privacy_workflow.png,664511,2c7cef9d83a22bcf7135b8950fd7f1d441e85476dae88d8064beea3f45fcaf0d
legacy_veriedge_eurosys/img/fig_ch4_verification_dispute_escalation.jpg,61966,2580636f4e9587f77fcd660beccbcdedbda30f75603adeca79ea1041f29ab07e
legacy_veriedge_eurosys/img/fig_ch5_exo_deployment_overview.png,146005,86d9afdbbcd2c86d484f35f9179bf5f343b69df42374f88a69b3eaa499fc92ff
legacy_veriedge_eurosys/img/fig_ch5_privacy_e2e_latency.png,103039,ae27d6066bcafefb074588c534d0b9eeb107c0def8bdf1be10ff968b8ef378bf
legacy_veriedge_eurosys/img/fig_ch5_privacy_time_breakdown.png,65051,b18965a2744c00badcca5b55eff2fd6d9f99fbd4f4f6f0a05305260a3fcad48a
legacy_veriedge_eurosys/img/fig_ch5_verification_prefill_breakdown.png,47715,31a3b797fc211e68daac5316e486c30700f365e338032f512978027728969908
legacy_veriedge_eurosys/img/fig_ch5_verification_prefill_main.png,59501,98fde2977929b032c4a8b7014166f228d6f1988318f1a8b72d16ca98d505085e
legacy_veriedge_eurosys/img/fig_ch5_verification_tstc_noise_response.png,217904,d5733b95829a887d60b45755014bccbced735c542e63bf1ba6134d407aff5f3c
legacy_veriedge_eurosys/img/fig_system_model_workflow.png,445053,670b8197dc9d640cea68a299d406920004be8bac5eb5d83741831858b4557398
legacy_veriedge_eurosys/img/fig_tstc_mechanism.png,259816,e5aa8643b9f3898f5d08852a334724565d22aaf0b014d648a386f6dddff26593
legacy_veriedge_eurosys/img/figure1.png,1162391,f2e8a89fb8a6b9a2f36a94f129f2b9f7833b3da9c7923fa20d36baddd0ced7a1
legacy_veriedge_eurosys/img/figure1_tikz.tex,5170,acd33b885ce31735b68a2ee902cf69e1633b2a2bf157b01c122871a531ca1888
legacy_veriedge_eurosys/img/figure2.png,1353861,9c8be5129536948a0a88d64eb70fab23c6d36c28fa549767d7c9e81811284b2a
legacy_veriedge_eurosys/img/figure2_reference_style_with_icons.png,132752,4ccf8dc7e0345d82aa3b5a79daac79723956f5b137979bebb71b3b39f15ccc87
legacy_veriedge_eurosys/img/figure2_tikz.tex,5475,6586b3c7672b8f68358c7bbaae7dede4c08182a4941584ee9c5ba07ae936dbaf
legacy_veriedge_eurosys/img/figure2_with_icons.png,84657,83ffadc789af1fa56b7d82f996379b902c005e1f4adf46f560190ca62b1a835d
legacy_veriedge_eurosys/img/figure3.png,1124260,efe3a8cc9d184bee4c42853d6491ab566900671afa943a10b0abddff4bd89e98
legacy_veriedge_eurosys/img/figure3_tikz.tex,4229,5e76909ac6c203dd46e9bfc3f8c12db72f24e3b6fa943873decab7cc5678ff66
legacy_veriedge_eurosys/img/icons/_icons_preview.png,71482,41df8893cdc9d588122b3381ff4b92a8e66cb54e30ca66b131591502088f3785
legacy_veriedge_eurosys/img/icons/figure2_tight/icon_allocation_commitment.png,18515,c8a3775974a4b01737f68d9bc01b96b0a7ecfde281e485a188e272a96a2bd2b1
legacy_veriedge_eurosys/img/icons/figure2_tight/icon_ipfs_storage.png,27891,46ab5d5c71aa03643f374128755fb99bd3717665fab5bba4b17b9df4b9f4a514
legacy_veriedge_eurosys/img/icons/figure2_tight/icon_provider_group.png,22255,baee8089e5e1165f2ba6a10542835292b232239283ed82cf50ce021b1cfd5f39
legacy_veriedge_eurosys/img/icons/figure2_tight/icon_requester.png,19856,0b8d743bf08930106a808a6a7ee7c524fac3e45fa780a147e90d7e5dd83c3e0d
legacy_veriedge_eurosys/img/icons/figure2_tight/icon_result_trace_commitment.png,22743,9320b6fc5c02b4b0f14dcd34eda99e3329098fa8107a653456bb266f473c27e1
legacy_veriedge_eurosys/img/icons/figure2_tight/icon_server_gpu_cluster_v2.png,402165,04ab1b038da35e4cb6536cc16ce0c0e490048ba028a40a3c1adb1cc640162c7a
legacy_veriedge_eurosys/img/icons/figure2_tight/icon_targeted_key_release.png,27460,e581390885227b089a839c3c25c1a931b46db3048a7b43ab95961c6e2ce90754
legacy_veriedge_eurosys/img/icons/figure_icon_sheet.png,1009305,0e003b60c7f241fffdc016dbc3eb5b0c76327ed02783e2ac1c5f52ba72b8d9ff
legacy_veriedge_eurosys/img/icons/icon_allocation_commitment.png,22319,d8d33ba7c5fa5cb2a6a747b0972354a6e145986279fc03e7933f9bd2e4ab13ba
legacy_veriedge_eurosys/img/icons/icon_ipfs_storage.png,31647,10e4deaee6bf04e88e2ca706ed357bf87c7e3e22632883dfd7587310d416ab1f
legacy_veriedge_eurosys/img/icons/icon_network_cube_extra.png,33578,b5aca313d8729d89fe68ca2aa96237b1dec531bf37860456ebd6f335df14a3da
legacy_veriedge_eurosys/img/icons/icon_orchestrator.png,38839,2f338653caad74304429b8a6dc726302e187a15c4602fcffd1d0f46ec774d49d
legacy_veriedge_eurosys/img/icons/icon_provider_group.png,26038,66731a784ed96322f80a32afec12f70d8adc8e8ba9aacc430758e5f65e663ad6
legacy_veriedge_eurosys/img/icons/icon_registry_escrow.png,38514,8312f75909a6fb9d624086e3f130d0fefd09fcac304831b648fd322076d87513
legacy_veriedge_eurosys/img/icons/icon_requester.png,23154,40f22eca65c17378d355ed332c85e302d01ccde11c5676a83c85ae3ae924184e
legacy_veriedge_eurosys/img/icons/icon_result_trace_commitment.png,26681,e9eee7b9ed47060c1911dd5be3c7106745f95a9322f37560ba61d5637bb01828
legacy_veriedge_eurosys/img/icons/icon_routine_screening.png,23975,22b2b7ac891c85d2102de972b12fb2fc135b3847297553a2980360d5c5b8d96b
legacy_veriedge_eurosys/img/icons/icon_server_gpu_cluster.png,59673,0ce1dd4262ad1eeffb691901da4cdd0685f10b7df906f80bdd36d589fec9aac4
legacy_veriedge_eurosys/img/icons/icon_server_gpu_cluster_v2.png,407237,37a44e6afc23f93fa83e8c2cd9dd3b0589cb5616966d92eec1902e165ab610c2
legacy_veriedge_eurosys/img/icons/icon_server_gpu_cluster_v2_raw.png,980950,f41e7acc155bb67ddcf1005d813769ee9631859b73f9149e82086763ef1e7299
legacy_veriedge_eurosys/img/icons/icon_settlement_slashing.png,43336,41f20cf0c99879a93969787f406e921379b875f9ad4f5f4bdf5741d5763d7704
legacy_veriedge_eurosys/img/icons/icon_targeted_key_release.png,31065,f95748f433696d50e233ec09b2f217653a31c33309079f3c27da2cf0e59188c8
legacy_veriedge_eurosys/img/icons/icon_tstc_verifier.png,47638,cc82974fac18e2581459e03b4e18f91bee7065b9b492368d13f4bcfc91e93a2d
legacy_veriedge_eurosys/main_eurosys.pdf,1291348,ce1baa8400110111abd92b645544e9ce809180ec930cc03a61b2aeb2c9c50e53
legacy_veriedge_eurosys/main_eurosys.tex,74050,89d265178ab219230122930160e8b6877bc538201eaf07d4f4f5ada4485e2e31
legacy_veriedge_eurosys/scripts/build_figure1_pptx.js,10314,7ef6c14915ebc12b308e6e445ebcb78e0925b56d624a4259794acd214be63b6a
legacy_veriedge_eurosys/scripts/build_figure2_pptx.js,9171,f6628e510cdc0f8d205e7df8cdab06381256c0118e9ba5c5c8fc7e0c60f43fcf
legacy_veriedge_eurosys/scripts/build_figure2_reference_style_pptx.js,10443,ed198e81ec6ec014a523c4f44b086becf9d58beb239eb7f9d045b36242487f24
legacy_veriedge_eurosys/scripts/build_figure2_simple_pptx.js,9135,ba24705ba584b0dd409f9eccd1d2c1cccae7d38f2aed08f4bb3b6b317ea07f15
legacy_veriedge_eurosys/scripts/extract_fig1_original_icons_and_embed.ps1,8715,7d9305147029919439d020fff9b8c389b425a61cc2c5951e269f071fe89c16d9
legacy_veriedge_eurosys/scripts/figures/build_fig1_workflow.js,18324,669a6d384ed219936bf76bd0a638a2c9eb44fd73f47efb9d8ed8b63640ea5ede
legacy_veriedge_eurosys/scripts/figures/make_fig1_pdf_icons.py,8498,5f69f8e6c1edd13a3e1d7d559b004fffb8ab997a2f79ff6b3e02981504a3eb4e
legacy_veriedge_eurosys/scripts/refresh_fig1_drawio_icons.ps1,7528,74909cc4c82c13811504fbe334074fffc5f6abfe73940313c0a3ca9f72fdcd2b
legacy_veriedge_eurosys/scripts/refresh_fig1_drawio_native_icons.ps1,11626,535fc5016e0e9e42c4ee5c13959049197bf32fd513ba4263d14c9e16eec7f1cb
legacy_veriedge_eurosys/supplementary_evaluation.pdf,474966,fdafb445627cc56ac2b3784359a04f7df1bc33a8dfa8fda1fb3fb6ee3dc8c411
legacy_veriedge_eurosys/supplementary_evaluation.tex,25012,0339406a484421174335cc378325fb356c0df86d80b051533c199626080e865d
requirements.txt,64,67e102011ff7e25b735195e8fdc8a9c20453ddc58d7fd5d187f2063a5f7aba2d
scripts/README.md,397,56535a428bc6a79778a04e60b1ad209cf2a68e9a7d1fdfabb16ffa6f94a029f1
scripts/update_file_manifest.py,1739,85150f51524e86ac413a5336f02463adbb0a81d5fb6c7e8e895acc400aef12a8
shared/README.md,1032,3ca960736585dcca9eea981a721c0d6720b87a504c57537a3e7c88781d8480d9
shared/accountedge_runtime_and_captures/.gitignore,109,d6d98f8410c1af34ffd83705816a8a2312fed35e76e2afbff5826edf7512045b
shared/accountedge_runtime_and_captures/LICENSE,357,5a39ae6115a3cdd64c76bd0116b785fc8ffffd8197f177f7055e81ba138bdeeb
shared/accountedge_runtime_and_captures/README.md,4683,c51859d768c4d69b1ed68d80bda74e716f8a20bd7027ad6666327a302a1b58c5
shared/accountedge_runtime_and_captures/configs/delivery_lan.yaml,120,904c0cb11fe207e194c94cbcca811eb339aeaf0306e2d31e0c883b5d594a850a
shared/accountedge_runtime_and_captures/configs/delivery_wan.yaml,120,2845b3b4a65fabf0644a9a1fdb561fdd0a6780cc72efbb03d9324a811a9491a5
shared/accountedge_runtime_and_captures/configs/placement_default.yaml,144,ea07eabf4488674bedc48515262cb2431662f43f5c1f6b2f79dee59a8f9c2c03
shared/accountedge_runtime_and_captures/data/delivery_live_store_runs.csv,80996,e75aea41073bd729d9f5b84b8cd6d054a046941098f6ff810f602eb12c9a16e1
shared/accountedge_runtime_and_captures/data/delivery_live_store_summary.csv,1119,064deb9acea6aa1ae0df17ba6822148167dca1c01b0299226ac2540d4bc4c59c
shared/accountedge_runtime_and_captures/data/delivery_runs.csv,59688,f34f68b6371c90f69dcd5298805601cfc63d1fa4b96fc77a96e1e12f62f1b586
shared/accountedge_runtime_and_captures/data/delivery_summary.csv,1456,39aa0ddea260eeab3d6b8f33e879e2916111de41024bf210815d316e802e48cc
shared/accountedge_runtime_and_captures/data/extended/README.md,665,dcfc1eee0a3c6df89c706191019cebdb823aba31adac1da8c2b5155a838d49dc
shared/accountedge_runtime_and_captures/data/extended/e5_placement_mix.csv,3207,c8eb536781de85ca1d16c15d101c162429be7e6479491503fdc11dff59d52bd5
shared/accountedge_runtime_and_captures/data/extended/e5_policy_compare.csv,1934,462f51d37a4c29a6978246345b02f1c15cb5d0ba4ed7350923a5e6c32212e671
shared/accountedge_runtime_and_captures/data/extended/material_tamper_attack_summary.csv,31583,a0806fdcc7e1b02aea74f216144c5f3af15557575a09324de1704af39dc16002
shared/accountedge_runtime_and_captures/data/extended/material_tamper_strength_sweep.csv,59181,2466c124c56c7498a5d31a024acd703fa65a7fcb24b300afa8ff78804c3f99f3
shared/accountedge_runtime_and_captures/data/extended/projscalar_attack_summary.csv,339,1f6e0422c9b05ffacfdd909225a3e344d22af27cf10999157fdeafcf49587c35
shared/accountedge_runtime_and_captures/data/extended/projscalar_multiseed_overall_summary.csv,243,ab67e4beb9634127d66d19757b245d4d0baf58fc084e5ed68ce52fa0b5ce325a
shared/accountedge_runtime_and_captures/data/extended/projscalar_multiseed_pair_summary.csv,608,86fcf6aa439dfdcbb11ccdd4710c9be4973e28ca49f97ca3db8d8197015968f0
shared/accountedge_runtime_and_captures/data/extended/projscalar_strength_sweep_summary.csv,658,454d21a03b1cab99a57632140a527106f827a6e3fffde76c09ddca822016305f
shared/accountedge_runtime_and_captures/data/extended/verifier_overhead_summary.csv,3178,6acee72f5ede3867d1aa7807e7718944e28baf430fd7b432a36670ca13dbcaa2
shared/accountedge_runtime_and_captures/data/extended/verifier_payload_latency.csv,1183,3bd5dc58884a0217d0a0ee39883dfaf0f0b2adaef90cc43c4700f3dba9f6f3bf
shared/accountedge_runtime_and_captures/data/placement_candidates.csv,810,a06f847141f92e3baac95f33c593ff179dff72883cc0db52b1e3525425fb745e
shared/accountedge_runtime_and_captures/data/placement_replay_log.csv,9277550,9a190d3e56f3915600145f4ac28324cb88814e348d70190e1d7da21d8cdbd15a
shared/accountedge_runtime_and_captures/data/placement_results.csv,9277550,9a190d3e56f3915600145f4ac28324cb88814e348d70190e1d7da21d8cdbd15a
shared/accountedge_runtime_and_captures/data/placement_summary.csv,7065,28194eb8251c493270727d3162753d6a791b436836f4284a02240e7ce1aa58e3
shared/accountedge_runtime_and_captures/data/placement_workload.csv,22216,9466f98e1ef0fb7ce323c107a930eb320edb7dd198b566787faa5a51c4b5c4e9
shared/accountedge_runtime_and_captures/data/verifier_profiles.csv,6656,e134023dc105193151a4a687fd579b2bc35dfa977d64023f3f326dc19d229156
shared/accountedge_runtime_and_captures/data/verifier_profiles_with_ci.csv,8738,c528224cfbc127f72b517ecc4affce71366554407073d3d9539c701c774304a2
shared/accountedge_runtime_and_captures/data_collection/README.md,1916,afff589dbb5e1be56e4c96a708824873ed1fcf661a4f44c367815faae6678de6
shared/accountedge_runtime_and_captures/data_collection/collect_hf_verifier_profiles.py,10826,5be6ed03e0e8e61e2eb4c67d12b15a6aa2e1cbde3066707772cdaa8809009c1b
shared/accountedge_runtime_and_captures/data_collection/requirements-hf.txt,72,e6a640fe2fa55c4eb90e00469ca3609133d316ae49e1d810a9a470981ea2ee95
shared/accountedge_runtime_and_captures/docs/artifact_claims.md,4517,6f6cdbe32dc134e651384b642efce4861c21a2695fe2a2b090ddfbec31600441
shared/accountedge_runtime_and_captures/docs/limitations.md,1641,e95d01d1a8ee1baae9de266cb4c75d31244f54a56c92c67bae170cd3c22fbf93
shared/accountedge_runtime_and_captures/docs/model_and_device_collection.md,1643,b7235eb441ceae604368bda45bedc81dfed82bd978184544a5f805d5e491aeee
shared/accountedge_runtime_and_captures/docs/policy_definitions.md,1524,015c2dded49915ea2a455ac661ab63a6310833d5bb702873810319727ef4fa18
shared/accountedge_runtime_and_captures/docs/supplementary_evaluation.md,3727,d738ae63ebbd80938590784cb640bcedbb465d40e261abc6a94204f412d5d75d
shared/accountedge_runtime_and_captures/docs/verifier_profile_schema.md,989,38f9fe6ae6eef44971ff13b7379ba702f34c844ccdd075d6d2658eb1f63f700e
shared/accountedge_runtime_and_captures/figs/fig_alpha_sensitivity_infeasible.pdf,16451,9b27ba708f10b491430715e4244a66367a6b908a560496040087378aa975929c
shared/accountedge_runtime_and_captures/figs/fig_alpha_sensitivity_infeasible.png,40442,30fc3d1beb7b1ddd7e3091903d18161c5bad92de3ae9fdaf5b75d8f72b81c0bd
shared/accountedge_runtime_and_captures/figs/fig_delivery_live_store.pdf,18933,ee49e9250083a22fb6e09fa6fdf43389d990c35fd90c3412b6b8bb1a51007f54
shared/accountedge_runtime_and_captures/figs/fig_delivery_live_store.png,95343,44ee9190c78123762132c75ccab336b45c268b37cf9e59b87bd9dfbb759f64c5
shared/accountedge_runtime_and_captures/figs/fig_delivery_scaling.pdf,18746,9b6ed7d4e52ee4c5dff97b6fab56309302ca13aac7463a63a61f86135bd0796a
shared/accountedge_runtime_and_captures/figs/fig_delivery_scaling.png,76121,466d7d148e3d167e18d1964fe61a1809cb061a1048eb76db5c0f92c6ffbbb709
shared/accountedge_runtime_and_captures/figs/fig_delivery_sweep.pdf,19044,b8160d0f994ab58a9d65e58e5db18e88a1423f407da956dd51269028a7c25d98
shared/accountedge_runtime_and_captures/figs/fig_delivery_sweep.png,91931,b6988678e3d60394931d3ea38ca8241c9aef96671df7832f0dd50de50f3385ce
shared/accountedge_runtime_and_captures/figs/fig_e5_policy_compare.pdf,14061,07bcad5ac94e2374531985e3023d26059da6f12964aa7381a1bd8178e4afb6fa
shared/accountedge_runtime_and_captures/figs/fig_e5_policy_compare.png,46296,699e50dd24d07261c82072889b42af46d0aceee1492560755829b00ab3ce3701
shared/accountedge_runtime_and_captures/figs/fig_material_tamper_focus.pdf,14685,2bddf0ed072b60bad798e9b2ddb710380b57cf47ee8bf1bcf4c98ee0678ceca0
shared/accountedge_runtime_and_captures/figs/fig_material_tamper_focus.png,51125,0432a722266978f220cb936977d5d4cb0081ebade74df0fde044c698e5641c00
shared/accountedge_runtime_and_captures/figs/fig_material_tamper_strength_sweep.pdf,15502,0d1bc091e0bd82ce531213152853e8958094539b142a6e94fd91b7e31fa8a4d6
shared/accountedge_runtime_and_captures/figs/fig_material_tamper_strength_sweep.png,54166,902783c5b2d8a660e78d6491c52ee95536620767030472e68d68a2add45984ca
shared/accountedge_runtime_and_captures/figs/fig_placement_frontier_a1.pdf,15165,0d5d8d8981f041c768140ca548d6ab89645bc3c6a78fa5a99fbc208d29a82811
shared/accountedge_runtime_and_captures/figs/fig_placement_frontier_a1.png,47007,97cef4f06f51affea3eb740483a639e557a00873d2be751a6c8722f978d0f5c7
shared/accountedge_runtime_and_captures/figs/fig_placement_frontier_a3_queue.pdf,15686,03c4126655c07384b0efc558f3f888ae6d44467d97184fb4068e7d24be616391
shared/accountedge_runtime_and_captures/figs/fig_placement_frontier_a3_queue.png,53782,427ba52f6351c0439c472588e104acf6944b6ae12ebc0ce3ea3b885b2d5fa01d
shared/accountedge_runtime_and_captures/figs/fig_placement_replay.pdf,17071,350bd0d2294dd31581e33bb0b2921f0d7d9906335cc8b2f1eb39db29d7fd5b78
shared/accountedge_runtime_and_captures/figs/fig_placement_replay.png,92841,bdc5858430ab568bfea89157f24214f71145182171ec62236640112244ab8971
shared/accountedge_runtime_and_captures/figs/fig_projscalar_attack_sweep.pdf,17485,c621d9a2043f27bc97bbf88a6a7843d2e5792b48d7cbc4f9b5984a4e5692ee2b
shared/accountedge_runtime_and_captures/figs/fig_projscalar_attack_sweep.png,77504,b8bc22123f416b606b804e2e4abca277a6d9e18e249d628bc264590d75100342
shared/accountedge_runtime_and_captures/figs/fig_projscalar_multiseed_stability.pdf,14697,29fb8781907e43b0f7edf56e3ab3823586353bcab0b1d638f18f0241ad223180
shared/accountedge_runtime_and_captures/figs/fig_projscalar_multiseed_stability.png,30633,370186cbec991b04b8e397f27648b2e9a6d625b75a69906461f797b3ba5281c2
shared/accountedge_runtime_and_captures/figs/fig_risk_class_composition.pdf,14783,b2f89d60c6c6f3c4f05c470dc0068af4f16429e9290076c87c14e9079ef51606
shared/accountedge_runtime_and_captures/figs/fig_risk_class_composition.png,41408,0af8ab9a071951b5a47123be1789634df42c8d854dc98167f42a32dd40893b28
shared/accountedge_runtime_and_captures/figs/fig_verifier_payload_latency.pdf,15825,80e49d4ec1e0c845afe89f868f32abc07042c98d854335a65376fb3797965954
shared/accountedge_runtime_and_captures/figs/fig_verifier_payload_latency.png,68419,a94bc260898698773fc576979797495a23741108f43474229e786bc6a551e3f2
shared/accountedge_runtime_and_captures/multi_node_runner/README.md,1412,9d26f9f708ade1ea7548ac36fa65319b1fe9084d13f2a7fe54a3e77879ad4910
shared/accountedge_runtime_and_captures/multi_node_runner/device_matrix.example.yaml,619,0a0f2fe359b7c8759b6652740276a39bf75d2d1d77c38cf1560140260d045338
shared/accountedge_runtime_and_captures/multi_node_runner/env.example,455,20ca5df636b5b0d880bb289bd467161da6594e0358b605a90bad0f7dcc3bd095
shared/accountedge_runtime_and_captures/multi_node_runner/run_remote_collection.py,3315,b095760de519e52d865eeae6ca739dc2a5015179146035da55dad34bef3b503e
shared/accountedge_runtime_and_captures/prototype/README.md,1388,486a077674b00f34cfa6825b4764035eb951ce9f5b14be0da263131dbaae5c95
shared/accountedge_runtime_and_captures/prototype/__init__.py,75,154099cb719b5d9eb27583d4969e4fca0bf3087a6b64444215af21f3f0622915
shared/accountedge_runtime_and_captures/prototype/examples/__init__.py,36,d581a9f258571c5d26814fd0f27410b027e3b6b5766b0d3de6702beff190fcb1
shared/accountedge_runtime_and_captures/prototype/examples/run_end_to_end_demo.py,4407,22704341745b13066d8389c6961abfd26bf36ed645d43991ddf13e1ca5028f09
shared/accountedge_runtime_and_captures/prototype/ledger_interface/__init__.py,137,681ea5454add4ab1ee7507e97f930abe4aac30a4dc517aa0943d08a310f56832
shared/accountedge_runtime_and_captures/prototype/ledger_interface/mock_ledger.py,1908,0e508653913ae0c2f4fd4b38436763eef26a3c627876eec719b322f1fff7df73
shared/accountedge_runtime_and_captures/prototype/orchestrator/__init__.py,289,6cd6e1139ffbb87f187995b3bea9b007960401b150b83b79e9ffc9e79d734637
shared/accountedge_runtime_and_captures/prototype/orchestrator/admission.py,3269,9ccd0518badf1986dcdd06ad71b60ceca932f320b3ac431661f9cd63026e4f50
shared/accountedge_runtime_and_captures/prototype/ppd_runtime/__init__.py,173,8194dbad530979dd2f2e1514ea2112806e722f215b2e47f7f8364fbdb4842ea7
shared/accountedge_runtime_and_captures/prototype/ppd_runtime/runtime.py,2608,c0963aa66db98d8621537a48767c1c1f06b60a093a87b61d9db76bad928b758e
shared/accountedge_runtime_and_captures/prototype/tests/__init__.py,30,54760a48bc98f27635b0dea6086092b9998d1680bb5f5a32813c34ed1f822b77
shared/accountedge_runtime_and_captures/prototype/tests/test_end_to_end_demo.py,552,2b4c5230db29ef30d7ef65a1086c102204c669b7dd878fa30062f786004d8e5c
shared/accountedge_runtime_and_captures/prototype/tstc_verifier/__init__.py,180,625094bad8ad7da8263d5c46268a22a0a33290d3f2618eccec91c2b0bcc37748
shared/accountedge_runtime_and_captures/prototype/tstc_verifier/verifier.py,2305,bbd2d555fef9d86d9233212bf3b70ebab5669eed57aeda433bf94a1ec60a53c5
shared/accountedge_runtime_and_captures/raw_captures/README.md,1939,162c60ea8ce76714046860be5bbb8d44e5cbe2281a3766f498b288e9649d789c
shared/accountedge_runtime_and_captures/raw_captures/e2_live_subset/manifest.json,11967,46cb94b2dec488ab5354941cfc987cfd946b778f3c45991411aa78cd01c6af56
shared/accountedge_runtime_and_captures/raw_captures/e2_live_subset/stack_01_calib_6/capture_summary.json,2541,f8b807ea33d4f9afa3a959415824fd80deed551572935a605e16a551d9d1bb06
shared/accountedge_runtime_and_captures/raw_captures/e2_live_subset/stack_01_calib_6/captures/calib_001.npz,102374,3fdc3440349a98284f3bb1ee7c4eef43d0c7f1947f0eadfbfc507d915c5da385
shared/accountedge_runtime_and_captures/raw_captures/e2_live_subset/stack_01_calib_6/captures/calib_002.npz,110080,a42da20ceeeaf6c54c4511f408d4a53c06e7902c2e95fa21d735a660957c0cbd
shared/accountedge_runtime_and_captures/raw_captures/e2_live_subset/stack_01_calib_6/captures/calib_003.npz,94681,c02ad2f6131f7acbba134c14579f3488d15fad6b5cf099371a71532b8764ad1e
shared/accountedge_runtime_and_captures/raw_captures/e2_live_subset/stack_01_calib_6/captures/calib_004.npz,94854,979e53a5a95520aea54d814e64eacc8879c0e3b94391cd4e02f10742a2243764
shared/accountedge_runtime_and_captures/raw_captures/e2_live_subset/stack_01_calib_6/captures/calib_005.npz,94745,66dccfca04d5f6306c9b3021e68cf90ab4a234313cc4b993fefc85735df85750
shared/accountedge_runtime_and_captures/raw_captures/e2_live_subset/stack_01_calib_6/captures/calib_006.npz,94708,e71358a513cab85f699cbb4d02e54bcae393099f556d2b233e3ae4697711325d
shared/accountedge_runtime_and_captures/raw_captures/e2_live_subset/stack_01_calib_6/captures/checkpoint_metadata.jsonl,7146,c57116b8c190ae3af83cb592a79e56e43f790e2d832b196246bbcf9cd4579cd0
shared/accountedge_runtime_and_captures/raw_captures/e2_live_subset/stack_01_eval_12/capture_summary.json,5043,eda6ad3c1a2150a7d42a67d2e4586bf72ef2cd605a1f0d7eeb86362812b44a70
shared/accountedge_runtime_and_captures/raw_captures/e2_live_subset/stack_01_eval_12/captures/checkpoint_metadata.jsonl,14220,1205276d52b06a32f7d0d901751cc5697a9497c88d406c7b83945ce1733d6cc6
shared/accountedge_runtime_and_captures/raw_captures/e2_live_subset/stack_01_eval_12/captures/eval_001.npz,125482,8cd5b8bd1a51c5a75e3ab2f481398dc8064289cdd6a90cfe771ea39d17010c36
shared/accountedge_runtime_and_captures/raw_captures/e2_live_subset/stack_01_eval_12/captures/eval_002.npz,133215,2ef7ab3520c90392f7a219f272a3d9e0a1f2ce0c80ab5a27f12f1407a9205631
shared/accountedge_runtime_and_captures/raw_captures/e2_live_subset/stack_01_eval_12/captures/eval_003.npz,117767,9b36442822ad59b263de7aa2c376f2782d0041e8404d72afe1863c21b5be30b7
shared/accountedge_runtime_and_captures/raw_captures/e2_live_subset/stack_01_eval_12/captures/eval_004.npz,117850,d344c65e2763d91c894aece53a9cb50534b9f075abf75312fcf5f0390d35101b
shared/accountedge_runtime_and_captures/raw_captures/e2_live_subset/stack_01_eval_12/captures/eval_005.npz,117858,ac535ca449850e4468f0d71889b977bc037fc4c39600ac3340d1d4501ac0fe9a
shared/accountedge_runtime_and_captures/raw_captures/e2_live_subset/stack_01_eval_12/captures/eval_006.npz,117770,1f008b0c2b50c99d69c0105bf251ae6939ed060ac497fbcfc611e4d9f83a0e62
shared/accountedge_runtime_and_captures/raw_captures/e2_live_subset/stack_01_eval_12/captures/eval_007.npz,148420,e9b32e5f061b68d7cc0f43081be939319d48cdfe6200f1ae51e1be3f350906de
shared/accountedge_runtime_and_captures/raw_captures/e2_live_subset/stack_01_eval_12/captures/eval_008.npz,148457,6a76119507d22c56cd1f62534693456b52bfbe75d363abe0397f5d85c659728d
shared/accountedge_runtime_and_captures/raw_captures/e2_live_subset/stack_01_eval_12/captures/eval_009.npz,148426,696f094b2e644e178e905c8148569da185a1fcd5c0dfaa0e4255493ee84635f1
shared/accountedge_runtime_and_captures/raw_captures/e2_live_subset/stack_01_eval_12/captures/eval_010.npz,117800,564cfe45b6743783d0fbbf14f1a2084566c051313d754ab871654273eaee85eb
shared/accountedge_runtime_and_captures/raw_captures/e2_live_subset/stack_01_eval_12/captures/eval_011.npz,94626,72d5c5e16d19778074133396afe8ad8fca735ab95bbef74b45dd1071e2c65a59
shared/accountedge_runtime_and_captures/raw_captures/e2_live_subset/stack_01_eval_12/captures/eval_012.npz,102352,7e48fcc78ee8a39e9f090d370ac3e9f9bea9e9e631e7632633e3a9b772abd205
shared/accountedge_runtime_and_captures/raw_captures/e2_live_subset/stack_02_calib_6/capture_summary.json,2541,642e6a3a6b6bda49bdd65c6091efcd840484fd92f7ee28d2909afc6e8207dc4b
shared/accountedge_runtime_and_captures/raw_captures/e2_live_subset/stack_02_calib_6/captures/calib_001.npz,102387,99cd93a3bc33538e91138edcea333fe5bbd75ff4a71f2c83f9d2a1015695d191
shared/accountedge_runtime_and_captures/raw_captures/e2_live_subset/stack_02_calib_6/captures/calib_002.npz,109969,a375afdfe1c42c19ce0d3dd519013fe6ae427dabc7ebf04f255dbd29aa1c3be5
shared/accountedge_runtime_and_captures/raw_captures/e2_live_subset/stack_02_calib_6/captures/calib_003.npz,94710,904c3dbc3b97977c75d4e3730c1112058b8b840e21868e74b7c31485e4c6185a
shared/accountedge_runtime_and_captures/raw_captures/e2_live_subset/stack_02_calib_6/captures/calib_004.npz,94795,17a87d85da4ef434ed953b4e7dbb1d08c69e1697454217155d7a6098e30fbb6f
shared/accountedge_runtime_and_captures/raw_captures/e2_live_subset/stack_02_calib_6/captures/calib_005.npz,94695,1e385c9c6717d5060b94a6ba8e6b36ee7c65beea7de6862c9b5b0f2c301c5a80
shared/accountedge_runtime_and_captures/raw_captures/e2_live_subset/stack_02_calib_6/captures/calib_006.npz,94704,d5e50d70218d5cd15353d04885d1332c96d864649e13f533c40ba716bc47b857
shared/accountedge_runtime_and_captures/raw_captures/e2_live_subset/stack_02_calib_6/captures/checkpoint_metadata.jsonl,7056,d957faa287cd4f60872407e416ba984d24240378bda11f05f41ced7e7879ea3a
shared/accountedge_runtime_and_captures/raw_captures/e2_live_subset/stack_02_eval_12/capture_summary.json,5043,af45f51cca6fb97904e74825dabaf6490551f799f7052a0c3e6e8ed4074e442c
shared/accountedge_runtime_and_captures/raw_captures/e2_live_subset/stack_02_eval_12/captures/checkpoint_metadata.jsonl,14040,3c7f9e6fa87191cd09cec0f6c4a9571d30a7717adde28416b4119557c6f5d5bd
shared/accountedge_runtime_and_captures/raw_captures/e2_live_subset/stack_02_eval_12/captures/eval_001.npz,125387,a4d2e2718e6681a5a430a09b123fce37d4c270c0c239aaad0dd8acbbe0136deb
shared/accountedge_runtime_and_captures/raw_captures/e2_live_subset/stack_02_eval_12/captures/eval_002.npz,133175,10021626ab15ead6d2a85274a7c2c0aed6b63ca25e89f454cc42851b936422ba
shared/accountedge_runtime_and_captures/raw_captures/e2_live_subset/stack_02_eval_12/captures/eval_003.npz,117824,2378cc43a5eb482924f905cbe6c7a3c97ad8e5f2afcd9708091e33ee33a2e626
shared/accountedge_runtime_and_captures/raw_captures/e2_live_subset/stack_02_eval_12/captures/eval_004.npz,117850,d62348591e302698cf59a485bd74125f3608afedb1d9a29eb981001fa3c5cc32
shared/accountedge_runtime_and_captures/raw_captures/e2_live_subset/stack_02_eval_12/captures/eval_005.npz,117819,4d2fab2ea283e9f91f6d16cd785566ebc21d6c83c91c13e7ae89e198dc45f961
shared/accountedge_runtime_and_captures/raw_captures/e2_live_subset/stack_02_eval_12/captures/eval_006.npz,117847,7fcb544e8163034a899cf1d01caafad11b7c5a8e3ebf668e88d9835a93d7a241
shared/accountedge_runtime_and_captures/raw_captures/e2_live_subset/stack_02_eval_12/captures/eval_007.npz,148372,1dc7b07550c011199d644bb9281ab5eab1da0a1bdaecf3da9d99786c5e94a209
shared/accountedge_runtime_and_captures/raw_captures/e2_live_subset/stack_02_eval_12/captures/eval_008.npz,148442,47feba9bb411f9378b172848da8ae72fd2029dd67a81d4e578663c349ab42da7
shared/accountedge_runtime_and_captures/raw_captures/e2_live_subset/stack_02_eval_12/captures/eval_009.npz,148502,ab914df035eee25d02dceb5369b5d3cec1a096ec62657a986d770d8264af52ba
shared/accountedge_runtime_and_captures/raw_captures/e2_live_subset/stack_02_eval_12/captures/eval_010.npz,117752,2aadc6aba9b127e4b00348df97244c491629f40751bcaa70f5e17e9a19a6c24a
shared/accountedge_runtime_and_captures/raw_captures/e2_live_subset/stack_02_eval_12/captures/eval_011.npz,94634,cd8421f2df51d040a7b15989edb74e014a5023c5a12caf0fb83effb302f7ad15
shared/accountedge_runtime_and_captures/raw_captures/e2_live_subset/stack_02_eval_12/captures/eval_012.npz,102368,a73cb2fc8f9a2d88e3e9d362106c83cac2fa3ce0a3bcb85b8b0369ae98bddb7e
shared/accountedge_runtime_and_captures/raw_captures/e2_live_subset/stack_02_rerun_eval_12/capture_summary.json,5187,5cb9e7c2d68316acf929a5f19724a918fa25af1287b19c017dd73032143ddacf
shared/accountedge_runtime_and_captures/raw_captures/e2_live_subset/stack_02_rerun_eval_12/captures/checkpoint_metadata.jsonl,14040,3c7f9e6fa87191cd09cec0f6c4a9571d30a7717adde28416b4119557c6f5d5bd
shared/accountedge_runtime_and_captures/raw_captures/e2_live_subset/stack_02_rerun_eval_12/captures/eval_001.npz,125387,a4d2e2718e6681a5a430a09b123fce37d4c270c0c239aaad0dd8acbbe0136deb
shared/accountedge_runtime_and_captures/raw_captures/e2_live_subset/stack_02_rerun_eval_12/captures/eval_002.npz,133175,10021626ab15ead6d2a85274a7c2c0aed6b63ca25e89f454cc42851b936422ba
shared/accountedge_runtime_and_captures/raw_captures/e2_live_subset/stack_02_rerun_eval_12/captures/eval_003.npz,117824,2378cc43a5eb482924f905cbe6c7a3c97ad8e5f2afcd9708091e33ee33a2e626
shared/accountedge_runtime_and_captures/raw_captures/e2_live_subset/stack_02_rerun_eval_12/captures/eval_004.npz,117850,d62348591e302698cf59a485bd74125f3608afedb1d9a29eb981001fa3c5cc32
shared/accountedge_runtime_and_captures/raw_captures/e2_live_subset/stack_02_rerun_eval_12/captures/eval_005.npz,117819,4d2fab2ea283e9f91f6d16cd785566ebc21d6c83c91c13e7ae89e198dc45f961
shared/accountedge_runtime_and_captures/raw_captures/e2_live_subset/stack_02_rerun_eval_12/captures/eval_006.npz,117847,7fcb544e8163034a899cf1d01caafad11b7c5a8e3ebf668e88d9835a93d7a241
shared/accountedge_runtime_and_captures/raw_captures/e2_live_subset/stack_02_rerun_eval_12/captures/eval_007.npz,148372,1dc7b07550c011199d644bb9281ab5eab1da0a1bdaecf3da9d99786c5e94a209
shared/accountedge_runtime_and_captures/raw_captures/e2_live_subset/stack_02_rerun_eval_12/captures/eval_008.npz,148442,47feba9bb411f9378b172848da8ae72fd2029dd67a81d4e578663c349ab42da7
shared/accountedge_runtime_and_captures/raw_captures/e2_live_subset/stack_02_rerun_eval_12/captures/eval_009.npz,148502,ab914df035eee25d02dceb5369b5d3cec1a096ec62657a986d770d8264af52ba
shared/accountedge_runtime_and_captures/raw_captures/e2_live_subset/stack_02_rerun_eval_12/captures/eval_010.npz,117752,2aadc6aba9b127e4b00348df97244c491629f40751bcaa70f5e17e9a19a6c24a
shared/accountedge_runtime_and_captures/raw_captures/e2_live_subset/stack_02_rerun_eval_12/captures/eval_011.npz,94634,cd8421f2df51d040a7b15989edb74e014a5023c5a12caf0fb83effb302f7ad15
shared/accountedge_runtime_and_captures/raw_captures/e2_live_subset/stack_02_rerun_eval_12/captures/eval_012.npz,102368,a73cb2fc8f9a2d88e3e9d362106c83cac2fa3ce0a3bcb85b8b0369ae98bddb7e
shared/accountedge_runtime_and_captures/requirements.txt,52,d2e2e253a2c46e92de6f4898251246bacd773b80c4e378693bee76da40bb64a0
shared/accountedge_runtime_and_captures/scripts/compute_wilson_ci.py,1342,539995c1499ab00ee57a41758aab30197b0662472dcac1e40524371f4a5890a9
shared/accountedge_runtime_and_captures/scripts/export_supplementary_tables.py,5941,c078b824dcbbc1ec10a2372618df2959bfcfb2d4dfcd2485bcfaf2af3cdd921d
shared/accountedge_runtime_and_captures/scripts/plot_delivery_sweep.py,1870,b424a0d5627513e5c54f3f751f705643d304661f1e65fa67a322f8b61b74434a
shared/accountedge_runtime_and_captures/scripts/plot_extended_figures.py,14763,17b53da8714a5d9dd2d6fe98ff4e1417f3aae7437d652458f91af52ba89cffcb
shared/accountedge_runtime_and_captures/scripts/plot_placement_replay.py,2805,5ccc82fa288ecc43158d31f93055aaac8840c07f06fd9c2c937cbcfb11e4b418
shared/accountedge_runtime_and_captures/scripts/reproduce_all_artifacts.sh,390,911f941bf40fc904158dc72bd2ad7ec867ba5e9c9c54a266af7f33ececf8f3ca
shared/accountedge_runtime_and_captures/scripts/reproduce_all_figures.sh,389,2c10da0cb18ec640cb66a9303a1be0ba3ecb427acecd4f9061ba8f1762696190
shared/accountedge_runtime_and_captures/scripts/reproduce_main_results.sh,1269,dd33c7f3d6dfafe6df67cb5b95e83a19574e6d6ecc17cd33a5f8d06d4ac90d6d
shared/accountedge_runtime_and_captures/scripts/run_placement_replay.py,1908,1eb3893c1ffad1227184fa2199e5b8fcafa701a05ed183e22033e62451174f76
shared/accountedge_runtime_and_captures/scripts/summarize_delivery.py,1518,08be6aa4e132d59073a8d9742f8851833be7f78cd3d7c245b594d252e5523684
shared/accountedge_runtime_and_captures/scripts/summarize_placement.py,1067,61d2cdbe859ff2701762a32451f2e342788002ef62034de5fac8ca21defef2bf
shared/accountedge_runtime_and_captures/scripts/validate_raw_captures.py,2117,ca4ff9e8ad7deb5f76020e14491b715601ea93e3a3bca6a7abd89f568167d96e
shared/literature/2501.16007v2.pdf,849967,1409b856d38ec2012df5519176f1d4b30249be88c7077b38465a9c619638a065
shared/literature/2509.24257v4.pdf,1544168,b37ca1b93a9c6c1f6b7d8acbcf8f0082edd15b30591ba72e1e0a6a8c52276915
shared/literature/2511.20621v1.pdf,1338301,6bb442acbe408ded68c5f65a7b58d9d37d6d6bbb6915afc866caef2e6bee4dd2
shared/literature/README.md,492,03b552ef4f364a0b877a7469e7e58aaad4089f0b3ac938eac0289f7c02583318
shared/literature/difr.txt,124913,1b0d462800e1f21092d6ffbed84085f1b45b1b35ee5c9432bb9546526eb961c7
