workload_id,policy,task_id,client_profile,required_width,placement_id,placement_label,pair_id,variant,decision_mode,risk_class,group_width,arrival_s,queue_wait_s,task_latency_s,success,challenge,verification_risk,false_dispute_risk,material_tpr_min,feasible_under_alpha_beta,verifier_workload_ms,expected_challenge_workload_ms,completion_utility
single_task,random,eval_001,LAN,3,lan_ab_scalar16,LAN A/B scalar16,t4strict_pair_a_vs_b_40_200,scalar16,random,high-risk,3,0.0,0.0,1.05564,1,0,0.15,0.15,0.76,0,1.556788,0.774041,0.985
single_task,random,eval_002,LAN,3,lan_ab_scalar16,LAN A/B scalar16,t4strict_pair_a_vs_b_40_200,scalar16,random,high-risk,3,5.0,0.0,1.05758,1,0,0.15,0.15,0.76,0,1.556788,0.774041,0.985
single_task,random,eval_003,LAN,3,lan_ab_projcos4,LAN A/B projcos4,t4strict_pair_a_vs_b_40_200,projcos4,random,low-risk,3,10.0,0.0,1.05564,1,0,0.02,0.02,1.0,1,1.785521,0.111675,0.998
single_task,random,eval_004,LAN,3,lan_single_homo_projcos4,LAN single-node homo projcos4,single_homo,projcos4,random,low-risk,1,15.0,0.0,0.85583,0,0,0.0,0.0,1.0,1,1.730689,0.0,0.0
single_task,random,eval_005,LAN,3,lan_single_homo_projcos4,LAN single-node homo projcos4,single_homo,projcos4,random,low-risk,1,20.0,0.0,0.85667,0,0,0.0,0.0,1.0,1,1.730689,0.0,0.0
single_task,random,eval_006,LAN,2,lan_single_homo_projcos4,LAN single-node homo projcos4,single_homo,projcos4,random,low-risk,1,25.0,0.0,0.85331,1,0,0.0,0.0,1.0,1,1.730689,0.0,1.0
single_task,random,eval_007,LAN,3,lan_single_homo_projcos4,LAN single-node homo projcos4,single_homo,projcos4,random,low-risk,1,30.0,0.0,0.87347,1,0,0.0,0.0,1.0,1,1.730689,0.0,1.0
single_task,random,eval_008,LAN,3,lan_single_homo_scalar16,LAN single-node homo scalar16,single_homo,scalar16,random,low-risk,1,35.0,0.0,0.87179,0,0,0.0,0.0,1.0,1,1.554172,0.0,0.0
single_task,random,eval_009,LAN,3,lan_single_homo_scalar16,LAN single-node homo scalar16,single_homo,scalar16,random,low-risk,1,40.0,0.0,0.87011,1,0,0.0,0.0,1.0,1,1.554172,0.0,1.0
single_task,random,eval_010,LAN,3,lan_ab_projcos4,LAN A/B projcos4,t4strict_pair_a_vs_b_40_200,projcos4,random,low-risk,3,45.0,0.0,1.05564,1,0,0.02,0.02,1.0,1,1.785521,0.111675,0.998
single_task,random,eval_011,LAN,1,lan_single_homo_scalar16,LAN single-node homo scalar16,single_homo,scalar16,random,low-risk,1,50.0,0.0,0.83987,1,0,0.0,0.0,1.0,1,1.554172,0.0,1.0
single_task,random,eval_012,LAN,1,lan_single_homo_scalar16,LAN single-node homo scalar16,single_homo,scalar16,random,low-risk,1,55.0,0.0,0.84155,1,0,0.0,0.0,1.0,1,1.554172,0.0,1.0
single_task,random,eval_013,LAN,1,lan_ab_projcos4,LAN A/B projcos4,t4strict_pair_a_vs_b_40_200,projcos4,random,low-risk,3,60.0,0.0,1.03721,1,0,0.02,0.02,1.0,1,1.785521,0.111675,0.998
single_task,random,eval_014,LAN,1,lan_single_homo_projcos4,LAN single-node homo projcos4,single_homo,projcos4,random,low-risk,1,65.0,0.0,0.83987,1,0,0.0,0.0,1.0,1,1.730689,0.0,1.0
single_task,random,eval_015,LAN,1,lan_single_homo_scalar16,LAN single-node homo scalar16,single_homo,scalar16,random,low-risk,1,70.0,0.0,0.84071,1,0,0.0,0.0,1.0,1,1.554172,0.0,1.0
single_task,random,eval_016,LAN,1,lan_ab_scalar16,LAN A/B scalar16,t4strict_pair_a_vs_b_40_200,scalar16,random,high-risk,3,75.0,0.0,1.0343,1,0,0.15,0.15,0.76,0,1.556788,0.774041,0.985
single_task,random,eval_017,LAN,3,lan_ab_scalar16,LAN A/B scalar16,t4strict_pair_a_vs_b_40_200,scalar16,random,high-risk,3,80.0,0.0,1.05758,1,0,0.15,0.15,0.76,0,1.556788,0.774041,0.985
single_task,random,eval_018,LAN,3,lan_ab_scalar16,LAN A/B scalar16,t4strict_pair_a_vs_b_40_200,scalar16,random,high-risk,3,85.0,0.0,1.05564,1,0,0.15,0.15,0.76,0,1.556788,0.774041,0.985
single_task,random,eval_019,LAN,2,lan_ab_projcos4,LAN A/B projcos4,t4strict_pair_a_vs_b_40_200,projcos4,random,low-risk,3,90.0,0.0,1.0537,1,0,0.02,0.02,1.0,1,1.785521,0.111675,0.998
single_task,random,eval_020,LAN,1,lan_single_homo_projcos4,LAN single-node homo projcos4,single_homo,projcos4,random,low-risk,1,95.0,0.0,0.83987,1,0,0.0,0.0,1.0,1,1.730689,0.0,1.0
single_task,random,eval_021,LAN,1,lan_single_homo_projcos4,LAN single-node homo projcos4,single_homo,projcos4,random,low-risk,1,100.0,0.0,0.83231,1,0,0.0,0.0,1.0,1,1.730689,0.0,1.0
single_task,random,eval_022,LAN,1,lan_single_homo_projcos4,LAN single-node homo projcos4,single_homo,projcos4,random,low-risk,1,105.0,0.0,0.83399,1,0,0.0,0.0,1.0,1,1.730689,0.0,1.0
single_task,random,eval_023,LAN,1,lan_single_homo_projcos4,LAN single-node homo projcos4,single_homo,projcos4,random,low-risk,1,110.0,0.0,0.83231,1,0,0.0,0.0,1.0,1,1.730689,0.0,1.0
single_task,random,eval_024,LAN,1,lan_single_homo_scalar16,LAN single-node homo scalar16,single_homo,scalar16,random,low-risk,1,115.0,0.0,0.83231,1,0,0.0,0.0,1.0,1,1.554172,0.0,1.0
single_task,random,eval_025,LAN,1,lan_ab_scalar16,LAN A/B scalar16,t4strict_pair_a_vs_b_40_200,scalar16,random,high-risk,3,120.0,0.0,1.02945,1,0,0.15,0.15,0.76,0,1.556788,0.774041,0.985
single_task,random,eval_026,LAN,1,lan_ab_scalar16,LAN A/B scalar16,t4strict_pair_a_vs_b_40_200,scalar16,random,high-risk,3,125.0,0.0,1.02557,1,1,0.15,0.15,0.76,0,5.160275,0.774041,0.835
single_task,random,eval_027,LAN,2,lan_single_homo_projcos4,LAN single-node homo projcos4,single_homo,projcos4,random,low-risk,1,130.0,0.0,0.84995,1,0,0.0,0.0,1.0,1,1.730689,0.0,1.0
single_task,random,eval_028,LAN,2,lan_single_homo_projcos4,LAN single-node homo projcos4,single_homo,projcos4,random,low-risk,1,135.0,0.0,0.84827,1,0,0.0,0.0,1.0,1,1.730689,0.0,1.0
single_task,random,eval_029,LAN,2,lan_single_homo_scalar16,LAN single-node homo scalar16,single_homo,scalar16,random,low-risk,1,140.0,0.0,0.84659,1,0,0.0,0.0,1.0,1,1.554172,0.0,1.0
single_task,random,eval_030,LAN,1,lan_ab_projcos4,LAN A/B projcos4,t4strict_pair_a_vs_b_40_200,projcos4,random,low-risk,3,145.0,0.0,1.02848,1,0,0.02,0.02,1.0,1,1.785521,0.111675,0.998
single_task,random,eval_031,LAN,2,lan_ab_projcos4,LAN A/B projcos4,t4strict_pair_a_vs_b_40_200,projcos4,random,low-risk,3,150.0,0.0,1.04594,1,0,0.02,0.02,1.0,1,1.785521,0.111675,0.998
single_task,random,eval_032,LAN,2,lan_single_homo_projcos4,LAN single-node homo projcos4,single_homo,projcos4,random,low-risk,1,155.0,0.0,0.84911,1,0,0.0,0.0,1.0,1,1.730689,0.0,1.0
single_task,random,eval_033,LAN,2,lan_single_homo_scalar16,LAN single-node homo scalar16,single_homo,scalar16,random,low-risk,1,160.0,0.0,0.84743,1,0,0.0,0.0,1.0,1,1.554172,0.0,1.0
single_task,random,eval_034,LAN,2,lan_ab_projcos4,LAN A/B projcos4,t4strict_pair_a_vs_b_40_200,projcos4,random,low-risk,3,165.0,0.0,1.04594,1,0,0.02,0.02,1.0,1,1.785521,0.111675,0.998
single_task,random,eval_035,LAN,2,lan_single_homo_projcos4,LAN single-node homo projcos4,single_homo,projcos4,random,low-risk,1,170.0,0.0,0.84827,1,0,0.0,0.0,1.0,1,1.730689,0.0,1.0
single_task,random,eval_036,LAN,2,lan_ab_projcos4,LAN A/B projcos4,t4strict_pair_a_vs_b_40_200,projcos4,random,low-risk,3,175.0,0.0,1.04303,1,0,0.02,0.02,1.0,1,1.785521,0.111675,0.998
single_task,random,eval_037,LAN,3,lan_ab_projcos4,LAN A/B projcos4,t4strict_pair_a_vs_b_40_200,projcos4,random,low-risk,3,180.0,0.0,1.06631,1,0,0.02,0.02,1.0,1,1.785521,0.111675,0.998
single_task,random,eval_038,LAN,3,lan_single_homo_projcos4,LAN single-node homo projcos4,single_homo,projcos4,random,low-risk,1,185.0,0.0,0.86339,1,0,0.0,0.0,1.0,1,1.730689,0.0,1.0
single_task,random,eval_039,LAN,3,lan_ab_scalar16,LAN A/B scalar16,t4strict_pair_a_vs_b_40_200,scalar16,random,high-risk,3,190.0,0.0,1.06243,1,1,0.15,0.15,0.76,0,5.160275,0.774041,0.835
single_task,random,eval_040,LAN,2,lan_ab_scalar16,LAN A/B scalar16,t4strict_pair_a_vs_b_40_200,scalar16,random,high-risk,3,195.0,0.0,1.04594,1,0,0.15,0.15,0.76,0,1.556788,0.774041,0.985
single_task,random,eval_041,LAN,2,lan_single_homo_projcos4,LAN single-node homo projcos4,single_homo,projcos4,random,low-risk,1,200.0,0.0,0.84743,1,0,0.0,0.0,1.0,1,1.730689,0.0,1.0
single_task,random,eval_042,LAN,2,lan_single_homo_scalar16,LAN single-node homo scalar16,single_homo,scalar16,random,low-risk,1,205.0,0.0,0.84911,1,0,0.0,0.0,1.0,1,1.554172,0.0,1.0
single_task,random,eval_043,LAN,2,lan_ab_projcos4,LAN A/B projcos4,t4strict_pair_a_vs_b_40_200,projcos4,random,low-risk,3,210.0,0.0,1.04594,1,0,0.02,0.02,1.0,1,1.785521,0.111675,0.998
single_task,random,eval_044,LAN,2,lan_single_homo_projcos4,LAN single-node homo projcos4,single_homo,projcos4,random,low-risk,1,215.0,0.0,0.84743,1,0,0.0,0.0,1.0,1,1.730689,0.0,1.0
single_task,random,eval_045,LAN,2,lan_single_homo_projcos4,LAN single-node homo projcos4,single_homo,projcos4,random,low-risk,1,220.0,0.0,0.84827,1,0,0.0,0.0,1.0,1,1.730689,0.0,1.0
single_task,random,eval_046,LAN,2,lan_ab_projcos4,LAN A/B projcos4,t4strict_pair_a_vs_b_40_200,projcos4,random,low-risk,3,225.0,0.0,1.04303,1,0,0.02,0.02,1.0,1,1.785521,0.111675,0.998
single_task,random,eval_047,LAN,3,lan_single_homo_projcos4,LAN single-node homo projcos4,single_homo,projcos4,random,low-risk,1,230.0,0.0,0.86507,1,0,0.0,0.0,1.0,1,1.730689,0.0,1.0
single_task,random,eval_048,LAN,3,lan_ab_projcos4,LAN A/B projcos4,t4strict_pair_a_vs_b_40_200,projcos4,random,low-risk,3,235.0,0.0,1.06437,1,0,0.02,0.02,1.0,1,1.785521,0.111675,0.998
single_task,random,eval_049,LAN,3,lan_single_homo_scalar16,LAN single-node homo scalar16,single_homo,scalar16,random,low-risk,1,240.0,0.0,0.86171,1,0,0.0,0.0,1.0,1,1.554172,0.0,1.0
single_task,random,eval_050,LAN,2,lan_ab_scalar16,LAN A/B scalar16,t4strict_pair_a_vs_b_40_200,scalar16,random,high-risk,3,245.0,0.0,1.04594,1,0,0.15,0.15,0.76,0,1.556788,0.774041,0.985
single_task,random,eval_051,LAN,3,lan_ab_scalar16,LAN A/B scalar16,t4strict_pair_a_vs_b_40_200,scalar16,random,high-risk,3,250.0,0.0,1.05661,1,0,0.15,0.15,0.76,0,1.556788,0.774041,0.985
single_task,random,eval_052,LAN,3,lan_ab_scalar16,LAN A/B scalar16,t4strict_pair_a_vs_b_40_200,scalar16,random,high-risk,3,255.0,0.0,1.05855,1,1,0.15,0.15,0.76,0,5.160275,0.774041,0.835
single_task,random,eval_053,LAN,3,lan_ab_projcos4,LAN A/B projcos4,t4strict_pair_a_vs_b_40_200,projcos4,random,low-risk,3,260.0,0.0,1.05661,1,0,0.02,0.02,1.0,1,1.785521,0.111675,0.998
single_task,random,eval_054,LAN,3,lan_single_homo_projcos4,LAN single-node homo projcos4,single_homo,projcos4,random,low-risk,1,265.0,0.0,0.85667,1,0,0.0,0.0,1.0,1,1.730689,0.0,1.0
single_task,random,eval_055,LAN,3,lan_single_homo_projcos4,LAN single-node homo projcos4,single_homo,projcos4,random,low-risk,1,270.0,0.0,0.85751,0,0,0.0,0.0,1.0,1,1.730689,0.0,0.0
single_task,random,eval_056,LAN,2,lan_ab_projcos4,LAN A/B projcos4,t4strict_pair_a_vs_b_40_200,projcos4,random,low-risk,3,275.0,0.0,1.0537,1,0,0.02,0.02,1.0,1,1.785521,0.111675,0.998
single_task,random,eval_057,LAN,3,lan_single_homo_projcos4,LAN single-node homo projcos4,single_homo,projcos4,random,low-risk,1,280.0,0.0,0.87431,1,0,0.0,0.0,1.0,1,1.730689,0.0,1.0
single_task,random,eval_058,LAN,3,lan_ab_projcos4,LAN A/B projcos4,t4strict_pair_a_vs_b_40_200,projcos4,random,low-risk,3,285.0,0.0,1.07504,1,0,0.02,0.02,1.0,1,1.785521,0.111675,0.998
single_task,random,eval_059,LAN,3,lan_single_homo_scalar16,LAN single-node homo scalar16,single_homo,scalar16,random,low-risk,1,290.0,0.0,0.87095,1,0,0.0,0.0,1.0,1,1.554172,0.0,1.0
single_task,random,eval_060,LAN,3,lan_single_homo_projcos4,LAN single-node homo projcos4,single_homo,projcos4,random,low-risk,1,295.0,0.0,0.85667,1,0,0.0,0.0,1.0,1,1.730689,0.0,1.0
single_task,random,eval_061,LAN,1,lan_single_homo_projcos4,LAN single-node homo projcos4,single_homo,projcos4,random,low-risk,1,300.0,0.0,0.83231,1,0,0.0,0.0,1.0,1,1.730689,0.0,1.0
single_task,random,eval_062,LAN,1,lan_ab_projcos4,LAN A/B projcos4,t4strict_pair_a_vs_b_40_200,projcos4,random,low-risk,3,305.0,0.0,1.03042,1,0,0.02,0.02,1.0,1,1.785521,0.111675,0.998
single_task,random,eval_063,LAN,1,lan_single_homo_projcos4,LAN single-node homo projcos4,single_homo,projcos4,random,low-risk,1,310.0,0.0,0.83231,1,0,0.0,0.0,1.0,1,1.730689,0.0,1.0
single_task,random,eval_064,LAN,1,lan_ab_scalar16,LAN A/B scalar16,t4strict_pair_a_vs_b_40_200,scalar16,random,high-risk,3,315.0,0.0,1.02848,1,0,0.15,0.15,0.76,0,1.556788,0.774041,0.985
single_task,random,eval_065,LAN,1,lan_ab_projcos4,LAN A/B projcos4,t4strict_pair_a_vs_b_40_200,projcos4,random,low-risk,3,320.0,0.0,1.02945,1,0,0.02,0.02,1.0,1,1.785521,0.111675,0.998
single_task,random,eval_066,LAN,1,lan_ab_scalar16,LAN A/B scalar16,t4strict_pair_a_vs_b_40_200,scalar16,random,high-risk,3,325.0,0.0,1.02557,1,0,0.15,0.15,0.76,0,1.556788,0.774041,0.985
single_task,random,eval_067,LAN,2,lan_single_homo_scalar16,LAN single-node homo scalar16,single_homo,scalar16,random,low-risk,1,330.0,0.0,0.84995,1,0,0.0,0.0,1.0,1,1.554172,0.0,1.0
single_task,random,eval_068,LAN,2,lan_single_homo_scalar16,LAN single-node homo scalar16,single_homo,scalar16,random,low-risk,1,335.0,0.0,0.84827,0,0,0.0,0.0,1.0,1,1.554172,0.0,0.0
single_task,random,eval_069,LAN,2,lan_ab_projcos4,LAN A/B projcos4,t4strict_pair_a_vs_b_40_200,projcos4,random,low-risk,3,340.0,0.0,1.04497,1,0,0.02,0.02,1.0,1,1.785521,0.111675,0.998
single_task,random,eval_070,LAN,1,lan_ab_projcos4,LAN A/B projcos4,t4strict_pair_a_vs_b_40_200,projcos4,random,low-risk,3,345.0,0.0,1.02848,1,0,0.02,0.02,1.0,1,1.785521,0.111675,0.998
single_task,random,eval_071,LAN,1,lan_ab_scalar16,LAN A/B scalar16,t4strict_pair_a_vs_b_40_200,scalar16,random,high-risk,3,350.0,0.0,1.02945,1,0,0.15,0.15,0.76,0,1.556788,0.774041,0.985
single_task,random,eval_072,LAN,1,lan_ab_projcos4,LAN A/B projcos4,t4strict_pair_a_vs_b_40_200,projcos4,random,low-risk,3,355.0,0.0,1.03139,1,1,0.02,0.02,1.0,1,5.583751,0.111675,0.848
single_task,random,eval_073,LAN,1,lan_ab_scalar16,LAN A/B scalar16,t4strict_pair_a_vs_b_40_200,scalar16,random,high-risk,3,360.0,0.0,1.02945,1,0,0.15,0.15,0.76,0,1.556788,0.774041,0.985
single_task,random,eval_074,LAN,1,lan_single_homo_projcos4,LAN single-node homo projcos4,single_homo,projcos4,random,low-risk,1,365.0,0.0,0.83315,1,0,0.0,0.0,1.0,1,1.730689,0.0,1.0
single_task,random,eval_075,LAN,1,lan_ab_projcos4,LAN A/B projcos4,t4strict_pair_a_vs_b_40_200,projcos4,random,low-risk,3,370.0,0.0,1.03042,1,0,0.02,0.02,1.0,1,1.785521,0.111675,0.998
single_task,random,eval_076,LAN,1,lan_ab_projcos4,LAN A/B projcos4,t4strict_pair_a_vs_b_40_200,projcos4,random,low-risk,3,375.0,0.0,1.02654,1,0,0.02,0.02,1.0,1,1.785521,0.111675,0.998
single_task,random,eval_077,LAN,2,lan_single_homo_scalar16,LAN single-node homo scalar16,single_homo,scalar16,random,low-risk,1,380.0,0.0,0.85079,1,0,0.0,0.0,1.0,1,1.554172,0.0,1.0
single_task,random,eval_078,LAN,2,lan_ab_scalar16,LAN A/B scalar16,t4strict_pair_a_vs_b_40_200,scalar16,random,high-risk,3,385.0,0.0,1.04788,1,0,0.15,0.15,0.76,0,1.556788,0.774041,0.985
single_task,random,eval_079,LAN,2,lan_single_homo_scalar16,LAN single-node homo scalar16,single_homo,scalar16,random,low-risk,1,390.0,0.0,0.84743,1,0,0.0,0.0,1.0,1,1.554172,0.0,1.0
single_task,random,eval_080,LAN,1,lan_single_homo_scalar16,LAN single-node homo scalar16,single_homo,scalar16,random,low-risk,1,395.0,0.0,0.83315,1,0,0.0,0.0,1.0,1,1.554172,0.0,1.0
single_task,random,eval_081,LAN,1,lan_ab_scalar16,LAN A/B scalar16,t4strict_pair_a_vs_b_40_200,scalar16,random,high-risk,3,400.0,0.0,1.03721,1,0,0.15,0.15,0.76,0,1.556788,0.774041,0.985
single_task,random,eval_082,LAN,1,lan_single_homo_scalar16,LAN single-node homo scalar16,single_homo,scalar16,random,low-risk,1,405.0,0.0,0.84155,1,0,0.0,0.0,1.0,1,1.554172,0.0,1.0
single_task,random,eval_083,LAN,1,lan_single_homo_scalar16,LAN single-node homo scalar16,single_homo,scalar16,random,low-risk,1,410.0,0.0,0.83987,1,0,0.0,0.0,1.0,1,1.554172,0.0,1.0
single_task,random,eval_084,LAN,1,lan_single_homo_scalar16,LAN single-node homo scalar16,single_homo,scalar16,random,low-risk,1,415.0,0.0,0.83987,1,0,0.0,0.0,1.0,1,1.554172,0.0,1.0
single_task,random,eval_085,LAN,1,lan_ab_scalar16,LAN A/B scalar16,t4strict_pair_a_vs_b_40_200,scalar16,random,high-risk,3,420.0,0.0,1.03818,1,0,0.15,0.15,0.76,0,1.556788,0.774041,0.985
single_task,random,eval_086,LAN,1,lan_single_homo_projcos4,LAN single-node homo projcos4,single_homo,projcos4,random,low-risk,1,425.0,0.0,0.83735,1,0,0.0,0.0,1.0,1,1.730689,0.0,1.0
single_task,random,eval_087,LAN,3,lan_single_homo_scalar16,LAN single-node homo scalar16,single_homo,scalar16,random,low-risk,1,430.0,0.0,0.85751,1,0,0.0,0.0,1.0,1,1.554172,0.0,1.0
single_task,random,eval_088,LAN,3,lan_single_homo_scalar16,LAN single-node homo scalar16,single_homo,scalar16,random,low-risk,1,435.0,0.0,0.85583,0,0,0.0,0.0,1.0,1,1.554172,0.0,0.0
single_task,random,eval_089,LAN,2,lan_ab_scalar16,LAN A/B scalar16,t4strict_pair_a_vs_b_40_200,scalar16,random,high-risk,3,440.0,0.0,1.0537,1,0,0.15,0.15,0.76,0,1.556788,0.774041,0.985
single_task,random,eval_090,LAN,1,lan_single_homo_projcos4,LAN single-node homo projcos4,single_homo,projcos4,random,low-risk,1,445.0,0.0,0.83987,1,0,0.0,0.0,1.0,1,1.730689,0.0,1.0
single_task,random,eval_091,LAN,1,lan_single_homo_projcos4,LAN single-node homo projcos4,single_homo,projcos4,random,low-risk,1,450.0,0.0,0.84155,1,0,0.0,0.0,1.0,1,1.730689,0.0,1.0
single_task,random,eval_092,LAN,2,lan_single_homo_scalar16,LAN single-node homo scalar16,single_homo,scalar16,random,low-risk,1,455.0,0.0,0.84323,0,0,0.0,0.0,1.0,1,1.554172,0.0,0.0
single_task,random,eval_093,LAN,1,lan_ab_scalar16,LAN A/B scalar16,t4strict_pair_a_vs_b_40_200,scalar16,random,high-risk,3,460.0,0.0,1.03915,1,1,0.15,0.15,0.76,0,5.160275,0.774041,0.835
single_task,random,eval_094,LAN,1,lan_single_homo_scalar16,LAN single-node homo scalar16,single_homo,scalar16,random,low-risk,1,465.0,0.0,0.84155,1,0,0.0,0.0,1.0,1,1.554172,0.0,1.0
single_task,random,eval_095,LAN,2,lan_single_homo_projcos4,LAN single-node homo projcos4,single_homo,projcos4,random,low-risk,1,470.0,0.0,0.84239,0,0,0.0,0.0,1.0,1,1.730689,0.0,0.0
single_task,random,eval_096,LAN,1,lan_single_homo_projcos4,LAN single-node homo projcos4,single_homo,projcos4,random,low-risk,1,475.0,0.0,0.83903,1,0,0.0,0.0,1.0,1,1.730689,0.0,1.0
single_task,random,eval_097,LAN,3,lan_ab_projcos4,LAN A/B projcos4,t4strict_pair_a_vs_b_40_200,projcos4,random,low-risk,3,480.0,0.0,1.05952,1,0,0.02,0.02,1.0,1,1.785521,0.111675,0.998
single_task,random,eval_098,LAN,3,lan_ab_scalar16,LAN A/B scalar16,t4strict_pair_a_vs_b_40_200,scalar16,random,high-risk,3,485.0,0.0,1.05758,0,0,0.15,0.15,0.76,0,1.556788,0.774041,-0.015
single_task,random,eval_099,LAN,3,lan_single_homo_projcos4,LAN single-node homo projcos4,single_homo,projcos4,random,low-risk,1,490.0,0.0,0.85583,0,0,0.0,0.0,1.0,1,1.730689,0.0,0.0
single_task,random,eval_100,LAN,1,lan_ab_projcos4,LAN A/B projcos4,t4strict_pair_a_vs_b_40_200,projcos4,random,low-risk,3,495.0,0.0,1.03915,1,0,0.02,0.02,1.0,1,1.785521,0.111675,0.998
single_task,random,eval_101,LAN,1,lan_single_homo_projcos4,LAN single-node homo projcos4,single_homo,projcos4,random,low-risk,1,500.0,0.0,0.83399,1,0,0.0,0.0,1.0,1,1.730689,0.0,1.0
single_task,random,eval_102,LAN,1,lan_single_homo_scalar16,LAN single-node homo scalar16,single_homo,scalar16,random,low-risk,1,505.0,0.0,0.83567,1,0,0.0,0.0,1.0,1,1.554172,0.0,1.0
single_task,random,eval_103,LAN,1,lan_single_homo_scalar16,LAN single-node homo scalar16,single_homo,scalar16,random,low-risk,1,510.0,0.0,0.83399,1,0,0.0,0.0,1.0,1,1.554172,0.0,1.0
single_task,random,eval_104,LAN,1,lan_ab_projcos4,LAN A/B projcos4,t4strict_pair_a_vs_b_40_200,projcos4,random,low-risk,3,515.0,0.0,1.03042,1,0,0.02,0.02,1.0,1,1.785521,0.111675,0.998
single_task,random,eval_105,LAN,1,lan_single_homo_scalar16,LAN single-node homo scalar16,single_homo,scalar16,random,low-risk,1,520.0,0.0,0.83483,1,0,0.0,0.0,1.0,1,1.554172,0.0,1.0
single_task,random,eval_106,LAN,1,lan_ab_projcos4,LAN A/B projcos4,t4strict_pair_a_vs_b_40_200,projcos4,random,low-risk,3,525.0,0.0,1.02751,1,0,0.02,0.02,1.0,1,1.785521,0.111675,0.998
single_task,random,eval_107,LAN,2,lan_ab_scalar16,LAN A/B scalar16,t4strict_pair_a_vs_b_40_200,scalar16,random,high-risk,3,530.0,0.0,1.05079,1,0,0.15,0.15,0.76,0,1.556788,0.774041,0.985
single_task,random,eval_108,LAN,2,lan_ab_scalar16,LAN A/B scalar16,t4strict_pair_a_vs_b_40_200,scalar16,random,high-risk,3,535.0,0.0,1.04885,1,0,0.15,0.15,0.76,0,1.556788,0.774041,0.985
single_task,random,eval_109,LAN,2,lan_single_homo_scalar16,LAN single-node homo scalar16,single_homo,scalar16,random,low-risk,1,540.0,0.0,0.84827,0,0,0.0,0.0,1.0,1,1.554172,0.0,0.0
single_task,random,eval_110,LAN,1,lan_ab_scalar16,LAN A/B scalar16,t4strict_pair_a_vs_b_40_200,scalar16,random,high-risk,3,545.0,0.0,1.03042,1,0,0.15,0.15,0.76,0,1.556788,0.774041,0.985
single_task,random,eval_111,LAN,1,lan_ab_projcos4,LAN A/B projcos4,t4strict_pair_a_vs_b_40_200,projcos4,random,low-risk,3,550.0,0.0,1.03139,1,0,0.02,0.02,1.0,1,1.785521,0.111675,0.998
single_task,random,eval_112,LAN,1,lan_single_homo_projcos4,LAN single-node homo projcos4,single_homo,projcos4,random,low-risk,1,555.0,0.0,0.83651,1,0,0.0,0.0,1.0,1,1.730689,0.0,1.0
single_task,random,eval_113,LAN,1,lan_ab_scalar16,LAN A/B scalar16,t4strict_pair_a_vs_b_40_200,scalar16,random,high-risk,3,560.0,0.0,1.03139,1,0,0.15,0.15,0.76,0,1.556788,0.774041,0.985
single_task,random,eval_114,LAN,1,lan_ab_projcos4,LAN A/B projcos4,t4strict_pair_a_vs_b_40_200,projcos4,random,low-risk,3,565.0,0.0,1.03139,1,0,0.02,0.02,1.0,1,1.785521,0.111675,0.998
single_task,random,eval_115,LAN,1,lan_single_homo_scalar16,LAN single-node homo scalar16,single_homo,scalar16,random,low-risk,1,570.0,0.0,0.83567,1,0,0.0,0.0,1.0,1,1.554172,0.0,1.0
single_task,random,eval_116,LAN,1,lan_single_homo_scalar16,LAN single-node homo scalar16,single_homo,scalar16,random,low-risk,1,575.0,0.0,0.83231,1,0,0.0,0.0,1.0,1,1.554172,0.0,1.0
single_task,random,eval_117,LAN,2,lan_ab_scalar16,LAN A/B scalar16,t4strict_pair_a_vs_b_40_200,scalar16,random,high-risk,3,580.0,0.0,1.05176,1,1,0.15,0.15,0.76,0,5.160275,0.774041,0.835
single_task,random,eval_118,LAN,2,lan_ab_scalar16,LAN A/B scalar16,t4strict_pair_a_vs_b_40_200,scalar16,random,high-risk,3,585.0,0.0,1.04982,1,0,0.15,0.15,0.76,0,1.556788,0.774041,0.985
single_task,random,eval_119,LAN,2,lan_single_homo_projcos4,LAN single-node homo projcos4,single_homo,projcos4,random,low-risk,1,590.0,0.0,0.84911,0,0,0.0,0.0,1.0,1,1.730689,0.0,0.0
single_task,random,eval_120,LAN,1,lan_ab_projcos4,LAN A/B projcos4,t4strict_pair_a_vs_b_40_200,projcos4,random,low-risk,3,595.0,0.0,1.03139,1,0,0.02,0.02,1.0,1,1.785521,0.111675,0.998
single_task,random,eval_121,LAN,1,lan_single_homo_scalar16,LAN single-node homo scalar16,single_homo,scalar16,random,low-risk,1,600.0,0.0,0.83987,1,0,0.0,0.0,1.0,1,1.554172,0.0,1.0
single_task,random,eval_122,LAN,1,lan_single_homo_projcos4,LAN single-node homo projcos4,single_homo,projcos4,random,low-risk,1,605.0,0.0,0.84155,1,0,0.0,0.0,1.0,1,1.730689,0.0,1.0
single_task,random,eval_123,LAN,1,lan_single_homo_projcos4,LAN single-node homo projcos4,single_homo,projcos4,random,low-risk,1,610.0,0.0,0.83987,1,0,0.0,0.0,1.0,1,1.730689,0.0,1.0
single_task,random,eval_124,LAN,1,lan_single_homo_projcos4,LAN single-node homo projcos4,single_homo,projcos4,random,low-risk,1,615.0,0.0,0.83987,1,0,0.0,0.0,1.0,1,1.730689,0.0,1.0
single_task,random,eval_125,LAN,1,lan_single_homo_scalar16,LAN single-node homo scalar16,single_homo,scalar16,random,low-risk,1,620.0,0.0,0.84071,1,0,0.0,0.0,1.0,1,1.554172,0.0,1.0
single_task,random,eval_126,LAN,1,lan_single_homo_scalar16,LAN single-node homo scalar16,single_homo,scalar16,random,low-risk,1,625.0,0.0,0.83735,1,0,0.0,0.0,1.0,1,1.554172,0.0,1.0
single_task,random,eval_127,LAN,3,lan_ab_projcos4,LAN A/B projcos4,t4strict_pair_a_vs_b_40_200,projcos4,random,low-risk,3,630.0,0.0,1.05758,0,0,0.02,0.02,1.0,1,1.785521,0.111675,-0.002
single_task,random,eval_128,LAN,3,lan_single_homo_scalar16,LAN single-node homo scalar16,single_homo,scalar16,random,low-risk,1,635.0,0.0,0.85583,1,0,0.0,0.0,1.0,1,1.554172,0.0,1.0
single_task,random,eval_129,LAN,2,lan_ab_scalar16,LAN A/B scalar16,t4strict_pair_a_vs_b_40_200,scalar16,random,high-risk,3,640.0,0.0,1.0537,1,0,0.15,0.15,0.76,0,1.556788,0.774041,0.985
single_task,random,eval_130,LAN,1,lan_single_homo_scalar16,LAN single-node homo scalar16,single_homo,scalar16,random,low-risk,1,645.0,0.0,0.83987,1,0,0.0,0.0,1.0,1,1.554172,0.0,1.0
single_task,random,eval_131,LAN,2,lan_ab_scalar16,LAN A/B scalar16,t4strict_pair_a_vs_b_40_200,scalar16,random,high-risk,3,650.0,0.0,1.04206,1,0,0.15,0.15,0.76,0,1.556788,0.774041,0.985
single_task,random,eval_132,LAN,2,lan_single_homo_scalar16,LAN single-node homo scalar16,single_homo,scalar16,random,low-risk,1,655.0,0.0,0.84575,1,0,0.0,0.0,1.0,1,1.554172,0.0,1.0
single_task,random,eval_133,LAN,2,lan_single_homo_scalar16,LAN single-node homo scalar16,single_homo,scalar16,random,low-risk,1,660.0,0.0,0.84407,0,0,0.0,0.0,1.0,1,1.554172,0.0,0.0
single_task,random,eval_134,LAN,2,lan_single_homo_projcos4,LAN single-node homo projcos4,single_homo,projcos4,random,low-risk,1,665.0,0.0,0.84407,1,0,0.0,0.0,1.0,1,1.730689,0.0,1.0
single_task,random,eval_135,LAN,2,lan_single_homo_projcos4,LAN single-node homo projcos4,single_homo,projcos4,random,low-risk,1,670.0,0.0,0.84491,1,0,0.0,0.0,1.0,1,1.730689,0.0,1.0
single_task,random,eval_136,LAN,1,lan_ab_projcos4,LAN A/B projcos4,t4strict_pair_a_vs_b_40_200,projcos4,random,low-risk,3,675.0,0.0,1.03915,1,0,0.02,0.02,1.0,1,1.785521,0.111675,0.998
single_task,random,eval_137,LAN,3,lan_ab_scalar16,LAN A/B scalar16,t4strict_pair_a_vs_b_40_200,scalar16,random,high-risk,3,680.0,0.0,1.06243,1,0,0.15,0.15,0.76,0,1.556788,0.774041,0.985
single_task,random,eval_138,LAN,3,lan_ab_scalar16,LAN A/B scalar16,t4strict_pair_a_vs_b_40_200,scalar16,random,high-risk,3,685.0,0.0,1.06049,1,0,0.15,0.15,0.76,0,1.556788,0.774041,0.985
single_task,random,eval_139,LAN,3,lan_single_homo_projcos4,LAN single-node homo projcos4,single_homo,projcos4,random,low-risk,1,690.0,0.0,0.85835,0,0,0.0,0.0,1.0,1,1.730689,0.0,0.0
single_task,random,eval_140,LAN,2,lan_ab_scalar16,LAN A/B scalar16,t4strict_pair_a_vs_b_40_200,scalar16,random,high-risk,3,695.0,0.0,1.04206,1,0,0.15,0.15,0.76,0,1.556788,0.774041,0.985
single_task,random,eval_141,WAN,1,wan_ac_scalar16,WAN A/C scalar16,t4strict_pair_a_vs_c_40_200,scalar16,random,high-risk,3,700.0,0.0,1.26995,1,0,0.11,0.11,0.585,0,1.664829,0.579515,0.989
single_task,random,eval_142,WAN,1,wan_ad_scalar16,WAN A/D scalar16,t4strict_pair_a_vs_d_40_200,scalar16,random,high-risk,3,705.0,0.0,1.25073,1,0,0.09,0.09,0.51,0,1.776668,0.484214,0.991
single_task,random,eval_143,WAN,1,wan_bd_projcos4,WAN B/D projcos4,t4strict_pair_b_vs_d_40_200,projcos4,random,low-risk,3,710.0,0.0,1.31115,1,0,0.075,0.075,1.0,1,1.818556,0.421259,0.9925
single_task,random,eval_144,WAN,1,wan_bd_scalar16,WAN B/D scalar16,t4strict_pair_b_vs_d_40_200,scalar16,random,high-risk,3,715.0,0.0,1.31115,1,1,0.245,0.245,0.95,0,5.175523,1.268003,0.8255
single_task,random,eval_145,WAN,1,wan_bd_projcos4,WAN B/D projcos4,t4strict_pair_b_vs_d_40_200,projcos4,random,low-risk,3,720.0,0.0,1.31218,1,0,0.075,0.075,1.0,1,1.818556,0.421259,0.9925
single_task,random,eval_146,WAN,1,wan_ad_projcos4,WAN A/D projcos4,t4strict_pair_a_vs_d_40_200,projcos4,random,low-risk,3,725.0,0.0,1.24578,1,0,0.02,0.02,1.0,1,1.852395,0.113013,0.998
single_task,random,eval_147,WAN,2,wan_ac_projcos4,WAN A/C projcos4,t4strict_pair_a_vs_c_40_200,projcos4,random,low-risk,3,730.0,0.0,1.29116,1,0,0.045,0.045,1.0,1,1.854097,0.254355,0.9955
single_task,random,eval_148,WAN,2,wan_ad_scalar16,WAN A/D scalar16,t4strict_pair_a_vs_d_40_200,scalar16,random,high-risk,3,735.0,0.0,1.26756,1,1,0.09,0.09,0.51,0,5.380155,0.484214,0.841
single_task,random,eval_149,WAN,2,wan_bd_scalar16,WAN B/D scalar16,t4strict_pair_b_vs_d_40_200,scalar16,random,high-risk,3,740.0,0.0,1.32866,1,0,0.245,0.245,0.95,0,1.572036,1.268003,0.9755
single_task,random,eval_150,WAN,1,wan_ad_projcos4,WAN A/D projcos4,t4strict_pair_a_vs_d_40_200,projcos4,random,low-risk,3,745.0,0.0,1.24875,1,0,0.02,0.02,1.0,1,1.852395,0.113013,0.998
single_task,random,eval_151,WAN,1,wan_bd_scalar16,WAN B/D scalar16,t4strict_pair_b_vs_d_40_200,scalar16,random,high-risk,3,750.0,0.0,1.31424,1,1,0.245,0.245,0.95,0,5.175523,1.268003,0.8255
single_task,random,eval_152,WAN,1,wan_bd_projcos4,WAN B/D projcos4,t4strict_pair_b_vs_d_40_200,projcos4,random,low-risk,3,755.0,0.0,1.3163,1,0,0.075,0.075,1.0,1,1.818556,0.421259,0.9925
single_task,random,eval_153,WAN,1,wan_bd_projcos4,WAN B/D projcos4,t4strict_pair_b_vs_d_40_200,projcos4,random,low-risk,3,760.0,0.0,1.31424,1,0,0.075,0.075,1.0,1,1.818556,0.421259,0.9925
single_task,random,eval_154,WAN,1,wan_bd_scalar16,WAN B/D scalar16,t4strict_pair_b_vs_d_40_200,scalar16,random,high-risk,3,765.0,0.0,1.31424,0,0,0.245,0.245,0.95,0,1.572036,1.268003,-0.0245
single_task,random,eval_155,WAN,1,wan_ac_scalar16,WAN A/C scalar16,t4strict_pair_a_vs_c_40_200,scalar16,random,high-risk,3,770.0,0.0,1.27399,1,0,0.11,0.11,0.585,0,1.664829,0.579515,0.989
single_task,random,eval_156,WAN,1,wan_ad_projcos4,WAN A/D projcos4,t4strict_pair_a_vs_d_40_200,projcos4,random,low-risk,3,775.0,0.0,1.24875,1,0,0.02,0.02,1.0,1,1.852395,0.113013,0.998
single_task,random,eval_157,WAN,2,wan_ad_projcos4,WAN A/D projcos4,t4strict_pair_a_vs_d_40_200,projcos4,random,low-risk,3,780.0,0.0,1.27251,1,0,0.02,0.02,1.0,1,1.852395,0.113013,0.998
single_task,random,eval_158,WAN,2,wan_bd_scalar16,WAN B/D scalar16,t4strict_pair_b_vs_d_40_200,scalar16,random,high-risk,3,785.0,0.0,1.33381,1,1,0.245,0.245,0.95,0,5.175523,1.268003,0.8255
single_task,random,eval_159,WAN,2,wan_ad_scalar16,WAN A/D scalar16,t4strict_pair_a_vs_d_40_200,scalar16,random,high-risk,3,790.0,0.0,1.26855,1,0,0.09,0.09,0.51,0,1.776668,0.484214,0.991
single_task,random,eval_160,WAN,1,wan_ac_scalar16,WAN A/C scalar16,t4strict_pair_a_vs_c_40_200,scalar16,random,high-risk,3,795.0,0.0,1.27298,1,0,0.11,0.11,0.585,0,1.664829,0.579515,0.989
single_task,random,eval_161,WAN,2,wan_ad_scalar16,WAN A/D scalar16,t4strict_pair_a_vs_d_40_200,scalar16,random,high-risk,3,800.0,0.0,1.26162,1,0,0.09,0.09,0.51,0,1.776668,0.484214,0.991
single_task,random,eval_162,WAN,2,wan_ad_projcos4,WAN A/D projcos4,t4strict_pair_a_vs_d_40_200,projcos4,random,low-risk,3,805.0,0.0,1.2636,1,0,0.02,0.02,1.0,1,1.852395,0.113013,0.998
single_task,random,eval_163,WAN,2,wan_ad_scalar16,WAN A/D scalar16,t4strict_pair_a_vs_d_40_200,scalar16,random,high-risk,3,810.0,0.0,1.26162,1,0,0.09,0.09,0.51,0,1.776668,0.484214,0.991
single_task,random,eval_164,WAN,2,wan_bd_projcos4,WAN B/D projcos4,t4strict_pair_b_vs_d_40_200,projcos4,random,low-risk,3,815.0,0.0,1.32454,1,0,0.075,0.075,1.0,1,1.818556,0.421259,0.9925
single_task,random,eval_165,WAN,2,wan_ac_projcos4,WAN A/C projcos4,t4strict_pair_a_vs_c_40_200,projcos4,random,low-risk,3,820.0,0.0,1.28409,1,0,0.045,0.045,1.0,1,1.854097,0.254355,0.9955
single_task,random,eval_166,WAN,1,wan_ac_scalar16,WAN A/C scalar16,t4strict_pair_a_vs_c_40_200,scalar16,random,high-risk,3,825.0,0.0,1.28005,1,0,0.11,0.11,0.585,0,1.664829,0.579515,0.989
single_task,random,eval_167,WAN,3,wan_bd_scalar16,WAN B/D scalar16,t4strict_pair_b_vs_d_40_200,scalar16,random,high-risk,3,830.0,0.0,1.34617,1,0,0.245,0.245,0.95,0,1.572036,1.268003,0.9755
single_task,random,eval_168,WAN,3,wan_ad_projcos4,WAN A/D projcos4,t4strict_pair_a_vs_d_40_200,projcos4,random,low-risk,3,835.0,0.0,1.28043,1,0,0.02,0.02,1.0,1,1.852395,0.113013,0.998
single_task,random,eval_169,WAN,3,wan_ac_projcos4,WAN A/C projcos4,t4strict_pair_a_vs_c_40_200,projcos4,random,low-risk,3,840.0,0.0,1.30025,1,0,0.045,0.045,1.0,1,1.854097,0.254355,0.9955
single_task,random,eval_170,WAN,2,wan_ac_projcos4,WAN A/C projcos4,t4strict_pair_a_vs_c_40_200,projcos4,random,low-risk,3,845.0,0.0,1.28308,1,0,0.045,0.045,1.0,1,1.854097,0.254355,0.9955
single_task,random,eval_171,WAN,1,wan_bd_projcos4,WAN B/D projcos4,t4strict_pair_b_vs_d_40_200,projcos4,random,low-risk,3,850.0,0.0,1.32145,1,0,0.075,0.075,1.0,1,1.818556,0.421259,0.9925
single_task,random,eval_172,WAN,2,wan_ad_projcos4,WAN A/D projcos4,t4strict_pair_a_vs_d_40_200,projcos4,random,low-risk,3,855.0,0.0,1.26063,1,0,0.02,0.02,1.0,1,1.852395,0.113013,0.998
single_task,random,eval_173,WAN,1,wan_ad_projcos4,WAN A/D projcos4,t4strict_pair_a_vs_d_40_200,projcos4,random,low-risk,3,860.0,0.0,1.25865,1,0,0.02,0.02,1.0,1,1.852395,0.113013,0.998
single_task,random,eval_174,WAN,1,wan_ad_projcos4,WAN A/D projcos4,t4strict_pair_a_vs_d_40_200,projcos4,random,low-risk,3,865.0,0.0,1.25865,1,0,0.02,0.02,1.0,1,1.852395,0.113013,0.998
single_task,random,eval_175,WAN,2,wan_bd_scalar16,WAN B/D scalar16,t4strict_pair_b_vs_d_40_200,scalar16,random,high-risk,3,870.0,0.0,1.32248,1,0,0.245,0.245,0.95,0,1.572036,1.268003,0.9755
single_task,random,eval_176,WAN,1,wan_ad_scalar16,WAN A/D scalar16,t4strict_pair_a_vs_d_40_200,scalar16,random,high-risk,3,875.0,0.0,1.25568,1,0,0.09,0.09,0.51,0,1.776668,0.484214,0.991
single_task,random,eval_177,WAN,3,wan_bd_projcos4,WAN B/D projcos4,t4strict_pair_b_vs_d_40_200,projcos4,random,low-risk,3,880.0,0.0,1.34308,1,0,0.075,0.075,1.0,1,1.818556,0.421259,0.9925
single_task,random,eval_178,WAN,3,wan_ac_scalar16,WAN A/C scalar16,t4strict_pair_a_vs_c_40_200,scalar16,random,high-risk,3,885.0,0.0,1.29924,1,0,0.11,0.11,0.585,0,1.664829,0.579515,0.989
single_task,random,eval_179,WAN,3,wan_ac_scalar16,WAN A/C scalar16,t4strict_pair_a_vs_c_40_200,scalar16,random,high-risk,3,890.0,0.0,1.29722,1,0,0.11,0.11,0.585,0,1.664829,0.579515,0.989
single_task,random,eval_180,WAN,1,wan_ad_projcos4,WAN A/D projcos4,t4strict_pair_a_vs_d_40_200,projcos4,random,low-risk,3,895.0,0.0,1.25865,1,0,0.02,0.02,1.0,1,1.852395,0.113013,0.998
single_task,random,eval_181,WAN,2,wan_bd_scalar16,WAN B/D scalar16,t4strict_pair_b_vs_d_40_200,scalar16,random,high-risk,3,900.0,0.0,1.33072,1,0,0.245,0.245,0.95,0,1.572036,1.268003,0.9755
single_task,random,eval_182,WAN,2,wan_bd_scalar16,WAN B/D scalar16,t4strict_pair_b_vs_d_40_200,scalar16,random,high-risk,3,905.0,0.0,1.33278,1,0,0.245,0.245,0.95,0,1.572036,1.268003,0.9755
single_task,random,eval_183,WAN,2,wan_ac_scalar16,WAN A/C scalar16,t4strict_pair_a_vs_c_40_200,scalar16,random,high-risk,3,910.0,0.0,1.28914,1,0,0.11,0.11,0.585,0,1.664829,0.579515,0.989
single_task,random,eval_184,WAN,2,wan_ad_projcos4,WAN A/D projcos4,t4strict_pair_a_vs_d_40_200,projcos4,random,low-risk,3,915.0,0.0,1.26756,1,0,0.02,0.02,1.0,1,1.852395,0.113013,0.998
single_task,random,eval_185,WAN,2,wan_ad_scalar16,WAN A/D scalar16,t4strict_pair_a_vs_d_40_200,scalar16,random,high-risk,3,920.0,0.0,1.26855,1,0,0.09,0.09,0.51,0,1.776668,0.484214,0.991
single_task,random,eval_186,WAN,2,wan_ad_scalar16,WAN A/D scalar16,t4strict_pair_a_vs_d_40_200,scalar16,random,high-risk,3,925.0,0.0,1.26459,1,0,0.09,0.09,0.51,0,1.776668,0.484214,0.991
single_task,random,eval_187,WAN,3,wan_ac_scalar16,WAN A/C scalar16,t4strict_pair_a_vs_c_40_200,scalar16,random,high-risk,3,930.0,0.0,1.31035,1,0,0.11,0.11,0.585,0,1.664829,0.579515,0.989
single_task,random,eval_188,WAN,3,wan_ad_projcos4,WAN A/D projcos4,t4strict_pair_a_vs_d_40_200,projcos4,random,low-risk,3,935.0,0.0,1.28637,1,0,0.02,0.02,1.0,1,1.852395,0.113013,0.998
single_task,random,eval_189,WAN,3,wan_ad_scalar16,WAN A/D scalar16,t4strict_pair_a_vs_d_40_200,scalar16,random,high-risk,3,940.0,0.0,1.28439,1,0,0.09,0.09,0.51,0,1.776668,0.484214,0.991
single_task,random,eval_190,WAN,2,wan_bd_projcos4,WAN B/D projcos4,t4strict_pair_b_vs_d_40_200,projcos4,random,low-risk,3,945.0,0.0,1.33072,1,0,0.075,0.075,1.0,1,1.818556,0.421259,0.9925
single_task,random,eval_191,WAN,2,wan_ac_projcos4,WAN A/C projcos4,t4strict_pair_a_vs_c_40_200,projcos4,random,low-risk,3,950.0,0.0,1.28914,1,0,0.045,0.045,1.0,1,1.854097,0.254355,0.9955
single_task,random,eval_192,WAN,2,wan_ad_scalar16,WAN A/D scalar16,t4strict_pair_a_vs_d_40_200,scalar16,random,high-risk,3,955.0,0.0,1.26954,1,0,0.09,0.09,0.51,0,1.776668,0.484214,0.991
single_task,random,eval_193,WAN,2,wan_bd_projcos4,WAN B/D projcos4,t4strict_pair_b_vs_d_40_200,projcos4,random,low-risk,3,960.0,0.0,1.33072,1,0,0.075,0.075,1.0,1,1.818556,0.421259,0.9925
single_task,random,eval_194,WAN,2,wan_ad_scalar16,WAN A/D scalar16,t4strict_pair_a_vs_d_40_200,scalar16,random,high-risk,3,965.0,0.0,1.26756,1,0,0.09,0.09,0.51,0,1.776668,0.484214,0.991
single_task,random,eval_195,WAN,2,wan_ad_projcos4,WAN A/D projcos4,t4strict_pair_a_vs_d_40_200,projcos4,random,low-risk,3,970.0,0.0,1.26855,1,0,0.02,0.02,1.0,1,1.852395,0.113013,0.998
single_task,random,eval_196,WAN,2,wan_ad_projcos4,WAN A/D projcos4,t4strict_pair_a_vs_d_40_200,projcos4,random,low-risk,3,975.0,0.0,1.26459,1,0,0.02,0.02,1.0,1,1.852395,0.113013,0.998
single_task,random,eval_197,WAN,3,wan_ad_projcos4,WAN A/D projcos4,t4strict_pair_a_vs_d_40_200,projcos4,random,low-risk,3,980.0,0.0,1.28835,1,0,0.02,0.02,1.0,1,1.852395,0.113013,0.998
single_task,random,eval_198,WAN,3,wan_bd_scalar16,WAN B/D scalar16,t4strict_pair_b_vs_d_40_200,scalar16,random,high-risk,3,985.0,0.0,1.35029,1,1,0.245,0.245,0.95,0,5.175523,1.268003,0.8255
single_task,random,eval_199,WAN,3,wan_ac_scalar16,WAN A/C scalar16,t4strict_pair_a_vs_c_40_200,scalar16,random,high-risk,3,990.0,0.0,1.30631,1,0,0.11,0.11,0.585,0,1.664829,0.579515,0.989
single_task,random,eval_200,WAN,2,wan_ad_projcos4,WAN A/D projcos4,t4strict_pair_a_vs_d_40_200,projcos4,random,low-risk,3,995.0,0.0,1.26756,1,0,0.02,0.02,1.0,1,1.852395,0.113013,0.998
single_task,cost_only,eval_001,LAN,3,lan_single_homo_scalar16,LAN single-node homo scalar16,single_homo,scalar16,direct,low-risk,1,0.0,0.0,0.85583,1,0,0.0,0.0,1.0,1,1.554172,0.0,1.0
single_task,cost_only,eval_002,LAN,3,lan_single_homo_scalar16,LAN single-node homo scalar16,single_homo,scalar16,direct,low-risk,1,5.0,0.0,0.85751,1,0,0.0,0.0,1.0,1,1.554172,0.0,1.0
single_task,cost_only,eval_003,LAN,3,lan_single_homo_scalar16,LAN single-node homo scalar16,single_homo,scalar16,direct,low-risk,1,10.0,0.0,0.85583,0,0,0.0,0.0,1.0,1,1.554172,0.0,0.0
single_task,cost_only,eval_004,LAN,3,lan_single_homo_scalar16,LAN single-node homo scalar16,single_homo,scalar16,direct,low-risk,1,15.0,0.0,0.85583,0,0,0.0,0.0,1.0,1,1.554172,0.0,0.0
single_task,cost_only,eval_005,LAN,3,lan_single_homo_scalar16,LAN single-node homo scalar16,single_homo,scalar16,direct,low-risk,1,20.0,0.0,0.85667,1,0,0.0,0.0,1.0,1,1.554172,0.0,1.0
single_task,cost_only,eval_006,LAN,2,lan_single_homo_scalar16,LAN single-node homo scalar16,single_homo,scalar16,direct,low-risk,1,25.0,0.0,0.85331,1,0,0.0,0.0,1.0,1,1.554172,0.0,1.0
single_task,cost_only,eval_007,LAN,3,lan_single_homo_scalar16,LAN single-node homo scalar16,single_homo,scalar16,direct,low-risk,1,30.0,0.0,0.87347,1,0,0.0,0.0,1.0,1,1.554172,0.0,1.0
single_task,cost_only,eval_008,LAN,3,lan_single_homo_scalar16,LAN single-node homo scalar16,single_homo,scalar16,direct,low-risk,1,35.0,0.0,0.87179,0,0,0.0,0.0,1.0,1,1.554172,0.0,0.0
single_task,cost_only,eval_009,LAN,3,lan_single_homo_scalar16,LAN single-node homo scalar16,single_homo,scalar16,direct,low-risk,1,40.0,0.0,0.87011,0,0,0.0,0.0,1.0,1,1.554172,0.0,0.0
single_task,cost_only,eval_010,LAN,3,lan_single_homo_scalar16,LAN single-node homo scalar16,single_homo,scalar16,direct,low-risk,1,45.0,0.0,0.85583,0,0,0.0,0.0,1.0,1,1.554172,0.0,0.0
single_task,cost_only,eval_011,LAN,1,lan_single_homo_scalar16,LAN single-node homo scalar16,single_homo,scalar16,direct,low-risk,1,50.0,0.0,0.83987,1,0,0.0,0.0,1.0,1,1.554172,0.0,1.0
single_task,cost_only,eval_012,LAN,1,lan_single_homo_scalar16,LAN single-node homo scalar16,single_homo,scalar16,direct,low-risk,1,55.0,0.0,0.84155,1,0,0.0,0.0,1.0,1,1.554172,0.0,1.0
single_task,cost_only,eval_013,LAN,1,lan_single_homo_scalar16,LAN single-node homo scalar16,single_homo,scalar16,direct,low-risk,1,60.0,0.0,0.83987,1,0,0.0,0.0,1.0,1,1.554172,0.0,1.0
single_task,cost_only,eval_014,LAN,1,lan_single_homo_scalar16,LAN single-node homo scalar16,single_homo,scalar16,direct,low-risk,1,65.0,0.0,0.83987,1,0,0.0,0.0,1.0,1,1.554172,0.0,1.0
single_task,cost_only,eval_015,LAN,1,lan_single_homo_scalar16,LAN single-node homo scalar16,single_homo,scalar16,direct,low-risk,1,70.0,0.0,0.84071,1,0,0.0,0.0,1.0,1,1.554172,0.0,1.0
single_task,cost_only,eval_016,LAN,1,lan_single_homo_scalar16,LAN single-node homo scalar16,single_homo,scalar16,direct,low-risk,1,75.0,0.0,0.83735,1,0,0.0,0.0,1.0,1,1.554172,0.0,1.0
single_task,cost_only,eval_017,LAN,3,lan_single_homo_scalar16,LAN single-node homo scalar16,single_homo,scalar16,direct,low-risk,1,80.0,0.0,0.85751,0,0,0.0,0.0,1.0,1,1.554172,0.0,0.0
single_task,cost_only,eval_018,LAN,3,lan_single_homo_scalar16,LAN single-node homo scalar16,single_homo,scalar16,direct,low-risk,1,85.0,0.0,0.85583,1,0,0.0,0.0,1.0,1,1.554172,0.0,1.0
single_task,cost_only,eval_019,LAN,2,lan_single_homo_scalar16,LAN single-node homo scalar16,single_homo,scalar16,direct,low-risk,1,90.0,0.0,0.85415,1,0,0.0,0.0,1.0,1,1.554172,0.0,1.0
single_task,cost_only,eval_020,LAN,1,lan_single_homo_scalar16,LAN single-node homo scalar16,single_homo,scalar16,direct,low-risk,1,95.0,0.0,0.83987,1,0,0.0,0.0,1.0,1,1.554172,0.0,1.0
single_task,cost_only,eval_021,LAN,1,lan_single_homo_scalar16,LAN single-node homo scalar16,single_homo,scalar16,direct,low-risk,1,100.0,0.0,0.83231,1,0,0.0,0.0,1.0,1,1.554172,0.0,1.0
single_task,cost_only,eval_022,LAN,1,lan_single_homo_scalar16,LAN single-node homo scalar16,single_homo,scalar16,direct,low-risk,1,105.0,0.0,0.83399,1,0,0.0,0.0,1.0,1,1.554172,0.0,1.0
single_task,cost_only,eval_023,LAN,1,lan_single_homo_scalar16,LAN single-node homo scalar16,single_homo,scalar16,direct,low-risk,1,110.0,0.0,0.83231,1,0,0.0,0.0,1.0,1,1.554172,0.0,1.0
single_task,cost_only,eval_024,LAN,1,lan_single_homo_scalar16,LAN single-node homo scalar16,single_homo,scalar16,direct,low-risk,1,115.0,0.0,0.83231,1,0,0.0,0.0,1.0,1,1.554172,0.0,1.0
single_task,cost_only,eval_025,LAN,1,lan_single_homo_scalar16,LAN single-node homo scalar16,single_homo,scalar16,direct,low-risk,1,120.0,0.0,0.83315,1,0,0.0,0.0,1.0,1,1.554172,0.0,1.0
single_task,cost_only,eval_026,LAN,1,lan_single_homo_scalar16,LAN single-node homo scalar16,single_homo,scalar16,direct,low-risk,1,125.0,0.0,0.82979,1,0,0.0,0.0,1.0,1,1.554172,0.0,1.0
single_task,cost_only,eval_027,LAN,2,lan_single_homo_scalar16,LAN single-node homo scalar16,single_homo,scalar16,direct,low-risk,1,130.0,0.0,0.84995,0,0,0.0,0.0,1.0,1,1.554172,0.0,0.0
single_task,cost_only,eval_028,LAN,2,lan_single_homo_scalar16,LAN single-node homo scalar16,single_homo,scalar16,direct,low-risk,1,135.0,0.0,0.84827,1,0,0.0,0.0,1.0,1,1.554172,0.0,1.0
single_task,cost_only,eval_029,LAN,2,lan_single_homo_scalar16,LAN single-node homo scalar16,single_homo,scalar16,direct,low-risk,1,140.0,0.0,0.84659,1,0,0.0,0.0,1.0,1,1.554172,0.0,1.0
single_task,cost_only,eval_030,LAN,1,lan_single_homo_scalar16,LAN single-node homo scalar16,single_homo,scalar16,direct,low-risk,1,145.0,0.0,0.83231,1,0,0.0,0.0,1.0,1,1.554172,0.0,1.0
single_task,cost_only,eval_031,LAN,2,lan_single_homo_scalar16,LAN single-node homo scalar16,single_homo,scalar16,direct,low-risk,1,150.0,0.0,0.84743,0,0,0.0,0.0,1.0,1,1.554172,0.0,0.0
single_task,cost_only,eval_032,LAN,2,lan_single_homo_scalar16,LAN single-node homo scalar16,single_homo,scalar16,direct,low-risk,1,155.0,0.0,0.84911,1,0,0.0,0.0,1.0,1,1.554172,0.0,1.0
single_task,cost_only,eval_033,LAN,2,lan_single_homo_scalar16,LAN single-node homo scalar16,single_homo,scalar16,direct,low-risk,1,160.0,0.0,0.84743,0,0,0.0,0.0,1.0,1,1.554172,0.0,0.0
single_task,cost_only,eval_034,LAN,2,lan_single_homo_scalar16,LAN single-node homo scalar16,single_homo,scalar16,direct,low-risk,1,165.0,0.0,0.84743,1,0,0.0,0.0,1.0,1,1.554172,0.0,1.0
single_task,cost_only,eval_035,LAN,2,lan_single_homo_scalar16,LAN single-node homo scalar16,single_homo,scalar16,direct,low-risk,1,170.0,0.0,0.84827,1,0,0.0,0.0,1.0,1,1.554172,0.0,1.0
single_task,cost_only,eval_036,LAN,2,lan_single_homo_scalar16,LAN single-node homo scalar16,single_homo,scalar16,direct,low-risk,1,175.0,0.0,0.84491,1,0,0.0,0.0,1.0,1,1.554172,0.0,1.0
single_task,cost_only,eval_037,LAN,3,lan_single_homo_scalar16,LAN single-node homo scalar16,single_homo,scalar16,direct,low-risk,1,180.0,0.0,0.86507,1,0,0.0,0.0,1.0,1,1.554172,0.0,1.0
single_task,cost_only,eval_038,LAN,3,lan_single_homo_scalar16,LAN single-node homo scalar16,single_homo,scalar16,direct,low-risk,1,185.0,0.0,0.86339,1,0,0.0,0.0,1.0,1,1.554172,0.0,1.0
single_task,cost_only,eval_039,LAN,3,lan_single_homo_scalar16,LAN single-node homo scalar16,single_homo,scalar16,direct,low-risk,1,190.0,0.0,0.86171,1,0,0.0,0.0,1.0,1,1.554172,0.0,1.0
single_task,cost_only,eval_040,LAN,2,lan_single_homo_scalar16,LAN single-node homo scalar16,single_homo,scalar16,direct,low-risk,1,195.0,0.0,0.84743,1,0,0.0,0.0,1.0,1,1.554172,0.0,1.0
single_task,cost_only,eval_041,LAN,2,lan_single_homo_scalar16,LAN single-node homo scalar16,single_homo,scalar16,direct,low-risk,1,200.0,0.0,0.84743,1,0,0.0,0.0,1.0,1,1.554172,0.0,1.0
single_task,cost_only,eval_042,LAN,2,lan_single_homo_scalar16,LAN single-node homo scalar16,single_homo,scalar16,direct,low-risk,1,205.0,0.0,0.84911,1,0,0.0,0.0,1.0,1,1.554172,0.0,1.0
single_task,cost_only,eval_043,LAN,2,lan_single_homo_scalar16,LAN single-node homo scalar16,single_homo,scalar16,direct,low-risk,1,210.0,0.0,0.84743,1,0,0.0,0.0,1.0,1,1.554172,0.0,1.0
single_task,cost_only,eval_044,LAN,2,lan_single_homo_scalar16,LAN single-node homo scalar16,single_homo,scalar16,direct,low-risk,1,215.0,0.0,0.84743,1,0,0.0,0.0,1.0,1,1.554172,0.0,1.0
single_task,cost_only,eval_045,LAN,2,lan_single_homo_scalar16,LAN single-node homo scalar16,single_homo,scalar16,direct,low-risk,1,220.0,0.0,0.84827,1,0,0.0,0.0,1.0,1,1.554172,0.0,1.0
single_task,cost_only,eval_046,LAN,2,lan_single_homo_scalar16,LAN single-node homo scalar16,single_homo,scalar16,direct,low-risk,1,225.0,0.0,0.84491,0,0,0.0,0.0,1.0,1,1.554172,0.0,0.0
single_task,cost_only,eval_047,LAN,3,lan_single_homo_scalar16,LAN single-node homo scalar16,single_homo,scalar16,direct,low-risk,1,230.0,0.0,0.86507,1,0,0.0,0.0,1.0,1,1.554172,0.0,1.0
single_task,cost_only,eval_048,LAN,3,lan_single_homo_scalar16,LAN single-node homo scalar16,single_homo,scalar16,direct,low-risk,1,235.0,0.0,0.86339,1,0,0.0,0.0,1.0,1,1.554172,0.0,1.0
single_task,cost_only,eval_049,LAN,3,lan_single_homo_scalar16,LAN single-node homo scalar16,single_homo,scalar16,direct,low-risk,1,240.0,0.0,0.86171,1,0,0.0,0.0,1.0,1,1.554172,0.0,1.0
single_task,cost_only,eval_050,LAN,2,lan_single_homo_scalar16,LAN single-node homo scalar16,single_homo,scalar16,direct,low-risk,1,245.0,0.0,0.84743,1,0,0.0,0.0,1.0,1,1.554172,0.0,1.0
single_task,cost_only,eval_051,LAN,3,lan_single_homo_scalar16,LAN single-node homo scalar16,single_homo,scalar16,direct,low-risk,1,250.0,0.0,0.85667,0,0,0.0,0.0,1.0,1,1.554172,0.0,0.0
single_task,cost_only,eval_052,LAN,3,lan_single_homo_scalar16,LAN single-node homo scalar16,single_homo,scalar16,direct,low-risk,1,255.0,0.0,0.85835,1,0,0.0,0.0,1.0,1,1.554172,0.0,1.0
single_task,cost_only,eval_053,LAN,3,lan_single_homo_scalar16,LAN single-node homo scalar16,single_homo,scalar16,direct,low-risk,1,260.0,0.0,0.85667,1,0,0.0,0.0,1.0,1,1.554172,0.0,1.0
single_task,cost_only,eval_054,LAN,3,lan_single_homo_scalar16,LAN single-node homo scalar16,single_homo,scalar16,direct,low-risk,1,265.0,0.0,0.85667,1,0,0.0,0.0,1.0,1,1.554172,0.0,1.0
single_task,cost_only,eval_055,LAN,3,lan_single_homo_scalar16,LAN single-node homo scalar16,single_homo,scalar16,direct,low-risk,1,270.0,0.0,0.85751,1,0,0.0,0.0,1.0,1,1.554172,0.0,1.0
single_task,cost_only,eval_056,LAN,2,lan_single_homo_scalar16,LAN single-node homo scalar16,single_homo,scalar16,direct,low-risk,1,275.0,0.0,0.85415,1,0,0.0,0.0,1.0,1,1.554172,0.0,1.0
single_task,cost_only,eval_057,LAN,3,lan_single_homo_scalar16,LAN single-node homo scalar16,single_homo,scalar16,direct,low-risk,1,280.0,0.0,0.87431,0,0,0.0,0.0,1.0,1,1.554172,0.0,0.0
single_task,cost_only,eval_058,LAN,3,lan_single_homo_scalar16,LAN single-node homo scalar16,single_homo,scalar16,direct,low-risk,1,285.0,0.0,0.87263,1,0,0.0,0.0,1.0,1,1.554172,0.0,1.0
single_task,cost_only,eval_059,LAN,3,lan_single_homo_scalar16,LAN single-node homo scalar16,single_homo,scalar16,direct,low-risk,1,290.0,0.0,0.87095,1,0,0.0,0.0,1.0,1,1.554172,0.0,1.0
single_task,cost_only,eval_060,LAN,3,lan_single_homo_scalar16,LAN single-node homo scalar16,single_homo,scalar16,direct,low-risk,1,295.0,0.0,0.85667,1,0,0.0,0.0,1.0,1,1.554172,0.0,1.0
single_task,cost_only,eval_061,LAN,1,lan_single_homo_scalar16,LAN single-node homo scalar16,single_homo,scalar16,direct,low-risk,1,300.0,0.0,0.83231,1,0,0.0,0.0,1.0,1,1.554172,0.0,1.0
single_task,cost_only,eval_062,LAN,1,lan_single_homo_scalar16,LAN single-node homo scalar16,single_homo,scalar16,direct,low-risk,1,305.0,0.0,0.83399,1,0,0.0,0.0,1.0,1,1.554172,0.0,1.0
single_task,cost_only,eval_063,LAN,1,lan_single_homo_scalar16,LAN single-node homo scalar16,single_homo,scalar16,direct,low-risk,1,310.0,0.0,0.83231,1,0,0.0,0.0,1.0,1,1.554172,0.0,1.0
single_task,cost_only,eval_064,LAN,1,lan_single_homo_scalar16,LAN single-node homo scalar16,single_homo,scalar16,direct,low-risk,1,315.0,0.0,0.83231,1,0,0.0,0.0,1.0,1,1.554172,0.0,1.0
single_task,cost_only,eval_065,LAN,1,lan_single_homo_scalar16,LAN single-node homo scalar16,single_homo,scalar16,direct,low-risk,1,320.0,0.0,0.83315,1,0,0.0,0.0,1.0,1,1.554172,0.0,1.0
single_task,cost_only,eval_066,LAN,1,lan_single_homo_scalar16,LAN single-node homo scalar16,single_homo,scalar16,direct,low-risk,1,325.0,0.0,0.82979,1,0,0.0,0.0,1.0,1,1.554172,0.0,1.0
single_task,cost_only,eval_067,LAN,2,lan_single_homo_scalar16,LAN single-node homo scalar16,single_homo,scalar16,direct,low-risk,1,330.0,0.0,0.84995,1,0,0.0,0.0,1.0,1,1.554172,0.0,1.0
single_task,cost_only,eval_068,LAN,2,lan_single_homo_scalar16,LAN single-node homo scalar16,single_homo,scalar16,direct,low-risk,1,335.0,0.0,0.84827,1,0,0.0,0.0,1.0,1,1.554172,0.0,1.0
single_task,cost_only,eval_069,LAN,2,lan_single_homo_scalar16,LAN single-node homo scalar16,single_homo,scalar16,direct,low-risk,1,340.0,0.0,0.84659,1,0,0.0,0.0,1.0,1,1.554172,0.0,1.0
single_task,cost_only,eval_070,LAN,1,lan_single_homo_scalar16,LAN single-node homo scalar16,single_homo,scalar16,direct,low-risk,1,345.0,0.0,0.83231,1,0,0.0,0.0,1.0,1,1.554172,0.0,1.0
single_task,cost_only,eval_071,LAN,1,lan_single_homo_scalar16,LAN single-node homo scalar16,single_homo,scalar16,direct,low-risk,1,350.0,0.0,0.83315,1,0,0.0,0.0,1.0,1,1.554172,0.0,1.0
single_task,cost_only,eval_072,LAN,1,lan_single_homo_scalar16,LAN single-node homo scalar16,single_homo,scalar16,direct,low-risk,1,355.0,0.0,0.83483,1,0,0.0,0.0,1.0,1,1.554172,0.0,1.0
single_task,cost_only,eval_073,LAN,1,lan_single_homo_scalar16,LAN single-node homo scalar16,single_homo,scalar16,direct,low-risk,1,360.0,0.0,0.83315,1,0,0.0,0.0,1.0,1,1.554172,0.0,1.0
single_task,cost_only,eval_074,LAN,1,lan_single_homo_scalar16,LAN single-node homo scalar16,single_homo,scalar16,direct,low-risk,1,365.0,0.0,0.83315,1,0,0.0,0.0,1.0,1,1.554172,0.0,1.0
single_task,cost_only,eval_075,LAN,1,lan_single_homo_scalar16,LAN single-node homo scalar16,single_homo,scalar16,direct,low-risk,1,370.0,0.0,0.83399,1,0,0.0,0.0,1.0,1,1.554172,0.0,1.0
single_task,cost_only,eval_076,LAN,1,lan_single_homo_scalar16,LAN single-node homo scalar16,single_homo,scalar16,direct,low-risk,1,375.0,0.0,0.83063,1,0,0.0,0.0,1.0,1,1.554172,0.0,1.0
single_task,cost_only,eval_077,LAN,2,lan_single_homo_scalar16,LAN single-node homo scalar16,single_homo,scalar16,direct,low-risk,1,380.0,0.0,0.85079,1,0,0.0,0.0,1.0,1,1.554172,0.0,1.0
single_task,cost_only,eval_078,LAN,2,lan_single_homo_scalar16,LAN single-node homo scalar16,single_homo,scalar16,direct,low-risk,1,385.0,0.0,0.84911,1,0,0.0,0.0,1.0,1,1.554172,0.0,1.0
single_task,cost_only,eval_079,LAN,2,lan_single_homo_scalar16,LAN single-node homo scalar16,single_homo,scalar16,direct,low-risk,1,390.0,0.0,0.84743,1,0,0.0,0.0,1.0,1,1.554172,0.0,1.0
single_task,cost_only,eval_080,LAN,1,lan_single_homo_scalar16,LAN single-node homo scalar16,single_homo,scalar16,direct,low-risk,1,395.0,0.0,0.83315,1,0,0.0,0.0,1.0,1,1.554172,0.0,1.0
single_task,cost_only,eval_081,LAN,1,lan_single_homo_scalar16,LAN single-node homo scalar16,single_homo,scalar16,direct,low-risk,1,400.0,0.0,0.83987,1,0,0.0,0.0,1.0,1,1.554172,0.0,1.0
single_task,cost_only,eval_082,LAN,1,lan_single_homo_scalar16,LAN single-node homo scalar16,single_homo,scalar16,direct,low-risk,1,405.0,0.0,0.84155,1,0,0.0,0.0,1.0,1,1.554172,0.0,1.0
single_task,cost_only,eval_083,LAN,1,lan_single_homo_scalar16,LAN single-node homo scalar16,single_homo,scalar16,direct,low-risk,1,410.0,0.0,0.83987,1,0,0.0,0.0,1.0,1,1.554172,0.0,1.0
single_task,cost_only,eval_084,LAN,1,lan_single_homo_scalar16,LAN single-node homo scalar16,single_homo,scalar16,direct,low-risk,1,415.0,0.0,0.83987,1,0,0.0,0.0,1.0,1,1.554172,0.0,1.0
single_task,cost_only,eval_085,LAN,1,lan_single_homo_scalar16,LAN single-node homo scalar16,single_homo,scalar16,direct,low-risk,1,420.0,0.0,0.84071,1,0,0.0,0.0,1.0,1,1.554172,0.0,1.0
single_task,cost_only,eval_086,LAN,1,lan_single_homo_scalar16,LAN single-node homo scalar16,single_homo,scalar16,direct,low-risk,1,425.0,0.0,0.83735,1,0,0.0,0.0,1.0,1,1.554172,0.0,1.0
single_task,cost_only,eval_087,LAN,3,lan_single_homo_scalar16,LAN single-node homo scalar16,single_homo,scalar16,direct,low-risk,1,430.0,0.0,0.85751,1,0,0.0,0.0,1.0,1,1.554172,0.0,1.0
single_task,cost_only,eval_088,LAN,3,lan_single_homo_scalar16,LAN single-node homo scalar16,single_homo,scalar16,direct,low-risk,1,435.0,0.0,0.85583,1,0,0.0,0.0,1.0,1,1.554172,0.0,1.0
single_task,cost_only,eval_089,LAN,2,lan_single_homo_scalar16,LAN single-node homo scalar16,single_homo,scalar16,direct,low-risk,1,440.0,0.0,0.85415,1,0,0.0,0.0,1.0,1,1.554172,0.0,1.0
single_task,cost_only,eval_090,LAN,1,lan_single_homo_scalar16,LAN single-node homo scalar16,single_homo,scalar16,direct,low-risk,1,445.0,0.0,0.83987,1,0,0.0,0.0,1.0,1,1.554172,0.0,1.0
single_task,cost_only,eval_091,LAN,1,lan_single_homo_scalar16,LAN single-node homo scalar16,single_homo,scalar16,direct,low-risk,1,450.0,0.0,0.84155,1,0,0.0,0.0,1.0,1,1.554172,0.0,1.0
single_task,cost_only,eval_092,LAN,2,lan_single_homo_scalar16,LAN single-node homo scalar16,single_homo,scalar16,direct,low-risk,1,455.0,0.0,0.84323,1,0,0.0,0.0,1.0,1,1.554172,0.0,1.0
single_task,cost_only,eval_093,LAN,1,lan_single_homo_scalar16,LAN single-node homo scalar16,single_homo,scalar16,direct,low-risk,1,460.0,0.0,0.84155,1,0,0.0,0.0,1.0,1,1.554172,0.0,1.0
single_task,cost_only,eval_094,LAN,1,lan_single_homo_scalar16,LAN single-node homo scalar16,single_homo,scalar16,direct,low-risk,1,465.0,0.0,0.84155,1,0,0.0,0.0,1.0,1,1.554172,0.0,1.0
single_task,cost_only,eval_095,LAN,2,lan_single_homo_scalar16,LAN single-node homo scalar16,single_homo,scalar16,direct,low-risk,1,470.0,0.0,0.84239,1,0,0.0,0.0,1.0,1,1.554172,0.0,1.0
single_task,cost_only,eval_096,LAN,1,lan_single_homo_scalar16,LAN single-node homo scalar16,single_homo,scalar16,direct,low-risk,1,475.0,0.0,0.83903,1,0,0.0,0.0,1.0,1,1.554172,0.0,1.0
single_task,cost_only,eval_097,LAN,3,lan_single_homo_scalar16,LAN single-node homo scalar16,single_homo,scalar16,direct,low-risk,1,480.0,0.0,0.85919,1,0,0.0,0.0,1.0,1,1.554172,0.0,1.0
single_task,cost_only,eval_098,LAN,3,lan_single_homo_scalar16,LAN single-node homo scalar16,single_homo,scalar16,direct,low-risk,1,485.0,0.0,0.85751,1,0,0.0,0.0,1.0,1,1.554172,0.0,1.0
single_task,cost_only,eval_099,LAN,3,lan_single_homo_scalar16,LAN single-node homo scalar16,single_homo,scalar16,direct,low-risk,1,490.0,0.0,0.85583,0,0,0.0,0.0,1.0,1,1.554172,0.0,0.0
single_task,cost_only,eval_100,LAN,1,lan_single_homo_scalar16,LAN single-node homo scalar16,single_homo,scalar16,direct,low-risk,1,495.0,0.0,0.84155,1,0,0.0,0.0,1.0,1,1.554172,0.0,1.0
single_task,cost_only,eval_101,LAN,1,lan_single_homo_scalar16,LAN single-node homo scalar16,single_homo,scalar16,direct,low-risk,1,500.0,0.0,0.83399,1,0,0.0,0.0,1.0,1,1.554172,0.0,1.0
single_task,cost_only,eval_102,LAN,1,lan_single_homo_scalar16,LAN single-node homo scalar16,single_homo,scalar16,direct,low-risk,1,505.0,0.0,0.83567,1,0,0.0,0.0,1.0,1,1.554172,0.0,1.0
single_task,cost_only,eval_103,LAN,1,lan_single_homo_scalar16,LAN single-node homo scalar16,single_homo,scalar16,direct,low-risk,1,510.0,0.0,0.83399,1,0,0.0,0.0,1.0,1,1.554172,0.0,1.0
single_task,cost_only,eval_104,LAN,1,lan_single_homo_scalar16,LAN single-node homo scalar16,single_homo,scalar16,direct,low-risk,1,515.0,0.0,0.83399,1,0,0.0,0.0,1.0,1,1.554172,0.0,1.0
single_task,cost_only,eval_105,LAN,1,lan_single_homo_scalar16,LAN single-node homo scalar16,single_homo,scalar16,direct,low-risk,1,520.0,0.0,0.83483,1,0,0.0,0.0,1.0,1,1.554172,0.0,1.0
single_task,cost_only,eval_106,LAN,1,lan_single_homo_scalar16,LAN single-node homo scalar16,single_homo,scalar16,direct,low-risk,1,525.0,0.0,0.83147,1,0,0.0,0.0,1.0,1,1.554172,0.0,1.0
single_task,cost_only,eval_107,LAN,2,lan_single_homo_scalar16,LAN single-node homo scalar16,single_homo,scalar16,direct,low-risk,1,530.0,0.0,0.85163,1,0,0.0,0.0,1.0,1,1.554172,0.0,1.0
single_task,cost_only,eval_108,LAN,2,lan_single_homo_scalar16,LAN single-node homo scalar16,single_homo,scalar16,direct,low-risk,1,535.0,0.0,0.84995,1,0,0.0,0.0,1.0,1,1.554172,0.0,1.0
single_task,cost_only,eval_109,LAN,2,lan_single_homo_scalar16,LAN single-node homo scalar16,single_homo,scalar16,direct,low-risk,1,540.0,0.0,0.84827,0,0,0.0,0.0,1.0,1,1.554172,0.0,0.0
single_task,cost_only,eval_110,LAN,1,lan_single_homo_scalar16,LAN single-node homo scalar16,single_homo,scalar16,direct,low-risk,1,545.0,0.0,0.83399,0,0,0.0,0.0,1.0,1,1.554172,0.0,0.0
single_task,cost_only,eval_111,LAN,1,lan_single_homo_scalar16,LAN single-node homo scalar16,single_homo,scalar16,direct,low-risk,1,550.0,0.0,0.83483,1,0,0.0,0.0,1.0,1,1.554172,0.0,1.0
single_task,cost_only,eval_112,LAN,1,lan_single_homo_scalar16,LAN single-node homo scalar16,single_homo,scalar16,direct,low-risk,1,555.0,0.0,0.83651,1,0,0.0,0.0,1.0,1,1.554172,0.0,1.0
single_task,cost_only,eval_113,LAN,1,lan_single_homo_scalar16,LAN single-node homo scalar16,single_homo,scalar16,direct,low-risk,1,560.0,0.0,0.83483,1,0,0.0,0.0,1.0,1,1.554172,0.0,1.0
single_task,cost_only,eval_114,LAN,1,lan_single_homo_scalar16,LAN single-node homo scalar16,single_homo,scalar16,direct,low-risk,1,565.0,0.0,0.83483,1,0,0.0,0.0,1.0,1,1.554172,0.0,1.0
single_task,cost_only,eval_115,LAN,1,lan_single_homo_scalar16,LAN single-node homo scalar16,single_homo,scalar16,direct,low-risk,1,570.0,0.0,0.83567,1,0,0.0,0.0,1.0,1,1.554172,0.0,1.0
single_task,cost_only,eval_116,LAN,1,lan_single_homo_scalar16,LAN single-node homo scalar16,single_homo,scalar16,direct,low-risk,1,575.0,0.0,0.83231,1,0,0.0,0.0,1.0,1,1.554172,0.0,1.0
single_task,cost_only,eval_117,LAN,2,lan_single_homo_scalar16,LAN single-node homo scalar16,single_homo,scalar16,direct,low-risk,1,580.0,0.0,0.85247,1,0,0.0,0.0,1.0,1,1.554172,0.0,1.0
single_task,cost_only,eval_118,LAN,2,lan_single_homo_scalar16,LAN single-node homo scalar16,single_homo,scalar16,direct,low-risk,1,585.0,0.0,0.85079,1,0,0.0,0.0,1.0,1,1.554172,0.0,1.0
single_task,cost_only,eval_119,LAN,2,lan_single_homo_scalar16,LAN single-node homo scalar16,single_homo,scalar16,direct,low-risk,1,590.0,0.0,0.84911,1,0,0.0,0.0,1.0,1,1.554172,0.0,1.0
single_task,cost_only,eval_120,LAN,1,lan_single_homo_scalar16,LAN single-node homo scalar16,single_homo,scalar16,direct,low-risk,1,595.0,0.0,0.83483,1,0,0.0,0.0,1.0,1,1.554172,0.0,1.0
single_task,cost_only,eval_121,LAN,1,lan_single_homo_scalar16,LAN single-node homo scalar16,single_homo,scalar16,direct,low-risk,1,600.0,0.0,0.83987,1,0,0.0,0.0,1.0,1,1.554172,0.0,1.0
single_task,cost_only,eval_122,LAN,1,lan_single_homo_scalar16,LAN single-node homo scalar16,single_homo,scalar16,direct,low-risk,1,605.0,0.0,0.84155,1,0,0.0,0.0,1.0,1,1.554172,0.0,1.0
single_task,cost_only,eval_123,LAN,1,lan_single_homo_scalar16,LAN single-node homo scalar16,single_homo,scalar16,direct,low-risk,1,610.0,0.0,0.83987,1,0,0.0,0.0,1.0,1,1.554172,0.0,1.0
single_task,cost_only,eval_124,LAN,1,lan_single_homo_scalar16,LAN single-node homo scalar16,single_homo,scalar16,direct,low-risk,1,615.0,0.0,0.83987,1,0,0.0,0.0,1.0,1,1.554172,0.0,1.0
single_task,cost_only,eval_125,LAN,1,lan_single_homo_scalar16,LAN single-node homo scalar16,single_homo,scalar16,direct,low-risk,1,620.0,0.0,0.84071,1,0,0.0,0.0,1.0,1,1.554172,0.0,1.0
single_task,cost_only,eval_126,LAN,1,lan_single_homo_scalar16,LAN single-node homo scalar16,single_homo,scalar16,direct,low-risk,1,625.0,0.0,0.83735,1,0,0.0,0.0,1.0,1,1.554172,0.0,1.0
single_task,cost_only,eval_127,LAN,3,lan_single_homo_scalar16,LAN single-node homo scalar16,single_homo,scalar16,direct,low-risk,1,630.0,0.0,0.85751,0,0,0.0,0.0,1.0,1,1.554172,0.0,0.0
single_task,cost_only,eval_128,LAN,3,lan_single_homo_scalar16,LAN single-node homo scalar16,single_homo,scalar16,direct,low-risk,1,635.0,0.0,0.85583,1,0,0.0,0.0,1.0,1,1.554172,0.0,1.0
single_task,cost_only,eval_129,LAN,2,lan_single_homo_scalar16,LAN single-node homo scalar16,single_homo,scalar16,direct,low-risk,1,640.0,0.0,0.85415,1,0,0.0,0.0,1.0,1,1.554172,0.0,1.0
single_task,cost_only,eval_130,LAN,1,lan_single_homo_scalar16,LAN single-node homo scalar16,single_homo,scalar16,direct,low-risk,1,645.0,0.0,0.83987,1,0,0.0,0.0,1.0,1,1.554172,0.0,1.0
single_task,cost_only,eval_131,LAN,2,lan_single_homo_scalar16,LAN single-node homo scalar16,single_homo,scalar16,direct,low-risk,1,650.0,0.0,0.84407,0,0,0.0,0.0,1.0,1,1.554172,0.0,0.0
single_task,cost_only,eval_132,LAN,2,lan_single_homo_scalar16,LAN single-node homo scalar16,single_homo,scalar16,direct,low-risk,1,655.0,0.0,0.84575,1,0,0.0,0.0,1.0,1,1.554172,0.0,1.0
single_task,cost_only,eval_133,LAN,2,lan_single_homo_scalar16,LAN single-node homo scalar16,single_homo,scalar16,direct,low-risk,1,660.0,0.0,0.84407,1,0,0.0,0.0,1.0,1,1.554172,0.0,1.0
single_task,cost_only,eval_134,LAN,2,lan_single_homo_scalar16,LAN single-node homo scalar16,single_homo,scalar16,direct,low-risk,1,665.0,0.0,0.84407,0,0,0.0,0.0,1.0,1,1.554172,0.0,0.0
single_task,cost_only,eval_135,LAN,2,lan_single_homo_scalar16,LAN single-node homo scalar16,single_homo,scalar16,direct,low-risk,1,670.0,0.0,0.84491,1,0,0.0,0.0,1.0,1,1.554172,0.0,1.0
single_task,cost_only,eval_136,LAN,1,lan_single_homo_scalar16,LAN single-node homo scalar16,single_homo,scalar16,direct,low-risk,1,675.0,0.0,0.84155,1,0,0.0,0.0,1.0,1,1.554172,0.0,1.0
single_task,cost_only,eval_137,LAN,3,lan_single_homo_scalar16,LAN single-node homo scalar16,single_homo,scalar16,direct,low-risk,1,680.0,0.0,0.86171,1,0,0.0,0.0,1.0,1,1.554172,0.0,1.0
single_task,cost_only,eval_138,LAN,3,lan_single_homo_scalar16,LAN single-node homo scalar16,single_homo,scalar16,direct,low-risk,1,685.0,0.0,0.86003,1,0,0.0,0.0,1.0,1,1.554172,0.0,1.0
single_task,cost_only,eval_139,LAN,3,lan_single_homo_scalar16,LAN single-node homo scalar16,single_homo,scalar16,direct,low-risk,1,690.0,0.0,0.85835,1,0,0.0,0.0,1.0,1,1.554172,0.0,1.0
single_task,cost_only,eval_140,LAN,2,lan_single_homo_scalar16,LAN single-node homo scalar16,single_homo,scalar16,direct,low-risk,1,695.0,0.0,0.84407,1,0,0.0,0.0,1.0,1,1.554172,0.0,1.0
single_task,cost_only,eval_141,WAN,1,wan_ad_scalar16,WAN A/D scalar16,t4strict_pair_a_vs_d_40_200,scalar16,direct,high-risk,3,700.0,0.0,1.24875,1,1,0.09,0.09,0.51,0,5.380155,0.484214,0.841
single_task,cost_only,eval_142,WAN,1,wan_ad_scalar16,WAN A/D scalar16,t4strict_pair_a_vs_d_40_200,scalar16,direct,high-risk,3,705.0,0.0,1.25073,1,0,0.09,0.09,0.51,0,1.776668,0.484214,0.991
single_task,cost_only,eval_143,WAN,1,wan_ad_scalar16,WAN A/D scalar16,t4strict_pair_a_vs_d_40_200,scalar16,direct,high-risk,3,710.0,0.0,1.24875,1,0,0.09,0.09,0.51,0,1.776668,0.484214,0.991
single_task,cost_only,eval_144,WAN,1,wan_ad_scalar16,WAN A/D scalar16,t4strict_pair_a_vs_d_40_200,scalar16,direct,high-risk,3,715.0,0.0,1.24875,1,0,0.09,0.09,0.51,0,1.776668,0.484214,0.991
single_task,cost_only,eval_145,WAN,1,wan_ad_scalar16,WAN A/D scalar16,t4strict_pair_a_vs_d_40_200,scalar16,direct,high-risk,3,720.0,0.0,1.24974,1,0,0.09,0.09,0.51,0,1.776668,0.484214,0.991
single_task,cost_only,eval_146,WAN,1,wan_ad_scalar16,WAN A/D scalar16,t4strict_pair_a_vs_d_40_200,scalar16,direct,high-risk,3,725.0,0.0,1.24578,1,0,0.09,0.09,0.51,0,1.776668,0.484214,0.991
single_task,cost_only,eval_147,WAN,2,wan_ad_scalar16,WAN A/D scalar16,t4strict_pair_a_vs_d_40_200,scalar16,direct,high-risk,3,730.0,0.0,1.26954,1,1,0.09,0.09,0.51,0,5.380155,0.484214,0.841
single_task,cost_only,eval_148,WAN,2,wan_ad_scalar16,WAN A/D scalar16,t4strict_pair_a_vs_d_40_200,scalar16,direct,high-risk,3,735.0,0.0,1.26756,1,0,0.09,0.09,0.51,0,1.776668,0.484214,0.991
single_task,cost_only,eval_149,WAN,2,wan_ad_scalar16,WAN A/D scalar16,t4strict_pair_a_vs_d_40_200,scalar16,direct,high-risk,3,740.0,0.0,1.26558,1,0,0.09,0.09,0.51,0,1.776668,0.484214,0.991
single_task,cost_only,eval_150,WAN,1,wan_ad_scalar16,WAN A/D scalar16,t4strict_pair_a_vs_d_40_200,scalar16,direct,high-risk,3,745.0,0.0,1.24875,1,0,0.09,0.09,0.51,0,1.776668,0.484214,0.991
single_task,cost_only,eval_151,WAN,1,wan_ad_scalar16,WAN A/D scalar16,t4strict_pair_a_vs_d_40_200,scalar16,direct,high-risk,3,750.0,0.0,1.25172,1,0,0.09,0.09,0.51,0,1.776668,0.484214,0.991
single_task,cost_only,eval_152,WAN,1,wan_ad_scalar16,WAN A/D scalar16,t4strict_pair_a_vs_d_40_200,scalar16,direct,high-risk,3,755.0,0.0,1.2537,1,0,0.09,0.09,0.51,0,1.776668,0.484214,0.991
single_task,cost_only,eval_153,WAN,1,wan_ad_scalar16,WAN A/D scalar16,t4strict_pair_a_vs_d_40_200,scalar16,direct,high-risk,3,760.0,0.0,1.25172,1,0,0.09,0.09,0.51,0,1.776668,0.484214,0.991
single_task,cost_only,eval_154,WAN,1,wan_ad_scalar16,WAN A/D scalar16,t4strict_pair_a_vs_d_40_200,scalar16,direct,high-risk,3,765.0,0.0,1.25172,0,0,0.09,0.09,0.51,0,1.776668,0.484214,-0.009
single_task,cost_only,eval_155,WAN,1,wan_ad_scalar16,WAN A/D scalar16,t4strict_pair_a_vs_d_40_200,scalar16,direct,high-risk,3,770.0,0.0,1.25271,1,0,0.09,0.09,0.51,0,1.776668,0.484214,0.991
single_task,cost_only,eval_156,WAN,1,wan_ad_scalar16,WAN A/D scalar16,t4strict_pair_a_vs_d_40_200,scalar16,direct,high-risk,3,775.0,0.0,1.24875,1,0,0.09,0.09,0.51,0,1.776668,0.484214,0.991
single_task,cost_only,eval_157,WAN,2,wan_ad_scalar16,WAN A/D scalar16,t4strict_pair_a_vs_d_40_200,scalar16,direct,high-risk,3,780.0,0.0,1.27251,1,0,0.09,0.09,0.51,0,1.776668,0.484214,0.991
single_task,cost_only,eval_158,WAN,2,wan_ad_scalar16,WAN A/D scalar16,t4strict_pair_a_vs_d_40_200,scalar16,direct,high-risk,3,785.0,0.0,1.27053,1,0,0.09,0.09,0.51,0,1.776668,0.484214,0.991
single_task,cost_only,eval_159,WAN,2,wan_ad_scalar16,WAN A/D scalar16,t4strict_pair_a_vs_d_40_200,scalar16,direct,high-risk,3,790.0,0.0,1.26855,1,0,0.09,0.09,0.51,0,1.776668,0.484214,0.991
single_task,cost_only,eval_160,WAN,1,wan_ad_scalar16,WAN A/D scalar16,t4strict_pair_a_vs_d_40_200,scalar16,direct,high-risk,3,795.0,0.0,1.25172,1,0,0.09,0.09,0.51,0,1.776668,0.484214,0.991
single_task,cost_only,eval_161,WAN,2,wan_ad_scalar16,WAN A/D scalar16,t4strict_pair_a_vs_d_40_200,scalar16,direct,high-risk,3,800.0,0.0,1.26162,1,0,0.09,0.09,0.51,0,1.776668,0.484214,0.991
single_task,cost_only,eval_162,WAN,2,wan_ad_scalar16,WAN A/D scalar16,t4strict_pair_a_vs_d_40_200,scalar16,direct,high-risk,3,805.0,0.0,1.2636,1,0,0.09,0.09,0.51,0,1.776668,0.484214,0.991
single_task,cost_only,eval_163,WAN,2,wan_ad_scalar16,WAN A/D scalar16,t4strict_pair_a_vs_d_40_200,scalar16,direct,high-risk,3,810.0,0.0,1.26162,1,0,0.09,0.09,0.51,0,1.776668,0.484214,0.991
single_task,cost_only,eval_164,WAN,2,wan_ad_scalar16,WAN A/D scalar16,t4strict_pair_a_vs_d_40_200,scalar16,direct,high-risk,3,815.0,0.0,1.26162,1,0,0.09,0.09,0.51,0,1.776668,0.484214,0.991
single_task,cost_only,eval_165,WAN,2,wan_ad_scalar16,WAN A/D scalar16,t4strict_pair_a_vs_d_40_200,scalar16,direct,high-risk,3,820.0,0.0,1.26261,0,0,0.09,0.09,0.51,0,1.776668,0.484214,-0.009
single_task,cost_only,eval_166,WAN,1,wan_ad_scalar16,WAN A/D scalar16,t4strict_pair_a_vs_d_40_200,scalar16,direct,high-risk,3,825.0,0.0,1.25865,1,0,0.09,0.09,0.51,0,1.776668,0.484214,0.991
single_task,cost_only,eval_167,WAN,3,wan_ad_scalar16,WAN A/D scalar16,t4strict_pair_a_vs_d_40_200,scalar16,direct,high-risk,3,830.0,0.0,1.28241,1,0,0.09,0.09,0.51,0,1.776668,0.484214,0.991
single_task,cost_only,eval_168,WAN,3,wan_ad_scalar16,WAN A/D scalar16,t4strict_pair_a_vs_d_40_200,scalar16,direct,high-risk,3,835.0,0.0,1.28043,1,0,0.09,0.09,0.51,0,1.776668,0.484214,0.991
single_task,cost_only,eval_169,WAN,3,wan_ad_scalar16,WAN A/D scalar16,t4strict_pair_a_vs_d_40_200,scalar16,direct,high-risk,3,840.0,0.0,1.27845,1,0,0.09,0.09,0.51,0,1.776668,0.484214,0.991
single_task,cost_only,eval_170,WAN,2,wan_ad_scalar16,WAN A/D scalar16,t4strict_pair_a_vs_d_40_200,scalar16,direct,high-risk,3,845.0,0.0,1.26162,1,0,0.09,0.09,0.51,0,1.776668,0.484214,0.991
single_task,cost_only,eval_171,WAN,1,wan_ad_scalar16,WAN A/D scalar16,t4strict_pair_a_vs_d_40_200,scalar16,direct,high-risk,3,850.0,0.0,1.25865,1,0,0.09,0.09,0.51,0,1.776668,0.484214,0.991
single_task,cost_only,eval_172,WAN,2,wan_ad_scalar16,WAN A/D scalar16,t4strict_pair_a_vs_d_40_200,scalar16,direct,high-risk,3,855.0,0.0,1.26063,1,0,0.09,0.09,0.51,0,1.776668,0.484214,0.991
single_task,cost_only,eval_173,WAN,1,wan_ad_scalar16,WAN A/D scalar16,t4strict_pair_a_vs_d_40_200,scalar16,direct,high-risk,3,860.0,0.0,1.25865,1,0,0.09,0.09,0.51,0,1.776668,0.484214,0.991
single_task,cost_only,eval_174,WAN,1,wan_ad_scalar16,WAN A/D scalar16,t4strict_pair_a_vs_d_40_200,scalar16,direct,high-risk,3,865.0,0.0,1.25865,1,0,0.09,0.09,0.51,0,1.776668,0.484214,0.991
single_task,cost_only,eval_175,WAN,2,wan_ad_scalar16,WAN A/D scalar16,t4strict_pair_a_vs_d_40_200,scalar16,direct,high-risk,3,870.0,0.0,1.25964,1,0,0.09,0.09,0.51,0,1.776668,0.484214,0.991
single_task,cost_only,eval_176,WAN,1,wan_ad_scalar16,WAN A/D scalar16,t4strict_pair_a_vs_d_40_200,scalar16,direct,high-risk,3,875.0,0.0,1.25568,1,1,0.09,0.09,0.51,0,5.380155,0.484214,0.841
single_task,cost_only,eval_177,WAN,3,wan_ad_scalar16,WAN A/D scalar16,t4strict_pair_a_vs_d_40_200,scalar16,direct,high-risk,3,880.0,0.0,1.27944,0,0,0.09,0.09,0.51,0,1.776668,0.484214,-0.009
single_task,cost_only,eval_178,WAN,3,wan_ad_scalar16,WAN A/D scalar16,t4strict_pair_a_vs_d_40_200,scalar16,direct,high-risk,3,885.0,0.0,1.27746,1,0,0.09,0.09,0.51,0,1.776668,0.484214,0.991
single_task,cost_only,eval_179,WAN,3,wan_ad_scalar16,WAN A/D scalar16,t4strict_pair_a_vs_d_40_200,scalar16,direct,high-risk,3,890.0,0.0,1.27548,1,0,0.09,0.09,0.51,0,1.776668,0.484214,0.991
single_task,cost_only,eval_180,WAN,1,wan_ad_scalar16,WAN A/D scalar16,t4strict_pair_a_vs_d_40_200,scalar16,direct,high-risk,3,895.0,0.0,1.25865,1,0,0.09,0.09,0.51,0,1.776668,0.484214,0.991
single_task,cost_only,eval_181,WAN,2,wan_ad_scalar16,WAN A/D scalar16,t4strict_pair_a_vs_d_40_200,scalar16,direct,high-risk,3,900.0,0.0,1.26756,1,0,0.09,0.09,0.51,0,1.776668,0.484214,0.991
single_task,cost_only,eval_182,WAN,2,wan_ad_scalar16,WAN A/D scalar16,t4strict_pair_a_vs_d_40_200,scalar16,direct,high-risk,3,905.0,0.0,1.26954,1,1,0.09,0.09,0.51,0,5.380155,0.484214,0.841
single_task,cost_only,eval_183,WAN,2,wan_ad_scalar16,WAN A/D scalar16,t4strict_pair_a_vs_d_40_200,scalar16,direct,high-risk,3,910.0,0.0,1.26756,1,0,0.09,0.09,0.51,0,1.776668,0.484214,0.991
single_task,cost_only,eval_184,WAN,2,wan_ad_scalar16,WAN A/D scalar16,t4strict_pair_a_vs_d_40_200,scalar16,direct,high-risk,3,915.0,0.0,1.26756,1,0,0.09,0.09,0.51,0,1.776668,0.484214,0.991
single_task,cost_only,eval_185,WAN,2,wan_ad_scalar16,WAN A/D scalar16,t4strict_pair_a_vs_d_40_200,scalar16,direct,high-risk,3,920.0,0.0,1.26855,1,1,0.09,0.09,0.51,0,5.380155,0.484214,0.841
single_task,cost_only,eval_186,WAN,2,wan_ad_scalar16,WAN A/D scalar16,t4strict_pair_a_vs_d_40_200,scalar16,direct,high-risk,3,925.0,0.0,1.26459,1,0,0.09,0.09,0.51,0,1.776668,0.484214,0.991
single_task,cost_only,eval_187,WAN,3,wan_ad_scalar16,WAN A/D scalar16,t4strict_pair_a_vs_d_40_200,scalar16,direct,high-risk,3,930.0,0.0,1.28835,1,0,0.09,0.09,0.51,0,1.776668,0.484214,0.991
single_task,cost_only,eval_188,WAN,3,wan_ad_scalar16,WAN A/D scalar16,t4strict_pair_a_vs_d_40_200,scalar16,direct,high-risk,3,935.0,0.0,1.28637,1,0,0.09,0.09,0.51,0,1.776668,0.484214,0.991
single_task,cost_only,eval_189,WAN,3,wan_ad_scalar16,WAN A/D scalar16,t4strict_pair_a_vs_d_40_200,scalar16,direct,high-risk,3,940.0,0.0,1.28439,1,0,0.09,0.09,0.51,0,1.776668,0.484214,0.991
single_task,cost_only,eval_190,WAN,2,wan_ad_scalar16,WAN A/D scalar16,t4strict_pair_a_vs_d_40_200,scalar16,direct,high-risk,3,945.0,0.0,1.26756,1,0,0.09,0.09,0.51,0,1.776668,0.484214,0.991
single_task,cost_only,eval_191,WAN,2,wan_ad_scalar16,WAN A/D scalar16,t4strict_pair_a_vs_d_40_200,scalar16,direct,high-risk,3,950.0,0.0,1.26756,1,0,0.09,0.09,0.51,0,1.776668,0.484214,0.991
single_task,cost_only,eval_192,WAN,2,wan_ad_scalar16,WAN A/D scalar16,t4strict_pair_a_vs_d_40_200,scalar16,direct,high-risk,3,955.0,0.0,1.26954,1,0,0.09,0.09,0.51,0,1.776668,0.484214,0.991
single_task,cost_only,eval_193,WAN,2,wan_ad_scalar16,WAN A/D scalar16,t4strict_pair_a_vs_d_40_200,scalar16,direct,high-risk,3,960.0,0.0,1.26756,1,0,0.09,0.09,0.51,0,1.776668,0.484214,0.991
single_task,cost_only,eval_194,WAN,2,wan_ad_scalar16,WAN A/D scalar16,t4strict_pair_a_vs_d_40_200,scalar16,direct,high-risk,3,965.0,0.0,1.26756,1,0,0.09,0.09,0.51,0,1.776668,0.484214,0.991
single_task,cost_only,eval_195,WAN,2,wan_ad_scalar16,WAN A/D scalar16,t4strict_pair_a_vs_d_40_200,scalar16,direct,high-risk,3,970.0,0.0,1.26855,1,0,0.09,0.09,0.51,0,1.776668,0.484214,0.991
single_task,cost_only,eval_196,WAN,2,wan_ad_scalar16,WAN A/D scalar16,t4strict_pair_a_vs_d_40_200,scalar16,direct,high-risk,3,975.0,0.0,1.26459,1,0,0.09,0.09,0.51,0,1.776668,0.484214,0.991
single_task,cost_only,eval_197,WAN,3,wan_ad_scalar16,WAN A/D scalar16,t4strict_pair_a_vs_d_40_200,scalar16,direct,high-risk,3,980.0,0.0,1.28835,0,0,0.09,0.09,0.51,0,1.776668,0.484214,-0.009
single_task,cost_only,eval_198,WAN,3,wan_ad_scalar16,WAN A/D scalar16,t4strict_pair_a_vs_d_40_200,scalar16,direct,high-risk,3,985.0,0.0,1.28637,1,0,0.09,0.09,0.51,0,1.776668,0.484214,0.991
single_task,cost_only,eval_199,WAN,3,wan_ad_scalar16,WAN A/D scalar16,t4strict_pair_a_vs_d_40_200,scalar16,direct,high-risk,3,990.0,0.0,1.28439,1,0,0.09,0.09,0.51,0,1.776668,0.484214,0.991
single_task,cost_only,eval_200,WAN,2,wan_ad_scalar16,WAN A/D scalar16,t4strict_pair_a_vs_d_40_200,scalar16,direct,high-risk,3,995.0,0.0,1.26756,1,0,0.09,0.09,0.51,0,1.776668,0.484214,0.991
single_task,reputation_aware,eval_001,LAN,3,lan_ab_scalar16,LAN A/B scalar16,t4strict_pair_a_vs_b_40_200,scalar16,direct,high-risk,3,0.0,0.0,1.05564,1,1,0.15,0.15,0.76,0,5.160275,0.774041,0.835
single_task,reputation_aware,eval_002,LAN,3,lan_ab_scalar16,LAN A/B scalar16,t4strict_pair_a_vs_b_40_200,scalar16,direct,high-risk,3,5.0,0.0,1.05758,1,0,0.15,0.15,0.76,0,1.556788,0.774041,0.985
single_task,reputation_aware,eval_003,LAN,3,lan_ab_scalar16,LAN A/B scalar16,t4strict_pair_a_vs_b_40_200,scalar16,direct,high-risk,3,10.0,0.0,1.05564,1,1,0.15,0.15,0.76,0,5.160275,0.774041,0.835
single_task,reputation_aware,eval_004,LAN,3,lan_ab_scalar16,LAN A/B scalar16,t4strict_pair_a_vs_b_40_200,scalar16,direct,high-risk,3,15.0,0.0,1.05564,1,0,0.15,0.15,0.76,0,1.556788,0.774041,0.985
single_task,reputation_aware,eval_005,LAN,3,lan_ab_scalar16,LAN A/B scalar16,t4strict_pair_a_vs_b_40_200,scalar16,direct,high-risk,3,20.0,0.0,1.05661,1,1,0.15,0.15,0.76,0,5.160275,0.774041,0.835
single_task,reputation_aware,eval_006,LAN,2,lan_single_homo_scalar16,LAN single-node homo scalar16,single_homo,scalar16,direct,low-risk,1,25.0,0.0,0.85331,1,0,0.0,0.0,1.0,1,1.554172,0.0,1.0
single_task,reputation_aware,eval_007,LAN,3,lan_ab_scalar16,LAN A/B scalar16,t4strict_pair_a_vs_b_40_200,scalar16,direct,high-risk,3,30.0,0.0,1.07601,1,0,0.15,0.15,0.76,0,1.556788,0.774041,0.985
single_task,reputation_aware,eval_008,LAN,3,lan_ab_scalar16,LAN A/B scalar16,t4strict_pair_a_vs_b_40_200,scalar16,direct,high-risk,3,35.0,0.0,1.07407,1,0,0.15,0.15,0.76,0,1.556788,0.774041,0.985
single_task,reputation_aware,eval_009,LAN,3,lan_ab_scalar16,LAN A/B scalar16,t4strict_pair_a_vs_b_40_200,scalar16,direct,high-risk,3,40.0,0.0,1.07213,1,0,0.15,0.15,0.76,0,1.556788,0.774041,0.985
single_task,reputation_aware,eval_010,LAN,3,lan_ab_scalar16,LAN A/B scalar16,t4strict_pair_a_vs_b_40_200,scalar16,direct,high-risk,3,45.0,0.0,1.05564,1,1,0.15,0.15,0.76,0,5.160275,0.774041,0.835
single_task,reputation_aware,eval_011,LAN,1,lan_single_homo_scalar16,LAN single-node homo scalar16,single_homo,scalar16,direct,low-risk,1,50.0,0.0,0.83987,1,0,0.0,0.0,1.0,1,1.554172,0.0,1.0
single_task,reputation_aware,eval_012,LAN,1,lan_single_homo_scalar16,LAN single-node homo scalar16,single_homo,scalar16,direct,low-risk,1,55.0,0.0,0.84155,1,0,0.0,0.0,1.0,1,1.554172,0.0,1.0
single_task,reputation_aware,eval_013,LAN,1,lan_single_homo_scalar16,LAN single-node homo scalar16,single_homo,scalar16,direct,low-risk,1,60.0,0.0,0.83987,1,0,0.0,0.0,1.0,1,1.554172,0.0,1.0
single_task,reputation_aware,eval_014,LAN,1,lan_single_homo_scalar16,LAN single-node homo scalar16,single_homo,scalar16,direct,low-risk,1,65.0,0.0,0.83987,1,0,0.0,0.0,1.0,1,1.554172,0.0,1.0
single_task,reputation_aware,eval_015,LAN,1,lan_single_homo_scalar16,LAN single-node homo scalar16,single_homo,scalar16,direct,low-risk,1,70.0,0.0,0.84071,1,0,0.0,0.0,1.0,1,1.554172,0.0,1.0
single_task,reputation_aware,eval_016,LAN,1,lan_single_homo_scalar16,LAN single-node homo scalar16,single_homo,scalar16,direct,low-risk,1,75.0,0.0,0.83735,1,0,0.0,0.0,1.0,1,1.554172,0.0,1.0
single_task,reputation_aware,eval_017,LAN,3,lan_ab_scalar16,LAN A/B scalar16,t4strict_pair_a_vs_b_40_200,scalar16,direct,high-risk,3,80.0,0.0,1.05758,1,0,0.15,0.15,0.76,0,1.556788,0.774041,0.985
single_task,reputation_aware,eval_018,LAN,3,lan_ab_scalar16,LAN A/B scalar16,t4strict_pair_a_vs_b_40_200,scalar16,direct,high-risk,3,85.0,0.0,1.05564,1,0,0.15,0.15,0.76,0,1.556788,0.774041,0.985
single_task,reputation_aware,eval_019,LAN,2,lan_single_homo_scalar16,LAN single-node homo scalar16,single_homo,scalar16,direct,low-risk,1,90.0,0.0,0.85415,1,0,0.0,0.0,1.0,1,1.554172,0.0,1.0
single_task,reputation_aware,eval_020,LAN,1,lan_single_homo_scalar16,LAN single-node homo scalar16,single_homo,scalar16,direct,low-risk,1,95.0,0.0,0.83987,1,0,0.0,0.0,1.0,1,1.554172,0.0,1.0
single_task,reputation_aware,eval_021,LAN,1,lan_single_homo_scalar16,LAN single-node homo scalar16,single_homo,scalar16,direct,low-risk,1,100.0,0.0,0.83231,1,0,0.0,0.0,1.0,1,1.554172,0.0,1.0
single_task,reputation_aware,eval_022,LAN,1,lan_single_homo_scalar16,LAN single-node homo scalar16,single_homo,scalar16,direct,low-risk,1,105.0,0.0,0.83399,1,0,0.0,0.0,1.0,1,1.554172,0.0,1.0
single_task,reputation_aware,eval_023,LAN,1,lan_single_homo_scalar16,LAN single-node homo scalar16,single_homo,scalar16,direct,low-risk,1,110.0,0.0,0.83231,1,0,0.0,0.0,1.0,1,1.554172,0.0,1.0
single_task,reputation_aware,eval_024,LAN,1,lan_single_homo_scalar16,LAN single-node homo scalar16,single_homo,scalar16,direct,low-risk,1,115.0,0.0,0.83231,1,0,0.0,0.0,1.0,1,1.554172,0.0,1.0
single_task,reputation_aware,eval_025,LAN,1,lan_single_homo_scalar16,LAN single-node homo scalar16,single_homo,scalar16,direct,low-risk,1,120.0,0.0,0.83315,1,0,0.0,0.0,1.0,1,1.554172,0.0,1.0
single_task,reputation_aware,eval_026,LAN,1,lan_single_homo_scalar16,LAN single-node homo scalar16,single_homo,scalar16,direct,low-risk,1,125.0,0.0,0.82979,1,0,0.0,0.0,1.0,1,1.554172,0.0,1.0
single_task,reputation_aware,eval_027,LAN,2,lan_single_homo_scalar16,LAN single-node homo scalar16,single_homo,scalar16,direct,low-risk,1,130.0,0.0,0.84995,1,0,0.0,0.0,1.0,1,1.554172,0.0,1.0
single_task,reputation_aware,eval_028,LAN,2,lan_single_homo_scalar16,LAN single-node homo scalar16,single_homo,scalar16,direct,low-risk,1,135.0,0.0,0.84827,0,0,0.0,0.0,1.0,1,1.554172,0.0,0.0
single_task,reputation_aware,eval_029,LAN,2,lan_single_homo_scalar16,LAN single-node homo scalar16,single_homo,scalar16,direct,low-risk,1,140.0,0.0,0.84659,1,0,0.0,0.0,1.0,1,1.554172,0.0,1.0
single_task,reputation_aware,eval_030,LAN,1,lan_single_homo_scalar16,LAN single-node homo scalar16,single_homo,scalar16,direct,low-risk,1,145.0,0.0,0.83231,1,0,0.0,0.0,1.0,1,1.554172,0.0,1.0
single_task,reputation_aware,eval_031,LAN,2,lan_single_homo_scalar16,LAN single-node homo scalar16,single_homo,scalar16,direct,low-risk,1,150.0,0.0,0.84743,1,0,0.0,0.0,1.0,1,1.554172,0.0,1.0
single_task,reputation_aware,eval_032,LAN,2,lan_single_homo_scalar16,LAN single-node homo scalar16,single_homo,scalar16,direct,low-risk,1,155.0,0.0,0.84911,1,0,0.0,0.0,1.0,1,1.554172,0.0,1.0
single_task,reputation_aware,eval_033,LAN,2,lan_single_homo_scalar16,LAN single-node homo scalar16,single_homo,scalar16,direct,low-risk,1,160.0,0.0,0.84743,1,0,0.0,0.0,1.0,1,1.554172,0.0,1.0
single_task,reputation_aware,eval_034,LAN,2,lan_single_homo_scalar16,LAN single-node homo scalar16,single_homo,scalar16,direct,low-risk,1,165.0,0.0,0.84743,0,0,0.0,0.0,1.0,1,1.554172,0.0,0.0
single_task,reputation_aware,eval_035,LAN,2,lan_single_homo_scalar16,LAN single-node homo scalar16,single_homo,scalar16,direct,low-risk,1,170.0,0.0,0.84827,1,0,0.0,0.0,1.0,1,1.554172,0.0,1.0
single_task,reputation_aware,eval_036,LAN,2,lan_single_homo_scalar16,LAN single-node homo scalar16,single_homo,scalar16,direct,low-risk,1,175.0,0.0,0.84491,1,0,0.0,0.0,1.0,1,1.554172,0.0,1.0
single_task,reputation_aware,eval_037,LAN,3,lan_ab_scalar16,LAN A/B scalar16,t4strict_pair_a_vs_b_40_200,scalar16,direct,high-risk,3,180.0,0.0,1.06631,1,0,0.15,0.15,0.76,0,1.556788,0.774041,0.985
single_task,reputation_aware,eval_038,LAN,3,lan_ab_scalar16,LAN A/B scalar16,t4strict_pair_a_vs_b_40_200,scalar16,direct,high-risk,3,185.0,0.0,1.06437,1,1,0.15,0.15,0.76,0,5.160275,0.774041,0.835
single_task,reputation_aware,eval_039,LAN,3,lan_ab_scalar16,LAN A/B scalar16,t4strict_pair_a_vs_b_40_200,scalar16,direct,high-risk,3,190.0,0.0,1.06243,1,1,0.15,0.15,0.76,0,5.160275,0.774041,0.835
single_task,reputation_aware,eval_040,LAN,2,lan_single_homo_scalar16,LAN single-node homo scalar16,single_homo,scalar16,direct,low-risk,1,195.0,0.0,0.84743,0,0,0.0,0.0,1.0,1,1.554172,0.0,0.0
single_task,reputation_aware,eval_041,LAN,2,lan_single_homo_scalar16,LAN single-node homo scalar16,single_homo,scalar16,direct,low-risk,1,200.0,0.0,0.84743,1,0,0.0,0.0,1.0,1,1.554172,0.0,1.0
single_task,reputation_aware,eval_042,LAN,2,lan_single_homo_scalar16,LAN single-node homo scalar16,single_homo,scalar16,direct,low-risk,1,205.0,0.0,0.84911,0,0,0.0,0.0,1.0,1,1.554172,0.0,0.0
single_task,reputation_aware,eval_043,LAN,2,lan_single_homo_scalar16,LAN single-node homo scalar16,single_homo,scalar16,direct,low-risk,1,210.0,0.0,0.84743,1,0,0.0,0.0,1.0,1,1.554172,0.0,1.0
single_task,reputation_aware,eval_044,LAN,2,lan_single_homo_scalar16,LAN single-node homo scalar16,single_homo,scalar16,direct,low-risk,1,215.0,0.0,0.84743,0,0,0.0,0.0,1.0,1,1.554172,0.0,0.0
single_task,reputation_aware,eval_045,LAN,2,lan_single_homo_scalar16,LAN single-node homo scalar16,single_homo,scalar16,direct,low-risk,1,220.0,0.0,0.84827,1,0,0.0,0.0,1.0,1,1.554172,0.0,1.0
single_task,reputation_aware,eval_046,LAN,2,lan_single_homo_scalar16,LAN single-node homo scalar16,single_homo,scalar16,direct,low-risk,1,225.0,0.0,0.84491,0,0,0.0,0.0,1.0,1,1.554172,0.0,0.0
single_task,reputation_aware,eval_047,LAN,3,lan_ab_scalar16,LAN A/B scalar16,t4strict_pair_a_vs_b_40_200,scalar16,direct,high-risk,3,230.0,0.0,1.06631,1,0,0.15,0.15,0.76,0,1.556788,0.774041,0.985
single_task,reputation_aware,eval_048,LAN,3,lan_ab_scalar16,LAN A/B scalar16,t4strict_pair_a_vs_b_40_200,scalar16,direct,high-risk,3,235.0,0.0,1.06437,1,0,0.15,0.15,0.76,0,1.556788,0.774041,0.985
single_task,reputation_aware,eval_049,LAN,3,lan_ab_scalar16,LAN A/B scalar16,t4strict_pair_a_vs_b_40_200,scalar16,direct,high-risk,3,240.0,0.0,1.06243,1,0,0.15,0.15,0.76,0,1.556788,0.774041,0.985
single_task,reputation_aware,eval_050,LAN,2,lan_single_homo_scalar16,LAN single-node homo scalar16,single_homo,scalar16,direct,low-risk,1,245.0,0.0,0.84743,1,0,0.0,0.0,1.0,1,1.554172,0.0,1.0
single_task,reputation_aware,eval_051,LAN,3,lan_ab_scalar16,LAN A/B scalar16,t4strict_pair_a_vs_b_40_200,scalar16,direct,high-risk,3,250.0,0.0,1.05661,1,0,0.15,0.15,0.76,0,1.556788,0.774041,0.985
single_task,reputation_aware,eval_052,LAN,3,lan_ab_scalar16,LAN A/B scalar16,t4strict_pair_a_vs_b_40_200,scalar16,direct,high-risk,3,255.0,0.0,1.05855,1,0,0.15,0.15,0.76,0,1.556788,0.774041,0.985
single_task,reputation_aware,eval_053,LAN,3,lan_ab_scalar16,LAN A/B scalar16,t4strict_pair_a_vs_b_40_200,scalar16,direct,high-risk,3,260.0,0.0,1.05661,1,0,0.15,0.15,0.76,0,1.556788,0.774041,0.985
single_task,reputation_aware,eval_054,LAN,3,lan_ab_scalar16,LAN A/B scalar16,t4strict_pair_a_vs_b_40_200,scalar16,direct,high-risk,3,265.0,0.0,1.05661,1,0,0.15,0.15,0.76,0,1.556788,0.774041,0.985
single_task,reputation_aware,eval_055,LAN,3,lan_ab_scalar16,LAN A/B scalar16,t4strict_pair_a_vs_b_40_200,scalar16,direct,high-risk,3,270.0,0.0,1.05758,1,0,0.15,0.15,0.76,0,1.556788,0.774041,0.985
single_task,reputation_aware,eval_056,LAN,2,lan_single_homo_scalar16,LAN single-node homo scalar16,single_homo,scalar16,direct,low-risk,1,275.0,0.0,0.85415,1,0,0.0,0.0,1.0,1,1.554172,0.0,1.0
single_task,reputation_aware,eval_057,LAN,3,lan_ab_scalar16,LAN A/B scalar16,t4strict_pair_a_vs_b_40_200,scalar16,direct,high-risk,3,280.0,0.0,1.07698,1,0,0.15,0.15,0.76,0,1.556788,0.774041,0.985
single_task,reputation_aware,eval_058,LAN,3,lan_ab_scalar16,LAN A/B scalar16,t4strict_pair_a_vs_b_40_200,scalar16,direct,high-risk,3,285.0,0.0,1.07504,1,0,0.15,0.15,0.76,0,1.556788,0.774041,0.985
single_task,reputation_aware,eval_059,LAN,3,lan_ab_scalar16,LAN A/B scalar16,t4strict_pair_a_vs_b_40_200,scalar16,direct,high-risk,3,290.0,0.0,1.0731,1,0,0.15,0.15,0.76,0,1.556788,0.774041,0.985
single_task,reputation_aware,eval_060,LAN,3,lan_ab_scalar16,LAN A/B scalar16,t4strict_pair_a_vs_b_40_200,scalar16,direct,high-risk,3,295.0,0.0,1.05661,1,0,0.15,0.15,0.76,0,1.556788,0.774041,0.985
single_task,reputation_aware,eval_061,LAN,1,lan_single_homo_scalar16,LAN single-node homo scalar16,single_homo,scalar16,direct,low-risk,1,300.0,0.0,0.83231,1,0,0.0,0.0,1.0,1,1.554172,0.0,1.0
single_task,reputation_aware,eval_062,LAN,1,lan_single_homo_scalar16,LAN single-node homo scalar16,single_homo,scalar16,direct,low-risk,1,305.0,0.0,0.83399,1,0,0.0,0.0,1.0,1,1.554172,0.0,1.0
single_task,reputation_aware,eval_063,LAN,1,lan_single_homo_scalar16,LAN single-node homo scalar16,single_homo,scalar16,direct,low-risk,1,310.0,0.0,0.83231,1,0,0.0,0.0,1.0,1,1.554172,0.0,1.0
single_task,reputation_aware,eval_064,LAN,1,lan_single_homo_scalar16,LAN single-node homo scalar16,single_homo,scalar16,direct,low-risk,1,315.0,0.0,0.83231,1,0,0.0,0.0,1.0,1,1.554172,0.0,1.0
single_task,reputation_aware,eval_065,LAN,1,lan_single_homo_scalar16,LAN single-node homo scalar16,single_homo,scalar16,direct,low-risk,1,320.0,0.0,0.83315,1,0,0.0,0.0,1.0,1,1.554172,0.0,1.0
single_task,reputation_aware,eval_066,LAN,1,lan_single_homo_scalar16,LAN single-node homo scalar16,single_homo,scalar16,direct,low-risk,1,325.0,0.0,0.82979,1,0,0.0,0.0,1.0,1,1.554172,0.0,1.0
single_task,reputation_aware,eval_067,LAN,2,lan_single_homo_scalar16,LAN single-node homo scalar16,single_homo,scalar16,direct,low-risk,1,330.0,0.0,0.84995,1,0,0.0,0.0,1.0,1,1.554172,0.0,1.0
single_task,reputation_aware,eval_068,LAN,2,lan_single_homo_scalar16,LAN single-node homo scalar16,single_homo,scalar16,direct,low-risk,1,335.0,0.0,0.84827,1,0,0.0,0.0,1.0,1,1.554172,0.0,1.0
single_task,reputation_aware,eval_069,LAN,2,lan_single_homo_scalar16,LAN single-node homo scalar16,single_homo,scalar16,direct,low-risk,1,340.0,0.0,0.84659,1,0,0.0,0.0,1.0,1,1.554172,0.0,1.0
single_task,reputation_aware,eval_070,LAN,1,lan_single_homo_scalar16,LAN single-node homo scalar16,single_homo,scalar16,direct,low-risk,1,345.0,0.0,0.83231,1,0,0.0,0.0,1.0,1,1.554172,0.0,1.0
single_task,reputation_aware,eval_071,LAN,1,lan_single_homo_scalar16,LAN single-node homo scalar16,single_homo,scalar16,direct,low-risk,1,350.0,0.0,0.83315,1,0,0.0,0.0,1.0,1,1.554172,0.0,1.0
single_task,reputation_aware,eval_072,LAN,1,lan_single_homo_scalar16,LAN single-node homo scalar16,single_homo,scalar16,direct,low-risk,1,355.0,0.0,0.83483,1,0,0.0,0.0,1.0,1,1.554172,0.0,1.0
single_task,reputation_aware,eval_073,LAN,1,lan_single_homo_scalar16,LAN single-node homo scalar16,single_homo,scalar16,direct,low-risk,1,360.0,0.0,0.83315,1,0,0.0,0.0,1.0,1,1.554172,0.0,1.0
single_task,reputation_aware,eval_074,LAN,1,lan_single_homo_scalar16,LAN single-node homo scalar16,single_homo,scalar16,direct,low-risk,1,365.0,0.0,0.83315,1,0,0.0,0.0,1.0,1,1.554172,0.0,1.0
single_task,reputation_aware,eval_075,LAN,1,lan_single_homo_scalar16,LAN single-node homo scalar16,single_homo,scalar16,direct,low-risk,1,370.0,0.0,0.83399,1,0,0.0,0.0,1.0,1,1.554172,0.0,1.0
single_task,reputation_aware,eval_076,LAN,1,lan_single_homo_scalar16,LAN single-node homo scalar16,single_homo,scalar16,direct,low-risk,1,375.0,0.0,0.83063,1,0,0.0,0.0,1.0,1,1.554172,0.0,1.0
single_task,reputation_aware,eval_077,LAN,2,lan_single_homo_scalar16,LAN single-node homo scalar16,single_homo,scalar16,direct,low-risk,1,380.0,0.0,0.85079,1,0,0.0,0.0,1.0,1,1.554172,0.0,1.0
single_task,reputation_aware,eval_078,LAN,2,lan_single_homo_scalar16,LAN single-node homo scalar16,single_homo,scalar16,direct,low-risk,1,385.0,0.0,0.84911,1,0,0.0,0.0,1.0,1,1.554172,0.0,1.0
single_task,reputation_aware,eval_079,LAN,2,lan_single_homo_scalar16,LAN single-node homo scalar16,single_homo,scalar16,direct,low-risk,1,390.0,0.0,0.84743,1,0,0.0,0.0,1.0,1,1.554172,0.0,1.0
single_task,reputation_aware,eval_080,LAN,1,lan_single_homo_scalar16,LAN single-node homo scalar16,single_homo,scalar16,direct,low-risk,1,395.0,0.0,0.83315,1,0,0.0,0.0,1.0,1,1.554172,0.0,1.0
single_task,reputation_aware,eval_081,LAN,1,lan_single_homo_scalar16,LAN single-node homo scalar16,single_homo,scalar16,direct,low-risk,1,400.0,0.0,0.83987,1,0,0.0,0.0,1.0,1,1.554172,0.0,1.0
single_task,reputation_aware,eval_082,LAN,1,lan_single_homo_scalar16,LAN single-node homo scalar16,single_homo,scalar16,direct,low-risk,1,405.0,0.0,0.84155,1,0,0.0,0.0,1.0,1,1.554172,0.0,1.0
single_task,reputation_aware,eval_083,LAN,1,lan_single_homo_scalar16,LAN single-node homo scalar16,single_homo,scalar16,direct,low-risk,1,410.0,0.0,0.83987,1,0,0.0,0.0,1.0,1,1.554172,0.0,1.0
single_task,reputation_aware,eval_084,LAN,1,lan_single_homo_scalar16,LAN single-node homo scalar16,single_homo,scalar16,direct,low-risk,1,415.0,0.0,0.83987,1,0,0.0,0.0,1.0,1,1.554172,0.0,1.0
single_task,reputation_aware,eval_085,LAN,1,lan_single_homo_scalar16,LAN single-node homo scalar16,single_homo,scalar16,direct,low-risk,1,420.0,0.0,0.84071,1,0,0.0,0.0,1.0,1,1.554172,0.0,1.0
single_task,reputation_aware,eval_086,LAN,1,lan_single_homo_scalar16,LAN single-node homo scalar16,single_homo,scalar16,direct,low-risk,1,425.0,0.0,0.83735,1,0,0.0,0.0,1.0,1,1.554172,0.0,1.0
single_task,reputation_aware,eval_087,LAN,3,lan_ab_scalar16,LAN A/B scalar16,t4strict_pair_a_vs_b_40_200,scalar16,direct,high-risk,3,430.0,0.0,1.05758,1,0,0.15,0.15,0.76,0,1.556788,0.774041,0.985
single_task,reputation_aware,eval_088,LAN,3,lan_ab_scalar16,LAN A/B scalar16,t4strict_pair_a_vs_b_40_200,scalar16,direct,high-risk,3,435.0,0.0,1.05564,1,0,0.15,0.15,0.76,0,1.556788,0.774041,0.985
single_task,reputation_aware,eval_089,LAN,2,lan_single_homo_scalar16,LAN single-node homo scalar16,single_homo,scalar16,direct,low-risk,1,440.0,0.0,0.85415,1,0,0.0,0.0,1.0,1,1.554172,0.0,1.0
single_task,reputation_aware,eval_090,LAN,1,lan_single_homo_scalar16,LAN single-node homo scalar16,single_homo,scalar16,direct,low-risk,1,445.0,0.0,0.83987,1,0,0.0,0.0,1.0,1,1.554172,0.0,1.0
single_task,reputation_aware,eval_091,LAN,1,lan_single_homo_scalar16,LAN single-node homo scalar16,single_homo,scalar16,direct,low-risk,1,450.0,0.0,0.84155,1,0,0.0,0.0,1.0,1,1.554172,0.0,1.0
single_task,reputation_aware,eval_092,LAN,2,lan_single_homo_scalar16,LAN single-node homo scalar16,single_homo,scalar16,direct,low-risk,1,455.0,0.0,0.84323,1,0,0.0,0.0,1.0,1,1.554172,0.0,1.0
single_task,reputation_aware,eval_093,LAN,1,lan_single_homo_scalar16,LAN single-node homo scalar16,single_homo,scalar16,direct,low-risk,1,460.0,0.0,0.84155,1,0,0.0,0.0,1.0,1,1.554172,0.0,1.0
single_task,reputation_aware,eval_094,LAN,1,lan_single_homo_scalar16,LAN single-node homo scalar16,single_homo,scalar16,direct,low-risk,1,465.0,0.0,0.84155,1,0,0.0,0.0,1.0,1,1.554172,0.0,1.0
single_task,reputation_aware,eval_095,LAN,2,lan_single_homo_scalar16,LAN single-node homo scalar16,single_homo,scalar16,direct,low-risk,1,470.0,0.0,0.84239,1,0,0.0,0.0,1.0,1,1.554172,0.0,1.0
single_task,reputation_aware,eval_096,LAN,1,lan_single_homo_scalar16,LAN single-node homo scalar16,single_homo,scalar16,direct,low-risk,1,475.0,0.0,0.83903,1,0,0.0,0.0,1.0,1,1.554172,0.0,1.0
single_task,reputation_aware,eval_097,LAN,3,lan_ab_scalar16,LAN A/B scalar16,t4strict_pair_a_vs_b_40_200,scalar16,direct,high-risk,3,480.0,0.0,1.05952,1,0,0.15,0.15,0.76,0,1.556788,0.774041,0.985
single_task,reputation_aware,eval_098,LAN,3,lan_ab_scalar16,LAN A/B scalar16,t4strict_pair_a_vs_b_40_200,scalar16,direct,high-risk,3,485.0,0.0,1.05758,1,0,0.15,0.15,0.76,0,1.556788,0.774041,0.985
single_task,reputation_aware,eval_099,LAN,3,lan_ab_scalar16,LAN A/B scalar16,t4strict_pair_a_vs_b_40_200,scalar16,direct,high-risk,3,490.0,0.0,1.05564,1,0,0.15,0.15,0.76,0,1.556788,0.774041,0.985
single_task,reputation_aware,eval_100,LAN,1,lan_single_homo_scalar16,LAN single-node homo scalar16,single_homo,scalar16,direct,low-risk,1,495.0,0.0,0.84155,1,0,0.0,0.0,1.0,1,1.554172,0.0,1.0
single_task,reputation_aware,eval_101,LAN,1,lan_single_homo_scalar16,LAN single-node homo scalar16,single_homo,scalar16,direct,low-risk,1,500.0,0.0,0.83399,1,0,0.0,0.0,1.0,1,1.554172,0.0,1.0
single_task,reputation_aware,eval_102,LAN,1,lan_single_homo_scalar16,LAN single-node homo scalar16,single_homo,scalar16,direct,low-risk,1,505.0,0.0,0.83567,1,0,0.0,0.0,1.0,1,1.554172,0.0,1.0
single_task,reputation_aware,eval_103,LAN,1,lan_single_homo_scalar16,LAN single-node homo scalar16,single_homo,scalar16,direct,low-risk,1,510.0,0.0,0.83399,1,0,0.0,0.0,1.0,1,1.554172,0.0,1.0
single_task,reputation_aware,eval_104,LAN,1,lan_single_homo_scalar16,LAN single-node homo scalar16,single_homo,scalar16,direct,low-risk,1,515.0,0.0,0.83399,1,0,0.0,0.0,1.0,1,1.554172,0.0,1.0
single_task,reputation_aware,eval_105,LAN,1,lan_single_homo_scalar16,LAN single-node homo scalar16,single_homo,scalar16,direct,low-risk,1,520.0,0.0,0.83483,1,0,0.0,0.0,1.0,1,1.554172,0.0,1.0
single_task,reputation_aware,eval_106,LAN,1,lan_single_homo_scalar16,LAN single-node homo scalar16,single_homo,scalar16,direct,low-risk,1,525.0,0.0,0.83147,1,0,0.0,0.0,1.0,1,1.554172,0.0,1.0
single_task,reputation_aware,eval_107,LAN,2,lan_single_homo_scalar16,LAN single-node homo scalar16,single_homo,scalar16,direct,low-risk,1,530.0,0.0,0.85163,1,0,0.0,0.0,1.0,1,1.554172,0.0,1.0
single_task,reputation_aware,eval_108,LAN,2,lan_single_homo_scalar16,LAN single-node homo scalar16,single_homo,scalar16,direct,low-risk,1,535.0,0.0,0.84995,1,0,0.0,0.0,1.0,1,1.554172,0.0,1.0
single_task,reputation_aware,eval_109,LAN,2,lan_single_homo_scalar16,LAN single-node homo scalar16,single_homo,scalar16,direct,low-risk,1,540.0,0.0,0.84827,1,0,0.0,0.0,1.0,1,1.554172,0.0,1.0
single_task,reputation_aware,eval_110,LAN,1,lan_single_homo_scalar16,LAN single-node homo scalar16,single_homo,scalar16,direct,low-risk,1,545.0,0.0,0.83399,1,0,0.0,0.0,1.0,1,1.554172,0.0,1.0
single_task,reputation_aware,eval_111,LAN,1,lan_single_homo_scalar16,LAN single-node homo scalar16,single_homo,scalar16,direct,low-risk,1,550.0,0.0,0.83483,1,0,0.0,0.0,1.0,1,1.554172,0.0,1.0
single_task,reputation_aware,eval_112,LAN,1,lan_single_homo_scalar16,LAN single-node homo scalar16,single_homo,scalar16,direct,low-risk,1,555.0,0.0,0.83651,1,0,0.0,0.0,1.0,1,1.554172,0.0,1.0
single_task,reputation_aware,eval_113,LAN,1,lan_single_homo_scalar16,LAN single-node homo scalar16,single_homo,scalar16,direct,low-risk,1,560.0,0.0,0.83483,1,0,0.0,0.0,1.0,1,1.554172,0.0,1.0
single_task,reputation_aware,eval_114,LAN,1,lan_single_homo_scalar16,LAN single-node homo scalar16,single_homo,scalar16,direct,low-risk,1,565.0,0.0,0.83483,1,0,0.0,0.0,1.0,1,1.554172,0.0,1.0
single_task,reputation_aware,eval_115,LAN,1,lan_single_homo_scalar16,LAN single-node homo scalar16,single_homo,scalar16,direct,low-risk,1,570.0,0.0,0.83567,1,0,0.0,0.0,1.0,1,1.554172,0.0,1.0
single_task,reputation_aware,eval_116,LAN,1,lan_single_homo_scalar16,LAN single-node homo scalar16,single_homo,scalar16,direct,low-risk,1,575.0,0.0,0.83231,1,0,0.0,0.0,1.0,1,1.554172,0.0,1.0
single_task,reputation_aware,eval_117,LAN,2,lan_single_homo_scalar16,LAN single-node homo scalar16,single_homo,scalar16,direct,low-risk,1,580.0,0.0,0.85247,0,0,0.0,0.0,1.0,1,1.554172,0.0,0.0
single_task,reputation_aware,eval_118,LAN,2,lan_single_homo_scalar16,LAN single-node homo scalar16,single_homo,scalar16,direct,low-risk,1,585.0,0.0,0.85079,1,0,0.0,0.0,1.0,1,1.554172,0.0,1.0
single_task,reputation_aware,eval_119,LAN,2,lan_single_homo_scalar16,LAN single-node homo scalar16,single_homo,scalar16,direct,low-risk,1,590.0,0.0,0.84911,1,0,0.0,0.0,1.0,1,1.554172,0.0,1.0
single_task,reputation_aware,eval_120,LAN,1,lan_single_homo_scalar16,LAN single-node homo scalar16,single_homo,scalar16,direct,low-risk,1,595.0,0.0,0.83483,1,0,0.0,0.0,1.0,1,1.554172,0.0,1.0
single_task,reputation_aware,eval_121,LAN,1,lan_single_homo_scalar16,LAN single-node homo scalar16,single_homo,scalar16,direct,low-risk,1,600.0,0.0,0.83987,1,0,0.0,0.0,1.0,1,1.554172,0.0,1.0
single_task,reputation_aware,eval_122,LAN,1,lan_single_homo_scalar16,LAN single-node homo scalar16,single_homo,scalar16,direct,low-risk,1,605.0,0.0,0.84155,1,0,0.0,0.0,1.0,1,1.554172,0.0,1.0
single_task,reputation_aware,eval_123,LAN,1,lan_single_homo_scalar16,LAN single-node homo scalar16,single_homo,scalar16,direct,low-risk,1,610.0,0.0,0.83987,1,0,0.0,0.0,1.0,1,1.554172,0.0,1.0
single_task,reputation_aware,eval_124,LAN,1,lan_single_homo_scalar16,LAN single-node homo scalar16,single_homo,scalar16,direct,low-risk,1,615.0,0.0,0.83987,1,0,0.0,0.0,1.0,1,1.554172,0.0,1.0
single_task,reputation_aware,eval_125,LAN,1,lan_single_homo_scalar16,LAN single-node homo scalar16,single_homo,scalar16,direct,low-risk,1,620.0,0.0,0.84071,1,0,0.0,0.0,1.0,1,1.554172,0.0,1.0
single_task,reputation_aware,eval_126,LAN,1,lan_single_homo_scalar16,LAN single-node homo scalar16,single_homo,scalar16,direct,low-risk,1,625.0,0.0,0.83735,1,0,0.0,0.0,1.0,1,1.554172,0.0,1.0
single_task,reputation_aware,eval_127,LAN,3,lan_ab_scalar16,LAN A/B scalar16,t4strict_pair_a_vs_b_40_200,scalar16,direct,high-risk,3,630.0,0.0,1.05758,1,1,0.15,0.15,0.76,0,5.160275,0.774041,0.835
single_task,reputation_aware,eval_128,LAN,3,lan_ab_scalar16,LAN A/B scalar16,t4strict_pair_a_vs_b_40_200,scalar16,direct,high-risk,3,635.0,0.0,1.05564,1,0,0.15,0.15,0.76,0,1.556788,0.774041,0.985
single_task,reputation_aware,eval_129,LAN,2,lan_single_homo_scalar16,LAN single-node homo scalar16,single_homo,scalar16,direct,low-risk,1,640.0,0.0,0.85415,1,0,0.0,0.0,1.0,1,1.554172,0.0,1.0
single_task,reputation_aware,eval_130,LAN,1,lan_single_homo_scalar16,LAN single-node homo scalar16,single_homo,scalar16,direct,low-risk,1,645.0,0.0,0.83987,1,0,0.0,0.0,1.0,1,1.554172,0.0,1.0
single_task,reputation_aware,eval_131,LAN,2,lan_single_homo_scalar16,LAN single-node homo scalar16,single_homo,scalar16,direct,low-risk,1,650.0,0.0,0.84407,1,0,0.0,0.0,1.0,1,1.554172,0.0,1.0
single_task,reputation_aware,eval_132,LAN,2,lan_single_homo_scalar16,LAN single-node homo scalar16,single_homo,scalar16,direct,low-risk,1,655.0,0.0,0.84575,0,0,0.0,0.0,1.0,1,1.554172,0.0,0.0
single_task,reputation_aware,eval_133,LAN,2,lan_single_homo_scalar16,LAN single-node homo scalar16,single_homo,scalar16,direct,low-risk,1,660.0,0.0,0.84407,1,0,0.0,0.0,1.0,1,1.554172,0.0,1.0
single_task,reputation_aware,eval_134,LAN,2,lan_single_homo_scalar16,LAN single-node homo scalar16,single_homo,scalar16,direct,low-risk,1,665.0,0.0,0.84407,1,0,0.0,0.0,1.0,1,1.554172,0.0,1.0
single_task,reputation_aware,eval_135,LAN,2,lan_single_homo_scalar16,LAN single-node homo scalar16,single_homo,scalar16,direct,low-risk,1,670.0,0.0,0.84491,1,0,0.0,0.0,1.0,1,1.554172,0.0,1.0
single_task,reputation_aware,eval_136,LAN,1,lan_single_homo_scalar16,LAN single-node homo scalar16,single_homo,scalar16,direct,low-risk,1,675.0,0.0,0.84155,1,0,0.0,0.0,1.0,1,1.554172,0.0,1.0
single_task,reputation_aware,eval_137,LAN,3,lan_ab_scalar16,LAN A/B scalar16,t4strict_pair_a_vs_b_40_200,scalar16,direct,high-risk,3,680.0,0.0,1.06243,1,1,0.15,0.15,0.76,0,5.160275,0.774041,0.835
single_task,reputation_aware,eval_138,LAN,3,lan_ab_scalar16,LAN A/B scalar16,t4strict_pair_a_vs_b_40_200,scalar16,direct,high-risk,3,685.0,0.0,1.06049,1,0,0.15,0.15,0.76,0,1.556788,0.774041,0.985
single_task,reputation_aware,eval_139,LAN,3,lan_ab_scalar16,LAN A/B scalar16,t4strict_pair_a_vs_b_40_200,scalar16,direct,high-risk,3,690.0,0.0,1.05855,1,0,0.15,0.15,0.76,0,1.556788,0.774041,0.985
single_task,reputation_aware,eval_140,LAN,2,lan_single_homo_scalar16,LAN single-node homo scalar16,single_homo,scalar16,direct,low-risk,1,695.0,0.0,0.84407,1,0,0.0,0.0,1.0,1,1.554172,0.0,1.0
single_task,reputation_aware,eval_141,WAN,1,wan_ad_scalar16,WAN A/D scalar16,t4strict_pair_a_vs_d_40_200,scalar16,direct,high-risk,3,700.0,0.0,1.24875,1,0,0.09,0.09,0.51,0,1.776668,0.484214,0.991
single_task,reputation_aware,eval_142,WAN,1,wan_ad_scalar16,WAN A/D scalar16,t4strict_pair_a_vs_d_40_200,scalar16,direct,high-risk,3,705.0,0.0,1.25073,1,0,0.09,0.09,0.51,0,1.776668,0.484214,0.991
single_task,reputation_aware,eval_143,WAN,1,wan_ad_scalar16,WAN A/D scalar16,t4strict_pair_a_vs_d_40_200,scalar16,direct,high-risk,3,710.0,0.0,1.24875,1,0,0.09,0.09,0.51,0,1.776668,0.484214,0.991
single_task,reputation_aware,eval_144,WAN,1,wan_ad_scalar16,WAN A/D scalar16,t4strict_pair_a_vs_d_40_200,scalar16,direct,high-risk,3,715.0,0.0,1.24875,1,0,0.09,0.09,0.51,0,1.776668,0.484214,0.991
single_task,reputation_aware,eval_145,WAN,1,wan_ad_scalar16,WAN A/D scalar16,t4strict_pair_a_vs_d_40_200,scalar16,direct,high-risk,3,720.0,0.0,1.24974,1,0,0.09,0.09,0.51,0,1.776668,0.484214,0.991
single_task,reputation_aware,eval_146,WAN,1,wan_ad_scalar16,WAN A/D scalar16,t4strict_pair_a_vs_d_40_200,scalar16,direct,high-risk,3,725.0,0.0,1.24578,1,0,0.09,0.09,0.51,0,1.776668,0.484214,0.991
single_task,reputation_aware,eval_147,WAN,2,wan_ad_scalar16,WAN A/D scalar16,t4strict_pair_a_vs_d_40_200,scalar16,direct,high-risk,3,730.0,0.0,1.26954,1,0,0.09,0.09,0.51,0,1.776668,0.484214,0.991
single_task,reputation_aware,eval_148,WAN,2,wan_ad_scalar16,WAN A/D scalar16,t4strict_pair_a_vs_d_40_200,scalar16,direct,high-risk,3,735.0,0.0,1.26756,1,0,0.09,0.09,0.51,0,1.776668,0.484214,0.991
single_task,reputation_aware,eval_149,WAN,2,wan_ad_scalar16,WAN A/D scalar16,t4strict_pair_a_vs_d_40_200,scalar16,direct,high-risk,3,740.0,0.0,1.26558,1,0,0.09,0.09,0.51,0,1.776668,0.484214,0.991
single_task,reputation_aware,eval_150,WAN,1,wan_ad_scalar16,WAN A/D scalar16,t4strict_pair_a_vs_d_40_200,scalar16,direct,high-risk,3,745.0,0.0,1.24875,1,1,0.09,0.09,0.51,0,5.380155,0.484214,0.841
single_task,reputation_aware,eval_151,WAN,1,wan_ad_scalar16,WAN A/D scalar16,t4strict_pair_a_vs_d_40_200,scalar16,direct,high-risk,3,750.0,0.0,1.25172,1,0,0.09,0.09,0.51,0,1.776668,0.484214,0.991
single_task,reputation_aware,eval_152,WAN,1,wan_ad_scalar16,WAN A/D scalar16,t4strict_pair_a_vs_d_40_200,scalar16,direct,high-risk,3,755.0,0.0,1.2537,1,0,0.09,0.09,0.51,0,1.776668,0.484214,0.991
single_task,reputation_aware,eval_153,WAN,1,wan_ad_scalar16,WAN A/D scalar16,t4strict_pair_a_vs_d_40_200,scalar16,direct,high-risk,3,760.0,0.0,1.25172,1,1,0.09,0.09,0.51,0,5.380155,0.484214,0.841
single_task,reputation_aware,eval_154,WAN,1,wan_ad_scalar16,WAN A/D scalar16,t4strict_pair_a_vs_d_40_200,scalar16,direct,high-risk,3,765.0,0.0,1.25172,1,0,0.09,0.09,0.51,0,1.776668,0.484214,0.991
single_task,reputation_aware,eval_155,WAN,1,wan_ad_scalar16,WAN A/D scalar16,t4strict_pair_a_vs_d_40_200,scalar16,direct,high-risk,3,770.0,0.0,1.25271,1,0,0.09,0.09,0.51,0,1.776668,0.484214,0.991
single_task,reputation_aware,eval_156,WAN,1,wan_ad_scalar16,WAN A/D scalar16,t4strict_pair_a_vs_d_40_200,scalar16,direct,high-risk,3,775.0,0.0,1.24875,1,0,0.09,0.09,0.51,0,1.776668,0.484214,0.991
single_task,reputation_aware,eval_157,WAN,2,wan_ad_scalar16,WAN A/D scalar16,t4strict_pair_a_vs_d_40_200,scalar16,direct,high-risk,3,780.0,0.0,1.27251,0,0,0.09,0.09,0.51,0,1.776668,0.484214,-0.009
single_task,reputation_aware,eval_158,WAN,2,wan_ad_scalar16,WAN A/D scalar16,t4strict_pair_a_vs_d_40_200,scalar16,direct,high-risk,3,785.0,0.0,1.27053,1,0,0.09,0.09,0.51,0,1.776668,0.484214,0.991
single_task,reputation_aware,eval_159,WAN,2,wan_ad_scalar16,WAN A/D scalar16,t4strict_pair_a_vs_d_40_200,scalar16,direct,high-risk,3,790.0,0.0,1.26855,1,0,0.09,0.09,0.51,0,1.776668,0.484214,0.991
single_task,reputation_aware,eval_160,WAN,1,wan_ad_scalar16,WAN A/D scalar16,t4strict_pair_a_vs_d_40_200,scalar16,direct,high-risk,3,795.0,0.0,1.25172,1,0,0.09,0.09,0.51,0,1.776668,0.484214,0.991
single_task,reputation_aware,eval_161,WAN,2,wan_ad_scalar16,WAN A/D scalar16,t4strict_pair_a_vs_d_40_200,scalar16,direct,high-risk,3,800.0,0.0,1.26162,1,0,0.09,0.09,0.51,0,1.776668,0.484214,0.991
single_task,reputation_aware,eval_162,WAN,2,wan_ad_scalar16,WAN A/D scalar16,t4strict_pair_a_vs_d_40_200,scalar16,direct,high-risk,3,805.0,0.0,1.2636,1,0,0.09,0.09,0.51,0,1.776668,0.484214,0.991
single_task,reputation_aware,eval_163,WAN,2,wan_ad_scalar16,WAN A/D scalar16,t4strict_pair_a_vs_d_40_200,scalar16,direct,high-risk,3,810.0,0.0,1.26162,1,0,0.09,0.09,0.51,0,1.776668,0.484214,0.991
single_task,reputation_aware,eval_164,WAN,2,wan_ad_scalar16,WAN A/D scalar16,t4strict_pair_a_vs_d_40_200,scalar16,direct,high-risk,3,815.0,0.0,1.26162,1,0,0.09,0.09,0.51,0,1.776668,0.484214,0.991
single_task,reputation_aware,eval_165,WAN,2,wan_ad_scalar16,WAN A/D scalar16,t4strict_pair_a_vs_d_40_200,scalar16,direct,high-risk,3,820.0,0.0,1.26261,1,0,0.09,0.09,0.51,0,1.776668,0.484214,0.991
single_task,reputation_aware,eval_166,WAN,1,wan_ad_scalar16,WAN A/D scalar16,t4strict_pair_a_vs_d_40_200,scalar16,direct,high-risk,3,825.0,0.0,1.25865,1,0,0.09,0.09,0.51,0,1.776668,0.484214,0.991
single_task,reputation_aware,eval_167,WAN,3,wan_ad_scalar16,WAN A/D scalar16,t4strict_pair_a_vs_d_40_200,scalar16,direct,high-risk,3,830.0,0.0,1.28241,0,0,0.09,0.09,0.51,0,1.776668,0.484214,-0.009
single_task,reputation_aware,eval_168,WAN,3,wan_ad_scalar16,WAN A/D scalar16,t4strict_pair_a_vs_d_40_200,scalar16,direct,high-risk,3,835.0,0.0,1.28043,1,0,0.09,0.09,0.51,0,1.776668,0.484214,0.991
single_task,reputation_aware,eval_169,WAN,3,wan_ad_scalar16,WAN A/D scalar16,t4strict_pair_a_vs_d_40_200,scalar16,direct,high-risk,3,840.0,0.0,1.27845,1,0,0.09,0.09,0.51,0,1.776668,0.484214,0.991
single_task,reputation_aware,eval_170,WAN,2,wan_ad_scalar16,WAN A/D scalar16,t4strict_pair_a_vs_d_40_200,scalar16,direct,high-risk,3,845.0,0.0,1.26162,1,0,0.09,0.09,0.51,0,1.776668,0.484214,0.991
single_task,reputation_aware,eval_171,WAN,1,wan_ad_scalar16,WAN A/D scalar16,t4strict_pair_a_vs_d_40_200,scalar16,direct,high-risk,3,850.0,0.0,1.25865,1,0,0.09,0.09,0.51,0,1.776668,0.484214,0.991
single_task,reputation_aware,eval_172,WAN,2,wan_ad_scalar16,WAN A/D scalar16,t4strict_pair_a_vs_d_40_200,scalar16,direct,high-risk,3,855.0,0.0,1.26063,1,1,0.09,0.09,0.51,0,5.380155,0.484214,0.841
single_task,reputation_aware,eval_173,WAN,1,wan_ad_scalar16,WAN A/D scalar16,t4strict_pair_a_vs_d_40_200,scalar16,direct,high-risk,3,860.0,0.0,1.25865,1,0,0.09,0.09,0.51,0,1.776668,0.484214,0.991
single_task,reputation_aware,eval_174,WAN,1,wan_ad_scalar16,WAN A/D scalar16,t4strict_pair_a_vs_d_40_200,scalar16,direct,high-risk,3,865.0,0.0,1.25865,1,0,0.09,0.09,0.51,0,1.776668,0.484214,0.991
single_task,reputation_aware,eval_175,WAN,2,wan_ad_scalar16,WAN A/D scalar16,t4strict_pair_a_vs_d_40_200,scalar16,direct,high-risk,3,870.0,0.0,1.25964,1,0,0.09,0.09,0.51,0,1.776668,0.484214,0.991
single_task,reputation_aware,eval_176,WAN,1,wan_ad_scalar16,WAN A/D scalar16,t4strict_pair_a_vs_d_40_200,scalar16,direct,high-risk,3,875.0,0.0,1.25568,1,0,0.09,0.09,0.51,0,1.776668,0.484214,0.991
single_task,reputation_aware,eval_177,WAN,3,wan_ad_scalar16,WAN A/D scalar16,t4strict_pair_a_vs_d_40_200,scalar16,direct,high-risk,3,880.0,0.0,1.27944,1,0,0.09,0.09,0.51,0,1.776668,0.484214,0.991
single_task,reputation_aware,eval_178,WAN,3,wan_ad_scalar16,WAN A/D scalar16,t4strict_pair_a_vs_d_40_200,scalar16,direct,high-risk,3,885.0,0.0,1.27746,0,0,0.09,0.09,0.51,0,1.776668,0.484214,-0.009
single_task,reputation_aware,eval_179,WAN,3,wan_ad_scalar16,WAN A/D scalar16,t4strict_pair_a_vs_d_40_200,scalar16,direct,high-risk,3,890.0,0.0,1.27548,1,0,0.09,0.09,0.51,0,1.776668,0.484214,0.991
single_task,reputation_aware,eval_180,WAN,1,wan_ad_scalar16,WAN A/D scalar16,t4strict_pair_a_vs_d_40_200,scalar16,direct,high-risk,3,895.0,0.0,1.25865,1,1,0.09,0.09,0.51,0,5.380155,0.484214,0.841
single_task,reputation_aware,eval_181,WAN,2,wan_ad_scalar16,WAN A/D scalar16,t4strict_pair_a_vs_d_40_200,scalar16,direct,high-risk,3,900.0,0.0,1.26756,1,0,0.09,0.09,0.51,0,1.776668,0.484214,0.991
single_task,reputation_aware,eval_182,WAN,2,wan_ad_scalar16,WAN A/D scalar16,t4strict_pair_a_vs_d_40_200,scalar16,direct,high-risk,3,905.0,0.0,1.26954,1,0,0.09,0.09,0.51,0,1.776668,0.484214,0.991
single_task,reputation_aware,eval_183,WAN,2,wan_ad_scalar16,WAN A/D scalar16,t4strict_pair_a_vs_d_40_200,scalar16,direct,high-risk,3,910.0,0.0,1.26756,1,0,0.09,0.09,0.51,0,1.776668,0.484214,0.991
single_task,reputation_aware,eval_184,WAN,2,wan_ad_scalar16,WAN A/D scalar16,t4strict_pair_a_vs_d_40_200,scalar16,direct,high-risk,3,915.0,0.0,1.26756,1,0,0.09,0.09,0.51,0,1.776668,0.484214,0.991
single_task,reputation_aware,eval_185,WAN,2,wan_ad_scalar16,WAN A/D scalar16,t4strict_pair_a_vs_d_40_200,scalar16,direct,high-risk,3,920.0,0.0,1.26855,1,0,0.09,0.09,0.51,0,1.776668,0.484214,0.991
single_task,reputation_aware,eval_186,WAN,2,wan_ad_scalar16,WAN A/D scalar16,t4strict_pair_a_vs_d_40_200,scalar16,direct,high-risk,3,925.0,0.0,1.26459,1,0,0.09,0.09,0.51,0,1.776668,0.484214,0.991
single_task,reputation_aware,eval_187,WAN,3,wan_ad_scalar16,WAN A/D scalar16,t4strict_pair_a_vs_d_40_200,scalar16,direct,high-risk,3,930.0,0.0,1.28835,1,0,0.09,0.09,0.51,0,1.776668,0.484214,0.991
single_task,reputation_aware,eval_188,WAN,3,wan_ad_scalar16,WAN A/D scalar16,t4strict_pair_a_vs_d_40_200,scalar16,direct,high-risk,3,935.0,0.0,1.28637,1,0,0.09,0.09,0.51,0,1.776668,0.484214,0.991
single_task,reputation_aware,eval_189,WAN,3,wan_ad_scalar16,WAN A/D scalar16,t4strict_pair_a_vs_d_40_200,scalar16,direct,high-risk,3,940.0,0.0,1.28439,1,0,0.09,0.09,0.51,0,1.776668,0.484214,0.991
single_task,reputation_aware,eval_190,WAN,2,wan_ad_scalar16,WAN A/D scalar16,t4strict_pair_a_vs_d_40_200,scalar16,direct,high-risk,3,945.0,0.0,1.26756,1,0,0.09,0.09,0.51,0,1.776668,0.484214,0.991
single_task,reputation_aware,eval_191,WAN,2,wan_ad_scalar16,WAN A/D scalar16,t4strict_pair_a_vs_d_40_200,scalar16,direct,high-risk,3,950.0,0.0,1.26756,1,0,0.09,0.09,0.51,0,1.776668,0.484214,0.991
single_task,reputation_aware,eval_192,WAN,2,wan_ad_scalar16,WAN A/D scalar16,t4strict_pair_a_vs_d_40_200,scalar16,direct,high-risk,3,955.0,0.0,1.26954,1,0,0.09,0.09,0.51,0,1.776668,0.484214,0.991
single_task,reputation_aware,eval_193,WAN,2,wan_ad_scalar16,WAN A/D scalar16,t4strict_pair_a_vs_d_40_200,scalar16,direct,high-risk,3,960.0,0.0,1.26756,1,0,0.09,0.09,0.51,0,1.776668,0.484214,0.991
single_task,reputation_aware,eval_194,WAN,2,wan_ad_scalar16,WAN A/D scalar16,t4strict_pair_a_vs_d_40_200,scalar16,direct,high-risk,3,965.0,0.0,1.26756,1,0,0.09,0.09,0.51,0,1.776668,0.484214,0.991
single_task,reputation_aware,eval_195,WAN,2,wan_ad_scalar16,WAN A/D scalar16,t4strict_pair_a_vs_d_40_200,scalar16,direct,high-risk,3,970.0,0.0,1.26855,1,0,0.09,0.09,0.51,0,1.776668,0.484214,0.991
single_task,reputation_aware,eval_196,WAN,2,wan_ad_scalar16,WAN A/D scalar16,t4strict_pair_a_vs_d_40_200,scalar16,direct,high-risk,3,975.0,0.0,1.26459,1,0,0.09,0.09,0.51,0,1.776668,0.484214,0.991
single_task,reputation_aware,eval_197,WAN,3,wan_ad_scalar16,WAN A/D scalar16,t4strict_pair_a_vs_d_40_200,scalar16,direct,high-risk,3,980.0,0.0,1.28835,1,0,0.09,0.09,0.51,0,1.776668,0.484214,0.991
single_task,reputation_aware,eval_198,WAN,3,wan_ad_scalar16,WAN A/D scalar16,t4strict_pair_a_vs_d_40_200,scalar16,direct,high-risk,3,985.0,0.0,1.28637,1,0,0.09,0.09,0.51,0,1.776668,0.484214,0.991
single_task,reputation_aware,eval_199,WAN,3,wan_ad_scalar16,WAN A/D scalar16,t4strict_pair_a_vs_d_40_200,scalar16,direct,high-risk,3,990.0,0.0,1.28439,1,0,0.09,0.09,0.51,0,1.776668,0.484214,0.991
single_task,reputation_aware,eval_200,WAN,2,wan_ad_scalar16,WAN A/D scalar16,t4strict_pair_a_vs_d_40_200,scalar16,direct,high-risk,3,995.0,0.0,1.26756,0,0,0.09,0.09,0.51,0,1.776668,0.484214,-0.009
single_task,network_aware,eval_001,LAN,3,lan_ab_scalar16,LAN A/B scalar16,t4strict_pair_a_vs_b_40_200,scalar16,direct,high-risk,3,0.0,0.0,1.05564,1,0,0.15,0.15,0.76,0,1.556788,0.774041,0.985
single_task,network_aware,eval_002,LAN,3,lan_ab_scalar16,LAN A/B scalar16,t4strict_pair_a_vs_b_40_200,scalar16,direct,high-risk,3,5.0,0.0,1.05758,1,0,0.15,0.15,0.76,0,1.556788,0.774041,0.985
single_task,network_aware,eval_003,LAN,3,lan_ab_scalar16,LAN A/B scalar16,t4strict_pair_a_vs_b_40_200,scalar16,direct,high-risk,3,10.0,0.0,1.05564,1,0,0.15,0.15,0.76,0,1.556788,0.774041,0.985
single_task,network_aware,eval_004,LAN,3,lan_ab_scalar16,LAN A/B scalar16,t4strict_pair_a_vs_b_40_200,scalar16,direct,high-risk,3,15.0,0.0,1.05564,1,0,0.15,0.15,0.76,0,1.556788,0.774041,0.985
single_task,network_aware,eval_005,LAN,3,lan_ab_scalar16,LAN A/B scalar16,t4strict_pair_a_vs_b_40_200,scalar16,direct,high-risk,3,20.0,0.0,1.05661,1,0,0.15,0.15,0.76,0,1.556788,0.774041,0.985
single_task,network_aware,eval_006,LAN,2,lan_single_homo_scalar16,LAN single-node homo scalar16,single_homo,scalar16,direct,low-risk,1,25.0,0.0,0.85331,1,0,0.0,0.0,1.0,1,1.554172,0.0,1.0
single_task,network_aware,eval_007,LAN,3,lan_ab_scalar16,LAN A/B scalar16,t4strict_pair_a_vs_b_40_200,scalar16,direct,high-risk,3,30.0,0.0,1.07601,1,0,0.15,0.15,0.76,0,1.556788,0.774041,0.985
single_task,network_aware,eval_008,LAN,3,lan_ab_scalar16,LAN A/B scalar16,t4strict_pair_a_vs_b_40_200,scalar16,direct,high-risk,3,35.0,0.0,1.07407,1,0,0.15,0.15,0.76,0,1.556788,0.774041,0.985
single_task,network_aware,eval_009,LAN,3,lan_ab_scalar16,LAN A/B scalar16,t4strict_pair_a_vs_b_40_200,scalar16,direct,high-risk,3,40.0,0.0,1.07213,1,0,0.15,0.15,0.76,0,1.556788,0.774041,0.985
single_task,network_aware,eval_010,LAN,3,lan_ab_scalar16,LAN A/B scalar16,t4strict_pair_a_vs_b_40_200,scalar16,direct,high-risk,3,45.0,0.0,1.05564,1,0,0.15,0.15,0.76,0,1.556788,0.774041,0.985
single_task,network_aware,eval_011,LAN,1,lan_single_homo_scalar16,LAN single-node homo scalar16,single_homo,scalar16,direct,low-risk,1,50.0,0.0,0.83987,1,0,0.0,0.0,1.0,1,1.554172,0.0,1.0
single_task,network_aware,eval_012,LAN,1,lan_single_homo_scalar16,LAN single-node homo scalar16,single_homo,scalar16,direct,low-risk,1,55.0,0.0,0.84155,1,0,0.0,0.0,1.0,1,1.554172,0.0,1.0
single_task,network_aware,eval_013,LAN,1,lan_single_homo_scalar16,LAN single-node homo scalar16,single_homo,scalar16,direct,low-risk,1,60.0,0.0,0.83987,1,0,0.0,0.0,1.0,1,1.554172,0.0,1.0
single_task,network_aware,eval_014,LAN,1,lan_single_homo_scalar16,LAN single-node homo scalar16,single_homo,scalar16,direct,low-risk,1,65.0,0.0,0.83987,1,0,0.0,0.0,1.0,1,1.554172,0.0,1.0
single_task,network_aware,eval_015,LAN,1,lan_single_homo_scalar16,LAN single-node homo scalar16,single_homo,scalar16,direct,low-risk,1,70.0,0.0,0.84071,1,0,0.0,0.0,1.0,1,1.554172,0.0,1.0
single_task,network_aware,eval_016,LAN,1,lan_single_homo_scalar16,LAN single-node homo scalar16,single_homo,scalar16,direct,low-risk,1,75.0,0.0,0.83735,1,0,0.0,0.0,1.0,1,1.554172,0.0,1.0
single_task,network_aware,eval_017,LAN,3,lan_ab_scalar16,LAN A/B scalar16,t4strict_pair_a_vs_b_40_200,scalar16,direct,high-risk,3,80.0,0.0,1.05758,0,0,0.15,0.15,0.76,0,1.556788,0.774041,-0.015
single_task,network_aware,eval_018,LAN,3,lan_ab_scalar16,LAN A/B scalar16,t4strict_pair_a_vs_b_40_200,scalar16,direct,high-risk,3,85.0,0.0,1.05564,1,0,0.15,0.15,0.76,0,1.556788,0.774041,0.985
single_task,network_aware,eval_019,LAN,2,lan_single_homo_scalar16,LAN single-node homo scalar16,single_homo,scalar16,direct,low-risk,1,90.0,0.0,0.85415,1,0,0.0,0.0,1.0,1,1.554172,0.0,1.0
single_task,network_aware,eval_020,LAN,1,lan_single_homo_scalar16,LAN single-node homo scalar16,single_homo,scalar16,direct,low-risk,1,95.0,0.0,0.83987,1,0,0.0,0.0,1.0,1,1.554172,0.0,1.0
single_task,network_aware,eval_021,LAN,1,lan_single_homo_scalar16,LAN single-node homo scalar16,single_homo,scalar16,direct,low-risk,1,100.0,0.0,0.83231,1,0,0.0,0.0,1.0,1,1.554172,0.0,1.0
single_task,network_aware,eval_022,LAN,1,lan_single_homo_scalar16,LAN single-node homo scalar16,single_homo,scalar16,direct,low-risk,1,105.0,0.0,0.83399,1,0,0.0,0.0,1.0,1,1.554172,0.0,1.0
single_task,network_aware,eval_023,LAN,1,lan_single_homo_scalar16,LAN single-node homo scalar16,single_homo,scalar16,direct,low-risk,1,110.0,0.0,0.83231,1,0,0.0,0.0,1.0,1,1.554172,0.0,1.0
single_task,network_aware,eval_024,LAN,1,lan_single_homo_scalar16,LAN single-node homo scalar16,single_homo,scalar16,direct,low-risk,1,115.0,0.0,0.83231,1,0,0.0,0.0,1.0,1,1.554172,0.0,1.0
single_task,network_aware,eval_025,LAN,1,lan_single_homo_scalar16,LAN single-node homo scalar16,single_homo,scalar16,direct,low-risk,1,120.0,0.0,0.83315,1,0,0.0,0.0,1.0,1,1.554172,0.0,1.0
single_task,network_aware,eval_026,LAN,1,lan_single_homo_scalar16,LAN single-node homo scalar16,single_homo,scalar16,direct,low-risk,1,125.0,0.0,0.82979,1,0,0.0,0.0,1.0,1,1.554172,0.0,1.0
single_task,network_aware,eval_027,LAN,2,lan_single_homo_scalar16,LAN single-node homo scalar16,single_homo,scalar16,direct,low-risk,1,130.0,0.0,0.84995,1,0,0.0,0.0,1.0,1,1.554172,0.0,1.0
single_task,network_aware,eval_028,LAN,2,lan_single_homo_scalar16,LAN single-node homo scalar16,single_homo,scalar16,direct,low-risk,1,135.0,0.0,0.84827,1,0,0.0,0.0,1.0,1,1.554172,0.0,1.0
single_task,network_aware,eval_029,LAN,2,lan_single_homo_scalar16,LAN single-node homo scalar16,single_homo,scalar16,direct,low-risk,1,140.0,0.0,0.84659,1,0,0.0,0.0,1.0,1,1.554172,0.0,1.0
single_task,network_aware,eval_030,LAN,1,lan_single_homo_scalar16,LAN single-node homo scalar16,single_homo,scalar16,direct,low-risk,1,145.0,0.0,0.83231,1,0,0.0,0.0,1.0,1,1.554172,0.0,1.0
single_task,network_aware,eval_031,LAN,2,lan_single_homo_scalar16,LAN single-node homo scalar16,single_homo,scalar16,direct,low-risk,1,150.0,0.0,0.84743,1,0,0.0,0.0,1.0,1,1.554172,0.0,1.0
single_task,network_aware,eval_032,LAN,2,lan_single_homo_scalar16,LAN single-node homo scalar16,single_homo,scalar16,direct,low-risk,1,155.0,0.0,0.84911,0,0,0.0,0.0,1.0,1,1.554172,0.0,0.0
single_task,network_aware,eval_033,LAN,2,lan_single_homo_scalar16,LAN single-node homo scalar16,single_homo,scalar16,direct,low-risk,1,160.0,0.0,0.84743,1,0,0.0,0.0,1.0,1,1.554172,0.0,1.0
single_task,network_aware,eval_034,LAN,2,lan_single_homo_scalar16,LAN single-node homo scalar16,single_homo,scalar16,direct,low-risk,1,165.0,0.0,0.84743,1,0,0.0,0.0,1.0,1,1.554172,0.0,1.0
single_task,network_aware,eval_035,LAN,2,lan_single_homo_scalar16,LAN single-node homo scalar16,single_homo,scalar16,direct,low-risk,1,170.0,0.0,0.84827,1,0,0.0,0.0,1.0,1,1.554172,0.0,1.0
single_task,network_aware,eval_036,LAN,2,lan_single_homo_scalar16,LAN single-node homo scalar16,single_homo,scalar16,direct,low-risk,1,175.0,0.0,0.84491,1,0,0.0,0.0,1.0,1,1.554172,0.0,1.0
single_task,network_aware,eval_037,LAN,3,lan_ab_scalar16,LAN A/B scalar16,t4strict_pair_a_vs_b_40_200,scalar16,direct,high-risk,3,180.0,0.0,1.06631,1,0,0.15,0.15,0.76,0,1.556788,0.774041,0.985
single_task,network_aware,eval_038,LAN,3,lan_ab_scalar16,LAN A/B scalar16,t4strict_pair_a_vs_b_40_200,scalar16,direct,high-risk,3,185.0,0.0,1.06437,1,0,0.15,0.15,0.76,0,1.556788,0.774041,0.985
single_task,network_aware,eval_039,LAN,3,lan_ab_scalar16,LAN A/B scalar16,t4strict_pair_a_vs_b_40_200,scalar16,direct,high-risk,3,190.0,0.0,1.06243,1,0,0.15,0.15,0.76,0,1.556788,0.774041,0.985
single_task,network_aware,eval_040,LAN,2,lan_single_homo_scalar16,LAN single-node homo scalar16,single_homo,scalar16,direct,low-risk,1,195.0,0.0,0.84743,1,0,0.0,0.0,1.0,1,1.554172,0.0,1.0
single_task,network_aware,eval_041,LAN,2,lan_single_homo_scalar16,LAN single-node homo scalar16,single_homo,scalar16,direct,low-risk,1,200.0,0.0,0.84743,1,0,0.0,0.0,1.0,1,1.554172,0.0,1.0
single_task,network_aware,eval_042,LAN,2,lan_single_homo_scalar16,LAN single-node homo scalar16,single_homo,scalar16,direct,low-risk,1,205.0,0.0,0.84911,1,0,0.0,0.0,1.0,1,1.554172,0.0,1.0
single_task,network_aware,eval_043,LAN,2,lan_single_homo_scalar16,LAN single-node homo scalar16,single_homo,scalar16,direct,low-risk,1,210.0,0.0,0.84743,1,0,0.0,0.0,1.0,1,1.554172,0.0,1.0
single_task,network_aware,eval_044,LAN,2,lan_single_homo_scalar16,LAN single-node homo scalar16,single_homo,scalar16,direct,low-risk,1,215.0,0.0,0.84743,1,0,0.0,0.0,1.0,1,1.554172,0.0,1.0
single_task,network_aware,eval_045,LAN,2,lan_single_homo_scalar16,LAN single-node homo scalar16,single_homo,scalar16,direct,low-risk,1,220.0,0.0,0.84827,0,0,0.0,0.0,1.0,1,1.554172,0.0,0.0
single_task,network_aware,eval_046,LAN,2,lan_single_homo_scalar16,LAN single-node homo scalar16,single_homo,scalar16,direct,low-risk,1,225.0,0.0,0.84491,1,0,0.0,0.0,1.0,1,1.554172,0.0,1.0
single_task,network_aware,eval_047,LAN,3,lan_ab_scalar16,LAN A/B scalar16,t4strict_pair_a_vs_b_40_200,scalar16,direct,high-risk,3,230.0,0.0,1.06631,1,1,0.15,0.15,0.76,0,5.160275,0.774041,0.835
single_task,network_aware,eval_048,LAN,3,lan_ab_scalar16,LAN A/B scalar16,t4strict_pair_a_vs_b_40_200,scalar16,direct,high-risk,3,235.0,0.0,1.06437,1,0,0.15,0.15,0.76,0,1.556788,0.774041,0.985
single_task,network_aware,eval_049,LAN,3,lan_ab_scalar16,LAN A/B scalar16,t4strict_pair_a_vs_b_40_200,scalar16,direct,high-risk,3,240.0,0.0,1.06243,1,1,0.15,0.15,0.76,0,5.160275,0.774041,0.835
single_task,network_aware,eval_050,LAN,2,lan_single_homo_scalar16,LAN single-node homo scalar16,single_homo,scalar16,direct,low-risk,1,245.0,0.0,0.84743,1,0,0.0,0.0,1.0,1,1.554172,0.0,1.0
single_task,network_aware,eval_051,LAN,3,lan_ab_scalar16,LAN A/B scalar16,t4strict_pair_a_vs_b_40_200,scalar16,direct,high-risk,3,250.0,0.0,1.05661,1,0,0.15,0.15,0.76,0,1.556788,0.774041,0.985
single_task,network_aware,eval_052,LAN,3,lan_ab_scalar16,LAN A/B scalar16,t4strict_pair_a_vs_b_40_200,scalar16,direct,high-risk,3,255.0,0.0,1.05855,1,0,0.15,0.15,0.76,0,1.556788,0.774041,0.985
single_task,network_aware,eval_053,LAN,3,lan_ab_scalar16,LAN A/B scalar16,t4strict_pair_a_vs_b_40_200,scalar16,direct,high-risk,3,260.0,0.0,1.05661,1,1,0.15,0.15,0.76,0,5.160275,0.774041,0.835
single_task,network_aware,eval_054,LAN,3,lan_ab_scalar16,LAN A/B scalar16,t4strict_pair_a_vs_b_40_200,scalar16,direct,high-risk,3,265.0,0.0,1.05661,1,0,0.15,0.15,0.76,0,1.556788,0.774041,0.985
single_task,network_aware,eval_055,LAN,3,lan_ab_scalar16,LAN A/B scalar16,t4strict_pair_a_vs_b_40_200,scalar16,direct,high-risk,3,270.0,0.0,1.05758,1,0,0.15,0.15,0.76,0,1.556788,0.774041,0.985
single_task,network_aware,eval_056,LAN,2,lan_single_homo_scalar16,LAN single-node homo scalar16,single_homo,scalar16,direct,low-risk,1,275.0,0.0,0.85415,1,0,0.0,0.0,1.0,1,1.554172,0.0,1.0
single_task,network_aware,eval_057,LAN,3,lan_ab_scalar16,LAN A/B scalar16,t4strict_pair_a_vs_b_40_200,scalar16,direct,high-risk,3,280.0,0.0,1.07698,1,1,0.15,0.15,0.76,0,5.160275,0.774041,0.835
single_task,network_aware,eval_058,LAN,3,lan_ab_scalar16,LAN A/B scalar16,t4strict_pair_a_vs_b_40_200,scalar16,direct,high-risk,3,285.0,0.0,1.07504,1,0,0.15,0.15,0.76,0,1.556788,0.774041,0.985
single_task,network_aware,eval_059,LAN,3,lan_ab_scalar16,LAN A/B scalar16,t4strict_pair_a_vs_b_40_200,scalar16,direct,high-risk,3,290.0,0.0,1.0731,1,0,0.15,0.15,0.76,0,1.556788,0.774041,0.985
single_task,network_aware,eval_060,LAN,3,lan_ab_scalar16,LAN A/B scalar16,t4strict_pair_a_vs_b_40_200,scalar16,direct,high-risk,3,295.0,0.0,1.05661,1,0,0.15,0.15,0.76,0,1.556788,0.774041,0.985
single_task,network_aware,eval_061,LAN,1,lan_single_homo_scalar16,LAN single-node homo scalar16,single_homo,scalar16,direct,low-risk,1,300.0,0.0,0.83231,1,0,0.0,0.0,1.0,1,1.554172,0.0,1.0
single_task,network_aware,eval_062,LAN,1,lan_single_homo_scalar16,LAN single-node homo scalar16,single_homo,scalar16,direct,low-risk,1,305.0,0.0,0.83399,1,0,0.0,0.0,1.0,1,1.554172,0.0,1.0
single_task,network_aware,eval_063,LAN,1,lan_single_homo_scalar16,LAN single-node homo scalar16,single_homo,scalar16,direct,low-risk,1,310.0,0.0,0.83231,1,0,0.0,0.0,1.0,1,1.554172,0.0,1.0
single_task,network_aware,eval_064,LAN,1,lan_single_homo_scalar16,LAN single-node homo scalar16,single_homo,scalar16,direct,low-risk,1,315.0,0.0,0.83231,1,0,0.0,0.0,1.0,1,1.554172,0.0,1.0
single_task,network_aware,eval_065,LAN,1,lan_single_homo_scalar16,LAN single-node homo scalar16,single_homo,scalar16,direct,low-risk,1,320.0,0.0,0.83315,1,0,0.0,0.0,1.0,1,1.554172,0.0,1.0
single_task,network_aware,eval_066,LAN,1,lan_single_homo_scalar16,LAN single-node homo scalar16,single_homo,scalar16,direct,low-risk,1,325.0,0.0,0.82979,1,0,0.0,0.0,1.0,1,1.554172,0.0,1.0
single_task,network_aware,eval_067,LAN,2,lan_single_homo_scalar16,LAN single-node homo scalar16,single_homo,scalar16,direct,low-risk,1,330.0,0.0,0.84995,1,0,0.0,0.0,1.0,1,1.554172,0.0,1.0
single_task,network_aware,eval_068,LAN,2,lan_single_homo_scalar16,LAN single-node homo scalar16,single_homo,scalar16,direct,low-risk,1,335.0,0.0,0.84827,1,0,0.0,0.0,1.0,1,1.554172,0.0,1.0
single_task,network_aware,eval_069,LAN,2,lan_single_homo_scalar16,LAN single-node homo scalar16,single_homo,scalar16,direct,low-risk,1,340.0,0.0,0.84659,1,0,0.0,0.0,1.0,1,1.554172,0.0,1.0
single_task,network_aware,eval_070,LAN,1,lan_single_homo_scalar16,LAN single-node homo scalar16,single_homo,scalar16,direct,low-risk,1,345.0,0.0,0.83231,1,0,0.0,0.0,1.0,1,1.554172,0.0,1.0
single_task,network_aware,eval_071,LAN,1,lan_single_homo_scalar16,LAN single-node homo scalar16,single_homo,scalar16,direct,low-risk,1,350.0,0.0,0.83315,1,0,0.0,0.0,1.0,1,1.554172,0.0,1.0
single_task,network_aware,eval_072,LAN,1,lan_single_homo_scalar16,LAN single-node homo scalar16,single_homo,scalar16,direct,low-risk,1,355.0,0.0,0.83483,1,0,0.0,0.0,1.0,1,1.554172,0.0,1.0
single_task,network_aware,eval_073,LAN,1,lan_single_homo_scalar16,LAN single-node homo scalar16,single_homo,scalar16,direct,low-risk,1,360.0,0.0,0.83315,1,0,0.0,0.0,1.0,1,1.554172,0.0,1.0
single_task,network_aware,eval_074,LAN,1,lan_single_homo_scalar16,LAN single-node homo scalar16,single_homo,scalar16,direct,low-risk,1,365.0,0.0,0.83315,1,0,0.0,0.0,1.0,1,1.554172,0.0,1.0
single_task,network_aware,eval_075,LAN,1,lan_single_homo_scalar16,LAN single-node homo scalar16,single_homo,scalar16,direct,low-risk,1,370.0,0.0,0.83399,1,0,0.0,0.0,1.0,1,1.554172,0.0,1.0
single_task,network_aware,eval_076,LAN,1,lan_single_homo_scalar16,LAN single-node homo scalar16,single_homo,scalar16,direct,low-risk,1,375.0,0.0,0.83063,1,0,0.0,0.0,1.0,1,1.554172,0.0,1.0
single_task,network_aware,eval_077,LAN,2,lan_single_homo_scalar16,LAN single-node homo scalar16,single_homo,scalar16,direct,low-risk,1,380.0,0.0,0.85079,0,0,0.0,0.0,1.0,1,1.554172,0.0,0.0
single_task,network_aware,eval_078,LAN,2,lan_single_homo_scalar16,LAN single-node homo scalar16,single_homo,scalar16,direct,low-risk,1,385.0,0.0,0.84911,1,0,0.0,0.0,1.0,1,1.554172,0.0,1.0
single_task,network_aware,eval_079,LAN,2,lan_single_homo_scalar16,LAN single-node homo scalar16,single_homo,scalar16,direct,low-risk,1,390.0,0.0,0.84743,1,0,0.0,0.0,1.0,1,1.554172,0.0,1.0
single_task,network_aware,eval_080,LAN,1,lan_single_homo_scalar16,LAN single-node homo scalar16,single_homo,scalar16,direct,low-risk,1,395.0,0.0,0.83315,1,0,0.0,0.0,1.0,1,1.554172,0.0,1.0
single_task,network_aware,eval_081,LAN,1,lan_single_homo_scalar16,LAN single-node homo scalar16,single_homo,scalar16,direct,low-risk,1,400.0,0.0,0.83987,1,0,0.0,0.0,1.0,1,1.554172,0.0,1.0
single_task,network_aware,eval_082,LAN,1,lan_single_homo_scalar16,LAN single-node homo scalar16,single_homo,scalar16,direct,low-risk,1,405.0,0.0,0.84155,1,0,0.0,0.0,1.0,1,1.554172,0.0,1.0
single_task,network_aware,eval_083,LAN,1,lan_single_homo_scalar16,LAN single-node homo scalar16,single_homo,scalar16,direct,low-risk,1,410.0,0.0,0.83987,1,0,0.0,0.0,1.0,1,1.554172,0.0,1.0
single_task,network_aware,eval_084,LAN,1,lan_single_homo_scalar16,LAN single-node homo scalar16,single_homo,scalar16,direct,low-risk,1,415.0,0.0,0.83987,1,0,0.0,0.0,1.0,1,1.554172,0.0,1.0
single_task,network_aware,eval_085,LAN,1,lan_single_homo_scalar16,LAN single-node homo scalar16,single_homo,scalar16,direct,low-risk,1,420.0,0.0,0.84071,1,0,0.0,0.0,1.0,1,1.554172,0.0,1.0
single_task,network_aware,eval_086,LAN,1,lan_single_homo_scalar16,LAN single-node homo scalar16,single_homo,scalar16,direct,low-risk,1,425.0,0.0,0.83735,1,0,0.0,0.0,1.0,1,1.554172,0.0,1.0
single_task,network_aware,eval_087,LAN,3,lan_ab_scalar16,LAN A/B scalar16,t4strict_pair_a_vs_b_40_200,scalar16,direct,high-risk,3,430.0,0.0,1.05758,1,0,0.15,0.15,0.76,0,1.556788,0.774041,0.985
single_task,network_aware,eval_088,LAN,3,lan_ab_scalar16,LAN A/B scalar16,t4strict_pair_a_vs_b_40_200,scalar16,direct,high-risk,3,435.0,0.0,1.05564,1,0,0.15,0.15,0.76,0,1.556788,0.774041,0.985
single_task,network_aware,eval_089,LAN,2,lan_single_homo_scalar16,LAN single-node homo scalar16,single_homo,scalar16,direct,low-risk,1,440.0,0.0,0.85415,1,0,0.0,0.0,1.0,1,1.554172,0.0,1.0
single_task,network_aware,eval_090,LAN,1,lan_single_homo_scalar16,LAN single-node homo scalar16,single_homo,scalar16,direct,low-risk,1,445.0,0.0,0.83987,1,0,0.0,0.0,1.0,1,1.554172,0.0,1.0
single_task,network_aware,eval_091,LAN,1,lan_single_homo_scalar16,LAN single-node homo scalar16,single_homo,scalar16,direct,low-risk,1,450.0,0.0,0.84155,1,0,0.0,0.0,1.0,1,1.554172,0.0,1.0
single_task,network_aware,eval_092,LAN,2,lan_single_homo_scalar16,LAN single-node homo scalar16,single_homo,scalar16,direct,low-risk,1,455.0,0.0,0.84323,1,0,0.0,0.0,1.0,1,1.554172,0.0,1.0
single_task,network_aware,eval_093,LAN,1,lan_single_homo_scalar16,LAN single-node homo scalar16,single_homo,scalar16,direct,low-risk,1,460.0,0.0,0.84155,1,0,0.0,0.0,1.0,1,1.554172,0.0,1.0
single_task,network_aware,eval_094,LAN,1,lan_single_homo_scalar16,LAN single-node homo scalar16,single_homo,scalar16,direct,low-risk,1,465.0,0.0,0.84155,1,0,0.0,0.0,1.0,1,1.554172,0.0,1.0
single_task,network_aware,eval_095,LAN,2,lan_single_homo_scalar16,LAN single-node homo scalar16,single_homo,scalar16,direct,low-risk,1,470.0,0.0,0.84239,1,0,0.0,0.0,1.0,1,1.554172,0.0,1.0
single_task,network_aware,eval_096,LAN,1,lan_single_homo_scalar16,LAN single-node homo scalar16,single_homo,scalar16,direct,low-risk,1,475.0,0.0,0.83903,1,0,0.0,0.0,1.0,1,1.554172,0.0,1.0
single_task,network_aware,eval_097,LAN,3,lan_ab_scalar16,LAN A/B scalar16,t4strict_pair_a_vs_b_40_200,scalar16,direct,high-risk,3,480.0,0.0,1.05952,1,0,0.15,0.15,0.76,0,1.556788,0.774041,0.985
single_task,network_aware,eval_098,LAN,3,lan_ab_scalar16,LAN A/B scalar16,t4strict_pair_a_vs_b_40_200,scalar16,direct,high-risk,3,485.0,0.0,1.05758,1,0,0.15,0.15,0.76,0,1.556788,0.774041,0.985
single_task,network_aware,eval_099,LAN,3,lan_ab_scalar16,LAN A/B scalar16,t4strict_pair_a_vs_b_40_200,scalar16,direct,high-risk,3,490.0,0.0,1.05564,1,0,0.15,0.15,0.76,0,1.556788,0.774041,0.985
single_task,network_aware,eval_100,LAN,1,lan_single_homo_scalar16,LAN single-node homo scalar16,single_homo,scalar16,direct,low-risk,1,495.0,0.0,0.84155,1,0,0.0,0.0,1.0,1,1.554172,0.0,1.0
single_task,network_aware,eval_101,LAN,1,lan_single_homo_scalar16,LAN single-node homo scalar16,single_homo,scalar16,direct,low-risk,1,500.0,0.0,0.83399,1,0,0.0,0.0,1.0,1,1.554172,0.0,1.0
single_task,network_aware,eval_102,LAN,1,lan_single_homo_scalar16,LAN single-node homo scalar16,single_homo,scalar16,direct,low-risk,1,505.0,0.0,0.83567,1,0,0.0,0.0,1.0,1,1.554172,0.0,1.0
single_task,network_aware,eval_103,LAN,1,lan_single_homo_scalar16,LAN single-node homo scalar16,single_homo,scalar16,direct,low-risk,1,510.0,0.0,0.83399,1,0,0.0,0.0,1.0,1,1.554172,0.0,1.0
single_task,network_aware,eval_104,LAN,1,lan_single_homo_scalar16,LAN single-node homo scalar16,single_homo,scalar16,direct,low-risk,1,515.0,0.0,0.83399,1,0,0.0,0.0,1.0,1,1.554172,0.0,1.0
single_task,network_aware,eval_105,LAN,1,lan_single_homo_scalar16,LAN single-node homo scalar16,single_homo,scalar16,direct,low-risk,1,520.0,0.0,0.83483,1,0,0.0,0.0,1.0,1,1.554172,0.0,1.0
single_task,network_aware,eval_106,LAN,1,lan_single_homo_scalar16,LAN single-node homo scalar16,single_homo,scalar16,direct,low-risk,1,525.0,0.0,0.83147,1,0,0.0,0.0,1.0,1,1.554172,0.0,1.0
single_task,network_aware,eval_107,LAN,2,lan_single_homo_scalar16,LAN single-node homo scalar16,single_homo,scalar16,direct,low-risk,1,530.0,0.0,0.85163,1,0,0.0,0.0,1.0,1,1.554172,0.0,1.0
single_task,network_aware,eval_108,LAN,2,lan_single_homo_scalar16,LAN single-node homo scalar16,single_homo,scalar16,direct,low-risk,1,535.0,0.0,0.84995,1,0,0.0,0.0,1.0,1,1.554172,0.0,1.0
single_task,network_aware,eval_109,LAN,2,lan_single_homo_scalar16,LAN single-node homo scalar16,single_homo,scalar16,direct,low-risk,1,540.0,0.0,0.84827,1,0,0.0,0.0,1.0,1,1.554172,0.0,1.0
single_task,network_aware,eval_110,LAN,1,lan_single_homo_scalar16,LAN single-node homo scalar16,single_homo,scalar16,direct,low-risk,1,545.0,0.0,0.83399,1,0,0.0,0.0,1.0,1,1.554172,0.0,1.0
single_task,network_aware,eval_111,LAN,1,lan_single_homo_scalar16,LAN single-node homo scalar16,single_homo,scalar16,direct,low-risk,1,550.0,0.0,0.83483,1,0,0.0,0.0,1.0,1,1.554172,0.0,1.0
single_task,network_aware,eval_112,LAN,1,lan_single_homo_scalar16,LAN single-node homo scalar16,single_homo,scalar16,direct,low-risk,1,555.0,0.0,0.83651,1,0,0.0,0.0,1.0,1,1.554172,0.0,1.0
single_task,network_aware,eval_113,LAN,1,lan_single_homo_scalar16,LAN single-node homo scalar16,single_homo,scalar16,direct,low-risk,1,560.0,0.0,0.83483,1,0,0.0,0.0,1.0,1,1.554172,0.0,1.0
single_task,network_aware,eval_114,LAN,1,lan_single_homo_scalar16,LAN single-node homo scalar16,single_homo,scalar16,direct,low-risk,1,565.0,0.0,0.83483,1,0,0.0,0.0,1.0,1,1.554172,0.0,1.0
single_task,network_aware,eval_115,LAN,1,lan_single_homo_scalar16,LAN single-node homo scalar16,single_homo,scalar16,direct,low-risk,1,570.0,0.0,0.83567,1,0,0.0,0.0,1.0,1,1.554172,0.0,1.0
single_task,network_aware,eval_116,LAN,1,lan_single_homo_scalar16,LAN single-node homo scalar16,single_homo,scalar16,direct,low-risk,1,575.0,0.0,0.83231,1,0,0.0,0.0,1.0,1,1.554172,0.0,1.0
single_task,network_aware,eval_117,LAN,2,lan_single_homo_scalar16,LAN single-node homo scalar16,single_homo,scalar16,direct,low-risk,1,580.0,0.0,0.85247,0,0,0.0,0.0,1.0,1,1.554172,0.0,0.0
single_task,network_aware,eval_118,LAN,2,lan_single_homo_scalar16,LAN single-node homo scalar16,single_homo,scalar16,direct,low-risk,1,585.0,0.0,0.85079,1,0,0.0,0.0,1.0,1,1.554172,0.0,1.0
single_task,network_aware,eval_119,LAN,2,lan_single_homo_scalar16,LAN single-node homo scalar16,single_homo,scalar16,direct,low-risk,1,590.0,0.0,0.84911,1,0,0.0,0.0,1.0,1,1.554172,0.0,1.0
single_task,network_aware,eval_120,LAN,1,lan_single_homo_scalar16,LAN single-node homo scalar16,single_homo,scalar16,direct,low-risk,1,595.0,0.0,0.83483,1,0,0.0,0.0,1.0,1,1.554172,0.0,1.0
single_task,network_aware,eval_121,LAN,1,lan_single_homo_scalar16,LAN single-node homo scalar16,single_homo,scalar16,direct,low-risk,1,600.0,0.0,0.83987,1,0,0.0,0.0,1.0,1,1.554172,0.0,1.0
single_task,network_aware,eval_122,LAN,1,lan_single_homo_scalar16,LAN single-node homo scalar16,single_homo,scalar16,direct,low-risk,1,605.0,0.0,0.84155,1,0,0.0,0.0,1.0,1,1.554172,0.0,1.0
single_task,network_aware,eval_123,LAN,1,lan_single_homo_scalar16,LAN single-node homo scalar16,single_homo,scalar16,direct,low-risk,1,610.0,0.0,0.83987,1,0,0.0,0.0,1.0,1,1.554172,0.0,1.0
single_task,network_aware,eval_124,LAN,1,lan_single_homo_scalar16,LAN single-node homo scalar16,single_homo,scalar16,direct,low-risk,1,615.0,0.0,0.83987,1,0,0.0,0.0,1.0,1,1.554172,0.0,1.0
single_task,network_aware,eval_125,LAN,1,lan_single_homo_scalar16,LAN single-node homo scalar16,single_homo,scalar16,direct,low-risk,1,620.0,0.0,0.84071,1,0,0.0,0.0,1.0,1,1.554172,0.0,1.0
single_task,network_aware,eval_126,LAN,1,lan_single_homo_scalar16,LAN single-node homo scalar16,single_homo,scalar16,direct,low-risk,1,625.0,0.0,0.83735,1,0,0.0,0.0,1.0,1,1.554172,0.0,1.0
single_task,network_aware,eval_127,LAN,3,lan_ab_scalar16,LAN A/B scalar16,t4strict_pair_a_vs_b_40_200,scalar16,direct,high-risk,3,630.0,0.0,1.05758,1,0,0.15,0.15,0.76,0,1.556788,0.774041,0.985
single_task,network_aware,eval_128,LAN,3,lan_ab_scalar16,LAN A/B scalar16,t4strict_pair_a_vs_b_40_200,scalar16,direct,high-risk,3,635.0,0.0,1.05564,1,0,0.15,0.15,0.76,0,1.556788,0.774041,0.985
single_task,network_aware,eval_129,LAN,2,lan_single_homo_scalar16,LAN single-node homo scalar16,single_homo,scalar16,direct,low-risk,1,640.0,0.0,0.85415,0,0,0.0,0.0,1.0,1,1.554172,0.0,0.0
single_task,network_aware,eval_130,LAN,1,lan_single_homo_scalar16,LAN single-node homo scalar16,single_homo,scalar16,direct,low-risk,1,645.0,0.0,0.83987,1,0,0.0,0.0,1.0,1,1.554172,0.0,1.0
single_task,network_aware,eval_131,LAN,2,lan_single_homo_scalar16,LAN single-node homo scalar16,single_homo,scalar16,direct,low-risk,1,650.0,0.0,0.84407,1,0,0.0,0.0,1.0,1,1.554172,0.0,1.0
single_task,network_aware,eval_132,LAN,2,lan_single_homo_scalar16,LAN single-node homo scalar16,single_homo,scalar16,direct,low-risk,1,655.0,0.0,0.84575,1,0,0.0,0.0,1.0,1,1.554172,0.0,1.0
single_task,network_aware,eval_133,LAN,2,lan_single_homo_scalar16,LAN single-node homo scalar16,single_homo,scalar16,direct,low-risk,1,660.0,0.0,0.84407,1,0,0.0,0.0,1.0,1,1.554172,0.0,1.0
single_task,network_aware,eval_134,LAN,2,lan_single_homo_scalar16,LAN single-node homo scalar16,single_homo,scalar16,direct,low-risk,1,665.0,0.0,0.84407,1,0,0.0,0.0,1.0,1,1.554172,0.0,1.0
single_task,network_aware,eval_135,LAN,2,lan_single_homo_scalar16,LAN single-node homo scalar16,single_homo,scalar16,direct,low-risk,1,670.0,0.0,0.84491,1,0,0.0,0.0,1.0,1,1.554172,0.0,1.0
single_task,network_aware,eval_136,LAN,1,lan_single_homo_scalar16,LAN single-node homo scalar16,single_homo,scalar16,direct,low-risk,1,675.0,0.0,0.84155,1,0,0.0,0.0,1.0,1,1.554172,0.0,1.0
single_task,network_aware,eval_137,LAN,3,lan_ab_scalar16,LAN A/B scalar16,t4strict_pair_a_vs_b_40_200,scalar16,direct,high-risk,3,680.0,0.0,1.06243,1,0,0.15,0.15,0.76,0,1.556788,0.774041,0.985
single_task,network_aware,eval_138,LAN,3,lan_ab_scalar16,LAN A/B scalar16,t4strict_pair_a_vs_b_40_200,scalar16,direct,high-risk,3,685.0,0.0,1.06049,0,0,0.15,0.15,0.76,0,1.556788,0.774041,-0.015
single_task,network_aware,eval_139,LAN,3,lan_ab_scalar16,LAN A/B scalar16,t4strict_pair_a_vs_b_40_200,scalar16,direct,high-risk,3,690.0,0.0,1.05855,1,0,0.15,0.15,0.76,0,1.556788,0.774041,0.985
single_task,network_aware,eval_140,LAN,2,lan_single_homo_scalar16,LAN single-node homo scalar16,single_homo,scalar16,direct,low-risk,1,695.0,0.0,0.84407,0,0,0.0,0.0,1.0,1,1.554172,0.0,0.0
single_task,network_aware,eval_141,WAN,1,wan_ad_scalar16,WAN A/D scalar16,t4strict_pair_a_vs_d_40_200,scalar16,direct,high-risk,3,700.0,0.0,1.24875,1,0,0.09,0.09,0.51,0,1.776668,0.484214,0.991
single_task,network_aware,eval_142,WAN,1,wan_ad_scalar16,WAN A/D scalar16,t4strict_pair_a_vs_d_40_200,scalar16,direct,high-risk,3,705.0,0.0,1.25073,1,0,0.09,0.09,0.51,0,1.776668,0.484214,0.991
single_task,network_aware,eval_143,WAN,1,wan_ad_scalar16,WAN A/D scalar16,t4strict_pair_a_vs_d_40_200,scalar16,direct,high-risk,3,710.0,0.0,1.24875,1,0,0.09,0.09,0.51,0,1.776668,0.484214,0.991
single_task,network_aware,eval_144,WAN,1,wan_ad_scalar16,WAN A/D scalar16,t4strict_pair_a_vs_d_40_200,scalar16,direct,high-risk,3,715.0,0.0,1.24875,1,1,0.09,0.09,0.51,0,5.380155,0.484214,0.841
single_task,network_aware,eval_145,WAN,1,wan_ad_scalar16,WAN A/D scalar16,t4strict_pair_a_vs_d_40_200,scalar16,direct,high-risk,3,720.0,0.0,1.24974,1,0,0.09,0.09,0.51,0,1.776668,0.484214,0.991
single_task,network_aware,eval_146,WAN,1,wan_ad_scalar16,WAN A/D scalar16,t4strict_pair_a_vs_d_40_200,scalar16,direct,high-risk,3,725.0,0.0,1.24578,1,0,0.09,0.09,0.51,0,1.776668,0.484214,0.991
single_task,network_aware,eval_147,WAN,2,wan_ad_scalar16,WAN A/D scalar16,t4strict_pair_a_vs_d_40_200,scalar16,direct,high-risk,3,730.0,0.0,1.26954,1,0,0.09,0.09,0.51,0,1.776668,0.484214,0.991
single_task,network_aware,eval_148,WAN,2,wan_ad_scalar16,WAN A/D scalar16,t4strict_pair_a_vs_d_40_200,scalar16,direct,high-risk,3,735.0,0.0,1.26756,1,1,0.09,0.09,0.51,0,5.380155,0.484214,0.841
single_task,network_aware,eval_149,WAN,2,wan_ad_scalar16,WAN A/D scalar16,t4strict_pair_a_vs_d_40_200,scalar16,direct,high-risk,3,740.0,0.0,1.26558,1,0,0.09,0.09,0.51,0,1.776668,0.484214,0.991
single_task,network_aware,eval_150,WAN,1,wan_ad_scalar16,WAN A/D scalar16,t4strict_pair_a_vs_d_40_200,scalar16,direct,high-risk,3,745.0,0.0,1.24875,1,0,0.09,0.09,0.51,0,1.776668,0.484214,0.991
single_task,network_aware,eval_151,WAN,1,wan_ad_scalar16,WAN A/D scalar16,t4strict_pair_a_vs_d_40_200,scalar16,direct,high-risk,3,750.0,0.0,1.25172,1,0,0.09,0.09,0.51,0,1.776668,0.484214,0.991
single_task,network_aware,eval_152,WAN,1,wan_ad_scalar16,WAN A/D scalar16,t4strict_pair_a_vs_d_40_200,scalar16,direct,high-risk,3,755.0,0.0,1.2537,1,0,0.09,0.09,0.51,0,1.776668,0.484214,0.991
single_task,network_aware,eval_153,WAN,1,wan_ad_scalar16,WAN A/D scalar16,t4strict_pair_a_vs_d_40_200,scalar16,direct,high-risk,3,760.0,0.0,1.25172,1,0,0.09,0.09,0.51,0,1.776668,0.484214,0.991
single_task,network_aware,eval_154,WAN,1,wan_ad_scalar16,WAN A/D scalar16,t4strict_pair_a_vs_d_40_200,scalar16,direct,high-risk,3,765.0,0.0,1.25172,1,0,0.09,0.09,0.51,0,1.776668,0.484214,0.991
single_task,network_aware,eval_155,WAN,1,wan_ad_scalar16,WAN A/D scalar16,t4strict_pair_a_vs_d_40_200,scalar16,direct,high-risk,3,770.0,0.0,1.25271,1,0,0.09,0.09,0.51,0,1.776668,0.484214,0.991
single_task,network_aware,eval_156,WAN,1,wan_ad_scalar16,WAN A/D scalar16,t4strict_pair_a_vs_d_40_200,scalar16,direct,high-risk,3,775.0,0.0,1.24875,1,0,0.09,0.09,0.51,0,1.776668,0.484214,0.991
single_task,network_aware,eval_157,WAN,2,wan_ad_scalar16,WAN A/D scalar16,t4strict_pair_a_vs_d_40_200,scalar16,direct,high-risk,3,780.0,0.0,1.27251,1,0,0.09,0.09,0.51,0,1.776668,0.484214,0.991
single_task,network_aware,eval_158,WAN,2,wan_ad_scalar16,WAN A/D scalar16,t4strict_pair_a_vs_d_40_200,scalar16,direct,high-risk,3,785.0,0.0,1.27053,1,0,0.09,0.09,0.51,0,1.776668,0.484214,0.991
single_task,network_aware,eval_159,WAN,2,wan_ad_scalar16,WAN A/D scalar16,t4strict_pair_a_vs_d_40_200,scalar16,direct,high-risk,3,790.0,0.0,1.26855,1,1,0.09,0.09,0.51,0,5.380155,0.484214,0.841
single_task,network_aware,eval_160,WAN,1,wan_ad_scalar16,WAN A/D scalar16,t4strict_pair_a_vs_d_40_200,scalar16,direct,high-risk,3,795.0,0.0,1.25172,1,0,0.09,0.09,0.51,0,1.776668,0.484214,0.991
single_task,network_aware,eval_161,WAN,2,wan_ad_scalar16,WAN A/D scalar16,t4strict_pair_a_vs_d_40_200,scalar16,direct,high-risk,3,800.0,0.0,1.26162,1,0,0.09,0.09,0.51,0,1.776668,0.484214,0.991
single_task,network_aware,eval_162,WAN,2,wan_ad_scalar16,WAN A/D scalar16,t4strict_pair_a_vs_d_40_200,scalar16,direct,high-risk,3,805.0,0.0,1.2636,1,0,0.09,0.09,0.51,0,1.776668,0.484214,0.991
single_task,network_aware,eval_163,WAN,2,wan_ad_scalar16,WAN A/D scalar16,t4strict_pair_a_vs_d_40_200,scalar16,direct,high-risk,3,810.0,0.0,1.26162,1,0,0.09,0.09,0.51,0,1.776668,0.484214,0.991
single_task,network_aware,eval_164,WAN,2,wan_ad_scalar16,WAN A/D scalar16,t4strict_pair_a_vs_d_40_200,scalar16,direct,high-risk,3,815.0,0.0,1.26162,1,0,0.09,0.09,0.51,0,1.776668,0.484214,0.991
single_task,network_aware,eval_165,WAN,2,wan_ad_scalar16,WAN A/D scalar16,t4strict_pair_a_vs_d_40_200,scalar16,direct,high-risk,3,820.0,0.0,1.26261,1,0,0.09,0.09,0.51,0,1.776668,0.484214,0.991
single_task,network_aware,eval_166,WAN,1,wan_ad_scalar16,WAN A/D scalar16,t4strict_pair_a_vs_d_40_200,scalar16,direct,high-risk,3,825.0,0.0,1.25865,1,0,0.09,0.09,0.51,0,1.776668,0.484214,0.991
single_task,network_aware,eval_167,WAN,3,wan_ad_scalar16,WAN A/D scalar16,t4strict_pair_a_vs_d_40_200,scalar16,direct,high-risk,3,830.0,0.0,1.28241,1,0,0.09,0.09,0.51,0,1.776668,0.484214,0.991
single_task,network_aware,eval_168,WAN,3,wan_ad_scalar16,WAN A/D scalar16,t4strict_pair_a_vs_d_40_200,scalar16,direct,high-risk,3,835.0,0.0,1.28043,1,0,0.09,0.09,0.51,0,1.776668,0.484214,0.991
single_task,network_aware,eval_169,WAN,3,wan_ad_scalar16,WAN A/D scalar16,t4strict_pair_a_vs_d_40_200,scalar16,direct,high-risk,3,840.0,0.0,1.27845,1,0,0.09,0.09,0.51,0,1.776668,0.484214,0.991
single_task,network_aware,eval_170,WAN,2,wan_ad_scalar16,WAN A/D scalar16,t4strict_pair_a_vs_d_40_200,scalar16,direct,high-risk,3,845.0,0.0,1.26162,1,0,0.09,0.09,0.51,0,1.776668,0.484214,0.991
single_task,network_aware,eval_171,WAN,1,wan_ad_scalar16,WAN A/D scalar16,t4strict_pair_a_vs_d_40_200,scalar16,direct,high-risk,3,850.0,0.0,1.25865,1,0,0.09,0.09,0.51,0,1.776668,0.484214,0.991
single_task,network_aware,eval_172,WAN,2,wan_ad_scalar16,WAN A/D scalar16,t4strict_pair_a_vs_d_40_200,scalar16,direct,high-risk,3,855.0,0.0,1.26063,1,0,0.09,0.09,0.51,0,1.776668,0.484214,0.991
single_task,network_aware,eval_173,WAN,1,wan_ad_scalar16,WAN A/D scalar16,t4strict_pair_a_vs_d_40_200,scalar16,direct,high-risk,3,860.0,0.0,1.25865,1,1,0.09,0.09,0.51,0,5.380155,0.484214,0.841
single_task,network_aware,eval_174,WAN,1,wan_ad_scalar16,WAN A/D scalar16,t4strict_pair_a_vs_d_40_200,scalar16,direct,high-risk,3,865.0,0.0,1.25865,1,0,0.09,0.09,0.51,0,1.776668,0.484214,0.991
single_task,network_aware,eval_175,WAN,2,wan_ad_scalar16,WAN A/D scalar16,t4strict_pair_a_vs_d_40_200,scalar16,direct,high-risk,3,870.0,0.0,1.25964,1,0,0.09,0.09,0.51,0,1.776668,0.484214,0.991
single_task,network_aware,eval_176,WAN,1,wan_ad_scalar16,WAN A/D scalar16,t4strict_pair_a_vs_d_40_200,scalar16,direct,high-risk,3,875.0,0.0,1.25568,1,0,0.09,0.09,0.51,0,1.776668,0.484214,0.991
single_task,network_aware,eval_177,WAN,3,wan_ad_scalar16,WAN A/D scalar16,t4strict_pair_a_vs_d_40_200,scalar16,direct,high-risk,3,880.0,0.0,1.27944,1,0,0.09,0.09,0.51,0,1.776668,0.484214,0.991
single_task,network_aware,eval_178,WAN,3,wan_ad_scalar16,WAN A/D scalar16,t4strict_pair_a_vs_d_40_200,scalar16,direct,high-risk,3,885.0,0.0,1.27746,0,0,0.09,0.09,0.51,0,1.776668,0.484214,-0.009
single_task,network_aware,eval_179,WAN,3,wan_ad_scalar16,WAN A/D scalar16,t4strict_pair_a_vs_d_40_200,scalar16,direct,high-risk,3,890.0,0.0,1.27548,1,0,0.09,0.09,0.51,0,1.776668,0.484214,0.991
single_task,network_aware,eval_180,WAN,1,wan_ad_scalar16,WAN A/D scalar16,t4strict_pair_a_vs_d_40_200,scalar16,direct,high-risk,3,895.0,0.0,1.25865,1,0,0.09,0.09,0.51,0,1.776668,0.484214,0.991
single_task,network_aware,eval_181,WAN,2,wan_ad_scalar16,WAN A/D scalar16,t4strict_pair_a_vs_d_40_200,scalar16,direct,high-risk,3,900.0,0.0,1.26756,1,1,0.09,0.09,0.51,0,5.380155,0.484214,0.841
single_task,network_aware,eval_182,WAN,2,wan_ad_scalar16,WAN A/D scalar16,t4strict_pair_a_vs_d_40_200,scalar16,direct,high-risk,3,905.0,0.0,1.26954,1,0,0.09,0.09,0.51,0,1.776668,0.484214,0.991
single_task,network_aware,eval_183,WAN,2,wan_ad_scalar16,WAN A/D scalar16,t4strict_pair_a_vs_d_40_200,scalar16,direct,high-risk,3,910.0,0.0,1.26756,1,0,0.09,0.09,0.51,0,1.776668,0.484214,0.991
single_task,network_aware,eval_184,WAN,2,wan_ad_scalar16,WAN A/D scalar16,t4strict_pair_a_vs_d_40_200,scalar16,direct,high-risk,3,915.0,0.0,1.26756,1,0,0.09,0.09,0.51,0,1.776668,0.484214,0.991
single_task,network_aware,eval_185,WAN,2,wan_ad_scalar16,WAN A/D scalar16,t4strict_pair_a_vs_d_40_200,scalar16,direct,high-risk,3,920.0,0.0,1.26855,1,0,0.09,0.09,0.51,0,1.776668,0.484214,0.991
single_task,network_aware,eval_186,WAN,2,wan_ad_scalar16,WAN A/D scalar16,t4strict_pair_a_vs_d_40_200,scalar16,direct,high-risk,3,925.0,0.0,1.26459,1,0,0.09,0.09,0.51,0,1.776668,0.484214,0.991
single_task,network_aware,eval_187,WAN,3,wan_ad_scalar16,WAN A/D scalar16,t4strict_pair_a_vs_d_40_200,scalar16,direct,high-risk,3,930.0,0.0,1.28835,1,0,0.09,0.09,0.51,0,1.776668,0.484214,0.991
single_task,network_aware,eval_188,WAN,3,wan_ad_scalar16,WAN A/D scalar16,t4strict_pair_a_vs_d_40_200,scalar16,direct,high-risk,3,935.0,0.0,1.28637,1,0,0.09,0.09,0.51,0,1.776668,0.484214,0.991
single_task,network_aware,eval_189,WAN,3,wan_ad_scalar16,WAN A/D scalar16,t4strict_pair_a_vs_d_40_200,scalar16,direct,high-risk,3,940.0,0.0,1.28439,1,0,0.09,0.09,0.51,0,1.776668,0.484214,0.991
single_task,network_aware,eval_190,WAN,2,wan_ad_scalar16,WAN A/D scalar16,t4strict_pair_a_vs_d_40_200,scalar16,direct,high-risk,3,945.0,0.0,1.26756,1,0,0.09,0.09,0.51,0,1.776668,0.484214,0.991
single_task,network_aware,eval_191,WAN,2,wan_ad_scalar16,WAN A/D scalar16,t4strict_pair_a_vs_d_40_200,scalar16,direct,high-risk,3,950.0,0.0,1.26756,1,0,0.09,0.09,0.51,0,1.776668,0.484214,0.991
single_task,network_aware,eval_192,WAN,2,wan_ad_scalar16,WAN A/D scalar16,t4strict_pair_a_vs_d_40_200,scalar16,direct,high-risk,3,955.0,0.0,1.26954,1,0,0.09,0.09,0.51,0,1.776668,0.484214,0.991
single_task,network_aware,eval_193,WAN,2,wan_ad_scalar16,WAN A/D scalar16,t4strict_pair_a_vs_d_40_200,scalar16,direct,high-risk,3,960.0,0.0,1.26756,1,0,0.09,0.09,0.51,0,1.776668,0.484214,0.991
single_task,network_aware,eval_194,WAN,2,wan_ad_scalar16,WAN A/D scalar16,t4strict_pair_a_vs_d_40_200,scalar16,direct,high-risk,3,965.0,0.0,1.26756,1,0,0.09,0.09,0.51,0,1.776668,0.484214,0.991
single_task,network_aware,eval_195,WAN,2,wan_ad_scalar16,WAN A/D scalar16,t4strict_pair_a_vs_d_40_200,scalar16,direct,high-risk,3,970.0,0.0,1.26855,0,0,0.09,0.09,0.51,0,1.776668,0.484214,-0.009
single_task,network_aware,eval_196,WAN,2,wan_ad_scalar16,WAN A/D scalar16,t4strict_pair_a_vs_d_40_200,scalar16,direct,high-risk,3,975.0,0.0,1.26459,1,0,0.09,0.09,0.51,0,1.776668,0.484214,0.991
single_task,network_aware,eval_197,WAN,3,wan_ad_scalar16,WAN A/D scalar16,t4strict_pair_a_vs_d_40_200,scalar16,direct,high-risk,3,980.0,0.0,1.28835,1,0,0.09,0.09,0.51,0,1.776668,0.484214,0.991
single_task,network_aware,eval_198,WAN,3,wan_ad_scalar16,WAN A/D scalar16,t4strict_pair_a_vs_d_40_200,scalar16,direct,high-risk,3,985.0,0.0,1.28637,1,0,0.09,0.09,0.51,0,1.776668,0.484214,0.991
single_task,network_aware,eval_199,WAN,3,wan_ad_scalar16,WAN A/D scalar16,t4strict_pair_a_vs_d_40_200,scalar16,direct,high-risk,3,990.0,0.0,1.28439,1,0,0.09,0.09,0.51,0,1.776668,0.484214,0.991
single_task,network_aware,eval_200,WAN,2,wan_ad_scalar16,WAN A/D scalar16,t4strict_pair_a_vs_d_40_200,scalar16,direct,high-risk,3,995.0,0.0,1.26756,1,0,0.09,0.09,0.51,0,1.776668,0.484214,0.991
single_task,risk_constrained,eval_001,LAN,3,lan_ab_projcos4,LAN A/B projcos4,t4strict_pair_a_vs_b_40_200,projcos4,feasible_only,low-risk,3,0.0,0.0,1.05564,1,0,0.02,0.02,1.0,1,1.785521,0.111675,0.998
single_task,risk_constrained,eval_002,LAN,3,lan_ab_projcos4,LAN A/B projcos4,t4strict_pair_a_vs_b_40_200,projcos4,feasible_only,low-risk,3,5.0,0.0,1.05758,0,0,0.02,0.02,1.0,1,1.785521,0.111675,-0.002
single_task,risk_constrained,eval_003,LAN,3,lan_ab_projcos4,LAN A/B projcos4,t4strict_pair_a_vs_b_40_200,projcos4,feasible_only,low-risk,3,10.0,0.0,1.05564,1,0,0.02,0.02,1.0,1,1.785521,0.111675,0.998
single_task,risk_constrained,eval_004,LAN,3,lan_ab_projcos4,LAN A/B projcos4,t4strict_pair_a_vs_b_40_200,projcos4,feasible_only,low-risk,3,15.0,0.0,1.05564,1,0,0.02,0.02,1.0,1,1.785521,0.111675,0.998
single_task,risk_constrained,eval_005,LAN,3,lan_ab_projcos4,LAN A/B projcos4,t4strict_pair_a_vs_b_40_200,projcos4,feasible_only,low-risk,3,20.0,0.0,1.05661,1,0,0.02,0.02,1.0,1,1.785521,0.111675,0.998
single_task,risk_constrained,eval_006,LAN,2,lan_single_homo_scalar16,LAN single-node homo scalar16,single_homo,scalar16,feasible_only,low-risk,1,25.0,0.0,0.85331,1,0,0.0,0.0,1.0,1,1.554172,0.0,1.0
single_task,risk_constrained,eval_007,LAN,3,lan_ab_projcos4,LAN A/B projcos4,t4strict_pair_a_vs_b_40_200,projcos4,feasible_only,low-risk,3,30.0,0.0,1.07601,1,0,0.02,0.02,1.0,1,1.785521,0.111675,0.998
single_task,risk_constrained,eval_008,LAN,3,lan_ab_projcos4,LAN A/B projcos4,t4strict_pair_a_vs_b_40_200,projcos4,feasible_only,low-risk,3,35.0,0.0,1.07407,1,0,0.02,0.02,1.0,1,1.785521,0.111675,0.998
single_task,risk_constrained,eval_009,LAN,3,lan_ab_projcos4,LAN A/B projcos4,t4strict_pair_a_vs_b_40_200,projcos4,feasible_only,low-risk,3,40.0,0.0,1.07213,1,0,0.02,0.02,1.0,1,1.785521,0.111675,0.998
single_task,risk_constrained,eval_010,LAN,3,lan_ab_projcos4,LAN A/B projcos4,t4strict_pair_a_vs_b_40_200,projcos4,feasible_only,low-risk,3,45.0,0.0,1.05564,1,0,0.02,0.02,1.0,1,1.785521,0.111675,0.998
single_task,risk_constrained,eval_011,LAN,1,lan_single_homo_scalar16,LAN single-node homo scalar16,single_homo,scalar16,feasible_only,low-risk,1,50.0,0.0,0.83987,1,0,0.0,0.0,1.0,1,1.554172,0.0,1.0
single_task,risk_constrained,eval_012,LAN,1,lan_single_homo_scalar16,LAN single-node homo scalar16,single_homo,scalar16,feasible_only,low-risk,1,55.0,0.0,0.84155,1,0,0.0,0.0,1.0,1,1.554172,0.0,1.0
single_task,risk_constrained,eval_013,LAN,1,lan_single_homo_scalar16,LAN single-node homo scalar16,single_homo,scalar16,feasible_only,low-risk,1,60.0,0.0,0.83987,1,0,0.0,0.0,1.0,1,1.554172,0.0,1.0
single_task,risk_constrained,eval_014,LAN,1,lan_single_homo_scalar16,LAN single-node homo scalar16,single_homo,scalar16,feasible_only,low-risk,1,65.0,0.0,0.83987,1,0,0.0,0.0,1.0,1,1.554172,0.0,1.0
single_task,risk_constrained,eval_015,LAN,1,lan_single_homo_scalar16,LAN single-node homo scalar16,single_homo,scalar16,feasible_only,low-risk,1,70.0,0.0,0.84071,1,0,0.0,0.0,1.0,1,1.554172,0.0,1.0
single_task,risk_constrained,eval_016,LAN,1,lan_single_homo_scalar16,LAN single-node homo scalar16,single_homo,scalar16,feasible_only,low-risk,1,75.0,0.0,0.83735,1,0,0.0,0.0,1.0,1,1.554172,0.0,1.0
single_task,risk_constrained,eval_017,LAN,3,lan_ab_projcos4,LAN A/B projcos4,t4strict_pair_a_vs_b_40_200,projcos4,feasible_only,low-risk,3,80.0,0.0,1.05758,1,0,0.02,0.02,1.0,1,1.785521,0.111675,0.998
single_task,risk_constrained,eval_018,LAN,3,lan_ab_projcos4,LAN A/B projcos4,t4strict_pair_a_vs_b_40_200,projcos4,feasible_only,low-risk,3,85.0,0.0,1.05564,1,0,0.02,0.02,1.0,1,1.785521,0.111675,0.998
single_task,risk_constrained,eval_019,LAN,2,lan_single_homo_scalar16,LAN single-node homo scalar16,single_homo,scalar16,feasible_only,low-risk,1,90.0,0.0,0.85415,1,0,0.0,0.0,1.0,1,1.554172,0.0,1.0
single_task,risk_constrained,eval_020,LAN,1,lan_single_homo_scalar16,LAN single-node homo scalar16,single_homo,scalar16,feasible_only,low-risk,1,95.0,0.0,0.83987,1,0,0.0,0.0,1.0,1,1.554172,0.0,1.0
single_task,risk_constrained,eval_021,LAN,1,lan_single_homo_scalar16,LAN single-node homo scalar16,single_homo,scalar16,feasible_only,low-risk,1,100.0,0.0,0.83231,1,0,0.0,0.0,1.0,1,1.554172,0.0,1.0
single_task,risk_constrained,eval_022,LAN,1,lan_single_homo_scalar16,LAN single-node homo scalar16,single_homo,scalar16,feasible_only,low-risk,1,105.0,0.0,0.83399,1,0,0.0,0.0,1.0,1,1.554172,0.0,1.0
single_task,risk_constrained,eval_023,LAN,1,lan_single_homo_scalar16,LAN single-node homo scalar16,single_homo,scalar16,feasible_only,low-risk,1,110.0,0.0,0.83231,1,0,0.0,0.0,1.0,1,1.554172,0.0,1.0
single_task,risk_constrained,eval_024,LAN,1,lan_single_homo_scalar16,LAN single-node homo scalar16,single_homo,scalar16,feasible_only,low-risk,1,115.0,0.0,0.83231,1,0,0.0,0.0,1.0,1,1.554172,0.0,1.0
single_task,risk_constrained,eval_025,LAN,1,lan_single_homo_scalar16,LAN single-node homo scalar16,single_homo,scalar16,feasible_only,low-risk,1,120.0,0.0,0.83315,1,0,0.0,0.0,1.0,1,1.554172,0.0,1.0
single_task,risk_constrained,eval_026,LAN,1,lan_single_homo_scalar16,LAN single-node homo scalar16,single_homo,scalar16,feasible_only,low-risk,1,125.0,0.0,0.82979,1,0,0.0,0.0,1.0,1,1.554172,0.0,1.0
single_task,risk_constrained,eval_027,LAN,2,lan_single_homo_scalar16,LAN single-node homo scalar16,single_homo,scalar16,feasible_only,low-risk,1,130.0,0.0,0.84995,1,0,0.0,0.0,1.0,1,1.554172,0.0,1.0
single_task,risk_constrained,eval_028,LAN,2,lan_single_homo_scalar16,LAN single-node homo scalar16,single_homo,scalar16,feasible_only,low-risk,1,135.0,0.0,0.84827,0,0,0.0,0.0,1.0,1,1.554172,0.0,0.0
single_task,risk_constrained,eval_029,LAN,2,lan_single_homo_scalar16,LAN single-node homo scalar16,single_homo,scalar16,feasible_only,low-risk,1,140.0,0.0,0.84659,1,0,0.0,0.0,1.0,1,1.554172,0.0,1.0
single_task,risk_constrained,eval_030,LAN,1,lan_single_homo_scalar16,LAN single-node homo scalar16,single_homo,scalar16,feasible_only,low-risk,1,145.0,0.0,0.83231,1,0,0.0,0.0,1.0,1,1.554172,0.0,1.0
single_task,risk_constrained,eval_031,LAN,2,lan_single_homo_scalar16,LAN single-node homo scalar16,single_homo,scalar16,feasible_only,low-risk,1,150.0,0.0,0.84743,1,0,0.0,0.0,1.0,1,1.554172,0.0,1.0
single_task,risk_constrained,eval_032,LAN,2,lan_single_homo_scalar16,LAN single-node homo scalar16,single_homo,scalar16,feasible_only,low-risk,1,155.0,0.0,0.84911,0,0,0.0,0.0,1.0,1,1.554172,0.0,0.0
single_task,risk_constrained,eval_033,LAN,2,lan_single_homo_scalar16,LAN single-node homo scalar16,single_homo,scalar16,feasible_only,low-risk,1,160.0,0.0,0.84743,1,0,0.0,0.0,1.0,1,1.554172,0.0,1.0
single_task,risk_constrained,eval_034,LAN,2,lan_single_homo_scalar16,LAN single-node homo scalar16,single_homo,scalar16,feasible_only,low-risk,1,165.0,0.0,0.84743,0,0,0.0,0.0,1.0,1,1.554172,0.0,0.0
single_task,risk_constrained,eval_035,LAN,2,lan_single_homo_scalar16,LAN single-node homo scalar16,single_homo,scalar16,feasible_only,low-risk,1,170.0,0.0,0.84827,1,0,0.0,0.0,1.0,1,1.554172,0.0,1.0
single_task,risk_constrained,eval_036,LAN,2,lan_single_homo_scalar16,LAN single-node homo scalar16,single_homo,scalar16,feasible_only,low-risk,1,175.0,0.0,0.84491,0,0,0.0,0.0,1.0,1,1.554172,0.0,0.0
single_task,risk_constrained,eval_037,LAN,3,lan_ab_projcos4,LAN A/B projcos4,t4strict_pair_a_vs_b_40_200,projcos4,feasible_only,low-risk,3,180.0,0.0,1.06631,1,0,0.02,0.02,1.0,1,1.785521,0.111675,0.998
single_task,risk_constrained,eval_038,LAN,3,lan_ab_projcos4,LAN A/B projcos4,t4strict_pair_a_vs_b_40_200,projcos4,feasible_only,low-risk,3,185.0,0.0,1.06437,1,0,0.02,0.02,1.0,1,1.785521,0.111675,0.998
single_task,risk_constrained,eval_039,LAN,3,lan_ab_projcos4,LAN A/B projcos4,t4strict_pair_a_vs_b_40_200,projcos4,feasible_only,low-risk,3,190.0,0.0,1.06243,1,0,0.02,0.02,1.0,1,1.785521,0.111675,0.998
single_task,risk_constrained,eval_040,LAN,2,lan_single_homo_scalar16,LAN single-node homo scalar16,single_homo,scalar16,feasible_only,low-risk,1,195.0,0.0,0.84743,1,0,0.0,0.0,1.0,1,1.554172,0.0,1.0
single_task,risk_constrained,eval_041,LAN,2,lan_single_homo_scalar16,LAN single-node homo scalar16,single_homo,scalar16,feasible_only,low-risk,1,200.0,0.0,0.84743,0,0,0.0,0.0,1.0,1,1.554172,0.0,0.0
single_task,risk_constrained,eval_042,LAN,2,lan_single_homo_scalar16,LAN single-node homo scalar16,single_homo,scalar16,feasible_only,low-risk,1,205.0,0.0,0.84911,1,0,0.0,0.0,1.0,1,1.554172,0.0,1.0
single_task,risk_constrained,eval_043,LAN,2,lan_single_homo_scalar16,LAN single-node homo scalar16,single_homo,scalar16,feasible_only,low-risk,1,210.0,0.0,0.84743,1,0,0.0,0.0,1.0,1,1.554172,0.0,1.0
single_task,risk_constrained,eval_044,LAN,2,lan_single_homo_scalar16,LAN single-node homo scalar16,single_homo,scalar16,feasible_only,low-risk,1,215.0,0.0,0.84743,1,0,0.0,0.0,1.0,1,1.554172,0.0,1.0
single_task,risk_constrained,eval_045,LAN,2,lan_single_homo_scalar16,LAN single-node homo scalar16,single_homo,scalar16,feasible_only,low-risk,1,220.0,0.0,0.84827,1,0,0.0,0.0,1.0,1,1.554172,0.0,1.0
single_task,risk_constrained,eval_046,LAN,2,lan_single_homo_scalar16,LAN single-node homo scalar16,single_homo,scalar16,feasible_only,low-risk,1,225.0,0.0,0.84491,1,0,0.0,0.0,1.0,1,1.554172,0.0,1.0
single_task,risk_constrained,eval_047,LAN,3,lan_ab_projcos4,LAN A/B projcos4,t4strict_pair_a_vs_b_40_200,projcos4,feasible_only,low-risk,3,230.0,0.0,1.06631,1,0,0.02,0.02,1.0,1,1.785521,0.111675,0.998
single_task,risk_constrained,eval_048,LAN,3,lan_ab_projcos4,LAN A/B projcos4,t4strict_pair_a_vs_b_40_200,projcos4,feasible_only,low-risk,3,235.0,0.0,1.06437,1,0,0.02,0.02,1.0,1,1.785521,0.111675,0.998
single_task,risk_constrained,eval_049,LAN,3,lan_ab_projcos4,LAN A/B projcos4,t4strict_pair_a_vs_b_40_200,projcos4,feasible_only,low-risk,3,240.0,0.0,1.06243,1,0,0.02,0.02,1.0,1,1.785521,0.111675,0.998
single_task,risk_constrained,eval_050,LAN,2,lan_single_homo_scalar16,LAN single-node homo scalar16,single_homo,scalar16,feasible_only,low-risk,1,245.0,0.0,0.84743,1,0,0.0,0.0,1.0,1,1.554172,0.0,1.0
single_task,risk_constrained,eval_051,LAN,3,lan_ab_projcos4,LAN A/B projcos4,t4strict_pair_a_vs_b_40_200,projcos4,feasible_only,low-risk,3,250.0,0.0,1.05661,1,0,0.02,0.02,1.0,1,1.785521,0.111675,0.998
single_task,risk_constrained,eval_052,LAN,3,lan_ab_projcos4,LAN A/B projcos4,t4strict_pair_a_vs_b_40_200,projcos4,feasible_only,low-risk,3,255.0,0.0,1.05855,1,0,0.02,0.02,1.0,1,1.785521,0.111675,0.998
single_task,risk_constrained,eval_053,LAN,3,lan_ab_projcos4,LAN A/B projcos4,t4strict_pair_a_vs_b_40_200,projcos4,feasible_only,low-risk,3,260.0,0.0,1.05661,1,0,0.02,0.02,1.0,1,1.785521,0.111675,0.998
single_task,risk_constrained,eval_054,LAN,3,lan_ab_projcos4,LAN A/B projcos4,t4strict_pair_a_vs_b_40_200,projcos4,feasible_only,low-risk,3,265.0,0.0,1.05661,1,0,0.02,0.02,1.0,1,1.785521,0.111675,0.998
single_task,risk_constrained,eval_055,LAN,3,lan_ab_projcos4,LAN A/B projcos4,t4strict_pair_a_vs_b_40_200,projcos4,feasible_only,low-risk,3,270.0,0.0,1.05758,1,0,0.02,0.02,1.0,1,1.785521,0.111675,0.998
single_task,risk_constrained,eval_056,LAN,2,lan_single_homo_scalar16,LAN single-node homo scalar16,single_homo,scalar16,feasible_only,low-risk,1,275.0,0.0,0.85415,1,0,0.0,0.0,1.0,1,1.554172,0.0,1.0
single_task,risk_constrained,eval_057,LAN,3,lan_ab_projcos4,LAN A/B projcos4,t4strict_pair_a_vs_b_40_200,projcos4,feasible_only,low-risk,3,280.0,0.0,1.07698,1,0,0.02,0.02,1.0,1,1.785521,0.111675,0.998
single_task,risk_constrained,eval_058,LAN,3,lan_ab_projcos4,LAN A/B projcos4,t4strict_pair_a_vs_b_40_200,projcos4,feasible_only,low-risk,3,285.0,0.0,1.07504,1,0,0.02,0.02,1.0,1,1.785521,0.111675,0.998
single_task,risk_constrained,eval_059,LAN,3,lan_ab_projcos4,LAN A/B projcos4,t4strict_pair_a_vs_b_40_200,projcos4,feasible_only,low-risk,3,290.0,0.0,1.0731,1,0,0.02,0.02,1.0,1,1.785521,0.111675,0.998
single_task,risk_constrained,eval_060,LAN,3,lan_ab_projcos4,LAN A/B projcos4,t4strict_pair_a_vs_b_40_200,projcos4,feasible_only,low-risk,3,295.0,0.0,1.05661,1,0,0.02,0.02,1.0,1,1.785521,0.111675,0.998
single_task,risk_constrained,eval_061,LAN,1,lan_single_homo_scalar16,LAN single-node homo scalar16,single_homo,scalar16,feasible_only,low-risk,1,300.0,0.0,0.83231,1,0,0.0,0.0,1.0,1,1.554172,0.0,1.0
single_task,risk_constrained,eval_062,LAN,1,lan_single_homo_scalar16,LAN single-node homo scalar16,single_homo,scalar16,feasible_only,low-risk,1,305.0,0.0,0.83399,1,0,0.0,0.0,1.0,1,1.554172,0.0,1.0
single_task,risk_constrained,eval_063,LAN,1,lan_single_homo_scalar16,LAN single-node homo scalar16,single_homo,scalar16,feasible_only,low-risk,1,310.0,0.0,0.83231,1,0,0.0,0.0,1.0,1,1.554172,0.0,1.0
single_task,risk_constrained,eval_064,LAN,1,lan_single_homo_scalar16,LAN single-node homo scalar16,single_homo,scalar16,feasible_only,low-risk,1,315.0,0.0,0.83231,1,0,0.0,0.0,1.0,1,1.554172,0.0,1.0
single_task,risk_constrained,eval_065,LAN,1,lan_single_homo_scalar16,LAN single-node homo scalar16,single_homo,scalar16,feasible_only,low-risk,1,320.0,0.0,0.83315,1,0,0.0,0.0,1.0,1,1.554172,0.0,1.0
single_task,risk_constrained,eval_066,LAN,1,lan_single_homo_scalar16,LAN single-node homo scalar16,single_homo,scalar16,feasible_only,low-risk,1,325.0,0.0,0.82979,1,0,0.0,0.0,1.0,1,1.554172,0.0,1.0
single_task,risk_constrained,eval_067,LAN,2,lan_single_homo_scalar16,LAN single-node homo scalar16,single_homo,scalar16,feasible_only,low-risk,1,330.0,0.0,0.84995,1,0,0.0,0.0,1.0,1,1.554172,0.0,1.0
single_task,risk_constrained,eval_068,LAN,2,lan_single_homo_scalar16,LAN single-node homo scalar16,single_homo,scalar16,feasible_only,low-risk,1,335.0,0.0,0.84827,1,0,0.0,0.0,1.0,1,1.554172,0.0,1.0
single_task,risk_constrained,eval_069,LAN,2,lan_single_homo_scalar16,LAN single-node homo scalar16,single_homo,scalar16,feasible_only,low-risk,1,340.0,0.0,0.84659,0,0,0.0,0.0,1.0,1,1.554172,0.0,0.0
single_task,risk_constrained,eval_070,LAN,1,lan_single_homo_scalar16,LAN single-node homo scalar16,single_homo,scalar16,feasible_only,low-risk,1,345.0,0.0,0.83231,1,0,0.0,0.0,1.0,1,1.554172,0.0,1.0
single_task,risk_constrained,eval_071,LAN,1,lan_single_homo_scalar16,LAN single-node homo scalar16,single_homo,scalar16,feasible_only,low-risk,1,350.0,0.0,0.83315,1,0,0.0,0.0,1.0,1,1.554172,0.0,1.0
single_task,risk_constrained,eval_072,LAN,1,lan_single_homo_scalar16,LAN single-node homo scalar16,single_homo,scalar16,feasible_only,low-risk,1,355.0,0.0,0.83483,1,0,0.0,0.0,1.0,1,1.554172,0.0,1.0
single_task,risk_constrained,eval_073,LAN,1,lan_single_homo_scalar16,LAN single-node homo scalar16,single_homo,scalar16,feasible_only,low-risk,1,360.0,0.0,0.83315,1,0,0.0,0.0,1.0,1,1.554172,0.0,1.0
single_task,risk_constrained,eval_074,LAN,1,lan_single_homo_scalar16,LAN single-node homo scalar16,single_homo,scalar16,feasible_only,low-risk,1,365.0,0.0,0.83315,1,0,0.0,0.0,1.0,1,1.554172,0.0,1.0
single_task,risk_constrained,eval_075,LAN,1,lan_single_homo_scalar16,LAN single-node homo scalar16,single_homo,scalar16,feasible_only,low-risk,1,370.0,0.0,0.83399,1,0,0.0,0.0,1.0,1,1.554172,0.0,1.0
single_task,risk_constrained,eval_076,LAN,1,lan_single_homo_scalar16,LAN single-node homo scalar16,single_homo,scalar16,feasible_only,low-risk,1,375.0,0.0,0.83063,1,0,0.0,0.0,1.0,1,1.554172,0.0,1.0
single_task,risk_constrained,eval_077,LAN,2,lan_single_homo_scalar16,LAN single-node homo scalar16,single_homo,scalar16,feasible_only,low-risk,1,380.0,0.0,0.85079,1,0,0.0,0.0,1.0,1,1.554172,0.0,1.0
single_task,risk_constrained,eval_078,LAN,2,lan_single_homo_scalar16,LAN single-node homo scalar16,single_homo,scalar16,feasible_only,low-risk,1,385.0,0.0,0.84911,1,0,0.0,0.0,1.0,1,1.554172,0.0,1.0
single_task,risk_constrained,eval_079,LAN,2,lan_single_homo_scalar16,LAN single-node homo scalar16,single_homo,scalar16,feasible_only,low-risk,1,390.0,0.0,0.84743,1,0,0.0,0.0,1.0,1,1.554172,0.0,1.0
single_task,risk_constrained,eval_080,LAN,1,lan_single_homo_scalar16,LAN single-node homo scalar16,single_homo,scalar16,feasible_only,low-risk,1,395.0,0.0,0.83315,1,0,0.0,0.0,1.0,1,1.554172,0.0,1.0
single_task,risk_constrained,eval_081,LAN,1,lan_single_homo_scalar16,LAN single-node homo scalar16,single_homo,scalar16,feasible_only,low-risk,1,400.0,0.0,0.83987,1,0,0.0,0.0,1.0,1,1.554172,0.0,1.0
single_task,risk_constrained,eval_082,LAN,1,lan_single_homo_scalar16,LAN single-node homo scalar16,single_homo,scalar16,feasible_only,low-risk,1,405.0,0.0,0.84155,1,0,0.0,0.0,1.0,1,1.554172,0.0,1.0
single_task,risk_constrained,eval_083,LAN,1,lan_single_homo_scalar16,LAN single-node homo scalar16,single_homo,scalar16,feasible_only,low-risk,1,410.0,0.0,0.83987,1,0,0.0,0.0,1.0,1,1.554172,0.0,1.0
single_task,risk_constrained,eval_084,LAN,1,lan_single_homo_scalar16,LAN single-node homo scalar16,single_homo,scalar16,feasible_only,low-risk,1,415.0,0.0,0.83987,1,0,0.0,0.0,1.0,1,1.554172,0.0,1.0
single_task,risk_constrained,eval_085,LAN,1,lan_single_homo_scalar16,LAN single-node homo scalar16,single_homo,scalar16,feasible_only,low-risk,1,420.0,0.0,0.84071,1,0,0.0,0.0,1.0,1,1.554172,0.0,1.0
single_task,risk_constrained,eval_086,LAN,1,lan_single_homo_scalar16,LAN single-node homo scalar16,single_homo,scalar16,feasible_only,low-risk,1,425.0,0.0,0.83735,1,0,0.0,0.0,1.0,1,1.554172,0.0,1.0
single_task,risk_constrained,eval_087,LAN,3,lan_ab_projcos4,LAN A/B projcos4,t4strict_pair_a_vs_b_40_200,projcos4,feasible_only,low-risk,3,430.0,0.0,1.05758,1,0,0.02,0.02,1.0,1,1.785521,0.111675,0.998
single_task,risk_constrained,eval_088,LAN,3,lan_ab_projcos4,LAN A/B projcos4,t4strict_pair_a_vs_b_40_200,projcos4,feasible_only,low-risk,3,435.0,0.0,1.05564,1,0,0.02,0.02,1.0,1,1.785521,0.111675,0.998
single_task,risk_constrained,eval_089,LAN,2,lan_single_homo_scalar16,LAN single-node homo scalar16,single_homo,scalar16,feasible_only,low-risk,1,440.0,0.0,0.85415,1,0,0.0,0.0,1.0,1,1.554172,0.0,1.0
single_task,risk_constrained,eval_090,LAN,1,lan_single_homo_scalar16,LAN single-node homo scalar16,single_homo,scalar16,feasible_only,low-risk,1,445.0,0.0,0.83987,1,0,0.0,0.0,1.0,1,1.554172,0.0,1.0
single_task,risk_constrained,eval_091,LAN,1,lan_single_homo_scalar16,LAN single-node homo scalar16,single_homo,scalar16,feasible_only,low-risk,1,450.0,0.0,0.84155,1,0,0.0,0.0,1.0,1,1.554172,0.0,1.0
single_task,risk_constrained,eval_092,LAN,2,lan_single_homo_scalar16,LAN single-node homo scalar16,single_homo,scalar16,feasible_only,low-risk,1,455.0,0.0,0.84323,1,0,0.0,0.0,1.0,1,1.554172,0.0,1.0
single_task,risk_constrained,eval_093,LAN,1,lan_single_homo_scalar16,LAN single-node homo scalar16,single_homo,scalar16,feasible_only,low-risk,1,460.0,0.0,0.84155,1,0,0.0,0.0,1.0,1,1.554172,0.0,1.0
single_task,risk_constrained,eval_094,LAN,1,lan_single_homo_scalar16,LAN single-node homo scalar16,single_homo,scalar16,feasible_only,low-risk,1,465.0,0.0,0.84155,1,0,0.0,0.0,1.0,1,1.554172,0.0,1.0
single_task,risk_constrained,eval_095,LAN,2,lan_single_homo_scalar16,LAN single-node homo scalar16,single_homo,scalar16,feasible_only,low-risk,1,470.0,0.0,0.84239,0,0,0.0,0.0,1.0,1,1.554172,0.0,0.0
single_task,risk_constrained,eval_096,LAN,1,lan_single_homo_scalar16,LAN single-node homo scalar16,single_homo,scalar16,feasible_only,low-risk,1,475.0,0.0,0.83903,1,0,0.0,0.0,1.0,1,1.554172,0.0,1.0
single_task,risk_constrained,eval_097,LAN,3,lan_ab_projcos4,LAN A/B projcos4,t4strict_pair_a_vs_b_40_200,projcos4,feasible_only,low-risk,3,480.0,0.0,1.05952,1,0,0.02,0.02,1.0,1,1.785521,0.111675,0.998
single_task,risk_constrained,eval_098,LAN,3,lan_ab_projcos4,LAN A/B projcos4,t4strict_pair_a_vs_b_40_200,projcos4,feasible_only,low-risk,3,485.0,0.0,1.05758,1,0,0.02,0.02,1.0,1,1.785521,0.111675,0.998
single_task,risk_constrained,eval_099,LAN,3,lan_ab_projcos4,LAN A/B projcos4,t4strict_pair_a_vs_b_40_200,projcos4,feasible_only,low-risk,3,490.0,0.0,1.05564,1,0,0.02,0.02,1.0,1,1.785521,0.111675,0.998
single_task,risk_constrained,eval_100,LAN,1,lan_single_homo_scalar16,LAN single-node homo scalar16,single_homo,scalar16,feasible_only,low-risk,1,495.0,0.0,0.84155,1,0,0.0,0.0,1.0,1,1.554172,0.0,1.0
single_task,risk_constrained,eval_101,LAN,1,lan_single_homo_scalar16,LAN single-node homo scalar16,single_homo,scalar16,feasible_only,low-risk,1,500.0,0.0,0.83399,1,0,0.0,0.0,1.0,1,1.554172,0.0,1.0
single_task,risk_constrained,eval_102,LAN,1,lan_single_homo_scalar16,LAN single-node homo scalar16,single_homo,scalar16,feasible_only,low-risk,1,505.0,0.0,0.83567,1,0,0.0,0.0,1.0,1,1.554172,0.0,1.0
single_task,risk_constrained,eval_103,LAN,1,lan_single_homo_scalar16,LAN single-node homo scalar16,single_homo,scalar16,feasible_only,low-risk,1,510.0,0.0,0.83399,1,0,0.0,0.0,1.0,1,1.554172,0.0,1.0
single_task,risk_constrained,eval_104,LAN,1,lan_single_homo_scalar16,LAN single-node homo scalar16,single_homo,scalar16,feasible_only,low-risk,1,515.0,0.0,0.83399,1,0,0.0,0.0,1.0,1,1.554172,0.0,1.0
single_task,risk_constrained,eval_105,LAN,1,lan_single_homo_scalar16,LAN single-node homo scalar16,single_homo,scalar16,feasible_only,low-risk,1,520.0,0.0,0.83483,1,0,0.0,0.0,1.0,1,1.554172,0.0,1.0
single_task,risk_constrained,eval_106,LAN,1,lan_single_homo_scalar16,LAN single-node homo scalar16,single_homo,scalar16,feasible_only,low-risk,1,525.0,0.0,0.83147,1,0,0.0,0.0,1.0,1,1.554172,0.0,1.0
single_task,risk_constrained,eval_107,LAN,2,lan_single_homo_scalar16,LAN single-node homo scalar16,single_homo,scalar16,feasible_only,low-risk,1,530.0,0.0,0.85163,1,0,0.0,0.0,1.0,1,1.554172,0.0,1.0
single_task,risk_constrained,eval_108,LAN,2,lan_single_homo_scalar16,LAN single-node homo scalar16,single_homo,scalar16,feasible_only,low-risk,1,535.0,0.0,0.84995,1,0,0.0,0.0,1.0,1,1.554172,0.0,1.0
single_task,risk_constrained,eval_109,LAN,2,lan_single_homo_scalar16,LAN single-node homo scalar16,single_homo,scalar16,feasible_only,low-risk,1,540.0,0.0,0.84827,1,0,0.0,0.0,1.0,1,1.554172,0.0,1.0
single_task,risk_constrained,eval_110,LAN,1,lan_single_homo_scalar16,LAN single-node homo scalar16,single_homo,scalar16,feasible_only,low-risk,1,545.0,0.0,0.83399,1,0,0.0,0.0,1.0,1,1.554172,0.0,1.0
single_task,risk_constrained,eval_111,LAN,1,lan_single_homo_scalar16,LAN single-node homo scalar16,single_homo,scalar16,feasible_only,low-risk,1,550.0,0.0,0.83483,1,0,0.0,0.0,1.0,1,1.554172,0.0,1.0
single_task,risk_constrained,eval_112,LAN,1,lan_single_homo_scalar16,LAN single-node homo scalar16,single_homo,scalar16,feasible_only,low-risk,1,555.0,0.0,0.83651,1,0,0.0,0.0,1.0,1,1.554172,0.0,1.0
single_task,risk_constrained,eval_113,LAN,1,lan_single_homo_scalar16,LAN single-node homo scalar16,single_homo,scalar16,feasible_only,low-risk,1,560.0,0.0,0.83483,1,0,0.0,0.0,1.0,1,1.554172,0.0,1.0
single_task,risk_constrained,eval_114,LAN,1,lan_single_homo_scalar16,LAN single-node homo scalar16,single_homo,scalar16,feasible_only,low-risk,1,565.0,0.0,0.83483,1,0,0.0,0.0,1.0,1,1.554172,0.0,1.0
single_task,risk_constrained,eval_115,LAN,1,lan_single_homo_scalar16,LAN single-node homo scalar16,single_homo,scalar16,feasible_only,low-risk,1,570.0,0.0,0.83567,1,0,0.0,0.0,1.0,1,1.554172,0.0,1.0
single_task,risk_constrained,eval_116,LAN,1,lan_single_homo_scalar16,LAN single-node homo scalar16,single_homo,scalar16,feasible_only,low-risk,1,575.0,0.0,0.83231,1,0,0.0,0.0,1.0,1,1.554172,0.0,1.0
single_task,risk_constrained,eval_117,LAN,2,lan_single_homo_scalar16,LAN single-node homo scalar16,single_homo,scalar16,feasible_only,low-risk,1,580.0,0.0,0.85247,1,0,0.0,0.0,1.0,1,1.554172,0.0,1.0
single_task,risk_constrained,eval_118,LAN,2,lan_single_homo_scalar16,LAN single-node homo scalar16,single_homo,scalar16,feasible_only,low-risk,1,585.0,0.0,0.85079,1,0,0.0,0.0,1.0,1,1.554172,0.0,1.0
single_task,risk_constrained,eval_119,LAN,2,lan_single_homo_scalar16,LAN single-node homo scalar16,single_homo,scalar16,feasible_only,low-risk,1,590.0,0.0,0.84911,1,0,0.0,0.0,1.0,1,1.554172,0.0,1.0
single_task,risk_constrained,eval_120,LAN,1,lan_single_homo_scalar16,LAN single-node homo scalar16,single_homo,scalar16,feasible_only,low-risk,1,595.0,0.0,0.83483,1,0,0.0,0.0,1.0,1,1.554172,0.0,1.0
single_task,risk_constrained,eval_121,LAN,1,lan_single_homo_scalar16,LAN single-node homo scalar16,single_homo,scalar16,feasible_only,low-risk,1,600.0,0.0,0.83987,1,0,0.0,0.0,1.0,1,1.554172,0.0,1.0
single_task,risk_constrained,eval_122,LAN,1,lan_single_homo_scalar16,LAN single-node homo scalar16,single_homo,scalar16,feasible_only,low-risk,1,605.0,0.0,0.84155,1,0,0.0,0.0,1.0,1,1.554172,0.0,1.0
single_task,risk_constrained,eval_123,LAN,1,lan_single_homo_scalar16,LAN single-node homo scalar16,single_homo,scalar16,feasible_only,low-risk,1,610.0,0.0,0.83987,1,0,0.0,0.0,1.0,1,1.554172,0.0,1.0
single_task,risk_constrained,eval_124,LAN,1,lan_single_homo_scalar16,LAN single-node homo scalar16,single_homo,scalar16,feasible_only,low-risk,1,615.0,0.0,0.83987,1,0,0.0,0.0,1.0,1,1.554172,0.0,1.0
single_task,risk_constrained,eval_125,LAN,1,lan_single_homo_scalar16,LAN single-node homo scalar16,single_homo,scalar16,feasible_only,low-risk,1,620.0,0.0,0.84071,1,0,0.0,0.0,1.0,1,1.554172,0.0,1.0
single_task,risk_constrained,eval_126,LAN,1,lan_single_homo_scalar16,LAN single-node homo scalar16,single_homo,scalar16,feasible_only,low-risk,1,625.0,0.0,0.83735,1,0,0.0,0.0,1.0,1,1.554172,0.0,1.0
single_task,risk_constrained,eval_127,LAN,3,lan_ab_projcos4,LAN A/B projcos4,t4strict_pair_a_vs_b_40_200,projcos4,feasible_only,low-risk,3,630.0,0.0,1.05758,1,0,0.02,0.02,1.0,1,1.785521,0.111675,0.998
single_task,risk_constrained,eval_128,LAN,3,lan_ab_projcos4,LAN A/B projcos4,t4strict_pair_a_vs_b_40_200,projcos4,feasible_only,low-risk,3,635.0,0.0,1.05564,1,0,0.02,0.02,1.0,1,1.785521,0.111675,0.998
single_task,risk_constrained,eval_129,LAN,2,lan_single_homo_scalar16,LAN single-node homo scalar16,single_homo,scalar16,feasible_only,low-risk,1,640.0,0.0,0.85415,1,0,0.0,0.0,1.0,1,1.554172,0.0,1.0
single_task,risk_constrained,eval_130,LAN,1,lan_single_homo_scalar16,LAN single-node homo scalar16,single_homo,scalar16,feasible_only,low-risk,1,645.0,0.0,0.83987,1,0,0.0,0.0,1.0,1,1.554172,0.0,1.0
single_task,risk_constrained,eval_131,LAN,2,lan_single_homo_scalar16,LAN single-node homo scalar16,single_homo,scalar16,feasible_only,low-risk,1,650.0,0.0,0.84407,1,0,0.0,0.0,1.0,1,1.554172,0.0,1.0
single_task,risk_constrained,eval_132,LAN,2,lan_single_homo_scalar16,LAN single-node homo scalar16,single_homo,scalar16,feasible_only,low-risk,1,655.0,0.0,0.84575,1,0,0.0,0.0,1.0,1,1.554172,0.0,1.0
single_task,risk_constrained,eval_133,LAN,2,lan_single_homo_scalar16,LAN single-node homo scalar16,single_homo,scalar16,feasible_only,low-risk,1,660.0,0.0,0.84407,0,0,0.0,0.0,1.0,1,1.554172,0.0,0.0
single_task,risk_constrained,eval_134,LAN,2,lan_single_homo_scalar16,LAN single-node homo scalar16,single_homo,scalar16,feasible_only,low-risk,1,665.0,0.0,0.84407,0,0,0.0,0.0,1.0,1,1.554172,0.0,0.0
single_task,risk_constrained,eval_135,LAN,2,lan_single_homo_scalar16,LAN single-node homo scalar16,single_homo,scalar16,feasible_only,low-risk,1,670.0,0.0,0.84491,1,0,0.0,0.0,1.0,1,1.554172,0.0,1.0
single_task,risk_constrained,eval_136,LAN,1,lan_single_homo_scalar16,LAN single-node homo scalar16,single_homo,scalar16,feasible_only,low-risk,1,675.0,0.0,0.84155,1,0,0.0,0.0,1.0,1,1.554172,0.0,1.0
single_task,risk_constrained,eval_137,LAN,3,lan_ab_projcos4,LAN A/B projcos4,t4strict_pair_a_vs_b_40_200,projcos4,feasible_only,low-risk,3,680.0,0.0,1.06243,1,0,0.02,0.02,1.0,1,1.785521,0.111675,0.998
single_task,risk_constrained,eval_138,LAN,3,lan_ab_projcos4,LAN A/B projcos4,t4strict_pair_a_vs_b_40_200,projcos4,feasible_only,low-risk,3,685.0,0.0,1.06049,1,0,0.02,0.02,1.0,1,1.785521,0.111675,0.998
single_task,risk_constrained,eval_139,LAN,3,lan_ab_projcos4,LAN A/B projcos4,t4strict_pair_a_vs_b_40_200,projcos4,feasible_only,low-risk,3,690.0,0.0,1.05855,1,0,0.02,0.02,1.0,1,1.785521,0.111675,0.998
single_task,risk_constrained,eval_140,LAN,2,lan_single_homo_scalar16,LAN single-node homo scalar16,single_homo,scalar16,feasible_only,low-risk,1,695.0,0.0,0.84407,1,0,0.0,0.0,1.0,1,1.554172,0.0,1.0
single_task,risk_constrained,eval_141,WAN,1,wan_ad_projcos4,WAN A/D projcos4,t4strict_pair_a_vs_d_40_200,projcos4,feasible_only,low-risk,3,700.0,0.0,1.24875,0,0,0.02,0.02,1.0,1,1.852395,0.113013,-0.002
single_task,risk_constrained,eval_142,WAN,1,wan_ad_projcos4,WAN A/D projcos4,t4strict_pair_a_vs_d_40_200,projcos4,feasible_only,low-risk,3,705.0,0.0,1.25073,1,0,0.02,0.02,1.0,1,1.852395,0.113013,0.998
single_task,risk_constrained,eval_143,WAN,1,wan_ad_projcos4,WAN A/D projcos4,t4strict_pair_a_vs_d_40_200,projcos4,feasible_only,low-risk,3,710.0,0.0,1.24875,1,0,0.02,0.02,1.0,1,1.852395,0.113013,0.998
single_task,risk_constrained,eval_144,WAN,1,wan_ad_projcos4,WAN A/D projcos4,t4strict_pair_a_vs_d_40_200,projcos4,feasible_only,low-risk,3,715.0,0.0,1.24875,1,0,0.02,0.02,1.0,1,1.852395,0.113013,0.998
single_task,risk_constrained,eval_145,WAN,1,wan_ad_projcos4,WAN A/D projcos4,t4strict_pair_a_vs_d_40_200,projcos4,feasible_only,low-risk,3,720.0,0.0,1.24974,1,0,0.02,0.02,1.0,1,1.852395,0.113013,0.998
single_task,risk_constrained,eval_146,WAN,1,wan_ad_projcos4,WAN A/D projcos4,t4strict_pair_a_vs_d_40_200,projcos4,feasible_only,low-risk,3,725.0,0.0,1.24578,1,0,0.02,0.02,1.0,1,1.852395,0.113013,0.998
single_task,risk_constrained,eval_147,WAN,2,wan_ad_projcos4,WAN A/D projcos4,t4strict_pair_a_vs_d_40_200,projcos4,feasible_only,low-risk,3,730.0,0.0,1.26954,1,0,0.02,0.02,1.0,1,1.852395,0.113013,0.998
single_task,risk_constrained,eval_148,WAN,2,wan_ad_projcos4,WAN A/D projcos4,t4strict_pair_a_vs_d_40_200,projcos4,feasible_only,low-risk,3,735.0,0.0,1.26756,1,0,0.02,0.02,1.0,1,1.852395,0.113013,0.998
single_task,risk_constrained,eval_149,WAN,2,wan_ad_projcos4,WAN A/D projcos4,t4strict_pair_a_vs_d_40_200,projcos4,feasible_only,low-risk,3,740.0,0.0,1.26558,1,0,0.02,0.02,1.0,1,1.852395,0.113013,0.998
single_task,risk_constrained,eval_150,WAN,1,wan_ad_projcos4,WAN A/D projcos4,t4strict_pair_a_vs_d_40_200,projcos4,feasible_only,low-risk,3,745.0,0.0,1.24875,1,0,0.02,0.02,1.0,1,1.852395,0.113013,0.998
single_task,risk_constrained,eval_151,WAN,1,wan_ad_projcos4,WAN A/D projcos4,t4strict_pair_a_vs_d_40_200,projcos4,feasible_only,low-risk,3,750.0,0.0,1.25172,1,0,0.02,0.02,1.0,1,1.852395,0.113013,0.998
single_task,risk_constrained,eval_152,WAN,1,wan_ad_projcos4,WAN A/D projcos4,t4strict_pair_a_vs_d_40_200,projcos4,feasible_only,low-risk,3,755.0,0.0,1.2537,1,0,0.02,0.02,1.0,1,1.852395,0.113013,0.998
single_task,risk_constrained,eval_153,WAN,1,wan_ad_projcos4,WAN A/D projcos4,t4strict_pair_a_vs_d_40_200,projcos4,feasible_only,low-risk,3,760.0,0.0,1.25172,1,0,0.02,0.02,1.0,1,1.852395,0.113013,0.998
single_task,risk_constrained,eval_154,WAN,1,wan_ad_projcos4,WAN A/D projcos4,t4strict_pair_a_vs_d_40_200,projcos4,feasible_only,low-risk,3,765.0,0.0,1.25172,1,0,0.02,0.02,1.0,1,1.852395,0.113013,0.998
single_task,risk_constrained,eval_155,WAN,1,wan_ad_projcos4,WAN A/D projcos4,t4strict_pair_a_vs_d_40_200,projcos4,feasible_only,low-risk,3,770.0,0.0,1.25271,1,0,0.02,0.02,1.0,1,1.852395,0.113013,0.998
single_task,risk_constrained,eval_156,WAN,1,wan_ad_projcos4,WAN A/D projcos4,t4strict_pair_a_vs_d_40_200,projcos4,feasible_only,low-risk,3,775.0,0.0,1.24875,1,0,0.02,0.02,1.0,1,1.852395,0.113013,0.998
single_task,risk_constrained,eval_157,WAN,2,wan_ad_projcos4,WAN A/D projcos4,t4strict_pair_a_vs_d_40_200,projcos4,feasible_only,low-risk,3,780.0,0.0,1.27251,1,0,0.02,0.02,1.0,1,1.852395,0.113013,0.998
single_task,risk_constrained,eval_158,WAN,2,wan_ad_projcos4,WAN A/D projcos4,t4strict_pair_a_vs_d_40_200,projcos4,feasible_only,low-risk,3,785.0,0.0,1.27053,1,0,0.02,0.02,1.0,1,1.852395,0.113013,0.998
single_task,risk_constrained,eval_159,WAN,2,wan_ad_projcos4,WAN A/D projcos4,t4strict_pair_a_vs_d_40_200,projcos4,feasible_only,low-risk,3,790.0,0.0,1.26855,1,0,0.02,0.02,1.0,1,1.852395,0.113013,0.998
single_task,risk_constrained,eval_160,WAN,1,wan_ad_projcos4,WAN A/D projcos4,t4strict_pair_a_vs_d_40_200,projcos4,feasible_only,low-risk,3,795.0,0.0,1.25172,1,0,0.02,0.02,1.0,1,1.852395,0.113013,0.998
single_task,risk_constrained,eval_161,WAN,2,wan_ad_projcos4,WAN A/D projcos4,t4strict_pair_a_vs_d_40_200,projcos4,feasible_only,low-risk,3,800.0,0.0,1.26162,1,0,0.02,0.02,1.0,1,1.852395,0.113013,0.998
single_task,risk_constrained,eval_162,WAN,2,wan_ad_projcos4,WAN A/D projcos4,t4strict_pair_a_vs_d_40_200,projcos4,feasible_only,low-risk,3,805.0,0.0,1.2636,1,0,0.02,0.02,1.0,1,1.852395,0.113013,0.998
single_task,risk_constrained,eval_163,WAN,2,wan_ad_projcos4,WAN A/D projcos4,t4strict_pair_a_vs_d_40_200,projcos4,feasible_only,low-risk,3,810.0,0.0,1.26162,1,0,0.02,0.02,1.0,1,1.852395,0.113013,0.998
single_task,risk_constrained,eval_164,WAN,2,wan_ad_projcos4,WAN A/D projcos4,t4strict_pair_a_vs_d_40_200,projcos4,feasible_only,low-risk,3,815.0,0.0,1.26162,1,0,0.02,0.02,1.0,1,1.852395,0.113013,0.998
single_task,risk_constrained,eval_165,WAN,2,wan_ad_projcos4,WAN A/D projcos4,t4strict_pair_a_vs_d_40_200,projcos4,feasible_only,low-risk,3,820.0,0.0,1.26261,1,0,0.02,0.02,1.0,1,1.852395,0.113013,0.998
single_task,risk_constrained,eval_166,WAN,1,wan_ad_projcos4,WAN A/D projcos4,t4strict_pair_a_vs_d_40_200,projcos4,feasible_only,low-risk,3,825.0,0.0,1.25865,1,0,0.02,0.02,1.0,1,1.852395,0.113013,0.998
single_task,risk_constrained,eval_167,WAN,3,wan_ad_projcos4,WAN A/D projcos4,t4strict_pair_a_vs_d_40_200,projcos4,feasible_only,low-risk,3,830.0,0.0,1.28241,1,0,0.02,0.02,1.0,1,1.852395,0.113013,0.998
single_task,risk_constrained,eval_168,WAN,3,wan_ad_projcos4,WAN A/D projcos4,t4strict_pair_a_vs_d_40_200,projcos4,feasible_only,low-risk,3,835.0,0.0,1.28043,1,0,0.02,0.02,1.0,1,1.852395,0.113013,0.998
single_task,risk_constrained,eval_169,WAN,3,wan_ad_projcos4,WAN A/D projcos4,t4strict_pair_a_vs_d_40_200,projcos4,feasible_only,low-risk,3,840.0,0.0,1.27845,1,0,0.02,0.02,1.0,1,1.852395,0.113013,0.998
single_task,risk_constrained,eval_170,WAN,2,wan_ad_projcos4,WAN A/D projcos4,t4strict_pair_a_vs_d_40_200,projcos4,feasible_only,low-risk,3,845.0,0.0,1.26162,1,0,0.02,0.02,1.0,1,1.852395,0.113013,0.998
single_task,risk_constrained,eval_171,WAN,1,wan_ad_projcos4,WAN A/D projcos4,t4strict_pair_a_vs_d_40_200,projcos4,feasible_only,low-risk,3,850.0,0.0,1.25865,1,0,0.02,0.02,1.0,1,1.852395,0.113013,0.998
single_task,risk_constrained,eval_172,WAN,2,wan_ad_projcos4,WAN A/D projcos4,t4strict_pair_a_vs_d_40_200,projcos4,feasible_only,low-risk,3,855.0,0.0,1.26063,1,0,0.02,0.02,1.0,1,1.852395,0.113013,0.998
single_task,risk_constrained,eval_173,WAN,1,wan_ad_projcos4,WAN A/D projcos4,t4strict_pair_a_vs_d_40_200,projcos4,feasible_only,low-risk,3,860.0,0.0,1.25865,1,0,0.02,0.02,1.0,1,1.852395,0.113013,0.998
single_task,risk_constrained,eval_174,WAN,1,wan_ad_projcos4,WAN A/D projcos4,t4strict_pair_a_vs_d_40_200,projcos4,feasible_only,low-risk,3,865.0,0.0,1.25865,1,0,0.02,0.02,1.0,1,1.852395,0.113013,0.998
single_task,risk_constrained,eval_175,WAN,2,wan_ad_projcos4,WAN A/D projcos4,t4strict_pair_a_vs_d_40_200,projcos4,feasible_only,low-risk,3,870.0,0.0,1.25964,1,0,0.02,0.02,1.0,1,1.852395,0.113013,0.998
single_task,risk_constrained,eval_176,WAN,1,wan_ad_projcos4,WAN A/D projcos4,t4strict_pair_a_vs_d_40_200,projcos4,feasible_only,low-risk,3,875.0,0.0,1.25568,1,0,0.02,0.02,1.0,1,1.852395,0.113013,0.998
single_task,risk_constrained,eval_177,WAN,3,wan_ad_projcos4,WAN A/D projcos4,t4strict_pair_a_vs_d_40_200,projcos4,feasible_only,low-risk,3,880.0,0.0,1.27944,1,0,0.02,0.02,1.0,1,1.852395,0.113013,0.998
single_task,risk_constrained,eval_178,WAN,3,wan_ad_projcos4,WAN A/D projcos4,t4strict_pair_a_vs_d_40_200,projcos4,feasible_only,low-risk,3,885.0,0.0,1.27746,1,0,0.02,0.02,1.0,1,1.852395,0.113013,0.998
single_task,risk_constrained,eval_179,WAN,3,wan_ad_projcos4,WAN A/D projcos4,t4strict_pair_a_vs_d_40_200,projcos4,feasible_only,low-risk,3,890.0,0.0,1.27548,1,0,0.02,0.02,1.0,1,1.852395,0.113013,0.998
single_task,risk_constrained,eval_180,WAN,1,wan_ad_projcos4,WAN A/D projcos4,t4strict_pair_a_vs_d_40_200,projcos4,feasible_only,low-risk,3,895.0,0.0,1.25865,1,0,0.02,0.02,1.0,1,1.852395,0.113013,0.998
single_task,risk_constrained,eval_181,WAN,2,wan_ad_projcos4,WAN A/D projcos4,t4strict_pair_a_vs_d_40_200,projcos4,feasible_only,low-risk,3,900.0,0.0,1.26756,1,0,0.02,0.02,1.0,1,1.852395,0.113013,0.998
single_task,risk_constrained,eval_182,WAN,2,wan_ad_projcos4,WAN A/D projcos4,t4strict_pair_a_vs_d_40_200,projcos4,feasible_only,low-risk,3,905.0,0.0,1.26954,1,0,0.02,0.02,1.0,1,1.852395,0.113013,0.998
single_task,risk_constrained,eval_183,WAN,2,wan_ad_projcos4,WAN A/D projcos4,t4strict_pair_a_vs_d_40_200,projcos4,feasible_only,low-risk,3,910.0,0.0,1.26756,1,0,0.02,0.02,1.0,1,1.852395,0.113013,0.998
single_task,risk_constrained,eval_184,WAN,2,wan_ad_projcos4,WAN A/D projcos4,t4strict_pair_a_vs_d_40_200,projcos4,feasible_only,low-risk,3,915.0,0.0,1.26756,1,0,0.02,0.02,1.0,1,1.852395,0.113013,0.998
single_task,risk_constrained,eval_185,WAN,2,wan_ad_projcos4,WAN A/D projcos4,t4strict_pair_a_vs_d_40_200,projcos4,feasible_only,low-risk,3,920.0,0.0,1.26855,1,0,0.02,0.02,1.0,1,1.852395,0.113013,0.998
single_task,risk_constrained,eval_186,WAN,2,wan_ad_projcos4,WAN A/D projcos4,t4strict_pair_a_vs_d_40_200,projcos4,feasible_only,low-risk,3,925.0,0.0,1.26459,1,0,0.02,0.02,1.0,1,1.852395,0.113013,0.998
single_task,risk_constrained,eval_187,WAN,3,wan_ad_projcos4,WAN A/D projcos4,t4strict_pair_a_vs_d_40_200,projcos4,feasible_only,low-risk,3,930.0,0.0,1.28835,1,0,0.02,0.02,1.0,1,1.852395,0.113013,0.998
single_task,risk_constrained,eval_188,WAN,3,wan_ad_projcos4,WAN A/D projcos4,t4strict_pair_a_vs_d_40_200,projcos4,feasible_only,low-risk,3,935.0,0.0,1.28637,1,0,0.02,0.02,1.0,1,1.852395,0.113013,0.998
single_task,risk_constrained,eval_189,WAN,3,wan_ad_projcos4,WAN A/D projcos4,t4strict_pair_a_vs_d_40_200,projcos4,feasible_only,low-risk,3,940.0,0.0,1.28439,1,0,0.02,0.02,1.0,1,1.852395,0.113013,0.998
single_task,risk_constrained,eval_190,WAN,2,wan_ad_projcos4,WAN A/D projcos4,t4strict_pair_a_vs_d_40_200,projcos4,feasible_only,low-risk,3,945.0,0.0,1.26756,1,0,0.02,0.02,1.0,1,1.852395,0.113013,0.998
single_task,risk_constrained,eval_191,WAN,2,wan_ad_projcos4,WAN A/D projcos4,t4strict_pair_a_vs_d_40_200,projcos4,feasible_only,low-risk,3,950.0,0.0,1.26756,1,0,0.02,0.02,1.0,1,1.852395,0.113013,0.998
single_task,risk_constrained,eval_192,WAN,2,wan_ad_projcos4,WAN A/D projcos4,t4strict_pair_a_vs_d_40_200,projcos4,feasible_only,low-risk,3,955.0,0.0,1.26954,1,0,0.02,0.02,1.0,1,1.852395,0.113013,0.998
single_task,risk_constrained,eval_193,WAN,2,wan_ad_projcos4,WAN A/D projcos4,t4strict_pair_a_vs_d_40_200,projcos4,feasible_only,low-risk,3,960.0,0.0,1.26756,1,0,0.02,0.02,1.0,1,1.852395,0.113013,0.998
single_task,risk_constrained,eval_194,WAN,2,wan_ad_projcos4,WAN A/D projcos4,t4strict_pair_a_vs_d_40_200,projcos4,feasible_only,low-risk,3,965.0,0.0,1.26756,1,0,0.02,0.02,1.0,1,1.852395,0.113013,0.998
single_task,risk_constrained,eval_195,WAN,2,wan_ad_projcos4,WAN A/D projcos4,t4strict_pair_a_vs_d_40_200,projcos4,feasible_only,low-risk,3,970.0,0.0,1.26855,1,1,0.02,0.02,1.0,1,5.650625,0.113013,0.848
single_task,risk_constrained,eval_196,WAN,2,wan_ad_projcos4,WAN A/D projcos4,t4strict_pair_a_vs_d_40_200,projcos4,feasible_only,low-risk,3,975.0,0.0,1.26459,1,0,0.02,0.02,1.0,1,1.852395,0.113013,0.998
single_task,risk_constrained,eval_197,WAN,3,wan_ad_projcos4,WAN A/D projcos4,t4strict_pair_a_vs_d_40_200,projcos4,feasible_only,low-risk,3,980.0,0.0,1.28835,1,0,0.02,0.02,1.0,1,1.852395,0.113013,0.998
single_task,risk_constrained,eval_198,WAN,3,wan_ad_projcos4,WAN A/D projcos4,t4strict_pair_a_vs_d_40_200,projcos4,feasible_only,low-risk,3,985.0,0.0,1.28637,1,0,0.02,0.02,1.0,1,1.852395,0.113013,0.998
single_task,risk_constrained,eval_199,WAN,3,wan_ad_projcos4,WAN A/D projcos4,t4strict_pair_a_vs_d_40_200,projcos4,feasible_only,low-risk,3,990.0,0.0,1.28439,1,0,0.02,0.02,1.0,1,1.852395,0.113013,0.998
single_task,risk_constrained,eval_200,WAN,2,wan_ad_projcos4,WAN A/D projcos4,t4strict_pair_a_vs_d_40_200,projcos4,feasible_only,low-risk,3,995.0,0.0,1.26756,1,0,0.02,0.02,1.0,1,1.852395,0.113013,0.998
single_task,adaptive_verifier,eval_001,LAN,3,lan_ab_projcos4,LAN A/B projcos4,t4strict_pair_a_vs_b_40_200,projcos4,upgrade_verifier:t4strict_pair_a_vs_b_40_200,low-risk,3,0.0,0.0,1.05564,1,0,0.02,0.02,1.0,1,1.785521,0.111675,0.998
single_task,adaptive_verifier,eval_002,LAN,3,lan_ab_projcos4,LAN A/B projcos4,t4strict_pair_a_vs_b_40_200,projcos4,upgrade_verifier:t4strict_pair_a_vs_b_40_200,low-risk,3,5.0,0.0,1.05758,1,0,0.02,0.02,1.0,1,1.785521,0.111675,0.998
single_task,adaptive_verifier,eval_003,LAN,3,lan_ab_projcos4,LAN A/B projcos4,t4strict_pair_a_vs_b_40_200,projcos4,upgrade_verifier:t4strict_pair_a_vs_b_40_200,low-risk,3,10.0,0.0,1.05564,1,0,0.02,0.02,1.0,1,1.785521,0.111675,0.998
single_task,adaptive_verifier,eval_004,LAN,3,lan_ab_projcos4,LAN A/B projcos4,t4strict_pair_a_vs_b_40_200,projcos4,upgrade_verifier:t4strict_pair_a_vs_b_40_200,low-risk,3,15.0,0.0,1.05564,1,0,0.02,0.02,1.0,1,1.785521,0.111675,0.998
single_task,adaptive_verifier,eval_005,LAN,3,lan_ab_projcos4,LAN A/B projcos4,t4strict_pair_a_vs_b_40_200,projcos4,upgrade_verifier:t4strict_pair_a_vs_b_40_200,low-risk,3,20.0,0.0,1.05661,1,1,0.02,0.02,1.0,1,5.583751,0.111675,0.848
single_task,adaptive_verifier,eval_006,LAN,2,lan_single_homo_scalar16,LAN single-node homo scalar16,single_homo,scalar16,keep_baseline:single_homo,low-risk,1,25.0,0.0,0.85331,1,0,0.0,0.0,1.0,1,1.554172,0.0,1.0
single_task,adaptive_verifier,eval_007,LAN,3,lan_ab_projcos4,LAN A/B projcos4,t4strict_pair_a_vs_b_40_200,projcos4,upgrade_verifier:t4strict_pair_a_vs_b_40_200,low-risk,3,30.0,0.0,1.07601,1,0,0.02,0.02,1.0,1,1.785521,0.111675,0.998
single_task,adaptive_verifier,eval_008,LAN,3,lan_ab_projcos4,LAN A/B projcos4,t4strict_pair_a_vs_b_40_200,projcos4,upgrade_verifier:t4strict_pair_a_vs_b_40_200,low-risk,3,35.0,0.0,1.07407,1,0,0.02,0.02,1.0,1,1.785521,0.111675,0.998
single_task,adaptive_verifier,eval_009,LAN,3,lan_ab_projcos4,LAN A/B projcos4,t4strict_pair_a_vs_b_40_200,projcos4,upgrade_verifier:t4strict_pair_a_vs_b_40_200,low-risk,3,40.0,0.0,1.07213,1,0,0.02,0.02,1.0,1,1.785521,0.111675,0.998
single_task,adaptive_verifier,eval_010,LAN,3,lan_ab_projcos4,LAN A/B projcos4,t4strict_pair_a_vs_b_40_200,projcos4,upgrade_verifier:t4strict_pair_a_vs_b_40_200,low-risk,3,45.0,0.0,1.05564,1,0,0.02,0.02,1.0,1,1.785521,0.111675,0.998
single_task,adaptive_verifier,eval_011,LAN,1,lan_single_homo_scalar16,LAN single-node homo scalar16,single_homo,scalar16,keep_baseline:single_homo,low-risk,1,50.0,0.0,0.83987,1,0,0.0,0.0,1.0,1,1.554172,0.0,1.0
single_task,adaptive_verifier,eval_012,LAN,1,lan_single_homo_scalar16,LAN single-node homo scalar16,single_homo,scalar16,keep_baseline:single_homo,low-risk,1,55.0,0.0,0.84155,1,0,0.0,0.0,1.0,1,1.554172,0.0,1.0
single_task,adaptive_verifier,eval_013,LAN,1,lan_single_homo_scalar16,LAN single-node homo scalar16,single_homo,scalar16,keep_baseline:single_homo,low-risk,1,60.0,0.0,0.83987,1,0,0.0,0.0,1.0,1,1.554172,0.0,1.0
single_task,adaptive_verifier,eval_014,LAN,1,lan_single_homo_scalar16,LAN single-node homo scalar16,single_homo,scalar16,keep_baseline:single_homo,low-risk,1,65.0,0.0,0.83987,0,0,0.0,0.0,1.0,1,1.554172,0.0,0.0
single_task,adaptive_verifier,eval_015,LAN,1,lan_single_homo_scalar16,LAN single-node homo scalar16,single_homo,scalar16,keep_baseline:single_homo,low-risk,1,70.0,0.0,0.84071,1,0,0.0,0.0,1.0,1,1.554172,0.0,1.0
single_task,adaptive_verifier,eval_016,LAN,1,lan_single_homo_scalar16,LAN single-node homo scalar16,single_homo,scalar16,keep_baseline:single_homo,low-risk,1,75.0,0.0,0.83735,1,0,0.0,0.0,1.0,1,1.554172,0.0,1.0
single_task,adaptive_verifier,eval_017,LAN,3,lan_ab_projcos4,LAN A/B projcos4,t4strict_pair_a_vs_b_40_200,projcos4,upgrade_verifier:t4strict_pair_a_vs_b_40_200,low-risk,3,80.0,0.0,1.05758,1,0,0.02,0.02,1.0,1,1.785521,0.111675,0.998
single_task,adaptive_verifier,eval_018,LAN,3,lan_ab_projcos4,LAN A/B projcos4,t4strict_pair_a_vs_b_40_200,projcos4,upgrade_verifier:t4strict_pair_a_vs_b_40_200,low-risk,3,85.0,0.0,1.05564,1,0,0.02,0.02,1.0,1,1.785521,0.111675,0.998
single_task,adaptive_verifier,eval_019,LAN,2,lan_single_homo_scalar16,LAN single-node homo scalar16,single_homo,scalar16,keep_baseline:single_homo,low-risk,1,90.0,0.0,0.85415,1,0,0.0,0.0,1.0,1,1.554172,0.0,1.0
single_task,adaptive_verifier,eval_020,LAN,1,lan_single_homo_scalar16,LAN single-node homo scalar16,single_homo,scalar16,keep_baseline:single_homo,low-risk,1,95.0,0.0,0.83987,1,0,0.0,0.0,1.0,1,1.554172,0.0,1.0
single_task,adaptive_verifier,eval_021,LAN,1,lan_single_homo_scalar16,LAN single-node homo scalar16,single_homo,scalar16,keep_baseline:single_homo,low-risk,1,100.0,0.0,0.83231,1,0,0.0,0.0,1.0,1,1.554172,0.0,1.0
single_task,adaptive_verifier,eval_022,LAN,1,lan_single_homo_scalar16,LAN single-node homo scalar16,single_homo,scalar16,keep_baseline:single_homo,low-risk,1,105.0,0.0,0.83399,1,0,0.0,0.0,1.0,1,1.554172,0.0,1.0
single_task,adaptive_verifier,eval_023,LAN,1,lan_single_homo_scalar16,LAN single-node homo scalar16,single_homo,scalar16,keep_baseline:single_homo,low-risk,1,110.0,0.0,0.83231,1,0,0.0,0.0,1.0,1,1.554172,0.0,1.0
single_task,adaptive_verifier,eval_024,LAN,1,lan_single_homo_scalar16,LAN single-node homo scalar16,single_homo,scalar16,keep_baseline:single_homo,low-risk,1,115.0,0.0,0.83231,1,0,0.0,0.0,1.0,1,1.554172,0.0,1.0
single_task,adaptive_verifier,eval_025,LAN,1,lan_single_homo_scalar16,LAN single-node homo scalar16,single_homo,scalar16,keep_baseline:single_homo,low-risk,1,120.0,0.0,0.83315,1,0,0.0,0.0,1.0,1,1.554172,0.0,1.0
single_task,adaptive_verifier,eval_026,LAN,1,lan_single_homo_scalar16,LAN single-node homo scalar16,single_homo,scalar16,keep_baseline:single_homo,low-risk,1,125.0,0.0,0.82979,1,0,0.0,0.0,1.0,1,1.554172,0.0,1.0
single_task,adaptive_verifier,eval_027,LAN,2,lan_single_homo_scalar16,LAN single-node homo scalar16,single_homo,scalar16,keep_baseline:single_homo,low-risk,1,130.0,0.0,0.84995,1,0,0.0,0.0,1.0,1,1.554172,0.0,1.0
single_task,adaptive_verifier,eval_028,LAN,2,lan_single_homo_scalar16,LAN single-node homo scalar16,single_homo,scalar16,keep_baseline:single_homo,low-risk,1,135.0,0.0,0.84827,1,0,0.0,0.0,1.0,1,1.554172,0.0,1.0
single_task,adaptive_verifier,eval_029,LAN,2,lan_single_homo_scalar16,LAN single-node homo scalar16,single_homo,scalar16,keep_baseline:single_homo,low-risk,1,140.0,0.0,0.84659,1,0,0.0,0.0,1.0,1,1.554172,0.0,1.0
single_task,adaptive_verifier,eval_030,LAN,1,lan_single_homo_scalar16,LAN single-node homo scalar16,single_homo,scalar16,keep_baseline:single_homo,low-risk,1,145.0,0.0,0.83231,1,0,0.0,0.0,1.0,1,1.554172,0.0,1.0
single_task,adaptive_verifier,eval_031,LAN,2,lan_single_homo_scalar16,LAN single-node homo scalar16,single_homo,scalar16,keep_baseline:single_homo,low-risk,1,150.0,0.0,0.84743,1,0,0.0,0.0,1.0,1,1.554172,0.0,1.0
single_task,adaptive_verifier,eval_032,LAN,2,lan_single_homo_scalar16,LAN single-node homo scalar16,single_homo,scalar16,keep_baseline:single_homo,low-risk,1,155.0,0.0,0.84911,1,0,0.0,0.0,1.0,1,1.554172,0.0,1.0
single_task,adaptive_verifier,eval_033,LAN,2,lan_single_homo_scalar16,LAN single-node homo scalar16,single_homo,scalar16,keep_baseline:single_homo,low-risk,1,160.0,0.0,0.84743,1,0,0.0,0.0,1.0,1,1.554172,0.0,1.0
single_task,adaptive_verifier,eval_034,LAN,2,lan_single_homo_scalar16,LAN single-node homo scalar16,single_homo,scalar16,keep_baseline:single_homo,low-risk,1,165.0,0.0,0.84743,0,0,0.0,0.0,1.0,1,1.554172,0.0,0.0
single_task,adaptive_verifier,eval_035,LAN,2,lan_single_homo_scalar16,LAN single-node homo scalar16,single_homo,scalar16,keep_baseline:single_homo,low-risk,1,170.0,0.0,0.84827,0,0,0.0,0.0,1.0,1,1.554172,0.0,0.0
single_task,adaptive_verifier,eval_036,LAN,2,lan_single_homo_scalar16,LAN single-node homo scalar16,single_homo,scalar16,keep_baseline:single_homo,low-risk,1,175.0,0.0,0.84491,1,0,0.0,0.0,1.0,1,1.554172,0.0,1.0
single_task,adaptive_verifier,eval_037,LAN,3,lan_ab_projcos4,LAN A/B projcos4,t4strict_pair_a_vs_b_40_200,projcos4,upgrade_verifier:t4strict_pair_a_vs_b_40_200,low-risk,3,180.0,0.0,1.06631,1,0,0.02,0.02,1.0,1,1.785521,0.111675,0.998
single_task,adaptive_verifier,eval_038,LAN,3,lan_ab_projcos4,LAN A/B projcos4,t4strict_pair_a_vs_b_40_200,projcos4,upgrade_verifier:t4strict_pair_a_vs_b_40_200,low-risk,3,185.0,0.0,1.06437,1,0,0.02,0.02,1.0,1,1.785521,0.111675,0.998
single_task,adaptive_verifier,eval_039,LAN,3,lan_ab_projcos4,LAN A/B projcos4,t4strict_pair_a_vs_b_40_200,projcos4,upgrade_verifier:t4strict_pair_a_vs_b_40_200,low-risk,3,190.0,0.0,1.06243,1,0,0.02,0.02,1.0,1,1.785521,0.111675,0.998
single_task,adaptive_verifier,eval_040,LAN,2,lan_single_homo_scalar16,LAN single-node homo scalar16,single_homo,scalar16,keep_baseline:single_homo,low-risk,1,195.0,0.0,0.84743,1,0,0.0,0.0,1.0,1,1.554172,0.0,1.0
single_task,adaptive_verifier,eval_041,LAN,2,lan_single_homo_scalar16,LAN single-node homo scalar16,single_homo,scalar16,keep_baseline:single_homo,low-risk,1,200.0,0.0,0.84743,1,0,0.0,0.0,1.0,1,1.554172,0.0,1.0
single_task,adaptive_verifier,eval_042,LAN,2,lan_single_homo_scalar16,LAN single-node homo scalar16,single_homo,scalar16,keep_baseline:single_homo,low-risk,1,205.0,0.0,0.84911,1,0,0.0,0.0,1.0,1,1.554172,0.0,1.0
single_task,adaptive_verifier,eval_043,LAN,2,lan_single_homo_scalar16,LAN single-node homo scalar16,single_homo,scalar16,keep_baseline:single_homo,low-risk,1,210.0,0.0,0.84743,1,0,0.0,0.0,1.0,1,1.554172,0.0,1.0
single_task,adaptive_verifier,eval_044,LAN,2,lan_single_homo_scalar16,LAN single-node homo scalar16,single_homo,scalar16,keep_baseline:single_homo,low-risk,1,215.0,0.0,0.84743,1,0,0.0,0.0,1.0,1,1.554172,0.0,1.0
single_task,adaptive_verifier,eval_045,LAN,2,lan_single_homo_scalar16,LAN single-node homo scalar16,single_homo,scalar16,keep_baseline:single_homo,low-risk,1,220.0,0.0,0.84827,1,0,0.0,0.0,1.0,1,1.554172,0.0,1.0
single_task,adaptive_verifier,eval_046,LAN,2,lan_single_homo_scalar16,LAN single-node homo scalar16,single_homo,scalar16,keep_baseline:single_homo,low-risk,1,225.0,0.0,0.84491,1,0,0.0,0.0,1.0,1,1.554172,0.0,1.0
single_task,adaptive_verifier,eval_047,LAN,3,lan_ab_projcos4,LAN A/B projcos4,t4strict_pair_a_vs_b_40_200,projcos4,upgrade_verifier:t4strict_pair_a_vs_b_40_200,low-risk,3,230.0,0.0,1.06631,1,0,0.02,0.02,1.0,1,1.785521,0.111675,0.998
single_task,adaptive_verifier,eval_048,LAN,3,lan_ab_projcos4,LAN A/B projcos4,t4strict_pair_a_vs_b_40_200,projcos4,upgrade_verifier:t4strict_pair_a_vs_b_40_200,low-risk,3,235.0,0.0,1.06437,1,0,0.02,0.02,1.0,1,1.785521,0.111675,0.998
single_task,adaptive_verifier,eval_049,LAN,3,lan_ab_projcos4,LAN A/B projcos4,t4strict_pair_a_vs_b_40_200,projcos4,upgrade_verifier:t4strict_pair_a_vs_b_40_200,low-risk,3,240.0,0.0,1.06243,1,0,0.02,0.02,1.0,1,1.785521,0.111675,0.998
single_task,adaptive_verifier,eval_050,LAN,2,lan_single_homo_scalar16,LAN single-node homo scalar16,single_homo,scalar16,keep_baseline:single_homo,low-risk,1,245.0,0.0,0.84743,0,0,0.0,0.0,1.0,1,1.554172,0.0,0.0
single_task,adaptive_verifier,eval_051,LAN,3,lan_ab_projcos4,LAN A/B projcos4,t4strict_pair_a_vs_b_40_200,projcos4,upgrade_verifier:t4strict_pair_a_vs_b_40_200,low-risk,3,250.0,0.0,1.05661,1,0,0.02,0.02,1.0,1,1.785521,0.111675,0.998
single_task,adaptive_verifier,eval_052,LAN,3,lan_ab_projcos4,LAN A/B projcos4,t4strict_pair_a_vs_b_40_200,projcos4,upgrade_verifier:t4strict_pair_a_vs_b_40_200,low-risk,3,255.0,0.0,1.05855,1,0,0.02,0.02,1.0,1,1.785521,0.111675,0.998
single_task,adaptive_verifier,eval_053,LAN,3,lan_ab_projcos4,LAN A/B projcos4,t4strict_pair_a_vs_b_40_200,projcos4,upgrade_verifier:t4strict_pair_a_vs_b_40_200,low-risk,3,260.0,0.0,1.05661,1,0,0.02,0.02,1.0,1,1.785521,0.111675,0.998
single_task,adaptive_verifier,eval_054,LAN,3,lan_ab_projcos4,LAN A/B projcos4,t4strict_pair_a_vs_b_40_200,projcos4,upgrade_verifier:t4strict_pair_a_vs_b_40_200,low-risk,3,265.0,0.0,1.05661,1,0,0.02,0.02,1.0,1,1.785521,0.111675,0.998
single_task,adaptive_verifier,eval_055,LAN,3,lan_ab_projcos4,LAN A/B projcos4,t4strict_pair_a_vs_b_40_200,projcos4,upgrade_verifier:t4strict_pair_a_vs_b_40_200,low-risk,3,270.0,0.0,1.05758,1,0,0.02,0.02,1.0,1,1.785521,0.111675,0.998
single_task,adaptive_verifier,eval_056,LAN,2,lan_single_homo_scalar16,LAN single-node homo scalar16,single_homo,scalar16,keep_baseline:single_homo,low-risk,1,275.0,0.0,0.85415,1,0,0.0,0.0,1.0,1,1.554172,0.0,1.0
single_task,adaptive_verifier,eval_057,LAN,3,lan_ab_projcos4,LAN A/B projcos4,t4strict_pair_a_vs_b_40_200,projcos4,upgrade_verifier:t4strict_pair_a_vs_b_40_200,low-risk,3,280.0,0.0,1.07698,1,0,0.02,0.02,1.0,1,1.785521,0.111675,0.998
single_task,adaptive_verifier,eval_058,LAN,3,lan_ab_projcos4,LAN A/B projcos4,t4strict_pair_a_vs_b_40_200,projcos4,upgrade_verifier:t4strict_pair_a_vs_b_40_200,low-risk,3,285.0,0.0,1.07504,1,0,0.02,0.02,1.0,1,1.785521,0.111675,0.998
single_task,adaptive_verifier,eval_059,LAN,3,lan_ab_projcos4,LAN A/B projcos4,t4strict_pair_a_vs_b_40_200,projcos4,upgrade_verifier:t4strict_pair_a_vs_b_40_200,low-risk,3,290.0,0.0,1.0731,1,0,0.02,0.02,1.0,1,1.785521,0.111675,0.998
single_task,adaptive_verifier,eval_060,LAN,3,lan_ab_projcos4,LAN A/B projcos4,t4strict_pair_a_vs_b_40_200,projcos4,upgrade_verifier:t4strict_pair_a_vs_b_40_200,low-risk,3,295.0,0.0,1.05661,1,0,0.02,0.02,1.0,1,1.785521,0.111675,0.998
single_task,adaptive_verifier,eval_061,LAN,1,lan_single_homo_scalar16,LAN single-node homo scalar16,single_homo,scalar16,keep_baseline:single_homo,low-risk,1,300.0,0.0,0.83231,1,0,0.0,0.0,1.0,1,1.554172,0.0,1.0
single_task,adaptive_verifier,eval_062,LAN,1,lan_single_homo_scalar16,LAN single-node homo scalar16,single_homo,scalar16,keep_baseline:single_homo,low-risk,1,305.0,0.0,0.83399,1,0,0.0,0.0,1.0,1,1.554172,0.0,1.0
single_task,adaptive_verifier,eval_063,LAN,1,lan_single_homo_scalar16,LAN single-node homo scalar16,single_homo,scalar16,keep_baseline:single_homo,low-risk,1,310.0,0.0,0.83231,1,0,0.0,0.0,1.0,1,1.554172,0.0,1.0
single_task,adaptive_verifier,eval_064,LAN,1,lan_single_homo_scalar16,LAN single-node homo scalar16,single_homo,scalar16,keep_baseline:single_homo,low-risk,1,315.0,0.0,0.83231,1,0,0.0,0.0,1.0,1,1.554172,0.0,1.0
single_task,adaptive_verifier,eval_065,LAN,1,lan_single_homo_scalar16,LAN single-node homo scalar16,single_homo,scalar16,keep_baseline:single_homo,low-risk,1,320.0,0.0,0.83315,1,0,0.0,0.0,1.0,1,1.554172,0.0,1.0
single_task,adaptive_verifier,eval_066,LAN,1,lan_single_homo_scalar16,LAN single-node homo scalar16,single_homo,scalar16,keep_baseline:single_homo,low-risk,1,325.0,0.0,0.82979,1,0,0.0,0.0,1.0,1,1.554172,0.0,1.0
single_task,adaptive_verifier,eval_067,LAN,2,lan_single_homo_scalar16,LAN single-node homo scalar16,single_homo,scalar16,keep_baseline:single_homo,low-risk,1,330.0,0.0,0.84995,0,0,0.0,0.0,1.0,1,1.554172,0.0,0.0
single_task,adaptive_verifier,eval_068,LAN,2,lan_single_homo_scalar16,LAN single-node homo scalar16,single_homo,scalar16,keep_baseline:single_homo,low-risk,1,335.0,0.0,0.84827,1,0,0.0,0.0,1.0,1,1.554172,0.0,1.0
single_task,adaptive_verifier,eval_069,LAN,2,lan_single_homo_scalar16,LAN single-node homo scalar16,single_homo,scalar16,keep_baseline:single_homo,low-risk,1,340.0,0.0,0.84659,1,0,0.0,0.0,1.0,1,1.554172,0.0,1.0
single_task,adaptive_verifier,eval_070,LAN,1,lan_single_homo_scalar16,LAN single-node homo scalar16,single_homo,scalar16,keep_baseline:single_homo,low-risk,1,345.0,0.0,0.83231,1,0,0.0,0.0,1.0,1,1.554172,0.0,1.0
single_task,adaptive_verifier,eval_071,LAN,1,lan_single_homo_scalar16,LAN single-node homo scalar16,single_homo,scalar16,keep_baseline:single_homo,low-risk,1,350.0,0.0,0.83315,1,0,0.0,0.0,1.0,1,1.554172,0.0,1.0
single_task,adaptive_verifier,eval_072,LAN,1,lan_single_homo_scalar16,LAN single-node homo scalar16,single_homo,scalar16,keep_baseline:single_homo,low-risk,1,355.0,0.0,0.83483,1,0,0.0,0.0,1.0,1,1.554172,0.0,1.0
single_task,adaptive_verifier,eval_073,LAN,1,lan_single_homo_scalar16,LAN single-node homo scalar16,single_homo,scalar16,keep_baseline:single_homo,low-risk,1,360.0,0.0,0.83315,1,0,0.0,0.0,1.0,1,1.554172,0.0,1.0
single_task,adaptive_verifier,eval_074,LAN,1,lan_single_homo_scalar16,LAN single-node homo scalar16,single_homo,scalar16,keep_baseline:single_homo,low-risk,1,365.0,0.0,0.83315,1,0,0.0,0.0,1.0,1,1.554172,0.0,1.0
single_task,adaptive_verifier,eval_075,LAN,1,lan_single_homo_scalar16,LAN single-node homo scalar16,single_homo,scalar16,keep_baseline:single_homo,low-risk,1,370.0,0.0,0.83399,1,0,0.0,0.0,1.0,1,1.554172,0.0,1.0
single_task,adaptive_verifier,eval_076,LAN,1,lan_single_homo_scalar16,LAN single-node homo scalar16,single_homo,scalar16,keep_baseline:single_homo,low-risk,1,375.0,0.0,0.83063,1,0,0.0,0.0,1.0,1,1.554172,0.0,1.0
single_task,adaptive_verifier,eval_077,LAN,2,lan_single_homo_scalar16,LAN single-node homo scalar16,single_homo,scalar16,keep_baseline:single_homo,low-risk,1,380.0,0.0,0.85079,1,0,0.0,0.0,1.0,1,1.554172,0.0,1.0
single_task,adaptive_verifier,eval_078,LAN,2,lan_single_homo_scalar16,LAN single-node homo scalar16,single_homo,scalar16,keep_baseline:single_homo,low-risk,1,385.0,0.0,0.84911,1,0,0.0,0.0,1.0,1,1.554172,0.0,1.0
single_task,adaptive_verifier,eval_079,LAN,2,lan_single_homo_scalar16,LAN single-node homo scalar16,single_homo,scalar16,keep_baseline:single_homo,low-risk,1,390.0,0.0,0.84743,1,0,0.0,0.0,1.0,1,1.554172,0.0,1.0
single_task,adaptive_verifier,eval_080,LAN,1,lan_single_homo_scalar16,LAN single-node homo scalar16,single_homo,scalar16,keep_baseline:single_homo,low-risk,1,395.0,0.0,0.83315,1,0,0.0,0.0,1.0,1,1.554172,0.0,1.0
single_task,adaptive_verifier,eval_081,LAN,1,lan_single_homo_scalar16,LAN single-node homo scalar16,single_homo,scalar16,keep_baseline:single_homo,low-risk,1,400.0,0.0,0.83987,1,0,0.0,0.0,1.0,1,1.554172,0.0,1.0
single_task,adaptive_verifier,eval_082,LAN,1,lan_single_homo_scalar16,LAN single-node homo scalar16,single_homo,scalar16,keep_baseline:single_homo,low-risk,1,405.0,0.0,0.84155,1,0,0.0,0.0,1.0,1,1.554172,0.0,1.0
single_task,adaptive_verifier,eval_083,LAN,1,lan_single_homo_scalar16,LAN single-node homo scalar16,single_homo,scalar16,keep_baseline:single_homo,low-risk,1,410.0,0.0,0.83987,1,0,0.0,0.0,1.0,1,1.554172,0.0,1.0
single_task,adaptive_verifier,eval_084,LAN,1,lan_single_homo_scalar16,LAN single-node homo scalar16,single_homo,scalar16,keep_baseline:single_homo,low-risk,1,415.0,0.0,0.83987,1,0,0.0,0.0,1.0,1,1.554172,0.0,1.0
single_task,adaptive_verifier,eval_085,LAN,1,lan_single_homo_scalar16,LAN single-node homo scalar16,single_homo,scalar16,keep_baseline:single_homo,low-risk,1,420.0,0.0,0.84071,1,0,0.0,0.0,1.0,1,1.554172,0.0,1.0
single_task,adaptive_verifier,eval_086,LAN,1,lan_single_homo_scalar16,LAN single-node homo scalar16,single_homo,scalar16,keep_baseline:single_homo,low-risk,1,425.0,0.0,0.83735,1,0,0.0,0.0,1.0,1,1.554172,0.0,1.0
single_task,adaptive_verifier,eval_087,LAN,3,lan_ab_projcos4,LAN A/B projcos4,t4strict_pair_a_vs_b_40_200,projcos4,upgrade_verifier:t4strict_pair_a_vs_b_40_200,low-risk,3,430.0,0.0,1.05758,1,0,0.02,0.02,1.0,1,1.785521,0.111675,0.998
single_task,adaptive_verifier,eval_088,LAN,3,lan_ab_projcos4,LAN A/B projcos4,t4strict_pair_a_vs_b_40_200,projcos4,upgrade_verifier:t4strict_pair_a_vs_b_40_200,low-risk,3,435.0,0.0,1.05564,1,0,0.02,0.02,1.0,1,1.785521,0.111675,0.998
single_task,adaptive_verifier,eval_089,LAN,2,lan_single_homo_scalar16,LAN single-node homo scalar16,single_homo,scalar16,keep_baseline:single_homo,low-risk,1,440.0,0.0,0.85415,1,0,0.0,0.0,1.0,1,1.554172,0.0,1.0
single_task,adaptive_verifier,eval_090,LAN,1,lan_single_homo_scalar16,LAN single-node homo scalar16,single_homo,scalar16,keep_baseline:single_homo,low-risk,1,445.0,0.0,0.83987,1,0,0.0,0.0,1.0,1,1.554172,0.0,1.0
single_task,adaptive_verifier,eval_091,LAN,1,lan_single_homo_scalar16,LAN single-node homo scalar16,single_homo,scalar16,keep_baseline:single_homo,low-risk,1,450.0,0.0,0.84155,1,0,0.0,0.0,1.0,1,1.554172,0.0,1.0
single_task,adaptive_verifier,eval_092,LAN,2,lan_single_homo_scalar16,LAN single-node homo scalar16,single_homo,scalar16,keep_baseline:single_homo,low-risk,1,455.0,0.0,0.84323,1,0,0.0,0.0,1.0,1,1.554172,0.0,1.0
single_task,adaptive_verifier,eval_093,LAN,1,lan_single_homo_scalar16,LAN single-node homo scalar16,single_homo,scalar16,keep_baseline:single_homo,low-risk,1,460.0,0.0,0.84155,1,0,0.0,0.0,1.0,1,1.554172,0.0,1.0
single_task,adaptive_verifier,eval_094,LAN,1,lan_single_homo_scalar16,LAN single-node homo scalar16,single_homo,scalar16,keep_baseline:single_homo,low-risk,1,465.0,0.0,0.84155,1,0,0.0,0.0,1.0,1,1.554172,0.0,1.0
single_task,adaptive_verifier,eval_095,LAN,2,lan_single_homo_scalar16,LAN single-node homo scalar16,single_homo,scalar16,keep_baseline:single_homo,low-risk,1,470.0,0.0,0.84239,1,0,0.0,0.0,1.0,1,1.554172,0.0,1.0
single_task,adaptive_verifier,eval_096,LAN,1,lan_single_homo_scalar16,LAN single-node homo scalar16,single_homo,scalar16,keep_baseline:single_homo,low-risk,1,475.0,0.0,0.83903,1,0,0.0,0.0,1.0,1,1.554172,0.0,1.0
single_task,adaptive_verifier,eval_097,LAN,3,lan_ab_projcos4,LAN A/B projcos4,t4strict_pair_a_vs_b_40_200,projcos4,upgrade_verifier:t4strict_pair_a_vs_b_40_200,low-risk,3,480.0,0.0,1.05952,1,0,0.02,0.02,1.0,1,1.785521,0.111675,0.998
single_task,adaptive_verifier,eval_098,LAN,3,lan_ab_projcos4,LAN A/B projcos4,t4strict_pair_a_vs_b_40_200,projcos4,upgrade_verifier:t4strict_pair_a_vs_b_40_200,low-risk,3,485.0,0.0,1.05758,1,0,0.02,0.02,1.0,1,1.785521,0.111675,0.998
single_task,adaptive_verifier,eval_099,LAN,3,lan_ab_projcos4,LAN A/B projcos4,t4strict_pair_a_vs_b_40_200,projcos4,upgrade_verifier:t4strict_pair_a_vs_b_40_200,low-risk,3,490.0,0.0,1.05564,1,0,0.02,0.02,1.0,1,1.785521,0.111675,0.998
single_task,adaptive_verifier,eval_100,LAN,1,lan_single_homo_scalar16,LAN single-node homo scalar16,single_homo,scalar16,keep_baseline:single_homo,low-risk,1,495.0,0.0,0.84155,1,0,0.0,0.0,1.0,1,1.554172,0.0,1.0
single_task,adaptive_verifier,eval_101,LAN,1,lan_single_homo_scalar16,LAN single-node homo scalar16,single_homo,scalar16,keep_baseline:single_homo,low-risk,1,500.0,0.0,0.83399,1,0,0.0,0.0,1.0,1,1.554172,0.0,1.0
single_task,adaptive_verifier,eval_102,LAN,1,lan_single_homo_scalar16,LAN single-node homo scalar16,single_homo,scalar16,keep_baseline:single_homo,low-risk,1,505.0,0.0,0.83567,1,0,0.0,0.0,1.0,1,1.554172,0.0,1.0
single_task,adaptive_verifier,eval_103,LAN,1,lan_single_homo_scalar16,LAN single-node homo scalar16,single_homo,scalar16,keep_baseline:single_homo,low-risk,1,510.0,0.0,0.83399,1,0,0.0,0.0,1.0,1,1.554172,0.0,1.0
single_task,adaptive_verifier,eval_104,LAN,1,lan_single_homo_scalar16,LAN single-node homo scalar16,single_homo,scalar16,keep_baseline:single_homo,low-risk,1,515.0,0.0,0.83399,1,0,0.0,0.0,1.0,1,1.554172,0.0,1.0
single_task,adaptive_verifier,eval_105,LAN,1,lan_single_homo_scalar16,LAN single-node homo scalar16,single_homo,scalar16,keep_baseline:single_homo,low-risk,1,520.0,0.0,0.83483,1,0,0.0,0.0,1.0,1,1.554172,0.0,1.0
single_task,adaptive_verifier,eval_106,LAN,1,lan_single_homo_scalar16,LAN single-node homo scalar16,single_homo,scalar16,keep_baseline:single_homo,low-risk,1,525.0,0.0,0.83147,1,0,0.0,0.0,1.0,1,1.554172,0.0,1.0
single_task,adaptive_verifier,eval_107,LAN,2,lan_single_homo_scalar16,LAN single-node homo scalar16,single_homo,scalar16,keep_baseline:single_homo,low-risk,1,530.0,0.0,0.85163,0,0,0.0,0.0,1.0,1,1.554172,0.0,0.0
single_task,adaptive_verifier,eval_108,LAN,2,lan_single_homo_scalar16,LAN single-node homo scalar16,single_homo,scalar16,keep_baseline:single_homo,low-risk,1,535.0,0.0,0.84995,1,0,0.0,0.0,1.0,1,1.554172,0.0,1.0
single_task,adaptive_verifier,eval_109,LAN,2,lan_single_homo_scalar16,LAN single-node homo scalar16,single_homo,scalar16,keep_baseline:single_homo,low-risk,1,540.0,0.0,0.84827,1,0,0.0,0.0,1.0,1,1.554172,0.0,1.0
single_task,adaptive_verifier,eval_110,LAN,1,lan_single_homo_scalar16,LAN single-node homo scalar16,single_homo,scalar16,keep_baseline:single_homo,low-risk,1,545.0,0.0,0.83399,1,0,0.0,0.0,1.0,1,1.554172,0.0,1.0
single_task,adaptive_verifier,eval_111,LAN,1,lan_single_homo_scalar16,LAN single-node homo scalar16,single_homo,scalar16,keep_baseline:single_homo,low-risk,1,550.0,0.0,0.83483,1,0,0.0,0.0,1.0,1,1.554172,0.0,1.0
single_task,adaptive_verifier,eval_112,LAN,1,lan_single_homo_scalar16,LAN single-node homo scalar16,single_homo,scalar16,keep_baseline:single_homo,low-risk,1,555.0,0.0,0.83651,1,0,0.0,0.0,1.0,1,1.554172,0.0,1.0
single_task,adaptive_verifier,eval_113,LAN,1,lan_single_homo_scalar16,LAN single-node homo scalar16,single_homo,scalar16,keep_baseline:single_homo,low-risk,1,560.0,0.0,0.83483,1,0,0.0,0.0,1.0,1,1.554172,0.0,1.0
single_task,adaptive_verifier,eval_114,LAN,1,lan_single_homo_scalar16,LAN single-node homo scalar16,single_homo,scalar16,keep_baseline:single_homo,low-risk,1,565.0,0.0,0.83483,1,0,0.0,0.0,1.0,1,1.554172,0.0,1.0
single_task,adaptive_verifier,eval_115,LAN,1,lan_single_homo_scalar16,LAN single-node homo scalar16,single_homo,scalar16,keep_baseline:single_homo,low-risk,1,570.0,0.0,0.83567,1,0,0.0,0.0,1.0,1,1.554172,0.0,1.0
single_task,adaptive_verifier,eval_116,LAN,1,lan_single_homo_scalar16,LAN single-node homo scalar16,single_homo,scalar16,keep_baseline:single_homo,low-risk,1,575.0,0.0,0.83231,1,0,0.0,0.0,1.0,1,1.554172,0.0,1.0
single_task,adaptive_verifier,eval_117,LAN,2,lan_single_homo_scalar16,LAN single-node homo scalar16,single_homo,scalar16,keep_baseline:single_homo,low-risk,1,580.0,0.0,0.85247,0,0,0.0,0.0,1.0,1,1.554172,0.0,0.0
single_task,adaptive_verifier,eval_118,LAN,2,lan_single_homo_scalar16,LAN single-node homo scalar16,single_homo,scalar16,keep_baseline:single_homo,low-risk,1,585.0,0.0,0.85079,0,0,0.0,0.0,1.0,1,1.554172,0.0,0.0
single_task,adaptive_verifier,eval_119,LAN,2,lan_single_homo_scalar16,LAN single-node homo scalar16,single_homo,scalar16,keep_baseline:single_homo,low-risk,1,590.0,0.0,0.84911,1,0,0.0,0.0,1.0,1,1.554172,0.0,1.0
single_task,adaptive_verifier,eval_120,LAN,1,lan_single_homo_scalar16,LAN single-node homo scalar16,single_homo,scalar16,keep_baseline:single_homo,low-risk,1,595.0,0.0,0.83483,1,0,0.0,0.0,1.0,1,1.554172,0.0,1.0
single_task,adaptive_verifier,eval_121,LAN,1,lan_single_homo_scalar16,LAN single-node homo scalar16,single_homo,scalar16,keep_baseline:single_homo,low-risk,1,600.0,0.0,0.83987,1,0,0.0,0.0,1.0,1,1.554172,0.0,1.0
single_task,adaptive_verifier,eval_122,LAN,1,lan_single_homo_scalar16,LAN single-node homo scalar16,single_homo,scalar16,keep_baseline:single_homo,low-risk,1,605.0,0.0,0.84155,1,0,0.0,0.0,1.0,1,1.554172,0.0,1.0
single_task,adaptive_verifier,eval_123,LAN,1,lan_single_homo_scalar16,LAN single-node homo scalar16,single_homo,scalar16,keep_baseline:single_homo,low-risk,1,610.0,0.0,0.83987,1,0,0.0,0.0,1.0,1,1.554172,0.0,1.0
single_task,adaptive_verifier,eval_124,LAN,1,lan_single_homo_scalar16,LAN single-node homo scalar16,single_homo,scalar16,keep_baseline:single_homo,low-risk,1,615.0,0.0,0.83987,1,0,0.0,0.0,1.0,1,1.554172,0.0,1.0
single_task,adaptive_verifier,eval_125,LAN,1,lan_single_homo_scalar16,LAN single-node homo scalar16,single_homo,scalar16,keep_baseline:single_homo,low-risk,1,620.0,0.0,0.84071,1,0,0.0,0.0,1.0,1,1.554172,0.0,1.0
single_task,adaptive_verifier,eval_126,LAN,1,lan_single_homo_scalar16,LAN single-node homo scalar16,single_homo,scalar16,keep_baseline:single_homo,low-risk,1,625.0,0.0,0.83735,1,0,0.0,0.0,1.0,1,1.554172,0.0,1.0
single_task,adaptive_verifier,eval_127,LAN,3,lan_ab_projcos4,LAN A/B projcos4,t4strict_pair_a_vs_b_40_200,projcos4,upgrade_verifier:t4strict_pair_a_vs_b_40_200,low-risk,3,630.0,0.0,1.05758,1,0,0.02,0.02,1.0,1,1.785521,0.111675,0.998
single_task,adaptive_verifier,eval_128,LAN,3,lan_ab_projcos4,LAN A/B projcos4,t4strict_pair_a_vs_b_40_200,projcos4,upgrade_verifier:t4strict_pair_a_vs_b_40_200,low-risk,3,635.0,0.0,1.05564,1,0,0.02,0.02,1.0,1,1.785521,0.111675,0.998
single_task,adaptive_verifier,eval_129,LAN,2,lan_single_homo_scalar16,LAN single-node homo scalar16,single_homo,scalar16,keep_baseline:single_homo,low-risk,1,640.0,0.0,0.85415,1,0,0.0,0.0,1.0,1,1.554172,0.0,1.0
single_task,adaptive_verifier,eval_130,LAN,1,lan_single_homo_scalar16,LAN single-node homo scalar16,single_homo,scalar16,keep_baseline:single_homo,low-risk,1,645.0,0.0,0.83987,1,0,0.0,0.0,1.0,1,1.554172,0.0,1.0
single_task,adaptive_verifier,eval_131,LAN,2,lan_single_homo_scalar16,LAN single-node homo scalar16,single_homo,scalar16,keep_baseline:single_homo,low-risk,1,650.0,0.0,0.84407,1,0,0.0,0.0,1.0,1,1.554172,0.0,1.0
single_task,adaptive_verifier,eval_132,LAN,2,lan_single_homo_scalar16,LAN single-node homo scalar16,single_homo,scalar16,keep_baseline:single_homo,low-risk,1,655.0,0.0,0.84575,1,0,0.0,0.0,1.0,1,1.554172,0.0,1.0
single_task,adaptive_verifier,eval_133,LAN,2,lan_single_homo_scalar16,LAN single-node homo scalar16,single_homo,scalar16,keep_baseline:single_homo,low-risk,1,660.0,0.0,0.84407,0,0,0.0,0.0,1.0,1,1.554172,0.0,0.0
single_task,adaptive_verifier,eval_134,LAN,2,lan_single_homo_scalar16,LAN single-node homo scalar16,single_homo,scalar16,keep_baseline:single_homo,low-risk,1,665.0,0.0,0.84407,0,0,0.0,0.0,1.0,1,1.554172,0.0,0.0
single_task,adaptive_verifier,eval_135,LAN,2,lan_single_homo_scalar16,LAN single-node homo scalar16,single_homo,scalar16,keep_baseline:single_homo,low-risk,1,670.0,0.0,0.84491,1,0,0.0,0.0,1.0,1,1.554172,0.0,1.0
single_task,adaptive_verifier,eval_136,LAN,1,lan_single_homo_scalar16,LAN single-node homo scalar16,single_homo,scalar16,keep_baseline:single_homo,low-risk,1,675.0,0.0,0.84155,1,0,0.0,0.0,1.0,1,1.554172,0.0,1.0
single_task,adaptive_verifier,eval_137,LAN,3,lan_ab_projcos4,LAN A/B projcos4,t4strict_pair_a_vs_b_40_200,projcos4,upgrade_verifier:t4strict_pair_a_vs_b_40_200,low-risk,3,680.0,0.0,1.06243,1,0,0.02,0.02,1.0,1,1.785521,0.111675,0.998
single_task,adaptive_verifier,eval_138,LAN,3,lan_ab_projcos4,LAN A/B projcos4,t4strict_pair_a_vs_b_40_200,projcos4,upgrade_verifier:t4strict_pair_a_vs_b_40_200,low-risk,3,685.0,0.0,1.06049,1,0,0.02,0.02,1.0,1,1.785521,0.111675,0.998
single_task,adaptive_verifier,eval_139,LAN,3,lan_ab_projcos4,LAN A/B projcos4,t4strict_pair_a_vs_b_40_200,projcos4,upgrade_verifier:t4strict_pair_a_vs_b_40_200,low-risk,3,690.0,0.0,1.05855,1,0,0.02,0.02,1.0,1,1.785521,0.111675,0.998
single_task,adaptive_verifier,eval_140,LAN,2,lan_single_homo_scalar16,LAN single-node homo scalar16,single_homo,scalar16,keep_baseline:single_homo,low-risk,1,695.0,0.0,0.84407,0,0,0.0,0.0,1.0,1,1.554172,0.0,0.0
single_task,adaptive_verifier,eval_141,WAN,1,wan_ad_projcos4,WAN A/D projcos4,t4strict_pair_a_vs_d_40_200,projcos4,upgrade_verifier:t4strict_pair_a_vs_d_40_200,low-risk,3,700.0,0.0,1.24875,1,0,0.02,0.02,1.0,1,1.852395,0.113013,0.998
single_task,adaptive_verifier,eval_142,WAN,1,wan_ad_projcos4,WAN A/D projcos4,t4strict_pair_a_vs_d_40_200,projcos4,upgrade_verifier:t4strict_pair_a_vs_d_40_200,low-risk,3,705.0,0.0,1.25073,1,0,0.02,0.02,1.0,1,1.852395,0.113013,0.998
single_task,adaptive_verifier,eval_143,WAN,1,wan_ad_projcos4,WAN A/D projcos4,t4strict_pair_a_vs_d_40_200,projcos4,upgrade_verifier:t4strict_pair_a_vs_d_40_200,low-risk,3,710.0,0.0,1.24875,1,0,0.02,0.02,1.0,1,1.852395,0.113013,0.998
single_task,adaptive_verifier,eval_144,WAN,1,wan_ad_projcos4,WAN A/D projcos4,t4strict_pair_a_vs_d_40_200,projcos4,upgrade_verifier:t4strict_pair_a_vs_d_40_200,low-risk,3,715.0,0.0,1.24875,1,0,0.02,0.02,1.0,1,1.852395,0.113013,0.998
single_task,adaptive_verifier,eval_145,WAN,1,wan_ad_projcos4,WAN A/D projcos4,t4strict_pair_a_vs_d_40_200,projcos4,upgrade_verifier:t4strict_pair_a_vs_d_40_200,low-risk,3,720.0,0.0,1.24974,1,0,0.02,0.02,1.0,1,1.852395,0.113013,0.998
single_task,adaptive_verifier,eval_146,WAN,1,wan_ad_projcos4,WAN A/D projcos4,t4strict_pair_a_vs_d_40_200,projcos4,upgrade_verifier:t4strict_pair_a_vs_d_40_200,low-risk,3,725.0,0.0,1.24578,0,0,0.02,0.02,1.0,1,1.852395,0.113013,-0.002
single_task,adaptive_verifier,eval_147,WAN,2,wan_ad_projcos4,WAN A/D projcos4,t4strict_pair_a_vs_d_40_200,projcos4,upgrade_verifier:t4strict_pair_a_vs_d_40_200,low-risk,3,730.0,0.0,1.26954,0,0,0.02,0.02,1.0,1,1.852395,0.113013,-0.002
single_task,adaptive_verifier,eval_148,WAN,2,wan_ad_projcos4,WAN A/D projcos4,t4strict_pair_a_vs_d_40_200,projcos4,upgrade_verifier:t4strict_pair_a_vs_d_40_200,low-risk,3,735.0,0.0,1.26756,1,0,0.02,0.02,1.0,1,1.852395,0.113013,0.998
single_task,adaptive_verifier,eval_149,WAN,2,wan_ad_projcos4,WAN A/D projcos4,t4strict_pair_a_vs_d_40_200,projcos4,upgrade_verifier:t4strict_pair_a_vs_d_40_200,low-risk,3,740.0,0.0,1.26558,1,0,0.02,0.02,1.0,1,1.852395,0.113013,0.998
single_task,adaptive_verifier,eval_150,WAN,1,wan_ad_projcos4,WAN A/D projcos4,t4strict_pair_a_vs_d_40_200,projcos4,upgrade_verifier:t4strict_pair_a_vs_d_40_200,low-risk,3,745.0,0.0,1.24875,1,0,0.02,0.02,1.0,1,1.852395,0.113013,0.998
single_task,adaptive_verifier,eval_151,WAN,1,wan_ad_projcos4,WAN A/D projcos4,t4strict_pair_a_vs_d_40_200,projcos4,upgrade_verifier:t4strict_pair_a_vs_d_40_200,low-risk,3,750.0,0.0,1.25172,1,0,0.02,0.02,1.0,1,1.852395,0.113013,0.998
single_task,adaptive_verifier,eval_152,WAN,1,wan_ad_projcos4,WAN A/D projcos4,t4strict_pair_a_vs_d_40_200,projcos4,upgrade_verifier:t4strict_pair_a_vs_d_40_200,low-risk,3,755.0,0.0,1.2537,1,0,0.02,0.02,1.0,1,1.852395,0.113013,0.998
single_task,adaptive_verifier,eval_153,WAN,1,wan_ad_projcos4,WAN A/D projcos4,t4strict_pair_a_vs_d_40_200,projcos4,upgrade_verifier:t4strict_pair_a_vs_d_40_200,low-risk,3,760.0,0.0,1.25172,1,0,0.02,0.02,1.0,1,1.852395,0.113013,0.998
single_task,adaptive_verifier,eval_154,WAN,1,wan_ad_projcos4,WAN A/D projcos4,t4strict_pair_a_vs_d_40_200,projcos4,upgrade_verifier:t4strict_pair_a_vs_d_40_200,low-risk,3,765.0,0.0,1.25172,1,0,0.02,0.02,1.0,1,1.852395,0.113013,0.998
single_task,adaptive_verifier,eval_155,WAN,1,wan_ad_projcos4,WAN A/D projcos4,t4strict_pair_a_vs_d_40_200,projcos4,upgrade_verifier:t4strict_pair_a_vs_d_40_200,low-risk,3,770.0,0.0,1.25271,1,0,0.02,0.02,1.0,1,1.852395,0.113013,0.998
single_task,adaptive_verifier,eval_156,WAN,1,wan_ad_projcos4,WAN A/D projcos4,t4strict_pair_a_vs_d_40_200,projcos4,upgrade_verifier:t4strict_pair_a_vs_d_40_200,low-risk,3,775.0,0.0,1.24875,1,0,0.02,0.02,1.0,1,1.852395,0.113013,0.998
single_task,adaptive_verifier,eval_157,WAN,2,wan_ad_projcos4,WAN A/D projcos4,t4strict_pair_a_vs_d_40_200,projcos4,upgrade_verifier:t4strict_pair_a_vs_d_40_200,low-risk,3,780.0,0.0,1.27251,1,0,0.02,0.02,1.0,1,1.852395,0.113013,0.998
single_task,adaptive_verifier,eval_158,WAN,2,wan_ad_projcos4,WAN A/D projcos4,t4strict_pair_a_vs_d_40_200,projcos4,upgrade_verifier:t4strict_pair_a_vs_d_40_200,low-risk,3,785.0,0.0,1.27053,1,0,0.02,0.02,1.0,1,1.852395,0.113013,0.998
single_task,adaptive_verifier,eval_159,WAN,2,wan_ad_projcos4,WAN A/D projcos4,t4strict_pair_a_vs_d_40_200,projcos4,upgrade_verifier:t4strict_pair_a_vs_d_40_200,low-risk,3,790.0,0.0,1.26855,1,0,0.02,0.02,1.0,1,1.852395,0.113013,0.998
single_task,adaptive_verifier,eval_160,WAN,1,wan_ad_projcos4,WAN A/D projcos4,t4strict_pair_a_vs_d_40_200,projcos4,upgrade_verifier:t4strict_pair_a_vs_d_40_200,low-risk,3,795.0,0.0,1.25172,1,0,0.02,0.02,1.0,1,1.852395,0.113013,0.998
single_task,adaptive_verifier,eval_161,WAN,2,wan_ad_projcos4,WAN A/D projcos4,t4strict_pair_a_vs_d_40_200,projcos4,upgrade_verifier:t4strict_pair_a_vs_d_40_200,low-risk,3,800.0,0.0,1.26162,1,0,0.02,0.02,1.0,1,1.852395,0.113013,0.998
single_task,adaptive_verifier,eval_162,WAN,2,wan_ad_projcos4,WAN A/D projcos4,t4strict_pair_a_vs_d_40_200,projcos4,upgrade_verifier:t4strict_pair_a_vs_d_40_200,low-risk,3,805.0,0.0,1.2636,1,0,0.02,0.02,1.0,1,1.852395,0.113013,0.998
single_task,adaptive_verifier,eval_163,WAN,2,wan_ad_projcos4,WAN A/D projcos4,t4strict_pair_a_vs_d_40_200,projcos4,upgrade_verifier:t4strict_pair_a_vs_d_40_200,low-risk,3,810.0,0.0,1.26162,1,0,0.02,0.02,1.0,1,1.852395,0.113013,0.998
single_task,adaptive_verifier,eval_164,WAN,2,wan_ad_projcos4,WAN A/D projcos4,t4strict_pair_a_vs_d_40_200,projcos4,upgrade_verifier:t4strict_pair_a_vs_d_40_200,low-risk,3,815.0,0.0,1.26162,1,0,0.02,0.02,1.0,1,1.852395,0.113013,0.998
single_task,adaptive_verifier,eval_165,WAN,2,wan_ad_projcos4,WAN A/D projcos4,t4strict_pair_a_vs_d_40_200,projcos4,upgrade_verifier:t4strict_pair_a_vs_d_40_200,low-risk,3,820.0,0.0,1.26261,1,0,0.02,0.02,1.0,1,1.852395,0.113013,0.998
single_task,adaptive_verifier,eval_166,WAN,1,wan_ad_projcos4,WAN A/D projcos4,t4strict_pair_a_vs_d_40_200,projcos4,upgrade_verifier:t4strict_pair_a_vs_d_40_200,low-risk,3,825.0,0.0,1.25865,1,0,0.02,0.02,1.0,1,1.852395,0.113013,0.998
single_task,adaptive_verifier,eval_167,WAN,3,wan_ad_projcos4,WAN A/D projcos4,t4strict_pair_a_vs_d_40_200,projcos4,upgrade_verifier:t4strict_pair_a_vs_d_40_200,low-risk,3,830.0,0.0,1.28241,1,0,0.02,0.02,1.0,1,1.852395,0.113013,0.998
single_task,adaptive_verifier,eval_168,WAN,3,wan_ad_projcos4,WAN A/D projcos4,t4strict_pair_a_vs_d_40_200,projcos4,upgrade_verifier:t4strict_pair_a_vs_d_40_200,low-risk,3,835.0,0.0,1.28043,1,0,0.02,0.02,1.0,1,1.852395,0.113013,0.998
single_task,adaptive_verifier,eval_169,WAN,3,wan_ad_projcos4,WAN A/D projcos4,t4strict_pair_a_vs_d_40_200,projcos4,upgrade_verifier:t4strict_pair_a_vs_d_40_200,low-risk,3,840.0,0.0,1.27845,1,0,0.02,0.02,1.0,1,1.852395,0.113013,0.998
single_task,adaptive_verifier,eval_170,WAN,2,wan_ad_projcos4,WAN A/D projcos4,t4strict_pair_a_vs_d_40_200,projcos4,upgrade_verifier:t4strict_pair_a_vs_d_40_200,low-risk,3,845.0,0.0,1.26162,1,0,0.02,0.02,1.0,1,1.852395,0.113013,0.998
single_task,adaptive_verifier,eval_171,WAN,1,wan_ad_projcos4,WAN A/D projcos4,t4strict_pair_a_vs_d_40_200,projcos4,upgrade_verifier:t4strict_pair_a_vs_d_40_200,low-risk,3,850.0,0.0,1.25865,1,0,0.02,0.02,1.0,1,1.852395,0.113013,0.998
single_task,adaptive_verifier,eval_172,WAN,2,wan_ad_projcos4,WAN A/D projcos4,t4strict_pair_a_vs_d_40_200,projcos4,upgrade_verifier:t4strict_pair_a_vs_d_40_200,low-risk,3,855.0,0.0,1.26063,1,0,0.02,0.02,1.0,1,1.852395,0.113013,0.998
single_task,adaptive_verifier,eval_173,WAN,1,wan_ad_projcos4,WAN A/D projcos4,t4strict_pair_a_vs_d_40_200,projcos4,upgrade_verifier:t4strict_pair_a_vs_d_40_200,low-risk,3,860.0,0.0,1.25865,1,0,0.02,0.02,1.0,1,1.852395,0.113013,0.998
single_task,adaptive_verifier,eval_174,WAN,1,wan_ad_projcos4,WAN A/D projcos4,t4strict_pair_a_vs_d_40_200,projcos4,upgrade_verifier:t4strict_pair_a_vs_d_40_200,low-risk,3,865.0,0.0,1.25865,1,0,0.02,0.02,1.0,1,1.852395,0.113013,0.998
single_task,adaptive_verifier,eval_175,WAN,2,wan_ad_projcos4,WAN A/D projcos4,t4strict_pair_a_vs_d_40_200,projcos4,upgrade_verifier:t4strict_pair_a_vs_d_40_200,low-risk,3,870.0,0.0,1.25964,1,0,0.02,0.02,1.0,1,1.852395,0.113013,0.998
single_task,adaptive_verifier,eval_176,WAN,1,wan_ad_projcos4,WAN A/D projcos4,t4strict_pair_a_vs_d_40_200,projcos4,upgrade_verifier:t4strict_pair_a_vs_d_40_200,low-risk,3,875.0,0.0,1.25568,1,0,0.02,0.02,1.0,1,1.852395,0.113013,0.998
single_task,adaptive_verifier,eval_177,WAN,3,wan_ad_projcos4,WAN A/D projcos4,t4strict_pair_a_vs_d_40_200,projcos4,upgrade_verifier:t4strict_pair_a_vs_d_40_200,low-risk,3,880.0,0.0,1.27944,1,0,0.02,0.02,1.0,1,1.852395,0.113013,0.998
single_task,adaptive_verifier,eval_178,WAN,3,wan_ad_projcos4,WAN A/D projcos4,t4strict_pair_a_vs_d_40_200,projcos4,upgrade_verifier:t4strict_pair_a_vs_d_40_200,low-risk,3,885.0,0.0,1.27746,1,0,0.02,0.02,1.0,1,1.852395,0.113013,0.998
single_task,adaptive_verifier,eval_179,WAN,3,wan_ad_projcos4,WAN A/D projcos4,t4strict_pair_a_vs_d_40_200,projcos4,upgrade_verifier:t4strict_pair_a_vs_d_40_200,low-risk,3,890.0,0.0,1.27548,1,0,0.02,0.02,1.0,1,1.852395,0.113013,0.998
single_task,adaptive_verifier,eval_180,WAN,1,wan_ad_projcos4,WAN A/D projcos4,t4strict_pair_a_vs_d_40_200,projcos4,upgrade_verifier:t4strict_pair_a_vs_d_40_200,low-risk,3,895.0,0.0,1.25865,1,0,0.02,0.02,1.0,1,1.852395,0.113013,0.998
single_task,adaptive_verifier,eval_181,WAN,2,wan_ad_projcos4,WAN A/D projcos4,t4strict_pair_a_vs_d_40_200,projcos4,upgrade_verifier:t4strict_pair_a_vs_d_40_200,low-risk,3,900.0,0.0,1.26756,1,0,0.02,0.02,1.0,1,1.852395,0.113013,0.998
single_task,adaptive_verifier,eval_182,WAN,2,wan_ad_projcos4,WAN A/D projcos4,t4strict_pair_a_vs_d_40_200,projcos4,upgrade_verifier:t4strict_pair_a_vs_d_40_200,low-risk,3,905.0,0.0,1.26954,0,0,0.02,0.02,1.0,1,1.852395,0.113013,-0.002
single_task,adaptive_verifier,eval_183,WAN,2,wan_ad_projcos4,WAN A/D projcos4,t4strict_pair_a_vs_d_40_200,projcos4,upgrade_verifier:t4strict_pair_a_vs_d_40_200,low-risk,3,910.0,0.0,1.26756,1,0,0.02,0.02,1.0,1,1.852395,0.113013,0.998
single_task,adaptive_verifier,eval_184,WAN,2,wan_ad_projcos4,WAN A/D projcos4,t4strict_pair_a_vs_d_40_200,projcos4,upgrade_verifier:t4strict_pair_a_vs_d_40_200,low-risk,3,915.0,0.0,1.26756,1,0,0.02,0.02,1.0,1,1.852395,0.113013,0.998
single_task,adaptive_verifier,eval_185,WAN,2,wan_ad_projcos4,WAN A/D projcos4,t4strict_pair_a_vs_d_40_200,projcos4,upgrade_verifier:t4strict_pair_a_vs_d_40_200,low-risk,3,920.0,0.0,1.26855,1,0,0.02,0.02,1.0,1,1.852395,0.113013,0.998
single_task,adaptive_verifier,eval_186,WAN,2,wan_ad_projcos4,WAN A/D projcos4,t4strict_pair_a_vs_d_40_200,projcos4,upgrade_verifier:t4strict_pair_a_vs_d_40_200,low-risk,3,925.0,0.0,1.26459,1,0,0.02,0.02,1.0,1,1.852395,0.113013,0.998
single_task,adaptive_verifier,eval_187,WAN,3,wan_ad_projcos4,WAN A/D projcos4,t4strict_pair_a_vs_d_40_200,projcos4,upgrade_verifier:t4strict_pair_a_vs_d_40_200,low-risk,3,930.0,0.0,1.28835,1,0,0.02,0.02,1.0,1,1.852395,0.113013,0.998
single_task,adaptive_verifier,eval_188,WAN,3,wan_ad_projcos4,WAN A/D projcos4,t4strict_pair_a_vs_d_40_200,projcos4,upgrade_verifier:t4strict_pair_a_vs_d_40_200,low-risk,3,935.0,0.0,1.28637,1,0,0.02,0.02,1.0,1,1.852395,0.113013,0.998
single_task,adaptive_verifier,eval_189,WAN,3,wan_ad_projcos4,WAN A/D projcos4,t4strict_pair_a_vs_d_40_200,projcos4,upgrade_verifier:t4strict_pair_a_vs_d_40_200,low-risk,3,940.0,0.0,1.28439,1,0,0.02,0.02,1.0,1,1.852395,0.113013,0.998
single_task,adaptive_verifier,eval_190,WAN,2,wan_ad_projcos4,WAN A/D projcos4,t4strict_pair_a_vs_d_40_200,projcos4,upgrade_verifier:t4strict_pair_a_vs_d_40_200,low-risk,3,945.0,0.0,1.26756,1,0,0.02,0.02,1.0,1,1.852395,0.113013,0.998
single_task,adaptive_verifier,eval_191,WAN,2,wan_ad_projcos4,WAN A/D projcos4,t4strict_pair_a_vs_d_40_200,projcos4,upgrade_verifier:t4strict_pair_a_vs_d_40_200,low-risk,3,950.0,0.0,1.26756,1,0,0.02,0.02,1.0,1,1.852395,0.113013,0.998
single_task,adaptive_verifier,eval_192,WAN,2,wan_ad_projcos4,WAN A/D projcos4,t4strict_pair_a_vs_d_40_200,projcos4,upgrade_verifier:t4strict_pair_a_vs_d_40_200,low-risk,3,955.0,0.0,1.26954,1,0,0.02,0.02,1.0,1,1.852395,0.113013,0.998
single_task,adaptive_verifier,eval_193,WAN,2,wan_ad_projcos4,WAN A/D projcos4,t4strict_pair_a_vs_d_40_200,projcos4,upgrade_verifier:t4strict_pair_a_vs_d_40_200,low-risk,3,960.0,0.0,1.26756,1,0,0.02,0.02,1.0,1,1.852395,0.113013,0.998
single_task,adaptive_verifier,eval_194,WAN,2,wan_ad_projcos4,WAN A/D projcos4,t4strict_pair_a_vs_d_40_200,projcos4,upgrade_verifier:t4strict_pair_a_vs_d_40_200,low-risk,3,965.0,0.0,1.26756,1,0,0.02,0.02,1.0,1,1.852395,0.113013,0.998
single_task,adaptive_verifier,eval_195,WAN,2,wan_ad_projcos4,WAN A/D projcos4,t4strict_pair_a_vs_d_40_200,projcos4,upgrade_verifier:t4strict_pair_a_vs_d_40_200,low-risk,3,970.0,0.0,1.26855,1,0,0.02,0.02,1.0,1,1.852395,0.113013,0.998
single_task,adaptive_verifier,eval_196,WAN,2,wan_ad_projcos4,WAN A/D projcos4,t4strict_pair_a_vs_d_40_200,projcos4,upgrade_verifier:t4strict_pair_a_vs_d_40_200,low-risk,3,975.0,0.0,1.26459,1,0,0.02,0.02,1.0,1,1.852395,0.113013,0.998
single_task,adaptive_verifier,eval_197,WAN,3,wan_ad_projcos4,WAN A/D projcos4,t4strict_pair_a_vs_d_40_200,projcos4,upgrade_verifier:t4strict_pair_a_vs_d_40_200,low-risk,3,980.0,0.0,1.28835,1,0,0.02,0.02,1.0,1,1.852395,0.113013,0.998
single_task,adaptive_verifier,eval_198,WAN,3,wan_ad_projcos4,WAN A/D projcos4,t4strict_pair_a_vs_d_40_200,projcos4,upgrade_verifier:t4strict_pair_a_vs_d_40_200,low-risk,3,985.0,0.0,1.28637,1,0,0.02,0.02,1.0,1,1.852395,0.113013,0.998
single_task,adaptive_verifier,eval_199,WAN,3,wan_ad_projcos4,WAN A/D projcos4,t4strict_pair_a_vs_d_40_200,projcos4,upgrade_verifier:t4strict_pair_a_vs_d_40_200,low-risk,3,990.0,0.0,1.28439,1,0,0.02,0.02,1.0,1,1.852395,0.113013,0.998
single_task,adaptive_verifier,eval_200,WAN,2,wan_ad_projcos4,WAN A/D projcos4,t4strict_pair_a_vs_d_40_200,projcos4,upgrade_verifier:t4strict_pair_a_vs_d_40_200,low-risk,3,995.0,0.0,1.26756,1,0,0.02,0.02,1.0,1,1.852395,0.113013,0.998
queued_8,random,eval_001,LAN,3,lan_single_homo_scalar16,LAN single-node homo scalar16,single_homo,scalar16,random,low-risk,1,0.0,0.0,0.85583,0,0,0.0,0.0,1.0,1,1.554172,0.0,0.0
queued_8,random,eval_002,LAN,3,lan_single_homo_scalar16,LAN single-node homo scalar16,single_homo,scalar16,random,low-risk,1,0.0,0.85583,1.71334,1,0,0.0,0.0,1.0,1,1.554172,0.0,0.982883
queued_8,random,eval_003,LAN,3,lan_ab_projcos4,LAN A/B projcos4,t4strict_pair_a_vs_b_40_200,projcos4,random,low-risk,3,0.0,0.0,1.05564,1,0,0.02,0.02,1.0,1,1.785521,0.111675,0.998
queued_8,random,eval_004,LAN,3,lan_ab_projcos4,LAN A/B projcos4,t4strict_pair_a_vs_b_40_200,projcos4,random,low-risk,3,0.0,1.05564,2.11128,1,0,0.02,0.02,1.0,1,1.785521,0.111675,0.976887
queued_8,random,eval_005,LAN,3,lan_ab_projcos4,LAN A/B projcos4,t4strict_pair_a_vs_b_40_200,projcos4,random,low-risk,3,0.0,2.11128,3.16789,1,0,0.02,0.02,1.0,1,1.785521,0.111675,0.955774
queued_8,random,eval_006,LAN,2,lan_ab_scalar16,LAN A/B scalar16,t4strict_pair_a_vs_b_40_200,scalar16,random,high-risk,3,0.0,0.0,1.05273,1,0,0.15,0.15,0.76,0,1.556788,0.774041,0.985
queued_8,random,eval_007,LAN,3,lan_single_homo_scalar16,LAN single-node homo scalar16,single_homo,scalar16,random,low-risk,1,0.0,1.71334,2.58681,1,0,0.0,0.0,1.0,1,1.554172,0.0,0.965733
queued_8,random,eval_008,LAN,3,lan_single_homo_projcos4,LAN single-node homo projcos4,single_homo,projcos4,random,low-risk,1,0.0,0.0,0.87179,0,0,0.0,0.0,1.0,1,1.730689,0.0,0.0
queued_8,random,eval_009,LAN,3,lan_ab_scalar16,LAN A/B scalar16,t4strict_pair_a_vs_b_40_200,scalar16,random,high-risk,3,0.25,0.80273,1.87486,1,0,0.15,0.15,0.76,0,1.556788,0.774041,0.968945
queued_8,random,eval_010,LAN,3,lan_single_homo_scalar16,LAN single-node homo scalar16,single_homo,scalar16,random,low-risk,1,0.25,2.33681,3.19264,1,0,0.0,0.0,1.0,1,1.554172,0.0,0.953264
queued_8,random,eval_011,LAN,1,lan_ab_projcos4,LAN A/B projcos4,t4strict_pair_a_vs_b_40_200,projcos4,random,low-risk,3,0.25,2.91789,3.9551,1,0,0.02,0.02,1.0,1,1.785521,0.111675,0.939642
queued_8,random,eval_012,LAN,1,lan_single_homo_scalar16,LAN single-node homo scalar16,single_homo,scalar16,random,low-risk,1,0.25,3.19264,4.03419,1,0,0.0,0.0,1.0,1,1.554172,0.0,0.936147
queued_8,random,eval_013,LAN,1,lan_single_homo_scalar16,LAN single-node homo scalar16,single_homo,scalar16,random,low-risk,1,0.25,4.03419,4.87406,1,0,0.0,0.0,1.0,1,1.554172,0.0,0.919316
queued_8,random,eval_014,LAN,1,lan_single_homo_scalar16,LAN single-node homo scalar16,single_homo,scalar16,random,low-risk,1,0.25,4.87406,5.71393,1,0,0.0,0.0,1.0,1,1.554172,0.0,0.902519
queued_8,random,eval_015,LAN,1,lan_single_homo_projcos4,LAN single-node homo projcos4,single_homo,projcos4,random,low-risk,1,0.25,0.62179,1.4625,1,0,0.0,0.0,1.0,1,1.730689,0.0,0.987564
queued_8,random,eval_016,LAN,1,lan_single_homo_projcos4,LAN single-node homo projcos4,single_homo,projcos4,random,low-risk,1,0.25,1.4625,2.29985,1,0,0.0,0.0,1.0,1,1.730689,0.0,0.97075
queued_8,random,eval_017,LAN,3,lan_ab_scalar16,LAN A/B scalar16,t4strict_pair_a_vs_b_40_200,scalar16,random,high-risk,3,0.5,1.62486,2.68244,1,0,0.15,0.15,0.76,0,1.556788,0.774041,0.952503
queued_8,random,eval_018,LAN,3,lan_single_homo_projcos4,LAN single-node homo projcos4,single_homo,projcos4,random,low-risk,1,0.5,2.04985,2.90568,1,0,0.0,0.0,1.0,1,1.730689,0.0,0.959003
queued_8,random,eval_019,LAN,2,lan_single_homo_scalar16,LAN single-node homo scalar16,single_homo,scalar16,random,low-risk,1,0.5,5.46393,6.31808,1,0,0.0,0.0,1.0,1,1.554172,0.0,0.890721
queued_8,random,eval_020,LAN,1,lan_single_homo_projcos4,LAN single-node homo projcos4,single_homo,projcos4,random,low-risk,1,0.5,2.90568,3.74555,1,0,0.0,0.0,1.0,1,1.730689,0.0,0.941886
queued_8,random,eval_021,LAN,1,lan_ab_scalar16,LAN A/B scalar16,t4strict_pair_a_vs_b_40_200,scalar16,random,high-risk,3,0.5,2.68244,3.71092,1,1,0.15,0.15,0.76,0,5.160275,0.774041,0.781351
queued_8,random,eval_022,LAN,1,lan_single_homo_projcos4,LAN single-node homo projcos4,single_homo,projcos4,random,low-risk,1,0.5,3.74555,4.57954,1,0,0.0,0.0,1.0,1,1.730689,0.0,0.925089
queued_8,random,eval_023,LAN,1,lan_ab_projcos4,LAN A/B projcos4,t4strict_pair_a_vs_b_40_200,projcos4,random,low-risk,3,0.5,3.7051,4.73358,1,0,0.02,0.02,1.0,1,1.785521,0.111675,0.923898
queued_8,random,eval_024,LAN,1,lan_single_homo_projcos4,LAN single-node homo projcos4,single_homo,projcos4,random,low-risk,1,0.5,4.57954,5.41185,1,0,0.0,0.0,1.0,1,1.730689,0.0,0.908409
queued_8,random,eval_025,LAN,1,lan_ab_projcos4,LAN A/B projcos4,t4strict_pair_a_vs_b_40_200,projcos4,random,low-risk,3,0.75,4.48358,5.51303,1,0,0.02,0.02,1.0,1,1.785521,0.111675,0.908328
queued_8,random,eval_026,LAN,1,lan_ab_projcos4,LAN A/B projcos4,t4strict_pair_a_vs_b_40_200,projcos4,random,low-risk,3,0.75,5.51303,6.5386,1,0,0.02,0.02,1.0,1,1.785521,0.111675,0.887739
queued_8,random,eval_027,LAN,2,lan_single_homo_scalar16,LAN single-node homo scalar16,single_homo,scalar16,random,low-risk,1,0.75,6.06808,6.91803,1,0,0.0,0.0,1.0,1,1.554172,0.0,0.878638
queued_8,random,eval_028,LAN,2,lan_ab_projcos4,LAN A/B projcos4,t4strict_pair_a_vs_b_40_200,projcos4,random,low-risk,3,0.75,6.5386,7.58551,1,0,0.02,0.02,1.0,1,1.785521,0.111675,0.867228
queued_8,random,eval_029,LAN,2,lan_single_homo_projcos4,LAN single-node homo projcos4,single_homo,projcos4,random,low-risk,1,0.75,5.16185,6.00844,1,0,0.0,0.0,1.0,1,1.730689,0.0,0.896763
queued_8,random,eval_030,LAN,1,lan_ab_scalar16,LAN A/B scalar16,t4strict_pair_a_vs_b_40_200,scalar16,random,high-risk,3,0.75,3.46092,4.4894,1,0,0.15,0.15,0.76,0,1.556788,0.774041,0.915782
queued_8,random,eval_031,LAN,2,lan_ab_scalar16,LAN A/B scalar16,t4strict_pair_a_vs_b_40_200,scalar16,random,high-risk,3,0.75,4.4894,5.53534,1,0,0.15,0.15,0.76,0,1.556788,0.774041,0.895212
queued_8,random,eval_032,LAN,2,lan_ab_projcos4,LAN A/B projcos4,t4strict_pair_a_vs_b_40_200,projcos4,random,low-risk,3,0.75,7.58551,8.63339,1,0,0.02,0.02,1.0,1,1.785521,0.111675,0.84629
queued_8,random,eval_033,LAN,2,lan_single_homo_scalar16,LAN single-node homo scalar16,single_homo,scalar16,random,low-risk,1,1.0,6.66803,7.51546,0,0,0.0,0.0,1.0,1,1.554172,0.0,-0.133361
queued_8,random,eval_034,LAN,2,lan_ab_scalar16,LAN A/B scalar16,t4strict_pair_a_vs_b_40_200,scalar16,random,high-risk,3,1.0,5.28534,6.33128,1,1,0.15,0.15,0.76,0,5.160275,0.774041,0.729293
queued_8,random,eval_035,LAN,2,lan_single_homo_scalar16,LAN single-node homo scalar16,single_homo,scalar16,random,low-risk,1,1.0,7.51546,8.36373,1,0,0.0,0.0,1.0,1,1.554172,0.0,0.849691
queued_8,random,eval_036,LAN,2,lan_single_homo_projcos4,LAN single-node homo projcos4,single_homo,projcos4,random,low-risk,1,1.0,5.75844,6.60335,1,0,0.0,0.0,1.0,1,1.730689,0.0,0.884831
queued_8,random,eval_037,LAN,3,lan_ab_projcos4,LAN A/B projcos4,t4strict_pair_a_vs_b_40_200,projcos4,random,low-risk,3,1.0,8.38339,9.4497,1,0,0.02,0.02,1.0,1,1.785521,0.111675,0.830332
queued_8,random,eval_038,LAN,3,lan_single_homo_scalar16,LAN single-node homo scalar16,single_homo,scalar16,random,low-risk,1,1.0,8.36373,9.22712,0,0,0.0,0.0,1.0,1,1.554172,0.0,-0.167275
queued_8,random,eval_039,LAN,3,lan_single_homo_scalar16,LAN single-node homo scalar16,single_homo,scalar16,random,low-risk,1,1.0,9.22712,10.08883,1,0,0.0,0.0,1.0,1,1.554172,0.0,0.815458
queued_8,random,eval_040,LAN,2,lan_ab_projcos4,LAN A/B projcos4,t4strict_pair_a_vs_b_40_200,projcos4,random,low-risk,3,1.0,9.4497,10.49564,1,0,0.02,0.02,1.0,1,1.785521,0.111675,0.809006
queued_8,random,eval_041,LAN,2,lan_ab_scalar16,LAN A/B scalar16,t4strict_pair_a_vs_b_40_200,scalar16,random,high-risk,3,1.25,6.08128,7.12722,1,0,0.15,0.15,0.76,0,1.556788,0.774041,0.863374
queued_8,random,eval_042,LAN,2,lan_single_homo_scalar16,LAN single-node homo scalar16,single_homo,scalar16,random,low-risk,1,1.25,9.83883,10.68794,1,0,0.0,0.0,1.0,1,1.554172,0.0,0.803223
queued_8,random,eval_043,LAN,2,lan_ab_scalar16,LAN A/B scalar16,t4strict_pair_a_vs_b_40_200,scalar16,random,high-risk,3,1.25,7.12722,8.17316,1,1,0.15,0.15,0.76,0,5.160275,0.774041,0.692456
queued_8,random,eval_044,LAN,2,lan_ab_scalar16,LAN A/B scalar16,t4strict_pair_a_vs_b_40_200,scalar16,random,high-risk,3,1.25,8.17316,9.2191,1,0,0.15,0.15,0.76,0,1.556788,0.774041,0.821537
queued_8,random,eval_045,LAN,2,lan_single_homo_projcos4,LAN single-node homo projcos4,single_homo,projcos4,random,low-risk,1,1.25,6.35335,7.20162,1,0,0.0,0.0,1.0,1,1.730689,0.0,0.872933
queued_8,random,eval_046,LAN,2,lan_ab_projcos4,LAN A/B projcos4,t4strict_pair_a_vs_b_40_200,projcos4,random,low-risk,3,1.25,10.24564,11.28867,1,0,0.02,0.02,1.0,1,1.785521,0.111675,0.793087
queued_8,random,eval_047,LAN,3,lan_single_homo_scalar16,LAN single-node homo scalar16,single_homo,scalar16,random,low-risk,1,1.25,10.68794,11.55301,0,0,0.0,0.0,1.0,1,1.554172,0.0,-0.213759
queued_8,random,eval_048,LAN,3,lan_ab_scalar16,LAN A/B scalar16,t4strict_pair_a_vs_b_40_200,scalar16,random,high-risk,3,1.25,9.2191,10.28347,1,1,0.15,0.15,0.76,0,5.160275,0.774041,0.650618
queued_8,random,eval_049,LAN,3,lan_single_homo_scalar16,LAN single-node homo scalar16,single_homo,scalar16,random,low-risk,1,1.5,11.30301,12.16472,1,0,0.0,0.0,1.0,1,1.554172,0.0,0.77394
queued_8,random,eval_050,LAN,2,lan_single_homo_projcos4,LAN single-node homo projcos4,single_homo,projcos4,random,low-risk,1,1.5,6.95162,7.79905,1,0,0.0,0.0,1.0,1,1.730689,0.0,0.860968
queued_8,random,eval_051,LAN,3,lan_ab_projcos4,LAN A/B projcos4,t4strict_pair_a_vs_b_40_200,projcos4,random,low-risk,3,1.5,11.03867,12.09528,1,0,0.02,0.02,1.0,1,1.785521,0.111675,0.777227
queued_8,random,eval_052,LAN,3,lan_single_homo_projcos4,LAN single-node homo projcos4,single_homo,projcos4,random,low-risk,1,1.5,7.79905,8.6574,1,0,0.0,0.0,1.0,1,1.730689,0.0,0.844019
queued_8,random,eval_053,LAN,3,lan_ab_scalar16,LAN A/B scalar16,t4strict_pair_a_vs_b_40_200,scalar16,random,high-risk,3,1.5,10.03347,11.09008,1,0,0.15,0.15,0.76,0,1.556788,0.774041,0.784331
queued_8,random,eval_054,LAN,3,lan_single_homo_scalar16,LAN single-node homo scalar16,single_homo,scalar16,random,low-risk,1,1.5,12.16472,13.02139,1,0,0.0,0.0,1.0,1,1.554172,0.0,0.756706
queued_8,random,eval_055,LAN,3,lan_ab_scalar16,LAN A/B scalar16,t4strict_pair_a_vs_b_40_200,scalar16,random,high-risk,3,1.5,11.09008,12.14766,1,0,0.15,0.15,0.76,0,1.556788,0.774041,0.763198
queued_8,random,eval_056,LAN,2,lan_single_homo_scalar16,LAN single-node homo scalar16,single_homo,scalar16,random,low-risk,1,1.5,13.02139,13.87554,0,0,0.0,0.0,1.0,1,1.554172,0.0,-0.260428
queued_8,random,eval_057,LAN,3,lan_single_homo_scalar16,LAN single-node homo scalar16,single_homo,scalar16,random,low-risk,1,1.75,13.62554,14.49985,0,0,0.0,0.0,1.0,1,1.554172,0.0,-0.272511
queued_8,random,eval_058,LAN,3,lan_single_homo_scalar16,LAN single-node homo scalar16,single_homo,scalar16,random,low-risk,1,1.75,14.49985,15.37248,0,0,0.0,0.0,1.0,1,1.554172,0.0,-0.289997
queued_8,random,eval_059,LAN,3,lan_single_homo_projcos4,LAN single-node homo projcos4,single_homo,projcos4,random,low-risk,1,1.75,8.4074,9.27835,1,0,0.0,0.0,1.0,1,1.730689,0.0,0.831852
queued_8,random,eval_060,LAN,3,lan_single_homo_projcos4,LAN single-node homo projcos4,single_homo,projcos4,random,low-risk,1,1.75,9.27835,10.13502,1,0,0.0,0.0,1.0,1,1.730689,0.0,0.814433
queued_8,random,eval_061,LAN,1,lan_single_homo_scalar16,LAN single-node homo scalar16,single_homo,scalar16,random,low-risk,1,1.75,15.37248,16.20479,1,0,0.0,0.0,1.0,1,1.554172,0.0,0.69255
queued_8,random,eval_062,LAN,1,lan_ab_projcos4,LAN A/B projcos4,t4strict_pair_a_vs_b_40_200,projcos4,random,low-risk,3,1.75,11.84528,12.8757,1,0,0.02,0.02,1.0,1,1.785521,0.111675,0.761094
queued_8,random,eval_063,LAN,1,lan_single_homo_scalar16,LAN single-node homo scalar16,single_homo,scalar16,random,low-risk,1,1.75,16.20479,17.0371,1,0,0.0,0.0,1.0,1,1.554172,0.0,0.675904
queued_8,random,eval_064,LAN,1,lan_single_homo_projcos4,LAN single-node homo projcos4,single_homo,projcos4,random,low-risk,1,1.75,10.13502,10.96733,1,0,0.0,0.0,1.0,1,1.730689,0.0,0.7973
queued_8,random,eval_065,LAN,1,lan_single_homo_scalar16,LAN single-node homo scalar16,single_homo,scalar16,random,low-risk,1,2.0,16.7871,17.62025,1,0,0.0,0.0,1.0,1,1.554172,0.0,0.664258
queued_8,random,eval_066,LAN,1,lan_single_homo_scalar16,LAN single-node homo scalar16,single_homo,scalar16,random,low-risk,1,2.0,17.62025,18.45004,1,0,0.0,0.0,1.0,1,1.554172,0.0,0.647595
queued_8,random,eval_067,LAN,2,lan_single_homo_projcos4,LAN single-node homo projcos4,single_homo,projcos4,random,low-risk,1,2.0,10.71733,11.56728,0,0,0.0,0.0,1.0,1,1.730689,0.0,-0.214347
queued_8,random,eval_068,LAN,2,lan_ab_scalar16,LAN A/B scalar16,t4strict_pair_a_vs_b_40_200,scalar16,random,high-risk,3,2.0,11.64766,12.69457,1,0,0.15,0.15,0.76,0,1.556788,0.774041,0.752047
queued_8,random,eval_069,LAN,2,lan_single_homo_scalar16,LAN single-node homo scalar16,single_homo,scalar16,random,low-risk,1,2.0,18.45004,19.29663,1,0,0.0,0.0,1.0,1,1.554172,0.0,0.630999
queued_8,random,eval_070,LAN,1,lan_single_homo_projcos4,LAN single-node homo projcos4,single_homo,projcos4,random,low-risk,1,2.0,11.56728,12.39959,1,0,0.0,0.0,1.0,1,1.730689,0.0,0.768654
queued_8,random,eval_071,LAN,1,lan_ab_projcos4,LAN A/B projcos4,t4strict_pair_a_vs_b_40_200,projcos4,random,low-risk,3,2.0,12.6257,13.65515,1,0,0.02,0.02,1.0,1,1.785521,0.111675,0.745486
queued_8,random,eval_072,LAN,1,lan_single_homo_scalar16,LAN single-node homo scalar16,single_homo,scalar16,random,low-risk,1,2.0,19.29663,20.13146,1,0,0.0,0.0,1.0,1,1.554172,0.0,0.614067
queued_8,random,eval_073,LAN,1,lan_ab_scalar16,LAN A/B scalar16,t4strict_pair_a_vs_b_40_200,scalar16,random,high-risk,3,2.25,12.44457,13.47402,1,0,0.15,0.15,0.76,0,1.556788,0.774041,0.736109
queued_8,random,eval_074,LAN,1,lan_ab_scalar16,LAN A/B scalar16,t4strict_pair_a_vs_b_40_200,scalar16,random,high-risk,3,2.25,13.47402,14.50347,1,0,0.15,0.15,0.76,0,1.556788,0.774041,0.71552
queued_8,random,eval_075,LAN,1,lan_single_homo_scalar16,LAN single-node homo scalar16,single_homo,scalar16,random,low-risk,1,2.25,19.88146,20.71545,1,0,0.0,0.0,1.0,1,1.554172,0.0,0.602371
queued_8,random,eval_076,LAN,1,lan_single_homo_scalar16,LAN single-node homo scalar16,single_homo,scalar16,random,low-risk,1,2.25,20.71545,21.54608,1,0,0.0,0.0,1.0,1,1.554172,0.0,0.585691
queued_8,random,eval_077,LAN,2,lan_single_homo_scalar16,LAN single-node homo scalar16,single_homo,scalar16,random,low-risk,1,2.25,21.54608,22.39687,0,0,0.0,0.0,1.0,1,1.554172,0.0,-0.430922
queued_8,random,eval_078,LAN,2,lan_single_homo_projcos4,LAN single-node homo projcos4,single_homo,projcos4,random,low-risk,1,2.25,12.14959,12.9987,1,0,0.0,0.0,1.0,1,1.730689,0.0,0.757008
queued_8,random,eval_079,LAN,2,lan_single_homo_projcos4,LAN single-node homo projcos4,single_homo,projcos4,random,low-risk,1,2.25,12.9987,13.84613,0,0,0.0,0.0,1.0,1,1.730689,0.0,-0.259974
queued_8,random,eval_080,LAN,1,lan_ab_scalar16,LAN A/B scalar16,t4strict_pair_a_vs_b_40_200,scalar16,random,high-risk,3,2.25,14.50347,15.53292,1,0,0.15,0.15,0.76,0,1.556788,0.774041,0.694931
queued_8,random,eval_081,LAN,1,lan_ab_projcos4,LAN A/B projcos4,t4strict_pair_a_vs_b_40_200,projcos4,random,low-risk,3,2.5,13.15515,14.19236,1,0,0.02,0.02,1.0,1,1.785521,0.111675,0.734897
queued_8,random,eval_082,LAN,1,lan_ab_projcos4,LAN A/B projcos4,t4strict_pair_a_vs_b_40_200,projcos4,random,low-risk,3,2.5,14.19236,15.23151,1,0,0.02,0.02,1.0,1,1.785521,0.111675,0.714153
queued_8,random,eval_083,LAN,1,lan_ab_projcos4,LAN A/B projcos4,t4strict_pair_a_vs_b_40_200,projcos4,random,low-risk,3,2.5,15.23151,16.26872,1,0,0.02,0.02,1.0,1,1.785521,0.111675,0.69337
queued_8,random,eval_084,LAN,1,lan_ab_scalar16,LAN A/B scalar16,t4strict_pair_a_vs_b_40_200,scalar16,random,high-risk,3,2.5,15.28292,16.32013,1,0,0.15,0.15,0.76,0,1.556788,0.774041,0.679342
queued_8,random,eval_085,LAN,1,lan_ab_scalar16,LAN A/B scalar16,t4strict_pair_a_vs_b_40_200,scalar16,random,high-risk,3,2.5,16.32013,17.35831,1,1,0.15,0.15,0.76,0,5.160275,0.774041,0.508597
queued_8,random,eval_086,LAN,1,lan_single_homo_projcos4,LAN single-node homo projcos4,single_homo,projcos4,random,low-risk,1,2.5,13.59613,14.43348,1,0,0.0,0.0,1.0,1,1.730689,0.0,0.728077
queued_8,random,eval_087,LAN,3,lan_single_homo_projcos4,LAN single-node homo projcos4,single_homo,projcos4,random,low-risk,1,2.5,14.43348,15.29099,1,0,0.0,0.0,1.0,1,1.730689,0.0,0.71133
queued_8,random,eval_088,LAN,3,lan_ab_scalar16,LAN A/B scalar16,t4strict_pair_a_vs_b_40_200,scalar16,random,high-risk,3,2.5,17.35831,18.41395,1,1,0.15,0.15,0.76,0,5.160275,0.774041,0.487834
queued_8,random,eval_089,LAN,2,lan_single_homo_scalar16,LAN single-node homo scalar16,single_homo,scalar16,random,low-risk,1,2.75,21.89687,22.75102,1,0,0.0,0.0,1.0,1,1.554172,0.0,0.562063
queued_8,random,eval_090,LAN,1,lan_single_homo_scalar16,LAN single-node homo scalar16,single_homo,scalar16,random,low-risk,1,2.75,22.75102,23.59089,1,0,0.0,0.0,1.0,1,1.554172,0.0,0.54498
queued_8,random,eval_091,LAN,1,lan_single_homo_scalar16,LAN single-node homo scalar16,single_homo,scalar16,random,low-risk,1,2.75,23.59089,24.43244,1,0,0.0,0.0,1.0,1,1.554172,0.0,0.528182
queued_8,random,eval_092,LAN,2,lan_ab_scalar16,LAN A/B scalar16,t4strict_pair_a_vs_b_40_200,scalar16,random,high-risk,3,2.75,18.16395,19.20504,1,0,0.15,0.15,0.76,0,1.556788,0.774041,0.621721
queued_8,random,eval_093,LAN,1,lan_single_homo_scalar16,LAN single-node homo scalar16,single_homo,scalar16,random,low-risk,1,2.75,24.43244,25.27399,1,0,0.0,0.0,1.0,1,1.554172,0.0,0.511351
queued_8,random,eval_094,LAN,1,lan_ab_scalar16,LAN A/B scalar16,t4strict_pair_a_vs_b_40_200,scalar16,random,high-risk,3,2.75,19.20504,20.24419,1,0,0.15,0.15,0.76,0,1.556788,0.774041,0.600899
queued_8,random,eval_095,LAN,2,lan_single_homo_scalar16,LAN single-node homo scalar16,single_homo,scalar16,random,low-risk,1,2.75,25.27399,26.11638,1,0,0.0,0.0,1.0,1,1.554172,0.0,0.49452
queued_8,random,eval_096,LAN,1,lan_single_homo_projcos4,LAN single-node homo projcos4,single_homo,projcos4,random,low-risk,1,2.75,15.04099,15.88002,1,0,0.0,0.0,1.0,1,1.730689,0.0,0.69918
queued_8,random,eval_097,LAN,3,lan_single_homo_projcos4,LAN single-node homo projcos4,single_homo,projcos4,random,low-risk,1,3.0,15.63002,16.48921,1,0,0.0,0.0,1.0,1,1.730689,0.0,0.6874
queued_8,random,eval_098,LAN,3,lan_ab_scalar16,LAN A/B scalar16,t4strict_pair_a_vs_b_40_200,scalar16,random,high-risk,3,3.0,19.99419,21.05177,1,0,0.15,0.15,0.76,0,1.556788,0.774041,0.585116
queued_8,random,eval_099,LAN,3,lan_single_homo_projcos4,LAN single-node homo projcos4,single_homo,projcos4,random,low-risk,1,3.0,16.48921,17.34504,0,0,0.0,0.0,1.0,1,1.730689,0.0,-0.329784
queued_8,random,eval_100,LAN,1,lan_single_homo_scalar16,LAN single-node homo scalar16,single_homo,scalar16,random,low-risk,1,3.0,25.86638,26.70793,1,0,0.0,0.0,1.0,1,1.554172,0.0,0.482672
queued_8,random,eval_101,LAN,1,lan_ab_projcos4,LAN A/B projcos4,t4strict_pair_a_vs_b_40_200,projcos4,random,low-risk,3,3.0,15.76872,16.79914,1,0,0.02,0.02,1.0,1,1.785521,0.111675,0.682626
queued_8,random,eval_102,LAN,1,lan_ab_scalar16,LAN A/B scalar16,t4strict_pair_a_vs_b_40_200,scalar16,random,high-risk,3,3.0,21.05177,22.08413,1,0,0.15,0.15,0.76,0,1.556788,0.774041,0.563965
queued_8,random,eval_103,LAN,1,lan_ab_scalar16,LAN A/B scalar16,t4strict_pair_a_vs_b_40_200,scalar16,random,high-risk,3,3.0,22.08413,23.11455,1,0,0.15,0.15,0.76,0,1.556788,0.774041,0.543317
queued_8,random,eval_104,LAN,1,lan_single_homo_projcos4,LAN single-node homo projcos4,single_homo,projcos4,random,low-risk,1,3.0,17.34504,18.17903,1,0,0.0,0.0,1.0,1,1.730689,0.0,0.653099
queued_8,random,eval_105,LAN,1,lan_ab_scalar16,LAN A/B scalar16,t4strict_pair_a_vs_b_40_200,scalar16,random,high-risk,3,3.25,22.86455,23.89594,1,0,0.15,0.15,0.76,0,1.556788,0.774041,0.527709
queued_8,random,eval_106,LAN,1,lan_ab_scalar16,LAN A/B scalar16,t4strict_pair_a_vs_b_40_200,scalar16,random,high-risk,3,3.25,23.89594,24.92345,1,0,0.15,0.15,0.76,0,1.556788,0.774041,0.507081
queued_8,random,eval_107,LAN,2,lan_single_homo_projcos4,LAN single-node homo projcos4,single_homo,projcos4,random,low-risk,1,3.25,17.92903,18.78066,1,0,0.0,0.0,1.0,1,1.730689,0.0,0.641419
queued_8,random,eval_108,LAN,2,lan_ab_scalar16,LAN A/B scalar16,t4strict_pair_a_vs_b_40_200,scalar16,random,high-risk,3,3.25,24.92345,25.9723,1,0,0.15,0.15,0.76,0,1.556788,0.774041,0.486531
queued_8,random,eval_109,LAN,2,lan_ab_projcos4,LAN A/B projcos4,t4strict_pair_a_vs_b_40_200,projcos4,random,low-risk,3,3.25,16.54914,17.59605,1,0,0.02,0.02,1.0,1,1.785521,0.111675,0.667017
queued_8,random,eval_110,LAN,1,lan_ab_projcos4,LAN A/B projcos4,t4strict_pair_a_vs_b_40_200,projcos4,random,low-risk,3,3.25,17.59605,18.62647,1,0,0.02,0.02,1.0,1,1.785521,0.111675,0.646079
queued_8,random,eval_111,LAN,1,lan_single_homo_projcos4,LAN single-node homo projcos4,single_homo,projcos4,random,low-risk,1,3.25,18.78066,19.61549,1,0,0.0,0.0,1.0,1,1.730689,0.0,0.624387
queued_8,random,eval_112,LAN,1,lan_ab_scalar16,LAN A/B scalar16,t4strict_pair_a_vs_b_40_200,scalar16,random,high-risk,3,3.25,25.9723,27.00563,1,0,0.15,0.15,0.76,0,1.556788,0.774041,0.465554
queued_8,random,eval_113,LAN,1,lan_ab_projcos4,LAN A/B projcos4,t4strict_pair_a_vs_b_40_200,projcos4,random,low-risk,3,3.5,18.37647,19.40786,1,0,0.02,0.02,1.0,1,1.785521,0.111675,0.630471
queued_8,random,eval_114,LAN,1,lan_single_homo_scalar16,LAN single-node homo scalar16,single_homo,scalar16,random,low-risk,1,3.5,26.20793,27.04276,1,0,0.0,0.0,1.0,1,1.554172,0.0,0.475841
queued_8,random,eval_115,LAN,1,lan_single_homo_scalar16,LAN single-node homo scalar16,single_homo,scalar16,random,low-risk,1,3.5,27.04276,27.87843,1,0,0.0,0.0,1.0,1,1.554172,0.0,0.459145
queued_8,random,eval_116,LAN,1,lan_single_homo_scalar16,LAN single-node homo scalar16,single_homo,scalar16,random,low-risk,1,3.5,27.87843,28.71074,1,0,0.0,0.0,1.0,1,1.554172,0.0,0.442431
queued_8,random,eval_117,LAN,2,lan_ab_projcos4,LAN A/B projcos4,t4strict_pair_a_vs_b_40_200,projcos4,random,low-risk,3,3.5,19.40786,20.45962,1,0,0.02,0.02,1.0,1,1.785521,0.111675,0.609843
queued_8,random,eval_118,LAN,2,lan_single_homo_scalar16,LAN single-node homo scalar16,single_homo,scalar16,random,low-risk,1,3.5,28.71074,29.56153,1,0,0.0,0.0,1.0,1,1.554172,0.0,0.425785
queued_8,random,eval_119,LAN,2,lan_ab_scalar16,LAN A/B scalar16,t4strict_pair_a_vs_b_40_200,scalar16,random,high-risk,3,3.5,26.75563,27.80351,1,0,0.15,0.15,0.76,0,1.556788,0.774041,0.449887
queued_8,random,eval_120,LAN,1,lan_ab_projcos4,LAN A/B projcos4,t4strict_pair_a_vs_b_40_200,projcos4,random,low-risk,3,3.5,20.45962,21.49101,1,0,0.02,0.02,1.0,1,1.785521,0.111675,0.588808
queued_8,random,eval_121,LAN,1,lan_ab_scalar16,LAN A/B scalar16,t4strict_pair_a_vs_b_40_200,scalar16,random,high-risk,3,3.75,27.55351,28.59072,1,1,0.15,0.15,0.76,0,5.160275,0.774041,0.28393
queued_8,random,eval_122,LAN,1,lan_single_homo_projcos4,LAN single-node homo projcos4,single_homo,projcos4,random,low-risk,1,3.75,19.11549,19.95704,1,0,0.0,0.0,1.0,1,1.730689,0.0,0.61769
queued_8,random,eval_123,LAN,1,lan_ab_projcos4,LAN A/B projcos4,t4strict_pair_a_vs_b_40_200,projcos4,random,low-risk,3,3.75,21.24101,22.27822,1,0,0.02,0.02,1.0,1,1.785521,0.111675,0.57318
queued_8,random,eval_124,LAN,1,lan_single_homo_scalar16,LAN single-node homo scalar16,single_homo,scalar16,random,low-risk,1,3.75,29.31153,30.1514,0,0,0.0,0.0,1.0,1,1.554172,0.0,-0.586231
queued_8,random,eval_125,LAN,1,lan_ab_scalar16,LAN A/B scalar16,t4strict_pair_a_vs_b_40_200,scalar16,random,high-risk,3,3.75,28.59072,29.6289,1,0,0.15,0.15,0.76,0,1.556788,0.774041,0.413186
queued_8,random,eval_126,LAN,1,lan_single_homo_scalar16,LAN single-node homo scalar16,single_homo,scalar16,random,low-risk,1,3.75,30.1514,30.98875,1,0,0.0,0.0,1.0,1,1.554172,0.0,0.396972
queued_8,random,eval_127,LAN,3,lan_single_homo_projcos4,LAN single-node homo projcos4,single_homo,projcos4,random,low-risk,1,3.75,19.95704,20.81455,1,0,0.0,0.0,1.0,1,1.730689,0.0,0.600859
queued_8,random,eval_128,LAN,3,lan_ab_projcos4,LAN A/B projcos4,t4strict_pair_a_vs_b_40_200,projcos4,random,low-risk,3,3.75,22.27822,23.33386,1,0,0.02,0.02,1.0,1,1.785521,0.111675,0.552436
queued_8,random,eval_129,LAN,2,lan_single_homo_projcos4,LAN single-node homo projcos4,single_homo,projcos4,random,low-risk,1,4.0,20.56455,21.4187,1,0,0.0,0.0,1.0,1,1.730689,0.0,0.588709
queued_8,random,eval_130,LAN,1,lan_ab_scalar16,LAN A/B scalar16,t4strict_pair_a_vs_b_40_200,scalar16,random,high-risk,3,4.0,29.3789,30.41611,1,0,0.15,0.15,0.76,0,1.556788,0.774041,0.397422
queued_8,random,eval_131,LAN,2,lan_ab_projcos4,LAN A/B projcos4,t4strict_pair_a_vs_b_40_200,projcos4,random,low-risk,3,4.0,23.08386,24.12592,1,0,0.02,0.02,1.0,1,1.785521,0.111675,0.536323
queued_8,random,eval_132,LAN,2,lan_single_homo_projcos4,LAN single-node homo projcos4,single_homo,projcos4,random,low-risk,1,4.0,21.4187,22.26445,1,0,0.0,0.0,1.0,1,1.730689,0.0,0.571626
queued_8,random,eval_133,LAN,2,lan_ab_scalar16,LAN A/B scalar16,t4strict_pair_a_vs_b_40_200,scalar16,random,high-risk,3,4.0,30.41611,31.45817,1,0,0.15,0.15,0.76,0,1.556788,0.774041,0.376678
queued_8,random,eval_134,LAN,2,lan_single_homo_projcos4,LAN single-node homo projcos4,single_homo,projcos4,random,low-risk,1,4.0,22.26445,23.10852,0,0,0.0,0.0,1.0,1,1.730689,0.0,-0.445289
queued_8,random,eval_135,LAN,2,lan_ab_scalar16,LAN A/B scalar16,t4strict_pair_a_vs_b_40_200,scalar16,random,high-risk,3,4.0,31.45817,32.5012,1,0,0.15,0.15,0.76,0,1.556788,0.774041,0.355837
queued_8,random,eval_136,LAN,1,lan_ab_scalar16,LAN A/B scalar16,t4strict_pair_a_vs_b_40_200,scalar16,random,high-risk,3,4.0,32.5012,33.54035,1,0,0.15,0.15,0.76,0,1.556788,0.774041,0.334976
queued_8,random,eval_137,LAN,3,lan_single_homo_scalar16,LAN single-node homo scalar16,single_homo,scalar16,random,low-risk,1,4.25,30.48875,31.35046,1,0,0.0,0.0,1.0,1,1.554172,0.0,0.390225
queued_8,random,eval_138,LAN,3,lan_single_homo_scalar16,LAN single-node homo scalar16,single_homo,scalar16,random,low-risk,1,4.25,31.35046,32.21049,0,0,0.0,0.0,1.0,1,1.554172,0.0,-0.627009
queued_8,random,eval_139,LAN,3,lan_ab_scalar16,LAN A/B scalar16,t4strict_pair_a_vs_b_40_200,scalar16,random,high-risk,3,4.25,33.29035,34.3489,1,1,0.15,0.15,0.76,0,5.160275,0.774041,0.169193
queued_8,random,eval_140,LAN,2,lan_single_homo_scalar16,LAN single-node homo scalar16,single_homo,scalar16,random,low-risk,1,4.25,32.21049,33.05456,1,0,0.0,0.0,1.0,1,1.554172,0.0,0.35579
queued_8,random,eval_141,WAN,1,wan_ac_projcos4,WAN A/C projcos4,t4strict_pair_a_vs_c_40_200,projcos4,random,low-risk,3,4.25,0.0,1.26995,1,0,0.045,0.045,1.0,1,1.854097,0.254355,0.9955
queued_8,random,eval_142,WAN,1,wan_bd_projcos4,WAN B/D projcos4,t4strict_pair_b_vs_d_40_200,projcos4,random,low-risk,3,4.25,0.0,1.31321,1,0,0.075,0.075,1.0,1,1.818556,0.421259,0.9925
queued_8,random,eval_143,WAN,1,wan_bd_projcos4,WAN B/D projcos4,t4strict_pair_b_vs_d_40_200,projcos4,random,low-risk,3,4.25,1.31321,2.62436,1,0,0.075,0.075,1.0,1,1.818556,0.421259,0.966236
queued_8,random,eval_144,WAN,1,wan_bd_projcos4,WAN B/D projcos4,t4strict_pair_b_vs_d_40_200,projcos4,random,low-risk,3,4.25,2.62436,3.93551,1,0,0.075,0.075,1.0,1,1.818556,0.421259,0.940013
queued_8,random,eval_145,WAN,1,wan_bd_scalar16,WAN B/D scalar16,t4strict_pair_b_vs_d_40_200,scalar16,random,high-risk,3,4.5,0.0,1.31218,1,0,0.245,0.245,0.95,0,1.572036,1.268003,0.9755
queued_8,random,eval_146,WAN,1,wan_ac_projcos4,WAN A/C projcos4,t4strict_pair_a_vs_c_40_200,projcos4,random,low-risk,3,4.5,1.01995,2.28687,1,0,0.045,0.045,1.0,1,1.854097,0.254355,0.975101
queued_8,random,eval_147,WAN,2,wan_ad_projcos4,WAN A/D projcos4,t4strict_pair_a_vs_d_40_200,projcos4,random,low-risk,3,4.5,0.0,1.26954,1,0,0.02,0.02,1.0,1,1.852395,0.113013,0.998
queued_8,random,eval_148,WAN,2,wan_ad_projcos4,WAN A/D projcos4,t4strict_pair_a_vs_d_40_200,projcos4,random,low-risk,3,4.5,1.26954,2.5371,1,0,0.02,0.02,1.0,1,1.852395,0.113013,0.972609
queued_8,random,eval_149,WAN,2,wan_ad_scalar16,WAN A/D scalar16,t4strict_pair_a_vs_d_40_200,scalar16,random,high-risk,3,4.5,0.0,1.26558,1,0,0.09,0.09,0.51,0,1.776668,0.484214,0.991
queued_8,random,eval_150,WAN,1,wan_bd_scalar16,WAN B/D scalar16,t4strict_pair_b_vs_d_40_200,scalar16,random,high-risk,3,4.5,1.31218,2.62333,0,0,0.245,0.245,0.95,0,1.572036,1.268003,-0.050744
queued_8,random,eval_151,WAN,1,wan_ad_scalar16,WAN A/D scalar16,t4strict_pair_a_vs_d_40_200,scalar16,random,high-risk,3,4.5,1.26558,2.5173,1,0,0.09,0.09,0.51,0,1.776668,0.484214,0.965688
queued_8,random,eval_152,WAN,1,wan_ad_scalar16,WAN A/D scalar16,t4strict_pair_a_vs_d_40_200,scalar16,random,high-risk,3,4.5,2.5173,3.771,1,0,0.09,0.09,0.51,0,1.776668,0.484214,0.940654
queued_8,random,eval_153,WAN,1,wan_ac_projcos4,WAN A/C projcos4,t4strict_pair_a_vs_c_40_200,projcos4,random,low-risk,3,4.75,2.03687,3.30985,1,0,0.045,0.045,1.0,1,1.854097,0.254355,0.954763
queued_8,random,eval_154,WAN,1,wan_ad_projcos4,WAN A/D projcos4,t4strict_pair_a_vs_d_40_200,projcos4,random,low-risk,3,4.75,2.2871,3.53882,1,0,0.02,0.02,1.0,1,1.852395,0.113013,0.952258
queued_8,random,eval_155,WAN,1,wan_ac_projcos4,WAN A/C projcos4,t4strict_pair_a_vs_c_40_200,projcos4,random,low-risk,3,4.75,3.30985,4.58384,1,0,0.045,0.045,1.0,1,1.854097,0.254355,0.929303
queued_8,random,eval_156,WAN,1,wan_ac_scalar16,WAN A/C scalar16,t4strict_pair_a_vs_c_40_200,scalar16,random,high-risk,3,4.75,0.0,1.26995,1,0,0.11,0.11,0.585,0,1.664829,0.579515,0.989
queued_8,random,eval_157,WAN,2,wan_bd_scalar16,WAN B/D scalar16,t4strict_pair_b_vs_d_40_200,scalar16,random,high-risk,3,4.75,2.37333,3.7092,1,1,0.245,0.245,0.95,0,5.175523,1.268003,0.778033
queued_8,random,eval_158,WAN,2,wan_ad_projcos4,WAN A/D projcos4,t4strict_pair_a_vs_d_40_200,projcos4,random,low-risk,3,4.75,3.53882,4.80935,1,0,0.02,0.02,1.0,1,1.852395,0.113013,0.927224
queued_8,random,eval_159,WAN,2,wan_bd_scalar16,WAN B/D scalar16,t4strict_pair_b_vs_d_40_200,scalar16,random,high-risk,3,4.75,3.7092,5.04095,1,0,0.245,0.245,0.95,0,1.572036,1.268003,0.901316
queued_8,random,eval_160,WAN,1,wan_ac_scalar16,WAN A/C scalar16,t4strict_pair_a_vs_c_40_200,scalar16,random,high-risk,3,4.75,1.26995,2.54293,1,1,0.11,0.11,0.585,0,5.268316,0.579515,0.813601
queued_8,random,eval_161,WAN,2,wan_ad_projcos4,WAN A/D projcos4,t4strict_pair_a_vs_d_40_200,projcos4,random,low-risk,3,5.0,4.55935,5.82097,1,0,0.02,0.02,1.0,1,1.852395,0.113013,0.906813
queued_8,random,eval_162,WAN,2,wan_ad_scalar16,WAN A/D scalar16,t4strict_pair_a_vs_d_40_200,scalar16,random,high-risk,3,5.0,3.271,4.5346,1,0,0.09,0.09,0.51,0,1.776668,0.484214,0.92558
queued_8,random,eval_163,WAN,2,wan_bd_scalar16,WAN B/D scalar16,t4strict_pair_b_vs_d_40_200,scalar16,random,high-risk,3,5.0,4.79095,6.11549,1,0,0.245,0.245,0.95,0,1.572036,1.268003,0.879681
queued_8,random,eval_164,WAN,2,wan_bd_scalar16,WAN B/D scalar16,t4strict_pair_b_vs_d_40_200,scalar16,random,high-risk,3,5.0,6.11549,7.44003,1,1,0.245,0.245,0.95,0,5.175523,1.268003,0.70319
queued_8,random,eval_165,WAN,2,wan_ad_projcos4,WAN A/D projcos4,t4strict_pair_a_vs_d_40_200,projcos4,random,low-risk,3,5.0,5.82097,7.08358,1,0,0.02,0.02,1.0,1,1.852395,0.113013,0.881581
queued_8,random,eval_166,WAN,1,wan_ad_projcos4,WAN A/D projcos4,t4strict_pair_a_vs_d_40_200,projcos4,random,low-risk,3,5.0,7.08358,8.34223,1,0,0.02,0.02,1.0,1,1.852395,0.113013,0.856328
queued_8,random,eval_167,WAN,3,wan_bd_projcos4,WAN B/D projcos4,t4strict_pair_b_vs_d_40_200,projcos4,random,low-risk,3,5.0,3.18551,4.53168,1,0,0.075,0.075,1.0,1,1.818556,0.421259,0.92879
queued_8,random,eval_168,WAN,3,wan_ad_scalar16,WAN A/D scalar16,t4strict_pair_a_vs_d_40_200,scalar16,random,high-risk,3,5.0,4.5346,5.81503,1,0,0.09,0.09,0.51,0,1.776668,0.484214,0.900308
queued_8,random,eval_169,WAN,3,wan_bd_scalar16,WAN B/D scalar16,t4strict_pair_b_vs_d_40_200,scalar16,random,high-risk,3,5.25,7.19003,8.53208,1,0,0.245,0.245,0.95,0,1.572036,1.268003,0.831699
queued_8,random,eval_170,WAN,2,wan_ad_projcos4,WAN A/D projcos4,t4strict_pair_a_vs_d_40_200,projcos4,random,low-risk,3,5.25,8.09223,9.35385,1,0,0.02,0.02,1.0,1,1.852395,0.113013,0.836155
queued_8,random,eval_171,WAN,1,wan_ad_scalar16,WAN A/D scalar16,t4strict_pair_a_vs_d_40_200,scalar16,random,high-risk,3,5.25,5.56503,6.82368,1,0,0.09,0.09,0.51,0,1.776668,0.484214,0.879699
queued_8,random,eval_172,WAN,2,wan_ad_scalar16,WAN A/D scalar16,t4strict_pair_a_vs_d_40_200,scalar16,random,high-risk,3,5.25,6.82368,8.08431,1,1,0.09,0.09,0.51,0,5.380155,0.484214,0.704526
queued_8,random,eval_173,WAN,1,wan_ad_projcos4,WAN A/D projcos4,t4strict_pair_a_vs_d_40_200,projcos4,random,low-risk,3,5.25,9.35385,10.6125,1,0,0.02,0.02,1.0,1,1.852395,0.113013,0.810923
queued_8,random,eval_174,WAN,1,wan_ac_projcos4,WAN A/C projcos4,t4strict_pair_a_vs_c_40_200,projcos4,random,low-risk,3,5.25,4.08384,5.36389,1,0,0.045,0.045,1.0,1,1.854097,0.254355,0.913823
queued_8,random,eval_175,WAN,2,wan_ac_scalar16,WAN A/C scalar16,t4strict_pair_a_vs_c_40_200,scalar16,random,high-risk,3,5.25,2.04293,3.32399,1,0,0.11,0.11,0.585,0,1.664829,0.579515,0.948141
queued_8,random,eval_176,WAN,1,wan_ac_projcos4,WAN A/C projcos4,t4strict_pair_a_vs_c_40_200,projcos4,random,low-risk,3,5.25,5.36389,6.64091,1,0,0.045,0.045,1.0,1,1.854097,0.254355,0.888222
queued_8,random,eval_177,WAN,3,wan_ad_scalar16,WAN A/D scalar16,t4strict_pair_a_vs_d_40_200,scalar16,random,high-risk,3,5.5,7.83431,9.11375,1,0,0.09,0.09,0.51,0,1.776668,0.484214,0.834314
queued_8,random,eval_178,WAN,3,wan_bd_scalar16,WAN B/D scalar16,t4strict_pair_b_vs_d_40_200,scalar16,random,high-risk,3,5.5,8.28208,9.6231,1,1,0.245,0.245,0.95,0,5.175523,1.268003,0.659858
queued_8,random,eval_179,WAN,3,wan_ac_projcos4,WAN A/C projcos4,t4strict_pair_a_vs_c_40_200,projcos4,random,low-risk,3,5.5,6.39091,7.68813,1,0,0.045,0.045,1.0,1,1.854097,0.254355,0.867682
queued_8,random,eval_180,WAN,1,wan_ad_projcos4,WAN A/D projcos4,t4strict_pair_a_vs_d_40_200,projcos4,random,low-risk,3,5.5,10.3625,11.62115,1,0,0.02,0.02,1.0,1,1.852395,0.113013,0.79075
queued_8,random,eval_181,WAN,2,wan_ad_projcos4,WAN A/D projcos4,t4strict_pair_a_vs_d_40_200,projcos4,random,low-risk,3,5.5,11.62115,12.88871,1,0,0.02,0.02,1.0,1,1.852395,0.113013,0.765577
queued_8,random,eval_182,WAN,2,wan_ac_projcos4,WAN A/C projcos4,t4strict_pair_a_vs_c_40_200,projcos4,random,low-risk,3,5.5,7.68813,8.97929,1,0,0.045,0.045,1.0,1,1.854097,0.254355,0.841737
queued_8,random,eval_183,WAN,2,wan_bd_scalar16,WAN B/D scalar16,t4strict_pair_b_vs_d_40_200,scalar16,random,high-risk,3,5.5,9.6231,10.95382,1,0,0.245,0.245,0.95,0,1.572036,1.268003,0.783038
queued_8,random,eval_184,WAN,2,wan_ac_scalar16,WAN A/C scalar16,t4strict_pair_a_vs_c_40_200,scalar16,random,high-risk,3,5.5,3.07399,4.36313,1,0,0.11,0.11,0.585,0,1.664829,0.579515,0.92752
queued_8,random,eval_185,WAN,2,wan_bd_scalar16,WAN B/D scalar16,t4strict_pair_b_vs_d_40_200,scalar16,random,high-risk,3,5.75,10.70382,12.03557,1,0,0.245,0.245,0.95,0,1.572036,1.268003,0.761424
queued_8,random,eval_186,WAN,2,wan_bd_projcos4,WAN B/D projcos4,t4strict_pair_b_vs_d_40_200,projcos4,random,low-risk,3,5.75,3.78168,5.10931,1,0,0.075,0.075,1.0,1,1.818556,0.421259,0.916866
queued_8,random,eval_187,WAN,3,wan_ad_scalar16,WAN A/D scalar16,t4strict_pair_a_vs_d_40_200,scalar16,random,high-risk,3,5.75,8.86375,10.1521,1,0,0.09,0.09,0.51,0,1.776668,0.484214,0.813725
queued_8,random,eval_188,WAN,3,wan_bd_projcos4,WAN B/D projcos4,t4strict_pair_b_vs_d_40_200,projcos4,random,low-risk,3,5.75,5.10931,6.4596,0,0,0.075,0.075,1.0,1,1.818556,0.421259,-0.109686
queued_8,random,eval_189,WAN,3,wan_ad_scalar16,WAN A/D scalar16,t4strict_pair_a_vs_d_40_200,scalar16,random,high-risk,3,5.75,10.1521,11.43649,1,0,0.09,0.09,0.51,0,1.776668,0.484214,0.787958
queued_8,random,eval_190,WAN,2,wan_ac_projcos4,WAN A/C projcos4,t4strict_pair_a_vs_c_40_200,projcos4,random,low-risk,3,5.75,8.72929,10.01843,1,0,0.045,0.045,1.0,1,1.854097,0.254355,0.820914
queued_8,random,eval_191,WAN,2,wan_bd_scalar16,WAN B/D scalar16,t4strict_pair_b_vs_d_40_200,scalar16,random,high-risk,3,5.75,12.03557,13.36629,1,1,0.245,0.245,0.95,0,5.175523,1.268003,0.584789
queued_8,random,eval_192,WAN,2,wan_bd_scalar16,WAN B/D scalar16,t4strict_pair_b_vs_d_40_200,scalar16,random,high-risk,3,5.75,13.36629,14.69907,1,1,0.245,0.245,0.95,0,5.175523,1.268003,0.558174
queued_8,random,eval_193,WAN,2,wan_bd_projcos4,WAN B/D projcos4,t4strict_pair_b_vs_d_40_200,projcos4,random,low-risk,3,6.0,6.2096,7.54032,1,0,0.075,0.075,1.0,1,1.818556,0.421259,0.868308
queued_8,random,eval_194,WAN,2,wan_bd_scalar16,WAN B/D scalar16,t4strict_pair_b_vs_d_40_200,scalar16,random,high-risk,3,6.0,14.44907,15.77979,1,1,0.245,0.245,0.95,0,5.175523,1.268003,0.536519
queued_8,random,eval_195,WAN,2,wan_ac_projcos4,WAN A/C projcos4,t4strict_pair_a_vs_c_40_200,projcos4,random,low-risk,3,6.0,9.76843,11.05858,1,0,0.045,0.045,1.0,1,1.854097,0.254355,0.800131
queued_8,random,eval_196,WAN,2,wan_bd_scalar16,WAN B/D scalar16,t4strict_pair_b_vs_d_40_200,scalar16,random,high-risk,3,6.0,15.77979,17.10742,1,0,0.245,0.245,0.95,0,1.572036,1.268003,0.659904
queued_8,random,eval_197,WAN,3,wan_bd_scalar16,WAN B/D scalar16,t4strict_pair_b_vs_d_40_200,scalar16,random,high-risk,3,6.0,17.10742,18.45977,1,1,0.245,0.245,0.95,0,5.175523,1.268003,0.483352
queued_8,random,eval_198,WAN,3,wan_ad_projcos4,WAN A/D projcos4,t4strict_pair_a_vs_d_40_200,projcos4,random,low-risk,3,6.0,12.38871,13.67508,1,0,0.02,0.02,1.0,1,1.852395,0.113013,0.750226
queued_8,random,eval_199,WAN,3,wan_bd_projcos4,WAN B/D projcos4,t4strict_pair_b_vs_d_40_200,projcos4,random,low-risk,3,6.0,7.54032,8.88855,1,0,0.075,0.075,1.0,1,1.818556,0.421259,0.841694
queued_8,random,eval_200,WAN,2,wan_ad_scalar16,WAN A/D scalar16,t4strict_pair_a_vs_d_40_200,scalar16,random,high-risk,3,6.0,11.18649,12.45405,1,0,0.09,0.09,0.51,0,1.776668,0.484214,0.76727
queued_8,cost_only,eval_001,LAN,3,lan_single_homo_scalar16,LAN single-node homo scalar16,single_homo,scalar16,direct,low-risk,1,0.0,0.0,0.85583,0,0,0.0,0.0,1.0,1,1.554172,0.0,0.0
queued_8,cost_only,eval_002,LAN,3,lan_single_homo_scalar16,LAN single-node homo scalar16,single_homo,scalar16,direct,low-risk,1,0.0,0.85583,1.71334,1,0,0.0,0.0,1.0,1,1.554172,0.0,0.982883
queued_8,cost_only,eval_003,LAN,3,lan_single_homo_scalar16,LAN single-node homo scalar16,single_homo,scalar16,direct,low-risk,1,0.0,1.71334,2.56917,0,0,0.0,0.0,1.0,1,1.554172,0.0,-0.034267
queued_8,cost_only,eval_004,LAN,3,lan_single_homo_scalar16,LAN single-node homo scalar16,single_homo,scalar16,direct,low-risk,1,0.0,2.56917,3.425,1,0,0.0,0.0,1.0,1,1.554172,0.0,0.948617
queued_8,cost_only,eval_005,LAN,3,lan_single_homo_scalar16,LAN single-node homo scalar16,single_homo,scalar16,direct,low-risk,1,0.0,3.425,4.28167,1,0,0.0,0.0,1.0,1,1.554172,0.0,0.9315
queued_8,cost_only,eval_006,LAN,2,lan_single_homo_scalar16,LAN single-node homo scalar16,single_homo,scalar16,direct,low-risk,1,0.0,4.28167,5.13498,1,0,0.0,0.0,1.0,1,1.554172,0.0,0.914367
queued_8,cost_only,eval_007,LAN,3,lan_single_homo_scalar16,LAN single-node homo scalar16,single_homo,scalar16,direct,low-risk,1,0.0,5.13498,6.00845,0,0,0.0,0.0,1.0,1,1.554172,0.0,-0.1027
queued_8,cost_only,eval_008,LAN,3,lan_single_homo_scalar16,LAN single-node homo scalar16,single_homo,scalar16,direct,low-risk,1,0.0,6.00845,6.88024,0,0,0.0,0.0,1.0,1,1.554172,0.0,-0.120169
queued_8,cost_only,eval_009,LAN,3,lan_single_homo_scalar16,LAN single-node homo scalar16,single_homo,scalar16,direct,low-risk,1,0.25,6.63024,7.50035,1,0,0.0,0.0,1.0,1,1.554172,0.0,0.867395
queued_8,cost_only,eval_010,LAN,3,lan_single_homo_scalar16,LAN single-node homo scalar16,single_homo,scalar16,direct,low-risk,1,0.25,7.50035,8.35618,1,0,0.0,0.0,1.0,1,1.554172,0.0,0.849993
queued_8,cost_only,eval_011,LAN,1,lan_single_homo_scalar16,LAN single-node homo scalar16,single_homo,scalar16,direct,low-risk,1,0.25,8.35618,9.19605,1,0,0.0,0.0,1.0,1,1.554172,0.0,0.832876
queued_8,cost_only,eval_012,LAN,1,lan_single_homo_scalar16,LAN single-node homo scalar16,single_homo,scalar16,direct,low-risk,1,0.25,9.19605,10.0376,1,0,0.0,0.0,1.0,1,1.554172,0.0,0.816079
queued_8,cost_only,eval_013,LAN,1,lan_single_homo_scalar16,LAN single-node homo scalar16,single_homo,scalar16,direct,low-risk,1,0.25,10.0376,10.87747,1,0,0.0,0.0,1.0,1,1.554172,0.0,0.799248
queued_8,cost_only,eval_014,LAN,1,lan_single_homo_scalar16,LAN single-node homo scalar16,single_homo,scalar16,direct,low-risk,1,0.25,10.87747,11.71734,1,0,0.0,0.0,1.0,1,1.554172,0.0,0.782451
queued_8,cost_only,eval_015,LAN,1,lan_single_homo_scalar16,LAN single-node homo scalar16,single_homo,scalar16,direct,low-risk,1,0.25,11.71734,12.55805,1,0,0.0,0.0,1.0,1,1.554172,0.0,0.765653
queued_8,cost_only,eval_016,LAN,1,lan_single_homo_scalar16,LAN single-node homo scalar16,single_homo,scalar16,direct,low-risk,1,0.25,12.55805,13.3954,1,0,0.0,0.0,1.0,1,1.554172,0.0,0.748839
queued_8,cost_only,eval_017,LAN,3,lan_single_homo_scalar16,LAN single-node homo scalar16,single_homo,scalar16,direct,low-risk,1,0.5,13.1454,14.00291,0,0,0.0,0.0,1.0,1,1.554172,0.0,-0.262908
queued_8,cost_only,eval_018,LAN,3,lan_single_homo_scalar16,LAN single-node homo scalar16,single_homo,scalar16,direct,low-risk,1,0.5,14.00291,14.85874,1,0,0.0,0.0,1.0,1,1.554172,0.0,0.719942
queued_8,cost_only,eval_019,LAN,2,lan_single_homo_scalar16,LAN single-node homo scalar16,single_homo,scalar16,direct,low-risk,1,0.5,14.85874,15.71289,1,0,0.0,0.0,1.0,1,1.554172,0.0,0.702825
queued_8,cost_only,eval_020,LAN,1,lan_single_homo_scalar16,LAN single-node homo scalar16,single_homo,scalar16,direct,low-risk,1,0.5,15.71289,16.55276,1,0,0.0,0.0,1.0,1,1.554172,0.0,0.685742
queued_8,cost_only,eval_021,LAN,1,lan_single_homo_scalar16,LAN single-node homo scalar16,single_homo,scalar16,direct,low-risk,1,0.5,16.55276,17.38507,1,0,0.0,0.0,1.0,1,1.554172,0.0,0.668945
queued_8,cost_only,eval_022,LAN,1,lan_single_homo_scalar16,LAN single-node homo scalar16,single_homo,scalar16,direct,low-risk,1,0.5,17.38507,18.21906,1,0,0.0,0.0,1.0,1,1.554172,0.0,0.652299
queued_8,cost_only,eval_023,LAN,1,lan_single_homo_scalar16,LAN single-node homo scalar16,single_homo,scalar16,direct,low-risk,1,0.5,18.21906,19.05137,1,0,0.0,0.0,1.0,1,1.554172,0.0,0.635619
queued_8,cost_only,eval_024,LAN,1,lan_single_homo_scalar16,LAN single-node homo scalar16,single_homo,scalar16,direct,low-risk,1,0.5,19.05137,19.88368,1,0,0.0,0.0,1.0,1,1.554172,0.0,0.618973
queued_8,cost_only,eval_025,LAN,1,lan_single_homo_scalar16,LAN single-node homo scalar16,single_homo,scalar16,direct,low-risk,1,0.75,19.63368,20.46683,1,0,0.0,0.0,1.0,1,1.554172,0.0,0.607326
queued_8,cost_only,eval_026,LAN,1,lan_single_homo_scalar16,LAN single-node homo scalar16,single_homo,scalar16,direct,low-risk,1,0.75,20.46683,21.29662,1,0,0.0,0.0,1.0,1,1.554172,0.0,0.590663
queued_8,cost_only,eval_027,LAN,2,lan_single_homo_scalar16,LAN single-node homo scalar16,single_homo,scalar16,direct,low-risk,1,0.75,21.29662,22.14657,0,0,0.0,0.0,1.0,1,1.554172,0.0,-0.425932
queued_8,cost_only,eval_028,LAN,2,lan_single_homo_scalar16,LAN single-node homo scalar16,single_homo,scalar16,direct,low-risk,1,0.75,22.14657,22.99484,1,0,0.0,0.0,1.0,1,1.554172,0.0,0.557069
queued_8,cost_only,eval_029,LAN,2,lan_single_homo_scalar16,LAN single-node homo scalar16,single_homo,scalar16,direct,low-risk,1,0.75,22.99484,23.84143,1,0,0.0,0.0,1.0,1,1.554172,0.0,0.540103
queued_8,cost_only,eval_030,LAN,1,lan_single_homo_scalar16,LAN single-node homo scalar16,single_homo,scalar16,direct,low-risk,1,0.75,23.84143,24.67374,1,0,0.0,0.0,1.0,1,1.554172,0.0,0.523171
queued_8,cost_only,eval_031,LAN,2,lan_single_homo_scalar16,LAN single-node homo scalar16,single_homo,scalar16,direct,low-risk,1,0.75,24.67374,25.52117,0,0,0.0,0.0,1.0,1,1.554172,0.0,-0.493475
queued_8,cost_only,eval_032,LAN,2,lan_single_homo_scalar16,LAN single-node homo scalar16,single_homo,scalar16,direct,low-risk,1,0.75,25.52117,26.37028,1,0,0.0,0.0,1.0,1,1.554172,0.0,0.489577
queued_8,cost_only,eval_033,LAN,2,lan_single_homo_scalar16,LAN single-node homo scalar16,single_homo,scalar16,direct,low-risk,1,1.0,26.12028,26.96771,1,0,0.0,0.0,1.0,1,1.554172,0.0,0.477594
queued_8,cost_only,eval_034,LAN,2,lan_single_homo_scalar16,LAN single-node homo scalar16,single_homo,scalar16,direct,low-risk,1,1.0,26.96771,27.81514,1,0,0.0,0.0,1.0,1,1.554172,0.0,0.460646
queued_8,cost_only,eval_035,LAN,2,lan_single_homo_scalar16,LAN single-node homo scalar16,single_homo,scalar16,direct,low-risk,1,1.0,27.81514,28.66341,1,0,0.0,0.0,1.0,1,1.554172,0.0,0.443697
queued_8,cost_only,eval_036,LAN,2,lan_single_homo_scalar16,LAN single-node homo scalar16,single_homo,scalar16,direct,low-risk,1,1.0,28.66341,29.50832,1,0,0.0,0.0,1.0,1,1.554172,0.0,0.426732
queued_8,cost_only,eval_037,LAN,3,lan_single_homo_scalar16,LAN single-node homo scalar16,single_homo,scalar16,direct,low-risk,1,1.0,29.50832,30.37339,1,0,0.0,0.0,1.0,1,1.554172,0.0,0.409834
queued_8,cost_only,eval_038,LAN,3,lan_single_homo_scalar16,LAN single-node homo scalar16,single_homo,scalar16,direct,low-risk,1,1.0,30.37339,31.23678,0,0,0.0,0.0,1.0,1,1.554172,0.0,-0.607468
queued_8,cost_only,eval_039,LAN,3,lan_single_homo_scalar16,LAN single-node homo scalar16,single_homo,scalar16,direct,low-risk,1,1.0,31.23678,32.09849,1,0,0.0,0.0,1.0,1,1.554172,0.0,0.375264
queued_8,cost_only,eval_040,LAN,2,lan_single_homo_scalar16,LAN single-node homo scalar16,single_homo,scalar16,direct,low-risk,1,1.0,32.09849,32.94592,1,0,0.0,0.0,1.0,1,1.554172,0.0,0.35803
queued_8,cost_only,eval_041,LAN,2,lan_single_homo_scalar16,LAN single-node homo scalar16,single_homo,scalar16,direct,low-risk,1,1.25,32.69592,33.54335,0,0,0.0,0.0,1.0,1,1.554172,0.0,-0.653918
queued_8,cost_only,eval_042,LAN,2,lan_single_homo_scalar16,LAN single-node homo scalar16,single_homo,scalar16,direct,low-risk,1,1.25,33.54335,34.39246,1,0,0.0,0.0,1.0,1,1.554172,0.0,0.329133
queued_8,cost_only,eval_043,LAN,2,lan_single_homo_scalar16,LAN single-node homo scalar16,single_homo,scalar16,direct,low-risk,1,1.25,34.39246,35.23989,1,0,0.0,0.0,1.0,1,1.554172,0.0,0.312151
queued_8,cost_only,eval_044,LAN,2,lan_single_homo_scalar16,LAN single-node homo scalar16,single_homo,scalar16,direct,low-risk,1,1.25,35.23989,36.08732,1,0,0.0,0.0,1.0,1,1.554172,0.0,0.295202
queued_8,cost_only,eval_045,LAN,2,lan_single_homo_scalar16,LAN single-node homo scalar16,single_homo,scalar16,direct,low-risk,1,1.25,36.08732,36.93559,1,0,0.0,0.0,1.0,1,1.554172,0.0,0.278254
queued_8,cost_only,eval_046,LAN,2,lan_single_homo_scalar16,LAN single-node homo scalar16,single_homo,scalar16,direct,low-risk,1,1.25,36.93559,37.7805,1,0,0.0,0.0,1.0,1,1.554172,0.0,0.261288
queued_8,cost_only,eval_047,LAN,3,lan_single_homo_scalar16,LAN single-node homo scalar16,single_homo,scalar16,direct,low-risk,1,1.25,37.7805,38.64557,1,0,0.0,0.0,1.0,1,1.554172,0.0,0.24439
queued_8,cost_only,eval_048,LAN,3,lan_single_homo_scalar16,LAN single-node homo scalar16,single_homo,scalar16,direct,low-risk,1,1.25,38.64557,39.50896,1,0,0.0,0.0,1.0,1,1.554172,0.0,0.227089
queued_8,cost_only,eval_049,LAN,3,lan_single_homo_scalar16,LAN single-node homo scalar16,single_homo,scalar16,direct,low-risk,1,1.5,39.25896,40.12067,1,0,0.0,0.0,1.0,1,1.554172,0.0,0.214821
queued_8,cost_only,eval_050,LAN,2,lan_single_homo_scalar16,LAN single-node homo scalar16,single_homo,scalar16,direct,low-risk,1,1.5,40.12067,40.9681,1,0,0.0,0.0,1.0,1,1.554172,0.0,0.197587
queued_8,cost_only,eval_051,LAN,3,lan_single_homo_scalar16,LAN single-node homo scalar16,single_homo,scalar16,direct,low-risk,1,1.5,40.9681,41.82477,0,0,0.0,0.0,1.0,1,1.554172,0.0,-0.819362
queued_8,cost_only,eval_052,LAN,3,lan_single_homo_scalar16,LAN single-node homo scalar16,single_homo,scalar16,direct,low-risk,1,1.5,41.82477,42.68312,0,0,0.0,0.0,1.0,1,1.554172,0.0,-0.836495
queued_8,cost_only,eval_053,LAN,3,lan_single_homo_scalar16,LAN single-node homo scalar16,single_homo,scalar16,direct,low-risk,1,1.5,42.68312,43.53979,1,0,0.0,0.0,1.0,1,1.554172,0.0,0.146338
queued_8,cost_only,eval_054,LAN,3,lan_single_homo_scalar16,LAN single-node homo scalar16,single_homo,scalar16,direct,low-risk,1,1.5,43.53979,44.39646,1,0,0.0,0.0,1.0,1,1.554172,0.0,0.129204
queued_8,cost_only,eval_055,LAN,3,lan_single_homo_scalar16,LAN single-node homo scalar16,single_homo,scalar16,direct,low-risk,1,1.5,44.39646,45.25397,1,0,0.0,0.0,1.0,1,1.554172,0.0,0.112071
queued_8,cost_only,eval_056,LAN,2,lan_single_homo_scalar16,LAN single-node homo scalar16,single_homo,scalar16,direct,low-risk,1,1.5,45.25397,46.10812,1,0,0.0,0.0,1.0,1,1.554172,0.0,0.094921
queued_8,cost_only,eval_057,LAN,3,lan_single_homo_scalar16,LAN single-node homo scalar16,single_homo,scalar16,direct,low-risk,1,1.75,45.85812,46.73243,0,0,0.0,0.0,1.0,1,1.554172,0.0,-0.917162
queued_8,cost_only,eval_058,LAN,3,lan_single_homo_scalar16,LAN single-node homo scalar16,single_homo,scalar16,direct,low-risk,1,1.75,46.73243,47.60506,1,0,0.0,0.0,1.0,1,1.554172,0.0,0.065351
queued_8,cost_only,eval_059,LAN,3,lan_single_homo_scalar16,LAN single-node homo scalar16,single_homo,scalar16,direct,low-risk,1,1.75,47.60506,48.47601,0,0,0.0,0.0,1.0,1,1.554172,0.0,-0.952101
queued_8,cost_only,eval_060,LAN,3,lan_single_homo_scalar16,LAN single-node homo scalar16,single_homo,scalar16,direct,low-risk,1,1.75,48.47601,49.33268,0,0,0.0,0.0,1.0,1,1.554172,0.0,-0.96952
queued_8,cost_only,eval_061,LAN,1,lan_single_homo_scalar16,LAN single-node homo scalar16,single_homo,scalar16,direct,low-risk,1,1.75,49.33268,50.16499,1,0,0.0,0.0,1.0,1,1.554172,0.0,0.013346
queued_8,cost_only,eval_062,LAN,1,lan_single_homo_scalar16,LAN single-node homo scalar16,single_homo,scalar16,direct,low-risk,1,1.75,50.16499,50.99898,1,0,0.0,0.0,1.0,1,1.554172,0.0,-0.0033
queued_8,cost_only,eval_063,LAN,1,lan_single_homo_scalar16,LAN single-node homo scalar16,single_homo,scalar16,direct,low-risk,1,1.75,50.99898,51.83129,1,0,0.0,0.0,1.0,1,1.554172,0.0,-0.01998
queued_8,cost_only,eval_064,LAN,1,lan_single_homo_scalar16,LAN single-node homo scalar16,single_homo,scalar16,direct,low-risk,1,1.75,51.83129,52.6636,1,0,0.0,0.0,1.0,1,1.554172,0.0,-0.036626
queued_8,cost_only,eval_065,LAN,1,lan_single_homo_scalar16,LAN single-node homo scalar16,single_homo,scalar16,direct,low-risk,1,2.0,52.4136,53.24675,1,0,0.0,0.0,1.0,1,1.554172,0.0,-0.048272
queued_8,cost_only,eval_066,LAN,1,lan_single_homo_scalar16,LAN single-node homo scalar16,single_homo,scalar16,direct,low-risk,1,2.0,53.24675,54.07654,1,0,0.0,0.0,1.0,1,1.554172,0.0,-0.064935
queued_8,cost_only,eval_067,LAN,2,lan_single_homo_scalar16,LAN single-node homo scalar16,single_homo,scalar16,direct,low-risk,1,2.0,54.07654,54.92649,1,0,0.0,0.0,1.0,1,1.554172,0.0,-0.081531
queued_8,cost_only,eval_068,LAN,2,lan_single_homo_scalar16,LAN single-node homo scalar16,single_homo,scalar16,direct,low-risk,1,2.0,54.92649,55.77476,1,0,0.0,0.0,1.0,1,1.554172,0.0,-0.09853
queued_8,cost_only,eval_069,LAN,2,lan_single_homo_scalar16,LAN single-node homo scalar16,single_homo,scalar16,direct,low-risk,1,2.0,55.77476,56.62135,1,0,0.0,0.0,1.0,1,1.554172,0.0,-0.115495
queued_8,cost_only,eval_070,LAN,1,lan_single_homo_scalar16,LAN single-node homo scalar16,single_homo,scalar16,direct,low-risk,1,2.0,56.62135,57.45366,1,0,0.0,0.0,1.0,1,1.554172,0.0,-0.132427
queued_8,cost_only,eval_071,LAN,1,lan_single_homo_scalar16,LAN single-node homo scalar16,single_homo,scalar16,direct,low-risk,1,2.0,57.45366,58.28681,1,0,0.0,0.0,1.0,1,1.554172,0.0,-0.149073
queued_8,cost_only,eval_072,LAN,1,lan_single_homo_scalar16,LAN single-node homo scalar16,single_homo,scalar16,direct,low-risk,1,2.0,58.28681,59.12164,1,0,0.0,0.0,1.0,1,1.554172,0.0,-0.165736
queued_8,cost_only,eval_073,LAN,1,lan_single_homo_scalar16,LAN single-node homo scalar16,single_homo,scalar16,direct,low-risk,1,2.25,58.87164,59.70479,1,0,0.0,0.0,1.0,1,1.554172,0.0,-0.177433
queued_8,cost_only,eval_074,LAN,1,lan_single_homo_scalar16,LAN single-node homo scalar16,single_homo,scalar16,direct,low-risk,1,2.25,59.70479,60.53794,1,0,0.0,0.0,1.0,1,1.554172,0.0,-0.194096
queued_8,cost_only,eval_075,LAN,1,lan_single_homo_scalar16,LAN single-node homo scalar16,single_homo,scalar16,direct,low-risk,1,2.25,60.53794,61.37193,1,0,0.0,0.0,1.0,1,1.554172,0.0,-0.210759
queued_8,cost_only,eval_076,LAN,1,lan_single_homo_scalar16,LAN single-node homo scalar16,single_homo,scalar16,direct,low-risk,1,2.25,61.37193,62.20256,1,0,0.0,0.0,1.0,1,1.554172,0.0,-0.227439
queued_8,cost_only,eval_077,LAN,2,lan_single_homo_scalar16,LAN single-node homo scalar16,single_homo,scalar16,direct,low-risk,1,2.25,62.20256,63.05335,1,0,0.0,0.0,1.0,1,1.554172,0.0,-0.244051
queued_8,cost_only,eval_078,LAN,2,lan_single_homo_scalar16,LAN single-node homo scalar16,single_homo,scalar16,direct,low-risk,1,2.25,63.05335,63.90246,1,0,0.0,0.0,1.0,1,1.554172,0.0,-0.261067
queued_8,cost_only,eval_079,LAN,2,lan_single_homo_scalar16,LAN single-node homo scalar16,single_homo,scalar16,direct,low-risk,1,2.25,63.90246,64.74989,1,0,0.0,0.0,1.0,1,1.554172,0.0,-0.278049
queued_8,cost_only,eval_080,LAN,1,lan_single_homo_scalar16,LAN single-node homo scalar16,single_homo,scalar16,direct,low-risk,1,2.25,64.74989,65.58304,1,0,0.0,0.0,1.0,1,1.554172,0.0,-0.294998
queued_8,cost_only,eval_081,LAN,1,lan_single_homo_scalar16,LAN single-node homo scalar16,single_homo,scalar16,direct,low-risk,1,2.5,65.33304,66.17291,1,0,0.0,0.0,1.0,1,1.554172,0.0,-0.306661
queued_8,cost_only,eval_082,LAN,1,lan_single_homo_scalar16,LAN single-node homo scalar16,single_homo,scalar16,direct,low-risk,1,2.5,66.17291,67.01446,1,0,0.0,0.0,1.0,1,1.554172,0.0,-0.323458
queued_8,cost_only,eval_083,LAN,1,lan_single_homo_scalar16,LAN single-node homo scalar16,single_homo,scalar16,direct,low-risk,1,2.5,67.01446,67.85433,1,0,0.0,0.0,1.0,1,1.554172,0.0,-0.340289
queued_8,cost_only,eval_084,LAN,1,lan_single_homo_scalar16,LAN single-node homo scalar16,single_homo,scalar16,direct,low-risk,1,2.5,67.85433,68.6942,1,0,0.0,0.0,1.0,1,1.554172,0.0,-0.357087
queued_8,cost_only,eval_085,LAN,1,lan_single_homo_scalar16,LAN single-node homo scalar16,single_homo,scalar16,direct,low-risk,1,2.5,68.6942,69.53491,1,0,0.0,0.0,1.0,1,1.554172,0.0,-0.373884
queued_8,cost_only,eval_086,LAN,1,lan_single_homo_scalar16,LAN single-node homo scalar16,single_homo,scalar16,direct,low-risk,1,2.5,69.53491,70.37226,1,0,0.0,0.0,1.0,1,1.554172,0.0,-0.390698
queued_8,cost_only,eval_087,LAN,3,lan_single_homo_scalar16,LAN single-node homo scalar16,single_homo,scalar16,direct,low-risk,1,2.5,70.37226,71.22977,1,0,0.0,0.0,1.0,1,1.554172,0.0,-0.407445
queued_8,cost_only,eval_088,LAN,3,lan_single_homo_scalar16,LAN single-node homo scalar16,single_homo,scalar16,direct,low-risk,1,2.5,71.22977,72.0856,1,0,0.0,0.0,1.0,1,1.554172,0.0,-0.424595
queued_8,cost_only,eval_089,LAN,2,lan_single_homo_scalar16,LAN single-node homo scalar16,single_homo,scalar16,direct,low-risk,1,2.75,71.8356,72.68975,1,0,0.0,0.0,1.0,1,1.554172,0.0,-0.436712
queued_8,cost_only,eval_090,LAN,1,lan_single_homo_scalar16,LAN single-node homo scalar16,single_homo,scalar16,direct,low-risk,1,2.75,72.68975,73.52962,1,0,0.0,0.0,1.0,1,1.554172,0.0,-0.453795
queued_8,cost_only,eval_091,LAN,1,lan_single_homo_scalar16,LAN single-node homo scalar16,single_homo,scalar16,direct,low-risk,1,2.75,73.52962,74.37117,1,0,0.0,0.0,1.0,1,1.554172,0.0,-0.470592
queued_8,cost_only,eval_092,LAN,2,lan_single_homo_scalar16,LAN single-node homo scalar16,single_homo,scalar16,direct,low-risk,1,2.75,74.37117,75.2144,1,0,0.0,0.0,1.0,1,1.554172,0.0,-0.487423
queued_8,cost_only,eval_093,LAN,1,lan_single_homo_scalar16,LAN single-node homo scalar16,single_homo,scalar16,direct,low-risk,1,2.75,75.2144,76.05595,1,0,0.0,0.0,1.0,1,1.554172,0.0,-0.504288
queued_8,cost_only,eval_094,LAN,1,lan_single_homo_scalar16,LAN single-node homo scalar16,single_homo,scalar16,direct,low-risk,1,2.75,76.05595,76.8975,1,0,0.0,0.0,1.0,1,1.554172,0.0,-0.521119
queued_8,cost_only,eval_095,LAN,2,lan_single_homo_scalar16,LAN single-node homo scalar16,single_homo,scalar16,direct,low-risk,1,2.75,76.8975,77.73989,1,0,0.0,0.0,1.0,1,1.554172,0.0,-0.53795
queued_8,cost_only,eval_096,LAN,1,lan_single_homo_scalar16,LAN single-node homo scalar16,single_homo,scalar16,direct,low-risk,1,2.75,77.73989,78.57892,1,0,0.0,0.0,1.0,1,1.554172,0.0,-0.554798
queued_8,cost_only,eval_097,LAN,3,lan_single_homo_scalar16,LAN single-node homo scalar16,single_homo,scalar16,direct,low-risk,1,3.0,78.32892,79.18811,0,0,0.0,0.0,1.0,1,1.554172,0.0,-1.566578
queued_8,cost_only,eval_098,LAN,3,lan_single_homo_scalar16,LAN single-node homo scalar16,single_homo,scalar16,direct,low-risk,1,3.0,79.18811,80.04562,1,0,0.0,0.0,1.0,1,1.554172,0.0,-0.583762
queued_8,cost_only,eval_099,LAN,3,lan_single_homo_scalar16,LAN single-node homo scalar16,single_homo,scalar16,direct,low-risk,1,3.0,80.04562,80.90145,0,0,0.0,0.0,1.0,1,1.554172,0.0,-1.600912
queued_8,cost_only,eval_100,LAN,1,lan_single_homo_scalar16,LAN single-node homo scalar16,single_homo,scalar16,direct,low-risk,1,3.0,80.90145,81.743,1,0,0.0,0.0,1.0,1,1.554172,0.0,-0.618029
queued_8,cost_only,eval_101,LAN,1,lan_single_homo_scalar16,LAN single-node homo scalar16,single_homo,scalar16,direct,low-risk,1,3.0,81.743,82.57699,1,0,0.0,0.0,1.0,1,1.554172,0.0,-0.63486
queued_8,cost_only,eval_102,LAN,1,lan_single_homo_scalar16,LAN single-node homo scalar16,single_homo,scalar16,direct,low-risk,1,3.0,82.57699,83.41266,1,0,0.0,0.0,1.0,1,1.554172,0.0,-0.65154
queued_8,cost_only,eval_103,LAN,1,lan_single_homo_scalar16,LAN single-node homo scalar16,single_homo,scalar16,direct,low-risk,1,3.0,83.41266,84.24665,1,0,0.0,0.0,1.0,1,1.554172,0.0,-0.668253
queued_8,cost_only,eval_104,LAN,1,lan_single_homo_scalar16,LAN single-node homo scalar16,single_homo,scalar16,direct,low-risk,1,3.0,84.24665,85.08064,1,0,0.0,0.0,1.0,1,1.554172,0.0,-0.684933
queued_8,cost_only,eval_105,LAN,1,lan_single_homo_scalar16,LAN single-node homo scalar16,single_homo,scalar16,direct,low-risk,1,3.25,84.83064,85.66547,1,0,0.0,0.0,1.0,1,1.554172,0.0,-0.696613
queued_8,cost_only,eval_106,LAN,1,lan_single_homo_scalar16,LAN single-node homo scalar16,single_homo,scalar16,direct,low-risk,1,3.25,85.66547,86.49694,1,0,0.0,0.0,1.0,1,1.554172,0.0,-0.713309
queued_8,cost_only,eval_107,LAN,2,lan_single_homo_scalar16,LAN single-node homo scalar16,single_homo,scalar16,direct,low-risk,1,3.25,86.49694,87.34857,1,0,0.0,0.0,1.0,1,1.554172,0.0,-0.729939
queued_8,cost_only,eval_108,LAN,2,lan_single_homo_scalar16,LAN single-node homo scalar16,single_homo,scalar16,direct,low-risk,1,3.25,87.34857,88.19852,0,0,0.0,0.0,1.0,1,1.554172,0.0,-1.746971
queued_8,cost_only,eval_109,LAN,2,lan_single_homo_scalar16,LAN single-node homo scalar16,single_homo,scalar16,direct,low-risk,1,3.25,88.19852,89.04679,1,0,0.0,0.0,1.0,1,1.554172,0.0,-0.76397
queued_8,cost_only,eval_110,LAN,1,lan_single_homo_scalar16,LAN single-node homo scalar16,single_homo,scalar16,direct,low-risk,1,3.25,89.04679,89.88078,1,0,0.0,0.0,1.0,1,1.554172,0.0,-0.780936
queued_8,cost_only,eval_111,LAN,1,lan_single_homo_scalar16,LAN single-node homo scalar16,single_homo,scalar16,direct,low-risk,1,3.25,89.88078,90.71561,1,0,0.0,0.0,1.0,1,1.554172,0.0,-0.797616
queued_8,cost_only,eval_112,LAN,1,lan_single_homo_scalar16,LAN single-node homo scalar16,single_homo,scalar16,direct,low-risk,1,3.25,90.71561,91.55212,1,0,0.0,0.0,1.0,1,1.554172,0.0,-0.814312
queued_8,cost_only,eval_113,LAN,1,lan_single_homo_scalar16,LAN single-node homo scalar16,single_homo,scalar16,direct,low-risk,1,3.5,91.30212,92.13695,1,0,0.0,0.0,1.0,1,1.554172,0.0,-0.826042
queued_8,cost_only,eval_114,LAN,1,lan_single_homo_scalar16,LAN single-node homo scalar16,single_homo,scalar16,direct,low-risk,1,3.5,92.13695,92.97178,1,0,0.0,0.0,1.0,1,1.554172,0.0,-0.842739
queued_8,cost_only,eval_115,LAN,1,lan_single_homo_scalar16,LAN single-node homo scalar16,single_homo,scalar16,direct,low-risk,1,3.5,92.97178,93.80745,1,0,0.0,0.0,1.0,1,1.554172,0.0,-0.859436
queued_8,cost_only,eval_116,LAN,1,lan_single_homo_scalar16,LAN single-node homo scalar16,single_homo,scalar16,direct,low-risk,1,3.5,93.80745,94.63976,1,0,0.0,0.0,1.0,1,1.554172,0.0,-0.876149
queued_8,cost_only,eval_117,LAN,2,lan_single_homo_scalar16,LAN single-node homo scalar16,single_homo,scalar16,direct,low-risk,1,3.5,94.63976,95.49223,0,0,0.0,0.0,1.0,1,1.554172,0.0,-1.892795
queued_8,cost_only,eval_118,LAN,2,lan_single_homo_scalar16,LAN single-node homo scalar16,single_homo,scalar16,direct,low-risk,1,3.5,95.49223,96.34302,0,0,0.0,0.0,1.0,1,1.554172,0.0,-1.909845
queued_8,cost_only,eval_119,LAN,2,lan_single_homo_scalar16,LAN single-node homo scalar16,single_homo,scalar16,direct,low-risk,1,3.5,96.34302,97.19213,1,0,0.0,0.0,1.0,1,1.554172,0.0,-0.92686
queued_8,cost_only,eval_120,LAN,1,lan_single_homo_scalar16,LAN single-node homo scalar16,single_homo,scalar16,direct,low-risk,1,3.5,97.19213,98.02696,1,0,0.0,0.0,1.0,1,1.554172,0.0,-0.943843
queued_8,cost_only,eval_121,LAN,1,lan_single_homo_scalar16,LAN single-node homo scalar16,single_homo,scalar16,direct,low-risk,1,3.75,97.77696,98.61683,1,0,0.0,0.0,1.0,1,1.554172,0.0,-0.955539
queued_8,cost_only,eval_122,LAN,1,lan_single_homo_scalar16,LAN single-node homo scalar16,single_homo,scalar16,direct,low-risk,1,3.75,98.61683,99.45838,1,0,0.0,0.0,1.0,1,1.554172,0.0,-0.972337
queued_8,cost_only,eval_123,LAN,1,lan_single_homo_scalar16,LAN single-node homo scalar16,single_homo,scalar16,direct,low-risk,1,3.75,99.45838,100.29825,1,0,0.0,0.0,1.0,1,1.554172,0.0,-0.989168
queued_8,cost_only,eval_124,LAN,1,lan_single_homo_scalar16,LAN single-node homo scalar16,single_homo,scalar16,direct,low-risk,1,3.75,100.29825,101.13812,1,0,0.0,0.0,1.0,1,1.554172,0.0,-1.005965
queued_8,cost_only,eval_125,LAN,1,lan_single_homo_scalar16,LAN single-node homo scalar16,single_homo,scalar16,direct,low-risk,1,3.75,101.13812,101.97883,1,0,0.0,0.0,1.0,1,1.554172,0.0,-1.022762
queued_8,cost_only,eval_126,LAN,1,lan_single_homo_scalar16,LAN single-node homo scalar16,single_homo,scalar16,direct,low-risk,1,3.75,101.97883,102.81618,1,0,0.0,0.0,1.0,1,1.554172,0.0,-1.039577
queued_8,cost_only,eval_127,LAN,3,lan_single_homo_scalar16,LAN single-node homo scalar16,single_homo,scalar16,direct,low-risk,1,3.75,102.81618,103.67369,1,0,0.0,0.0,1.0,1,1.554172,0.0,-1.056324
queued_8,cost_only,eval_128,LAN,3,lan_single_homo_scalar16,LAN single-node homo scalar16,single_homo,scalar16,direct,low-risk,1,3.75,103.67369,104.52952,0,0,0.0,0.0,1.0,1,1.554172,0.0,-2.073474
queued_8,cost_only,eval_129,LAN,2,lan_single_homo_scalar16,LAN single-node homo scalar16,single_homo,scalar16,direct,low-risk,1,4.0,104.27952,105.13367,1,0,0.0,0.0,1.0,1,1.554172,0.0,-1.08559
queued_8,cost_only,eval_130,LAN,1,lan_single_homo_scalar16,LAN single-node homo scalar16,single_homo,scalar16,direct,low-risk,1,4.0,105.13367,105.97354,1,0,0.0,0.0,1.0,1,1.554172,0.0,-1.102673
queued_8,cost_only,eval_131,LAN,2,lan_single_homo_scalar16,LAN single-node homo scalar16,single_homo,scalar16,direct,low-risk,1,4.0,105.97354,106.81761,1,0,0.0,0.0,1.0,1,1.554172,0.0,-1.119471
queued_8,cost_only,eval_132,LAN,2,lan_single_homo_scalar16,LAN single-node homo scalar16,single_homo,scalar16,direct,low-risk,1,4.0,106.81761,107.66336,1,0,0.0,0.0,1.0,1,1.554172,0.0,-1.136352
queued_8,cost_only,eval_133,LAN,2,lan_single_homo_scalar16,LAN single-node homo scalar16,single_homo,scalar16,direct,low-risk,1,4.0,107.66336,108.50743,1,0,0.0,0.0,1.0,1,1.554172,0.0,-1.153267
queued_8,cost_only,eval_134,LAN,2,lan_single_homo_scalar16,LAN single-node homo scalar16,single_homo,scalar16,direct,low-risk,1,4.0,108.50743,109.3515,1,0,0.0,0.0,1.0,1,1.554172,0.0,-1.170149
queued_8,cost_only,eval_135,LAN,2,lan_single_homo_scalar16,LAN single-node homo scalar16,single_homo,scalar16,direct,low-risk,1,4.0,109.3515,110.19641,1,0,0.0,0.0,1.0,1,1.554172,0.0,-1.18703
queued_8,cost_only,eval_136,LAN,1,lan_single_homo_scalar16,LAN single-node homo scalar16,single_homo,scalar16,direct,low-risk,1,4.0,110.19641,111.03796,1,0,0.0,0.0,1.0,1,1.554172,0.0,-1.203928
queued_8,cost_only,eval_137,LAN,3,lan_single_homo_scalar16,LAN single-node homo scalar16,single_homo,scalar16,direct,low-risk,1,4.25,110.78796,111.64967,1,0,0.0,0.0,1.0,1,1.554172,0.0,-1.215759
queued_8,cost_only,eval_138,LAN,3,lan_single_homo_scalar16,LAN single-node homo scalar16,single_homo,scalar16,direct,low-risk,1,4.25,111.64967,112.5097,0,0,0.0,0.0,1.0,1,1.554172,0.0,-2.232993
queued_8,cost_only,eval_139,LAN,3,lan_single_homo_scalar16,LAN single-node homo scalar16,single_homo,scalar16,direct,low-risk,1,4.25,112.5097,113.36805,1,0,0.0,0.0,1.0,1,1.554172,0.0,-1.250194
queued_8,cost_only,eval_140,LAN,2,lan_single_homo_scalar16,LAN single-node homo scalar16,single_homo,scalar16,direct,low-risk,1,4.25,113.36805,114.21212,1,0,0.0,0.0,1.0,1,1.554172,0.0,-1.267361
queued_8,cost_only,eval_141,WAN,1,wan_ad_scalar16,WAN A/D scalar16,t4strict_pair_a_vs_d_40_200,scalar16,direct,high-risk,3,4.25,0.0,1.24875,1,1,0.09,0.09,0.51,0,5.380155,0.484214,0.841
queued_8,cost_only,eval_142,WAN,1,wan_ad_scalar16,WAN A/D scalar16,t4strict_pair_a_vs_d_40_200,scalar16,direct,high-risk,3,4.25,1.24875,2.49948,1,0,0.09,0.09,0.51,0,1.776668,0.484214,0.966025
queued_8,cost_only,eval_143,WAN,1,wan_ad_scalar16,WAN A/D scalar16,t4strict_pair_a_vs_d_40_200,scalar16,direct,high-risk,3,4.25,2.49948,3.74823,1,0,0.09,0.09,0.51,0,1.776668,0.484214,0.94101
queued_8,cost_only,eval_144,WAN,1,wan_ad_scalar16,WAN A/D scalar16,t4strict_pair_a_vs_d_40_200,scalar16,direct,high-risk,3,4.25,3.74823,4.99698,1,0,0.09,0.09,0.51,0,1.776668,0.484214,0.916035
queued_8,cost_only,eval_145,WAN,1,wan_ad_scalar16,WAN A/D scalar16,t4strict_pair_a_vs_d_40_200,scalar16,direct,high-risk,3,4.5,4.74698,5.99672,1,0,0.09,0.09,0.51,0,1.776668,0.484214,0.89606
queued_8,cost_only,eval_146,WAN,1,wan_ad_scalar16,WAN A/D scalar16,t4strict_pair_a_vs_d_40_200,scalar16,direct,high-risk,3,4.5,5.99672,7.2425,1,0,0.09,0.09,0.51,0,1.776668,0.484214,0.871066
queued_8,cost_only,eval_147,WAN,2,wan_ad_scalar16,WAN A/D scalar16,t4strict_pair_a_vs_d_40_200,scalar16,direct,high-risk,3,4.5,7.2425,8.51204,1,0,0.09,0.09,0.51,0,1.776668,0.484214,0.84615
queued_8,cost_only,eval_148,WAN,2,wan_ad_scalar16,WAN A/D scalar16,t4strict_pair_a_vs_d_40_200,scalar16,direct,high-risk,3,4.5,8.51204,9.7796,1,0,0.09,0.09,0.51,0,1.776668,0.484214,0.820759
queued_8,cost_only,eval_149,WAN,2,wan_ad_scalar16,WAN A/D scalar16,t4strict_pair_a_vs_d_40_200,scalar16,direct,high-risk,3,4.5,9.7796,11.04518,1,0,0.09,0.09,0.51,0,1.776668,0.484214,0.795408
queued_8,cost_only,eval_150,WAN,1,wan_ad_scalar16,WAN A/D scalar16,t4strict_pair_a_vs_d_40_200,scalar16,direct,high-risk,3,4.5,11.04518,12.29393,1,0,0.09,0.09,0.51,0,1.776668,0.484214,0.770096
queued_8,cost_only,eval_151,WAN,1,wan_ad_scalar16,WAN A/D scalar16,t4strict_pair_a_vs_d_40_200,scalar16,direct,high-risk,3,4.5,12.29393,13.54565,1,0,0.09,0.09,0.51,0,1.776668,0.484214,0.745121
queued_8,cost_only,eval_152,WAN,1,wan_ad_scalar16,WAN A/D scalar16,t4strict_pair_a_vs_d_40_200,scalar16,direct,high-risk,3,4.5,13.54565,14.79935,1,0,0.09,0.09,0.51,0,1.776668,0.484214,0.720087
queued_8,cost_only,eval_153,WAN,1,wan_ad_scalar16,WAN A/D scalar16,t4strict_pair_a_vs_d_40_200,scalar16,direct,high-risk,3,4.75,14.54935,15.80107,1,0,0.09,0.09,0.51,0,1.776668,0.484214,0.700013
queued_8,cost_only,eval_154,WAN,1,wan_ad_scalar16,WAN A/D scalar16,t4strict_pair_a_vs_d_40_200,scalar16,direct,high-risk,3,4.75,15.80107,17.05279,1,0,0.09,0.09,0.51,0,1.776668,0.484214,0.674979
queued_8,cost_only,eval_155,WAN,1,wan_ad_scalar16,WAN A/D scalar16,t4strict_pair_a_vs_d_40_200,scalar16,direct,high-risk,3,4.75,17.05279,18.3055,1,0,0.09,0.09,0.51,0,1.776668,0.484214,0.649944
queued_8,cost_only,eval_156,WAN,1,wan_ad_scalar16,WAN A/D scalar16,t4strict_pair_a_vs_d_40_200,scalar16,direct,high-risk,3,4.75,18.3055,19.55425,1,0,0.09,0.09,0.51,0,1.776668,0.484214,0.62489
queued_8,cost_only,eval_157,WAN,2,wan_ad_scalar16,WAN A/D scalar16,t4strict_pair_a_vs_d_40_200,scalar16,direct,high-risk,3,4.75,19.55425,20.82676,1,0,0.09,0.09,0.51,0,1.776668,0.484214,0.599915
queued_8,cost_only,eval_158,WAN,2,wan_ad_scalar16,WAN A/D scalar16,t4strict_pair_a_vs_d_40_200,scalar16,direct,high-risk,3,4.75,20.82676,22.09729,1,0,0.09,0.09,0.51,0,1.776668,0.484214,0.574465
queued_8,cost_only,eval_159,WAN,2,wan_ad_scalar16,WAN A/D scalar16,t4strict_pair_a_vs_d_40_200,scalar16,direct,high-risk,3,4.75,22.09729,23.36584,1,0,0.09,0.09,0.51,0,1.776668,0.484214,0.549054
queued_8,cost_only,eval_160,WAN,1,wan_ad_scalar16,WAN A/D scalar16,t4strict_pair_a_vs_d_40_200,scalar16,direct,high-risk,3,4.75,23.36584,24.61756,1,0,0.09,0.09,0.51,0,1.776668,0.484214,0.523683
queued_8,cost_only,eval_161,WAN,2,wan_ad_scalar16,WAN A/D scalar16,t4strict_pair_a_vs_d_40_200,scalar16,direct,high-risk,3,5.0,24.36756,25.62918,1,0,0.09,0.09,0.51,0,1.776668,0.484214,0.503649
queued_8,cost_only,eval_162,WAN,2,wan_ad_scalar16,WAN A/D scalar16,t4strict_pair_a_vs_d_40_200,scalar16,direct,high-risk,3,5.0,25.62918,26.89278,1,0,0.09,0.09,0.51,0,1.776668,0.484214,0.478416
queued_8,cost_only,eval_163,WAN,2,wan_ad_scalar16,WAN A/D scalar16,t4strict_pair_a_vs_d_40_200,scalar16,direct,high-risk,3,5.0,26.89278,28.1544,1,1,0.09,0.09,0.51,0,5.380155,0.484214,0.303144
queued_8,cost_only,eval_164,WAN,2,wan_ad_scalar16,WAN A/D scalar16,t4strict_pair_a_vs_d_40_200,scalar16,direct,high-risk,3,5.0,28.1544,29.41602,1,1,0.09,0.09,0.51,0,5.380155,0.484214,0.277912
queued_8,cost_only,eval_165,WAN,2,wan_ad_scalar16,WAN A/D scalar16,t4strict_pair_a_vs_d_40_200,scalar16,direct,high-risk,3,5.0,29.41602,30.67863,1,0,0.09,0.09,0.51,0,1.776668,0.484214,0.40268
queued_8,cost_only,eval_166,WAN,1,wan_ad_scalar16,WAN A/D scalar16,t4strict_pair_a_vs_d_40_200,scalar16,direct,high-risk,3,5.0,30.67863,31.93728,1,0,0.09,0.09,0.51,0,1.776668,0.484214,0.377427
queued_8,cost_only,eval_167,WAN,3,wan_ad_scalar16,WAN A/D scalar16,t4strict_pair_a_vs_d_40_200,scalar16,direct,high-risk,3,5.0,31.93728,33.21969,1,0,0.09,0.09,0.51,0,1.776668,0.484214,0.352254
queued_8,cost_only,eval_168,WAN,3,wan_ad_scalar16,WAN A/D scalar16,t4strict_pair_a_vs_d_40_200,scalar16,direct,high-risk,3,5.0,33.21969,34.50012,1,0,0.09,0.09,0.51,0,1.776668,0.484214,0.326606
queued_8,cost_only,eval_169,WAN,3,wan_ad_scalar16,WAN A/D scalar16,t4strict_pair_a_vs_d_40_200,scalar16,direct,high-risk,3,5.25,34.25012,35.52857,1,0,0.09,0.09,0.51,0,1.776668,0.484214,0.305998
queued_8,cost_only,eval_170,WAN,2,wan_ad_scalar16,WAN A/D scalar16,t4strict_pair_a_vs_d_40_200,scalar16,direct,high-risk,3,5.25,35.52857,36.79019,1,0,0.09,0.09,0.51,0,1.776668,0.484214,0.280429
queued_8,cost_only,eval_171,WAN,1,wan_ad_scalar16,WAN A/D scalar16,t4strict_pair_a_vs_d_40_200,scalar16,direct,high-risk,3,5.25,36.79019,38.04884,1,0,0.09,0.09,0.51,0,1.776668,0.484214,0.255196
queued_8,cost_only,eval_172,WAN,2,wan_ad_scalar16,WAN A/D scalar16,t4strict_pair_a_vs_d_40_200,scalar16,direct,high-risk,3,5.25,38.04884,39.30947,1,0,0.09,0.09,0.51,0,1.776668,0.484214,0.230023
queued_8,cost_only,eval_173,WAN,1,wan_ad_scalar16,WAN A/D scalar16,t4strict_pair_a_vs_d_40_200,scalar16,direct,high-risk,3,5.25,39.30947,40.56812,0,0,0.09,0.09,0.51,0,1.776668,0.484214,-0.795189
queued_8,cost_only,eval_174,WAN,1,wan_ad_scalar16,WAN A/D scalar16,t4strict_pair_a_vs_d_40_200,scalar16,direct,high-risk,3,5.25,40.56812,41.82677,1,0,0.09,0.09,0.51,0,1.776668,0.484214,0.179638
queued_8,cost_only,eval_175,WAN,2,wan_ad_scalar16,WAN A/D scalar16,t4strict_pair_a_vs_d_40_200,scalar16,direct,high-risk,3,5.25,41.82677,43.08641,1,0,0.09,0.09,0.51,0,1.776668,0.484214,0.154465
queued_8,cost_only,eval_176,WAN,1,wan_ad_scalar16,WAN A/D scalar16,t4strict_pair_a_vs_d_40_200,scalar16,direct,high-risk,3,5.25,43.08641,44.34209,1,0,0.09,0.09,0.51,0,1.776668,0.484214,0.129272
queued_8,cost_only,eval_177,WAN,3,wan_ad_scalar16,WAN A/D scalar16,t4strict_pair_a_vs_d_40_200,scalar16,direct,high-risk,3,5.5,44.09209,45.37153,1,0,0.09,0.09,0.51,0,1.776668,0.484214,0.109158
queued_8,cost_only,eval_178,WAN,3,wan_ad_scalar16,WAN A/D scalar16,t4strict_pair_a_vs_d_40_200,scalar16,direct,high-risk,3,5.5,45.37153,46.64899,1,0,0.09,0.09,0.51,0,1.776668,0.484214,0.083569
queued_8,cost_only,eval_179,WAN,3,wan_ad_scalar16,WAN A/D scalar16,t4strict_pair_a_vs_d_40_200,scalar16,direct,high-risk,3,5.5,46.64899,47.92447,1,0,0.09,0.09,0.51,0,1.776668,0.484214,0.05802
queued_8,cost_only,eval_180,WAN,1,wan_ad_scalar16,WAN A/D scalar16,t4strict_pair_a_vs_d_40_200,scalar16,direct,high-risk,3,5.5,47.92447,49.18312,1,0,0.09,0.09,0.51,0,1.776668,0.484214,0.032511
queued_8,cost_only,eval_181,WAN,2,wan_ad_scalar16,WAN A/D scalar16,t4strict_pair_a_vs_d_40_200,scalar16,direct,high-risk,3,5.5,49.18312,50.45068,0,0,0.09,0.09,0.51,0,1.776668,0.484214,-0.992662
queued_8,cost_only,eval_182,WAN,2,wan_ad_scalar16,WAN A/D scalar16,t4strict_pair_a_vs_d_40_200,scalar16,direct,high-risk,3,5.5,50.45068,51.72022,1,0,0.09,0.09,0.51,0,1.776668,0.484214,-0.018014
queued_8,cost_only,eval_183,WAN,2,wan_ad_scalar16,WAN A/D scalar16,t4strict_pair_a_vs_d_40_200,scalar16,direct,high-risk,3,5.5,51.72022,52.98778,1,0,0.09,0.09,0.51,0,1.776668,0.484214,-0.043404
queued_8,cost_only,eval_184,WAN,2,wan_ad_scalar16,WAN A/D scalar16,t4strict_pair_a_vs_d_40_200,scalar16,direct,high-risk,3,5.5,52.98778,54.25534,1,0,0.09,0.09,0.51,0,1.776668,0.484214,-0.068756
queued_8,cost_only,eval_185,WAN,2,wan_ad_scalar16,WAN A/D scalar16,t4strict_pair_a_vs_d_40_200,scalar16,direct,high-risk,3,5.75,54.00534,55.27389,1,0,0.09,0.09,0.51,0,1.776668,0.484214,-0.089107
queued_8,cost_only,eval_186,WAN,2,wan_ad_scalar16,WAN A/D scalar16,t4strict_pair_a_vs_d_40_200,scalar16,direct,high-risk,3,5.75,55.27389,56.53848,1,0,0.09,0.09,0.51,0,1.776668,0.484214,-0.114478
queued_8,cost_only,eval_187,WAN,3,wan_ad_scalar16,WAN A/D scalar16,t4strict_pair_a_vs_d_40_200,scalar16,direct,high-risk,3,5.75,56.53848,57.82683,1,0,0.09,0.09,0.51,0,1.776668,0.484214,-0.13977
queued_8,cost_only,eval_188,WAN,3,wan_ad_scalar16,WAN A/D scalar16,t4strict_pair_a_vs_d_40_200,scalar16,direct,high-risk,3,5.75,57.82683,59.1132,1,0,0.09,0.09,0.51,0,1.776668,0.484214,-0.165537
queued_8,cost_only,eval_189,WAN,3,wan_ad_scalar16,WAN A/D scalar16,t4strict_pair_a_vs_d_40_200,scalar16,direct,high-risk,3,5.75,59.1132,60.39759,1,0,0.09,0.09,0.51,0,1.776668,0.484214,-0.191264
queued_8,cost_only,eval_190,WAN,2,wan_ad_scalar16,WAN A/D scalar16,t4strict_pair_a_vs_d_40_200,scalar16,direct,high-risk,3,5.75,60.39759,61.66515,1,0,0.09,0.09,0.51,0,1.776668,0.484214,-0.216952
queued_8,cost_only,eval_191,WAN,2,wan_ad_scalar16,WAN A/D scalar16,t4strict_pair_a_vs_d_40_200,scalar16,direct,high-risk,3,5.75,61.66515,62.93271,1,0,0.09,0.09,0.51,0,1.776668,0.484214,-0.242303
queued_8,cost_only,eval_192,WAN,2,wan_ad_scalar16,WAN A/D scalar16,t4strict_pair_a_vs_d_40_200,scalar16,direct,high-risk,3,5.75,62.93271,64.20225,1,0,0.09,0.09,0.51,0,1.776668,0.484214,-0.267654
queued_8,cost_only,eval_193,WAN,2,wan_ad_scalar16,WAN A/D scalar16,t4strict_pair_a_vs_d_40_200,scalar16,direct,high-risk,3,6.0,63.95225,65.21981,0,0,0.09,0.09,0.51,0,1.776668,0.484214,-1.288045
queued_8,cost_only,eval_194,WAN,2,wan_ad_scalar16,WAN A/D scalar16,t4strict_pair_a_vs_d_40_200,scalar16,direct,high-risk,3,6.0,65.21981,66.48737,1,0,0.09,0.09,0.51,0,1.776668,0.484214,-0.313396
queued_8,cost_only,eval_195,WAN,2,wan_ad_scalar16,WAN A/D scalar16,t4strict_pair_a_vs_d_40_200,scalar16,direct,high-risk,3,6.0,66.48737,67.75592,1,0,0.09,0.09,0.51,0,1.776668,0.484214,-0.338747
queued_8,cost_only,eval_196,WAN,2,wan_ad_scalar16,WAN A/D scalar16,t4strict_pair_a_vs_d_40_200,scalar16,direct,high-risk,3,6.0,67.75592,69.02051,1,0,0.09,0.09,0.51,0,1.776668,0.484214,-0.364118
queued_8,cost_only,eval_197,WAN,3,wan_ad_scalar16,WAN A/D scalar16,t4strict_pair_a_vs_d_40_200,scalar16,direct,high-risk,3,6.0,69.02051,70.30886,1,0,0.09,0.09,0.51,0,1.776668,0.484214,-0.38941
queued_8,cost_only,eval_198,WAN,3,wan_ad_scalar16,WAN A/D scalar16,t4strict_pair_a_vs_d_40_200,scalar16,direct,high-risk,3,6.0,70.30886,71.59523,1,0,0.09,0.09,0.51,0,1.776668,0.484214,-0.415177
queued_8,cost_only,eval_199,WAN,3,wan_ad_scalar16,WAN A/D scalar16,t4strict_pair_a_vs_d_40_200,scalar16,direct,high-risk,3,6.0,71.59523,72.87962,1,0,0.09,0.09,0.51,0,1.776668,0.484214,-0.440905
queued_8,cost_only,eval_200,WAN,2,wan_ad_scalar16,WAN A/D scalar16,t4strict_pair_a_vs_d_40_200,scalar16,direct,high-risk,3,6.0,72.87962,74.14718,1,0,0.09,0.09,0.51,0,1.776668,0.484214,-0.466592
queued_8,reputation_aware,eval_001,LAN,3,lan_ab_scalar16,LAN A/B scalar16,t4strict_pair_a_vs_b_40_200,scalar16,direct,high-risk,3,0.0,0.0,1.05564,1,0,0.15,0.15,0.76,0,1.556788,0.774041,0.985
queued_8,reputation_aware,eval_002,LAN,3,lan_ab_scalar16,LAN A/B scalar16,t4strict_pair_a_vs_b_40_200,scalar16,direct,high-risk,3,0.0,1.05564,2.11322,1,0,0.15,0.15,0.76,0,1.556788,0.774041,0.963887
queued_8,reputation_aware,eval_003,LAN,3,lan_ab_scalar16,LAN A/B scalar16,t4strict_pair_a_vs_b_40_200,scalar16,direct,high-risk,3,0.0,2.11322,3.16886,1,1,0.15,0.15,0.76,0,5.160275,0.774041,0.792736
queued_8,reputation_aware,eval_004,LAN,3,lan_ab_scalar16,LAN A/B scalar16,t4strict_pair_a_vs_b_40_200,scalar16,direct,high-risk,3,0.0,3.16886,4.2245,1,0,0.15,0.15,0.76,0,1.556788,0.774041,0.921623
queued_8,reputation_aware,eval_005,LAN,3,lan_ab_scalar16,LAN A/B scalar16,t4strict_pair_a_vs_b_40_200,scalar16,direct,high-risk,3,0.0,4.2245,5.28111,1,0,0.15,0.15,0.76,0,1.556788,0.774041,0.90051
queued_8,reputation_aware,eval_006,LAN,2,lan_single_homo_scalar16,LAN single-node homo scalar16,single_homo,scalar16,direct,low-risk,1,0.0,0.0,0.85331,1,0,0.0,0.0,1.0,1,1.554172,0.0,1.0
queued_8,reputation_aware,eval_007,LAN,3,lan_ab_scalar16,LAN A/B scalar16,t4strict_pair_a_vs_b_40_200,scalar16,direct,high-risk,3,0.0,5.28111,6.35712,1,0,0.15,0.15,0.76,0,1.556788,0.774041,0.879378
queued_8,reputation_aware,eval_008,LAN,3,lan_ab_scalar16,LAN A/B scalar16,t4strict_pair_a_vs_b_40_200,scalar16,direct,high-risk,3,0.0,6.35712,7.43119,1,0,0.15,0.15,0.76,0,1.556788,0.774041,0.857858
queued_8,reputation_aware,eval_009,LAN,3,lan_ab_scalar16,LAN A/B scalar16,t4strict_pair_a_vs_b_40_200,scalar16,direct,high-risk,3,0.25,7.18119,8.25332,1,0,0.15,0.15,0.76,0,1.556788,0.774041,0.841376
queued_8,reputation_aware,eval_010,LAN,3,lan_ab_scalar16,LAN A/B scalar16,t4strict_pair_a_vs_b_40_200,scalar16,direct,high-risk,3,0.25,8.25332,9.30896,1,0,0.15,0.15,0.76,0,1.556788,0.774041,0.819934
queued_8,reputation_aware,eval_011,LAN,1,lan_single_homo_scalar16,LAN single-node homo scalar16,single_homo,scalar16,direct,low-risk,1,0.25,0.60331,1.44318,1,0,0.0,0.0,1.0,1,1.554172,0.0,0.987934
queued_8,reputation_aware,eval_012,LAN,1,lan_single_homo_scalar16,LAN single-node homo scalar16,single_homo,scalar16,direct,low-risk,1,0.25,1.44318,2.28473,1,0,0.0,0.0,1.0,1,1.554172,0.0,0.971136
queued_8,reputation_aware,eval_013,LAN,1,lan_single_homo_scalar16,LAN single-node homo scalar16,single_homo,scalar16,direct,low-risk,1,0.25,2.28473,3.1246,1,0,0.0,0.0,1.0,1,1.554172,0.0,0.954305
queued_8,reputation_aware,eval_014,LAN,1,lan_single_homo_scalar16,LAN single-node homo scalar16,single_homo,scalar16,direct,low-risk,1,0.25,3.1246,3.96447,1,0,0.0,0.0,1.0,1,1.554172,0.0,0.937508
queued_8,reputation_aware,eval_015,LAN,1,lan_single_homo_scalar16,LAN single-node homo scalar16,single_homo,scalar16,direct,low-risk,1,0.25,3.96447,4.80518,1,0,0.0,0.0,1.0,1,1.554172,0.0,0.920711
queued_8,reputation_aware,eval_016,LAN,1,lan_single_homo_scalar16,LAN single-node homo scalar16,single_homo,scalar16,direct,low-risk,1,0.25,4.80518,5.64253,1,0,0.0,0.0,1.0,1,1.554172,0.0,0.903896
queued_8,reputation_aware,eval_017,LAN,3,lan_ab_scalar16,LAN A/B scalar16,t4strict_pair_a_vs_b_40_200,scalar16,direct,high-risk,3,0.5,9.05896,10.11654,1,1,0.15,0.15,0.76,0,5.160275,0.774041,0.653821
queued_8,reputation_aware,eval_018,LAN,3,lan_ab_scalar16,LAN A/B scalar16,t4strict_pair_a_vs_b_40_200,scalar16,direct,high-risk,3,0.5,10.11654,11.17218,1,0,0.15,0.15,0.76,0,1.556788,0.774041,0.782669
queued_8,reputation_aware,eval_019,LAN,2,lan_single_homo_scalar16,LAN single-node homo scalar16,single_homo,scalar16,direct,low-risk,1,0.5,5.39253,6.24668,1,0,0.0,0.0,1.0,1,1.554172,0.0,0.892149
queued_8,reputation_aware,eval_020,LAN,1,lan_single_homo_scalar16,LAN single-node homo scalar16,single_homo,scalar16,direct,low-risk,1,0.5,6.24668,7.08655,1,0,0.0,0.0,1.0,1,1.554172,0.0,0.875066
queued_8,reputation_aware,eval_021,LAN,1,lan_single_homo_scalar16,LAN single-node homo scalar16,single_homo,scalar16,direct,low-risk,1,0.5,7.08655,7.91886,1,0,0.0,0.0,1.0,1,1.554172,0.0,0.858269
queued_8,reputation_aware,eval_022,LAN,1,lan_single_homo_scalar16,LAN single-node homo scalar16,single_homo,scalar16,direct,low-risk,1,0.5,7.91886,8.75285,1,0,0.0,0.0,1.0,1,1.554172,0.0,0.841623
queued_8,reputation_aware,eval_023,LAN,1,lan_single_homo_scalar16,LAN single-node homo scalar16,single_homo,scalar16,direct,low-risk,1,0.5,8.75285,9.58516,1,0,0.0,0.0,1.0,1,1.554172,0.0,0.824943
queued_8,reputation_aware,eval_024,LAN,1,lan_single_homo_scalar16,LAN single-node homo scalar16,single_homo,scalar16,direct,low-risk,1,0.5,9.58516,10.41747,1,0,0.0,0.0,1.0,1,1.554172,0.0,0.808297
queued_8,reputation_aware,eval_025,LAN,1,lan_single_homo_scalar16,LAN single-node homo scalar16,single_homo,scalar16,direct,low-risk,1,0.75,10.16747,11.00062,1,0,0.0,0.0,1.0,1,1.554172,0.0,0.796651
queued_8,reputation_aware,eval_026,LAN,1,lan_single_homo_scalar16,LAN single-node homo scalar16,single_homo,scalar16,direct,low-risk,1,0.75,11.00062,11.83041,1,0,0.0,0.0,1.0,1,1.554172,0.0,0.779988
queued_8,reputation_aware,eval_027,LAN,2,lan_single_homo_scalar16,LAN single-node homo scalar16,single_homo,scalar16,direct,low-risk,1,0.75,11.83041,12.68036,1,0,0.0,0.0,1.0,1,1.554172,0.0,0.763392
queued_8,reputation_aware,eval_028,LAN,2,lan_single_homo_scalar16,LAN single-node homo scalar16,single_homo,scalar16,direct,low-risk,1,0.75,12.68036,13.52863,1,0,0.0,0.0,1.0,1,1.554172,0.0,0.746393
queued_8,reputation_aware,eval_029,LAN,2,lan_single_homo_scalar16,LAN single-node homo scalar16,single_homo,scalar16,direct,low-risk,1,0.75,13.52863,14.37522,1,0,0.0,0.0,1.0,1,1.554172,0.0,0.729427
queued_8,reputation_aware,eval_030,LAN,1,lan_single_homo_scalar16,LAN single-node homo scalar16,single_homo,scalar16,direct,low-risk,1,0.75,14.37522,15.20753,1,0,0.0,0.0,1.0,1,1.554172,0.0,0.712496
queued_8,reputation_aware,eval_031,LAN,2,lan_single_homo_scalar16,LAN single-node homo scalar16,single_homo,scalar16,direct,low-risk,1,0.75,15.20753,16.05496,1,0,0.0,0.0,1.0,1,1.554172,0.0,0.695849
queued_8,reputation_aware,eval_032,LAN,2,lan_single_homo_scalar16,LAN single-node homo scalar16,single_homo,scalar16,direct,low-risk,1,0.75,16.05496,16.90407,1,0,0.0,0.0,1.0,1,1.554172,0.0,0.678901
queued_8,reputation_aware,eval_033,LAN,2,lan_single_homo_scalar16,LAN single-node homo scalar16,single_homo,scalar16,direct,low-risk,1,1.0,16.65407,17.5015,1,0,0.0,0.0,1.0,1,1.554172,0.0,0.666919
queued_8,reputation_aware,eval_034,LAN,2,lan_single_homo_scalar16,LAN single-node homo scalar16,single_homo,scalar16,direct,low-risk,1,1.0,17.5015,18.34893,0,0,0.0,0.0,1.0,1,1.554172,0.0,-0.35003
queued_8,reputation_aware,eval_035,LAN,2,lan_single_homo_scalar16,LAN single-node homo scalar16,single_homo,scalar16,direct,low-risk,1,1.0,18.34893,19.1972,1,0,0.0,0.0,1.0,1,1.554172,0.0,0.633021
queued_8,reputation_aware,eval_036,LAN,2,lan_single_homo_scalar16,LAN single-node homo scalar16,single_homo,scalar16,direct,low-risk,1,1.0,19.1972,20.04211,1,0,0.0,0.0,1.0,1,1.554172,0.0,0.616056
queued_8,reputation_aware,eval_037,LAN,3,lan_ab_scalar16,LAN A/B scalar16,t4strict_pair_a_vs_b_40_200,scalar16,direct,high-risk,3,1.0,10.67218,11.73849,0,1,0.15,0.15,0.76,0,5.160275,0.774041,-0.378444
queued_8,reputation_aware,eval_038,LAN,3,lan_ab_scalar16,LAN A/B scalar16,t4strict_pair_a_vs_b_40_200,scalar16,direct,high-risk,3,1.0,11.73849,12.80286,1,0,0.15,0.15,0.76,0,1.556788,0.774041,0.75023
queued_8,reputation_aware,eval_039,LAN,3,lan_ab_scalar16,LAN A/B scalar16,t4strict_pair_a_vs_b_40_200,scalar16,direct,high-risk,3,1.0,12.80286,13.86529,1,0,0.15,0.15,0.76,0,1.556788,0.774041,0.728943
queued_8,reputation_aware,eval_040,LAN,2,lan_single_homo_scalar16,LAN single-node homo scalar16,single_homo,scalar16,direct,low-risk,1,1.0,20.04211,20.88954,0,0,0.0,0.0,1.0,1,1.554172,0.0,-0.400842
queued_8,reputation_aware,eval_041,LAN,2,lan_single_homo_scalar16,LAN single-node homo scalar16,single_homo,scalar16,direct,low-risk,1,1.25,20.63954,21.48697,1,0,0.0,0.0,1.0,1,1.554172,0.0,0.587209
queued_8,reputation_aware,eval_042,LAN,2,lan_single_homo_scalar16,LAN single-node homo scalar16,single_homo,scalar16,direct,low-risk,1,1.25,21.48697,22.33608,0,0,0.0,0.0,1.0,1,1.554172,0.0,-0.429739
queued_8,reputation_aware,eval_043,LAN,2,lan_single_homo_scalar16,LAN single-node homo scalar16,single_homo,scalar16,direct,low-risk,1,1.25,22.33608,23.18351,1,0,0.0,0.0,1.0,1,1.554172,0.0,0.553278
queued_8,reputation_aware,eval_044,LAN,2,lan_single_homo_scalar16,LAN single-node homo scalar16,single_homo,scalar16,direct,low-risk,1,1.25,23.18351,24.03094,1,0,0.0,0.0,1.0,1,1.554172,0.0,0.53633
queued_8,reputation_aware,eval_045,LAN,2,lan_single_homo_scalar16,LAN single-node homo scalar16,single_homo,scalar16,direct,low-risk,1,1.25,24.03094,24.87921,1,0,0.0,0.0,1.0,1,1.554172,0.0,0.519381
queued_8,reputation_aware,eval_046,LAN,2,lan_single_homo_scalar16,LAN single-node homo scalar16,single_homo,scalar16,direct,low-risk,1,1.25,24.87921,25.72412,1,0,0.0,0.0,1.0,1,1.554172,0.0,0.502416
queued_8,reputation_aware,eval_047,LAN,3,lan_ab_scalar16,LAN A/B scalar16,t4strict_pair_a_vs_b_40_200,scalar16,direct,high-risk,3,1.25,13.61529,14.6816,1,0,0.15,0.15,0.76,0,1.556788,0.774041,0.712694
queued_8,reputation_aware,eval_048,LAN,3,lan_ab_scalar16,LAN A/B scalar16,t4strict_pair_a_vs_b_40_200,scalar16,direct,high-risk,3,1.25,14.6816,15.74597,1,0,0.15,0.15,0.76,0,1.556788,0.774041,0.691368
queued_8,reputation_aware,eval_049,LAN,3,lan_ab_scalar16,LAN A/B scalar16,t4strict_pair_a_vs_b_40_200,scalar16,direct,high-risk,3,1.5,15.49597,16.5584,1,0,0.15,0.15,0.76,0,1.556788,0.774041,0.675081
queued_8,reputation_aware,eval_050,LAN,2,lan_single_homo_scalar16,LAN single-node homo scalar16,single_homo,scalar16,direct,low-risk,1,1.5,25.47412,26.32155,1,0,0.0,0.0,1.0,1,1.554172,0.0,0.490518
queued_8,reputation_aware,eval_051,LAN,3,lan_ab_scalar16,LAN A/B scalar16,t4strict_pair_a_vs_b_40_200,scalar16,direct,high-risk,3,1.5,16.5584,17.61501,1,1,0.15,0.15,0.76,0,5.160275,0.774041,0.503832
queued_8,reputation_aware,eval_052,LAN,3,lan_ab_scalar16,LAN A/B scalar16,t4strict_pair_a_vs_b_40_200,scalar16,direct,high-risk,3,1.5,17.61501,18.67356,1,0,0.15,0.15,0.76,0,1.556788,0.774041,0.6327
queued_8,reputation_aware,eval_053,LAN,3,lan_ab_scalar16,LAN A/B scalar16,t4strict_pair_a_vs_b_40_200,scalar16,direct,high-risk,3,1.5,18.67356,19.73017,1,0,0.15,0.15,0.76,0,1.556788,0.774041,0.611529
queued_8,reputation_aware,eval_054,LAN,3,lan_ab_scalar16,LAN A/B scalar16,t4strict_pair_a_vs_b_40_200,scalar16,direct,high-risk,3,1.5,19.73017,20.78678,1,0,0.15,0.15,0.76,0,1.556788,0.774041,0.590397
queued_8,reputation_aware,eval_055,LAN,3,lan_ab_scalar16,LAN A/B scalar16,t4strict_pair_a_vs_b_40_200,scalar16,direct,high-risk,3,1.5,20.78678,21.84436,1,0,0.15,0.15,0.76,0,1.556788,0.774041,0.569264
queued_8,reputation_aware,eval_056,LAN,2,lan_single_homo_scalar16,LAN single-node homo scalar16,single_homo,scalar16,direct,low-risk,1,1.5,26.32155,27.1757,0,0,0.0,0.0,1.0,1,1.554172,0.0,-0.526431
queued_8,reputation_aware,eval_057,LAN,3,lan_ab_scalar16,LAN A/B scalar16,t4strict_pair_a_vs_b_40_200,scalar16,direct,high-risk,3,1.75,21.59436,22.67134,1,0,0.15,0.15,0.76,0,1.556788,0.774041,0.553113
queued_8,reputation_aware,eval_058,LAN,3,lan_ab_scalar16,LAN A/B scalar16,t4strict_pair_a_vs_b_40_200,scalar16,direct,high-risk,3,1.75,22.67134,23.74638,0,0,0.15,0.15,0.76,0,1.556788,0.774041,-0.468427
queued_8,reputation_aware,eval_059,LAN,3,lan_ab_scalar16,LAN A/B scalar16,t4strict_pair_a_vs_b_40_200,scalar16,direct,high-risk,3,1.75,23.74638,24.81948,1,1,0.15,0.15,0.76,0,5.160275,0.774041,0.360072
queued_8,reputation_aware,eval_060,LAN,3,lan_ab_scalar16,LAN A/B scalar16,t4strict_pair_a_vs_b_40_200,scalar16,direct,high-risk,3,1.75,24.81948,25.87609,1,0,0.15,0.15,0.76,0,1.556788,0.774041,0.48861
queued_8,reputation_aware,eval_061,LAN,1,lan_single_homo_scalar16,LAN single-node homo scalar16,single_homo,scalar16,direct,low-risk,1,1.75,26.9257,27.75801,1,0,0.0,0.0,1.0,1,1.554172,0.0,0.461486
queued_8,reputation_aware,eval_062,LAN,1,lan_single_homo_scalar16,LAN single-node homo scalar16,single_homo,scalar16,direct,low-risk,1,1.75,27.75801,28.592,1,0,0.0,0.0,1.0,1,1.554172,0.0,0.44484
queued_8,reputation_aware,eval_063,LAN,1,lan_single_homo_scalar16,LAN single-node homo scalar16,single_homo,scalar16,direct,low-risk,1,1.75,28.592,29.42431,1,0,0.0,0.0,1.0,1,1.554172,0.0,0.42816
queued_8,reputation_aware,eval_064,LAN,1,lan_single_homo_scalar16,LAN single-node homo scalar16,single_homo,scalar16,direct,low-risk,1,1.75,29.42431,30.25662,1,0,0.0,0.0,1.0,1,1.554172,0.0,0.411514
queued_8,reputation_aware,eval_065,LAN,1,lan_single_homo_scalar16,LAN single-node homo scalar16,single_homo,scalar16,direct,low-risk,1,2.0,30.00662,30.83977,1,0,0.0,0.0,1.0,1,1.554172,0.0,0.399868
queued_8,reputation_aware,eval_066,LAN,1,lan_single_homo_scalar16,LAN single-node homo scalar16,single_homo,scalar16,direct,low-risk,1,2.0,30.83977,31.66956,1,0,0.0,0.0,1.0,1,1.554172,0.0,0.383205
queued_8,reputation_aware,eval_067,LAN,2,lan_single_homo_scalar16,LAN single-node homo scalar16,single_homo,scalar16,direct,low-risk,1,2.0,31.66956,32.51951,1,0,0.0,0.0,1.0,1,1.554172,0.0,0.366609
queued_8,reputation_aware,eval_068,LAN,2,lan_single_homo_scalar16,LAN single-node homo scalar16,single_homo,scalar16,direct,low-risk,1,2.0,32.51951,33.36778,1,0,0.0,0.0,1.0,1,1.554172,0.0,0.34961
queued_8,reputation_aware,eval_069,LAN,2,lan_single_homo_scalar16,LAN single-node homo scalar16,single_homo,scalar16,direct,low-risk,1,2.0,33.36778,34.21437,1,0,0.0,0.0,1.0,1,1.554172,0.0,0.332644
queued_8,reputation_aware,eval_070,LAN,1,lan_single_homo_scalar16,LAN single-node homo scalar16,single_homo,scalar16,direct,low-risk,1,2.0,34.21437,35.04668,1,0,0.0,0.0,1.0,1,1.554172,0.0,0.315713
queued_8,reputation_aware,eval_071,LAN,1,lan_single_homo_scalar16,LAN single-node homo scalar16,single_homo,scalar16,direct,low-risk,1,2.0,35.04668,35.87983,1,0,0.0,0.0,1.0,1,1.554172,0.0,0.299066
queued_8,reputation_aware,eval_072,LAN,1,lan_single_homo_scalar16,LAN single-node homo scalar16,single_homo,scalar16,direct,low-risk,1,2.0,35.87983,36.71466,1,0,0.0,0.0,1.0,1,1.554172,0.0,0.282403
queued_8,reputation_aware,eval_073,LAN,1,lan_single_homo_scalar16,LAN single-node homo scalar16,single_homo,scalar16,direct,low-risk,1,2.25,36.46466,37.29781,1,0,0.0,0.0,1.0,1,1.554172,0.0,0.270707
queued_8,reputation_aware,eval_074,LAN,1,lan_single_homo_scalar16,LAN single-node homo scalar16,single_homo,scalar16,direct,low-risk,1,2.25,37.29781,38.13096,1,0,0.0,0.0,1.0,1,1.554172,0.0,0.254044
queued_8,reputation_aware,eval_075,LAN,1,lan_single_homo_scalar16,LAN single-node homo scalar16,single_homo,scalar16,direct,low-risk,1,2.25,38.13096,38.96495,1,0,0.0,0.0,1.0,1,1.554172,0.0,0.237381
queued_8,reputation_aware,eval_076,LAN,1,lan_single_homo_scalar16,LAN single-node homo scalar16,single_homo,scalar16,direct,low-risk,1,2.25,38.96495,39.79558,1,0,0.0,0.0,1.0,1,1.554172,0.0,0.220701
queued_8,reputation_aware,eval_077,LAN,2,lan_single_homo_scalar16,LAN single-node homo scalar16,single_homo,scalar16,direct,low-risk,1,2.25,39.79558,40.64637,1,0,0.0,0.0,1.0,1,1.554172,0.0,0.204088
queued_8,reputation_aware,eval_078,LAN,2,lan_single_homo_scalar16,LAN single-node homo scalar16,single_homo,scalar16,direct,low-risk,1,2.25,40.64637,41.49548,1,0,0.0,0.0,1.0,1,1.554172,0.0,0.187073
queued_8,reputation_aware,eval_079,LAN,2,lan_single_homo_scalar16,LAN single-node homo scalar16,single_homo,scalar16,direct,low-risk,1,2.25,41.49548,42.34291,1,0,0.0,0.0,1.0,1,1.554172,0.0,0.17009
queued_8,reputation_aware,eval_080,LAN,1,lan_single_homo_scalar16,LAN single-node homo scalar16,single_homo,scalar16,direct,low-risk,1,2.25,42.34291,43.17606,1,0,0.0,0.0,1.0,1,1.554172,0.0,0.153142
queued_8,reputation_aware,eval_081,LAN,1,lan_single_homo_scalar16,LAN single-node homo scalar16,single_homo,scalar16,direct,low-risk,1,2.5,42.92606,43.76593,1,0,0.0,0.0,1.0,1,1.554172,0.0,0.141479
queued_8,reputation_aware,eval_082,LAN,1,lan_single_homo_scalar16,LAN single-node homo scalar16,single_homo,scalar16,direct,low-risk,1,2.5,43.76593,44.60748,1,0,0.0,0.0,1.0,1,1.554172,0.0,0.124681
queued_8,reputation_aware,eval_083,LAN,1,lan_single_homo_scalar16,LAN single-node homo scalar16,single_homo,scalar16,direct,low-risk,1,2.5,44.60748,45.44735,1,0,0.0,0.0,1.0,1,1.554172,0.0,0.10785
queued_8,reputation_aware,eval_084,LAN,1,lan_single_homo_scalar16,LAN single-node homo scalar16,single_homo,scalar16,direct,low-risk,1,2.5,45.44735,46.28722,1,0,0.0,0.0,1.0,1,1.554172,0.0,0.091053
queued_8,reputation_aware,eval_085,LAN,1,lan_single_homo_scalar16,LAN single-node homo scalar16,single_homo,scalar16,direct,low-risk,1,2.5,46.28722,47.12793,1,0,0.0,0.0,1.0,1,1.554172,0.0,0.074256
queued_8,reputation_aware,eval_086,LAN,1,lan_single_homo_scalar16,LAN single-node homo scalar16,single_homo,scalar16,direct,low-risk,1,2.5,47.12793,47.96528,1,0,0.0,0.0,1.0,1,1.554172,0.0,0.057441
queued_8,reputation_aware,eval_087,LAN,3,lan_ab_scalar16,LAN A/B scalar16,t4strict_pair_a_vs_b_40_200,scalar16,direct,high-risk,3,2.5,25.12609,26.18367,1,0,0.15,0.15,0.76,0,1.556788,0.774041,0.482478
queued_8,reputation_aware,eval_088,LAN,3,lan_ab_scalar16,LAN A/B scalar16,t4strict_pair_a_vs_b_40_200,scalar16,direct,high-risk,3,2.5,26.18367,27.23931,1,0,0.15,0.15,0.76,0,1.556788,0.774041,0.461327
queued_8,reputation_aware,eval_089,LAN,2,lan_single_homo_scalar16,LAN single-node homo scalar16,single_homo,scalar16,direct,low-risk,1,2.75,47.71528,48.56943,1,0,0.0,0.0,1.0,1,1.554172,0.0,0.045694
queued_8,reputation_aware,eval_090,LAN,1,lan_single_homo_scalar16,LAN single-node homo scalar16,single_homo,scalar16,direct,low-risk,1,2.75,48.56943,49.4093,1,0,0.0,0.0,1.0,1,1.554172,0.0,0.028611
queued_8,reputation_aware,eval_091,LAN,1,lan_single_homo_scalar16,LAN single-node homo scalar16,single_homo,scalar16,direct,low-risk,1,2.75,49.4093,50.25085,1,0,0.0,0.0,1.0,1,1.554172,0.0,0.011814
queued_8,reputation_aware,eval_092,LAN,2,lan_single_homo_scalar16,LAN single-node homo scalar16,single_homo,scalar16,direct,low-risk,1,2.75,50.25085,51.09408,1,0,0.0,0.0,1.0,1,1.554172,0.0,-0.005017
queued_8,reputation_aware,eval_093,LAN,1,lan_single_homo_scalar16,LAN single-node homo scalar16,single_homo,scalar16,direct,low-risk,1,2.75,51.09408,51.93563,1,0,0.0,0.0,1.0,1,1.554172,0.0,-0.021882
queued_8,reputation_aware,eval_094,LAN,1,lan_single_homo_scalar16,LAN single-node homo scalar16,single_homo,scalar16,direct,low-risk,1,2.75,51.93563,52.77718,1,0,0.0,0.0,1.0,1,1.554172,0.0,-0.038713
queued_8,reputation_aware,eval_095,LAN,2,lan_single_homo_scalar16,LAN single-node homo scalar16,single_homo,scalar16,direct,low-risk,1,2.75,52.77718,53.61957,0,0,0.0,0.0,1.0,1,1.554172,0.0,-1.055544
queued_8,reputation_aware,eval_096,LAN,1,lan_single_homo_scalar16,LAN single-node homo scalar16,single_homo,scalar16,direct,low-risk,1,2.75,53.61957,54.4586,1,0,0.0,0.0,1.0,1,1.554172,0.0,-0.072391
queued_8,reputation_aware,eval_097,LAN,3,lan_ab_scalar16,LAN A/B scalar16,t4strict_pair_a_vs_b_40_200,scalar16,direct,high-risk,3,3.0,26.73931,27.79883,1,0,0.15,0.15,0.76,0,1.556788,0.774041,0.450214
queued_8,reputation_aware,eval_098,LAN,3,lan_ab_scalar16,LAN A/B scalar16,t4strict_pair_a_vs_b_40_200,scalar16,direct,high-risk,3,3.0,27.79883,28.85641,1,0,0.15,0.15,0.76,0,1.556788,0.774041,0.429023
queued_8,reputation_aware,eval_099,LAN,3,lan_ab_scalar16,LAN A/B scalar16,t4strict_pair_a_vs_b_40_200,scalar16,direct,high-risk,3,3.0,28.85641,29.91205,1,0,0.15,0.15,0.76,0,1.556788,0.774041,0.407872
queued_8,reputation_aware,eval_100,LAN,1,lan_single_homo_scalar16,LAN single-node homo scalar16,single_homo,scalar16,direct,low-risk,1,3.0,54.2086,55.05015,1,0,0.0,0.0,1.0,1,1.554172,0.0,-0.084172
queued_8,reputation_aware,eval_101,LAN,1,lan_single_homo_scalar16,LAN single-node homo scalar16,single_homo,scalar16,direct,low-risk,1,3.0,55.05015,55.88414,1,0,0.0,0.0,1.0,1,1.554172,0.0,-0.101003
queued_8,reputation_aware,eval_102,LAN,1,lan_single_homo_scalar16,LAN single-node homo scalar16,single_homo,scalar16,direct,low-risk,1,3.0,55.88414,56.71981,1,0,0.0,0.0,1.0,1,1.554172,0.0,-0.117683
queued_8,reputation_aware,eval_103,LAN,1,lan_single_homo_scalar16,LAN single-node homo scalar16,single_homo,scalar16,direct,low-risk,1,3.0,56.71981,57.5538,1,0,0.0,0.0,1.0,1,1.554172,0.0,-0.134396
queued_8,reputation_aware,eval_104,LAN,1,lan_single_homo_scalar16,LAN single-node homo scalar16,single_homo,scalar16,direct,low-risk,1,3.0,57.5538,58.38779,1,0,0.0,0.0,1.0,1,1.554172,0.0,-0.151076
queued_8,reputation_aware,eval_105,LAN,1,lan_single_homo_scalar16,LAN single-node homo scalar16,single_homo,scalar16,direct,low-risk,1,3.25,58.13779,58.97262,1,0,0.0,0.0,1.0,1,1.554172,0.0,-0.162756
queued_8,reputation_aware,eval_106,LAN,1,lan_single_homo_scalar16,LAN single-node homo scalar16,single_homo,scalar16,direct,low-risk,1,3.25,58.97262,59.80409,1,0,0.0,0.0,1.0,1,1.554172,0.0,-0.179452
queued_8,reputation_aware,eval_107,LAN,2,lan_single_homo_scalar16,LAN single-node homo scalar16,single_homo,scalar16,direct,low-risk,1,3.25,59.80409,60.65572,1,0,0.0,0.0,1.0,1,1.554172,0.0,-0.196082
queued_8,reputation_aware,eval_108,LAN,2,lan_single_homo_scalar16,LAN single-node homo scalar16,single_homo,scalar16,direct,low-risk,1,3.25,60.65572,61.50567,1,0,0.0,0.0,1.0,1,1.554172,0.0,-0.213114
queued_8,reputation_aware,eval_109,LAN,2,lan_single_homo_scalar16,LAN single-node homo scalar16,single_homo,scalar16,direct,low-risk,1,3.25,61.50567,62.35394,0,0,0.0,0.0,1.0,1,1.554172,0.0,-1.230113
queued_8,reputation_aware,eval_110,LAN,1,lan_single_homo_scalar16,LAN single-node homo scalar16,single_homo,scalar16,direct,low-risk,1,3.25,62.35394,63.18793,1,0,0.0,0.0,1.0,1,1.554172,0.0,-0.247079
queued_8,reputation_aware,eval_111,LAN,1,lan_single_homo_scalar16,LAN single-node homo scalar16,single_homo,scalar16,direct,low-risk,1,3.25,63.18793,64.02276,1,0,0.0,0.0,1.0,1,1.554172,0.0,-0.263759
queued_8,reputation_aware,eval_112,LAN,1,lan_single_homo_scalar16,LAN single-node homo scalar16,single_homo,scalar16,direct,low-risk,1,3.25,64.02276,64.85927,1,0,0.0,0.0,1.0,1,1.554172,0.0,-0.280455
queued_8,reputation_aware,eval_113,LAN,1,lan_single_homo_scalar16,LAN single-node homo scalar16,single_homo,scalar16,direct,low-risk,1,3.5,64.60927,65.4441,1,0,0.0,0.0,1.0,1,1.554172,0.0,-0.292185
queued_8,reputation_aware,eval_114,LAN,1,lan_single_homo_scalar16,LAN single-node homo scalar16,single_homo,scalar16,direct,low-risk,1,3.5,65.4441,66.27893,1,0,0.0,0.0,1.0,1,1.554172,0.0,-0.308882
queued_8,reputation_aware,eval_115,LAN,1,lan_single_homo_scalar16,LAN single-node homo scalar16,single_homo,scalar16,direct,low-risk,1,3.5,66.27893,67.1146,1,0,0.0,0.0,1.0,1,1.554172,0.0,-0.325579
queued_8,reputation_aware,eval_116,LAN,1,lan_single_homo_scalar16,LAN single-node homo scalar16,single_homo,scalar16,direct,low-risk,1,3.5,67.1146,67.94691,1,0,0.0,0.0,1.0,1,1.554172,0.0,-0.342292
queued_8,reputation_aware,eval_117,LAN,2,lan_single_homo_scalar16,LAN single-node homo scalar16,single_homo,scalar16,direct,low-risk,1,3.5,67.94691,68.79938,1,0,0.0,0.0,1.0,1,1.554172,0.0,-0.358938
queued_8,reputation_aware,eval_118,LAN,2,lan_single_homo_scalar16,LAN single-node homo scalar16,single_homo,scalar16,direct,low-risk,1,3.5,68.79938,69.65017,0,0,0.0,0.0,1.0,1,1.554172,0.0,-1.375988
queued_8,reputation_aware,eval_119,LAN,2,lan_single_homo_scalar16,LAN single-node homo scalar16,single_homo,scalar16,direct,low-risk,1,3.5,69.65017,70.49928,1,0,0.0,0.0,1.0,1,1.554172,0.0,-0.393003
queued_8,reputation_aware,eval_120,LAN,1,lan_single_homo_scalar16,LAN single-node homo scalar16,single_homo,scalar16,direct,low-risk,1,3.5,70.49928,71.33411,1,0,0.0,0.0,1.0,1,1.554172,0.0,-0.409986
queued_8,reputation_aware,eval_121,LAN,1,lan_single_homo_scalar16,LAN single-node homo scalar16,single_homo,scalar16,direct,low-risk,1,3.75,71.08411,71.92398,1,0,0.0,0.0,1.0,1,1.554172,0.0,-0.421682
queued_8,reputation_aware,eval_122,LAN,1,lan_single_homo_scalar16,LAN single-node homo scalar16,single_homo,scalar16,direct,low-risk,1,3.75,71.92398,72.76553,1,0,0.0,0.0,1.0,1,1.554172,0.0,-0.43848
queued_8,reputation_aware,eval_123,LAN,1,lan_single_homo_scalar16,LAN single-node homo scalar16,single_homo,scalar16,direct,low-risk,1,3.75,72.76553,73.6054,1,0,0.0,0.0,1.0,1,1.554172,0.0,-0.455311
queued_8,reputation_aware,eval_124,LAN,1,lan_single_homo_scalar16,LAN single-node homo scalar16,single_homo,scalar16,direct,low-risk,1,3.75,73.6054,74.44527,1,0,0.0,0.0,1.0,1,1.554172,0.0,-0.472108
queued_8,reputation_aware,eval_125,LAN,1,lan_single_homo_scalar16,LAN single-node homo scalar16,single_homo,scalar16,direct,low-risk,1,3.75,74.44527,75.28598,1,0,0.0,0.0,1.0,1,1.554172,0.0,-0.488905
queued_8,reputation_aware,eval_126,LAN,1,lan_single_homo_scalar16,LAN single-node homo scalar16,single_homo,scalar16,direct,low-risk,1,3.75,75.28598,76.12333,1,0,0.0,0.0,1.0,1,1.554172,0.0,-0.50572
queued_8,reputation_aware,eval_127,LAN,3,lan_ab_scalar16,LAN A/B scalar16,t4strict_pair_a_vs_b_40_200,scalar16,direct,high-risk,3,3.75,29.16205,30.21963,1,0,0.15,0.15,0.76,0,1.556788,0.774041,0.401759
queued_8,reputation_aware,eval_128,LAN,3,lan_ab_scalar16,LAN A/B scalar16,t4strict_pair_a_vs_b_40_200,scalar16,direct,high-risk,3,3.75,30.21963,31.27527,1,0,0.15,0.15,0.76,0,1.556788,0.774041,0.380607
queued_8,reputation_aware,eval_129,LAN,2,lan_single_homo_scalar16,LAN single-node homo scalar16,single_homo,scalar16,direct,low-risk,1,4.0,75.87333,76.72748,0,0,0.0,0.0,1.0,1,1.554172,0.0,-1.517467
queued_8,reputation_aware,eval_130,LAN,1,lan_single_homo_scalar16,LAN single-node homo scalar16,single_homo,scalar16,direct,low-risk,1,4.0,76.72748,77.56735,1,0,0.0,0.0,1.0,1,1.554172,0.0,-0.53455
queued_8,reputation_aware,eval_131,LAN,2,lan_single_homo_scalar16,LAN single-node homo scalar16,single_homo,scalar16,direct,low-risk,1,4.0,77.56735,78.41142,1,0,0.0,0.0,1.0,1,1.554172,0.0,-0.551347
queued_8,reputation_aware,eval_132,LAN,2,lan_single_homo_scalar16,LAN single-node homo scalar16,single_homo,scalar16,direct,low-risk,1,4.0,78.41142,79.25717,1,0,0.0,0.0,1.0,1,1.554172,0.0,-0.568228
queued_8,reputation_aware,eval_133,LAN,2,lan_single_homo_scalar16,LAN single-node homo scalar16,single_homo,scalar16,direct,low-risk,1,4.0,79.25717,80.10124,1,0,0.0,0.0,1.0,1,1.554172,0.0,-0.585143
queued_8,reputation_aware,eval_134,LAN,2,lan_single_homo_scalar16,LAN single-node homo scalar16,single_homo,scalar16,direct,low-risk,1,4.0,80.10124,80.94531,1,0,0.0,0.0,1.0,1,1.554172,0.0,-0.602025
queued_8,reputation_aware,eval_135,LAN,2,lan_single_homo_scalar16,LAN single-node homo scalar16,single_homo,scalar16,direct,low-risk,1,4.0,80.94531,81.79022,1,0,0.0,0.0,1.0,1,1.554172,0.0,-0.618906
queued_8,reputation_aware,eval_136,LAN,1,lan_single_homo_scalar16,LAN single-node homo scalar16,single_homo,scalar16,direct,low-risk,1,4.0,81.79022,82.63177,1,0,0.0,0.0,1.0,1,1.554172,0.0,-0.635804
queued_8,reputation_aware,eval_137,LAN,3,lan_ab_scalar16,LAN A/B scalar16,t4strict_pair_a_vs_b_40_200,scalar16,direct,high-risk,3,4.25,30.77527,31.8377,1,1,0.15,0.15,0.76,0,5.160275,0.774041,0.219495
queued_8,reputation_aware,eval_138,LAN,3,lan_ab_scalar16,LAN A/B scalar16,t4strict_pair_a_vs_b_40_200,scalar16,direct,high-risk,3,4.25,31.8377,32.89819,1,0,0.15,0.15,0.76,0,1.556788,0.774041,0.348246
queued_8,reputation_aware,eval_139,LAN,3,lan_ab_scalar16,LAN A/B scalar16,t4strict_pair_a_vs_b_40_200,scalar16,direct,high-risk,3,4.25,32.89819,33.95674,1,0,0.15,0.15,0.76,0,1.556788,0.774041,0.327036
queued_8,reputation_aware,eval_140,LAN,2,lan_single_homo_scalar16,LAN single-node homo scalar16,single_homo,scalar16,direct,low-risk,1,4.25,82.38177,83.22584,1,0,0.0,0.0,1.0,1,1.554172,0.0,-0.647635
queued_8,reputation_aware,eval_141,WAN,1,wan_ad_scalar16,WAN A/D scalar16,t4strict_pair_a_vs_d_40_200,scalar16,direct,high-risk,3,4.25,0.0,1.24875,1,0,0.09,0.09,0.51,0,1.776668,0.484214,0.991
queued_8,reputation_aware,eval_142,WAN,1,wan_ad_scalar16,WAN A/D scalar16,t4strict_pair_a_vs_d_40_200,scalar16,direct,high-risk,3,4.25,1.24875,2.49948,1,0,0.09,0.09,0.51,0,1.776668,0.484214,0.966025
queued_8,reputation_aware,eval_143,WAN,1,wan_ad_scalar16,WAN A/D scalar16,t4strict_pair_a_vs_d_40_200,scalar16,direct,high-risk,3,4.25,2.49948,3.74823,1,1,0.09,0.09,0.51,0,5.380155,0.484214,0.79101
queued_8,reputation_aware,eval_144,WAN,1,wan_ad_scalar16,WAN A/D scalar16,t4strict_pair_a_vs_d_40_200,scalar16,direct,high-risk,3,4.25,3.74823,4.99698,1,0,0.09,0.09,0.51,0,1.776668,0.484214,0.916035
queued_8,reputation_aware,eval_145,WAN,1,wan_ad_scalar16,WAN A/D scalar16,t4strict_pair_a_vs_d_40_200,scalar16,direct,high-risk,3,4.5,4.74698,5.99672,1,0,0.09,0.09,0.51,0,1.776668,0.484214,0.89606
queued_8,reputation_aware,eval_146,WAN,1,wan_ad_scalar16,WAN A/D scalar16,t4strict_pair_a_vs_d_40_200,scalar16,direct,high-risk,3,4.5,5.99672,7.2425,1,0,0.09,0.09,0.51,0,1.776668,0.484214,0.871066
queued_8,reputation_aware,eval_147,WAN,2,wan_ad_scalar16,WAN A/D scalar16,t4strict_pair_a_vs_d_40_200,scalar16,direct,high-risk,3,4.5,7.2425,8.51204,1,0,0.09,0.09,0.51,0,1.776668,0.484214,0.84615
queued_8,reputation_aware,eval_148,WAN,2,wan_ad_scalar16,WAN A/D scalar16,t4strict_pair_a_vs_d_40_200,scalar16,direct,high-risk,3,4.5,8.51204,9.7796,1,1,0.09,0.09,0.51,0,5.380155,0.484214,0.670759
queued_8,reputation_aware,eval_149,WAN,2,wan_ad_scalar16,WAN A/D scalar16,t4strict_pair_a_vs_d_40_200,scalar16,direct,high-risk,3,4.5,9.7796,11.04518,1,0,0.09,0.09,0.51,0,1.776668,0.484214,0.795408
queued_8,reputation_aware,eval_150,WAN,1,wan_ad_scalar16,WAN A/D scalar16,t4strict_pair_a_vs_d_40_200,scalar16,direct,high-risk,3,4.5,11.04518,12.29393,1,0,0.09,0.09,0.51,0,1.776668,0.484214,0.770096
queued_8,reputation_aware,eval_151,WAN,1,wan_ad_scalar16,WAN A/D scalar16,t4strict_pair_a_vs_d_40_200,scalar16,direct,high-risk,3,4.5,12.29393,13.54565,1,0,0.09,0.09,0.51,0,1.776668,0.484214,0.745121
queued_8,reputation_aware,eval_152,WAN,1,wan_ad_scalar16,WAN A/D scalar16,t4strict_pair_a_vs_d_40_200,scalar16,direct,high-risk,3,4.5,13.54565,14.79935,1,0,0.09,0.09,0.51,0,1.776668,0.484214,0.720087
queued_8,reputation_aware,eval_153,WAN,1,wan_ad_scalar16,WAN A/D scalar16,t4strict_pair_a_vs_d_40_200,scalar16,direct,high-risk,3,4.75,14.54935,15.80107,1,0,0.09,0.09,0.51,0,1.776668,0.484214,0.700013
queued_8,reputation_aware,eval_154,WAN,1,wan_ad_scalar16,WAN A/D scalar16,t4strict_pair_a_vs_d_40_200,scalar16,direct,high-risk,3,4.75,15.80107,17.05279,1,0,0.09,0.09,0.51,0,1.776668,0.484214,0.674979
queued_8,reputation_aware,eval_155,WAN,1,wan_ad_scalar16,WAN A/D scalar16,t4strict_pair_a_vs_d_40_200,scalar16,direct,high-risk,3,4.75,17.05279,18.3055,1,0,0.09,0.09,0.51,0,1.776668,0.484214,0.649944
queued_8,reputation_aware,eval_156,WAN,1,wan_ad_scalar16,WAN A/D scalar16,t4strict_pair_a_vs_d_40_200,scalar16,direct,high-risk,3,4.75,18.3055,19.55425,1,1,0.09,0.09,0.51,0,5.380155,0.484214,0.47489
queued_8,reputation_aware,eval_157,WAN,2,wan_ad_scalar16,WAN A/D scalar16,t4strict_pair_a_vs_d_40_200,scalar16,direct,high-risk,3,4.75,19.55425,20.82676,1,1,0.09,0.09,0.51,0,5.380155,0.484214,0.449915
queued_8,reputation_aware,eval_158,WAN,2,wan_ad_scalar16,WAN A/D scalar16,t4strict_pair_a_vs_d_40_200,scalar16,direct,high-risk,3,4.75,20.82676,22.09729,1,0,0.09,0.09,0.51,0,1.776668,0.484214,0.574465
queued_8,reputation_aware,eval_159,WAN,2,wan_ad_scalar16,WAN A/D scalar16,t4strict_pair_a_vs_d_40_200,scalar16,direct,high-risk,3,4.75,22.09729,23.36584,1,0,0.09,0.09,0.51,0,1.776668,0.484214,0.549054
queued_8,reputation_aware,eval_160,WAN,1,wan_ad_scalar16,WAN A/D scalar16,t4strict_pair_a_vs_d_40_200,scalar16,direct,high-risk,3,4.75,23.36584,24.61756,1,0,0.09,0.09,0.51,0,1.776668,0.484214,0.523683
queued_8,reputation_aware,eval_161,WAN,2,wan_ad_scalar16,WAN A/D scalar16,t4strict_pair_a_vs_d_40_200,scalar16,direct,high-risk,3,5.0,24.36756,25.62918,1,0,0.09,0.09,0.51,0,1.776668,0.484214,0.503649
queued_8,reputation_aware,eval_162,WAN,2,wan_ad_scalar16,WAN A/D scalar16,t4strict_pair_a_vs_d_40_200,scalar16,direct,high-risk,3,5.0,25.62918,26.89278,1,0,0.09,0.09,0.51,0,1.776668,0.484214,0.478416
queued_8,reputation_aware,eval_163,WAN,2,wan_ad_scalar16,WAN A/D scalar16,t4strict_pair_a_vs_d_40_200,scalar16,direct,high-risk,3,5.0,26.89278,28.1544,1,0,0.09,0.09,0.51,0,1.776668,0.484214,0.453144
queued_8,reputation_aware,eval_164,WAN,2,wan_ad_scalar16,WAN A/D scalar16,t4strict_pair_a_vs_d_40_200,scalar16,direct,high-risk,3,5.0,28.1544,29.41602,0,0,0.09,0.09,0.51,0,1.776668,0.484214,-0.572088
queued_8,reputation_aware,eval_165,WAN,2,wan_ad_scalar16,WAN A/D scalar16,t4strict_pair_a_vs_d_40_200,scalar16,direct,high-risk,3,5.0,29.41602,30.67863,1,0,0.09,0.09,0.51,0,1.776668,0.484214,0.40268
queued_8,reputation_aware,eval_166,WAN,1,wan_ad_scalar16,WAN A/D scalar16,t4strict_pair_a_vs_d_40_200,scalar16,direct,high-risk,3,5.0,30.67863,31.93728,1,0,0.09,0.09,0.51,0,1.776668,0.484214,0.377427
queued_8,reputation_aware,eval_167,WAN,3,wan_ad_scalar16,WAN A/D scalar16,t4strict_pair_a_vs_d_40_200,scalar16,direct,high-risk,3,5.0,31.93728,33.21969,1,0,0.09,0.09,0.51,0,1.776668,0.484214,0.352254
queued_8,reputation_aware,eval_168,WAN,3,wan_ad_scalar16,WAN A/D scalar16,t4strict_pair_a_vs_d_40_200,scalar16,direct,high-risk,3,5.0,33.21969,34.50012,1,0,0.09,0.09,0.51,0,1.776668,0.484214,0.326606
queued_8,reputation_aware,eval_169,WAN,3,wan_ad_scalar16,WAN A/D scalar16,t4strict_pair_a_vs_d_40_200,scalar16,direct,high-risk,3,5.25,34.25012,35.52857,1,0,0.09,0.09,0.51,0,1.776668,0.484214,0.305998
queued_8,reputation_aware,eval_170,WAN,2,wan_ad_scalar16,WAN A/D scalar16,t4strict_pair_a_vs_d_40_200,scalar16,direct,high-risk,3,5.25,35.52857,36.79019,1,0,0.09,0.09,0.51,0,1.776668,0.484214,0.280429
queued_8,reputation_aware,eval_171,WAN,1,wan_ad_scalar16,WAN A/D scalar16,t4strict_pair_a_vs_d_40_200,scalar16,direct,high-risk,3,5.25,36.79019,38.04884,1,0,0.09,0.09,0.51,0,1.776668,0.484214,0.255196
queued_8,reputation_aware,eval_172,WAN,2,wan_ad_scalar16,WAN A/D scalar16,t4strict_pair_a_vs_d_40_200,scalar16,direct,high-risk,3,5.25,38.04884,39.30947,1,0,0.09,0.09,0.51,0,1.776668,0.484214,0.230023
queued_8,reputation_aware,eval_173,WAN,1,wan_ad_scalar16,WAN A/D scalar16,t4strict_pair_a_vs_d_40_200,scalar16,direct,high-risk,3,5.25,39.30947,40.56812,1,0,0.09,0.09,0.51,0,1.776668,0.484214,0.204811
queued_8,reputation_aware,eval_174,WAN,1,wan_ad_scalar16,WAN A/D scalar16,t4strict_pair_a_vs_d_40_200,scalar16,direct,high-risk,3,5.25,40.56812,41.82677,1,1,0.09,0.09,0.51,0,5.380155,0.484214,0.029638
queued_8,reputation_aware,eval_175,WAN,2,wan_ad_scalar16,WAN A/D scalar16,t4strict_pair_a_vs_d_40_200,scalar16,direct,high-risk,3,5.25,41.82677,43.08641,1,0,0.09,0.09,0.51,0,1.776668,0.484214,0.154465
queued_8,reputation_aware,eval_176,WAN,1,wan_ad_scalar16,WAN A/D scalar16,t4strict_pair_a_vs_d_40_200,scalar16,direct,high-risk,3,5.25,43.08641,44.34209,1,0,0.09,0.09,0.51,0,1.776668,0.484214,0.129272
queued_8,reputation_aware,eval_177,WAN,3,wan_ad_scalar16,WAN A/D scalar16,t4strict_pair_a_vs_d_40_200,scalar16,direct,high-risk,3,5.5,44.09209,45.37153,1,0,0.09,0.09,0.51,0,1.776668,0.484214,0.109158
queued_8,reputation_aware,eval_178,WAN,3,wan_ad_scalar16,WAN A/D scalar16,t4strict_pair_a_vs_d_40_200,scalar16,direct,high-risk,3,5.5,45.37153,46.64899,1,0,0.09,0.09,0.51,0,1.776668,0.484214,0.083569
queued_8,reputation_aware,eval_179,WAN,3,wan_ad_scalar16,WAN A/D scalar16,t4strict_pair_a_vs_d_40_200,scalar16,direct,high-risk,3,5.5,46.64899,47.92447,1,0,0.09,0.09,0.51,0,1.776668,0.484214,0.05802
queued_8,reputation_aware,eval_180,WAN,1,wan_ad_scalar16,WAN A/D scalar16,t4strict_pair_a_vs_d_40_200,scalar16,direct,high-risk,3,5.5,47.92447,49.18312,1,1,0.09,0.09,0.51,0,5.380155,0.484214,-0.117489
queued_8,reputation_aware,eval_181,WAN,2,wan_ad_scalar16,WAN A/D scalar16,t4strict_pair_a_vs_d_40_200,scalar16,direct,high-risk,3,5.5,49.18312,50.45068,1,0,0.09,0.09,0.51,0,1.776668,0.484214,0.007338
queued_8,reputation_aware,eval_182,WAN,2,wan_ad_scalar16,WAN A/D scalar16,t4strict_pair_a_vs_d_40_200,scalar16,direct,high-risk,3,5.5,50.45068,51.72022,1,0,0.09,0.09,0.51,0,1.776668,0.484214,-0.018014
queued_8,reputation_aware,eval_183,WAN,2,wan_ad_scalar16,WAN A/D scalar16,t4strict_pair_a_vs_d_40_200,scalar16,direct,high-risk,3,5.5,51.72022,52.98778,1,0,0.09,0.09,0.51,0,1.776668,0.484214,-0.043404
queued_8,reputation_aware,eval_184,WAN,2,wan_ad_scalar16,WAN A/D scalar16,t4strict_pair_a_vs_d_40_200,scalar16,direct,high-risk,3,5.5,52.98778,54.25534,1,0,0.09,0.09,0.51,0,1.776668,0.484214,-0.068756
queued_8,reputation_aware,eval_185,WAN,2,wan_ad_scalar16,WAN A/D scalar16,t4strict_pair_a_vs_d_40_200,scalar16,direct,high-risk,3,5.75,54.00534,55.27389,1,1,0.09,0.09,0.51,0,5.380155,0.484214,-0.239107
queued_8,reputation_aware,eval_186,WAN,2,wan_ad_scalar16,WAN A/D scalar16,t4strict_pair_a_vs_d_40_200,scalar16,direct,high-risk,3,5.75,55.27389,56.53848,1,0,0.09,0.09,0.51,0,1.776668,0.484214,-0.114478
queued_8,reputation_aware,eval_187,WAN,3,wan_ad_scalar16,WAN A/D scalar16,t4strict_pair_a_vs_d_40_200,scalar16,direct,high-risk,3,5.75,56.53848,57.82683,1,0,0.09,0.09,0.51,0,1.776668,0.484214,-0.13977
queued_8,reputation_aware,eval_188,WAN,3,wan_ad_scalar16,WAN A/D scalar16,t4strict_pair_a_vs_d_40_200,scalar16,direct,high-risk,3,5.75,57.82683,59.1132,1,0,0.09,0.09,0.51,0,1.776668,0.484214,-0.165537
queued_8,reputation_aware,eval_189,WAN,3,wan_ad_scalar16,WAN A/D scalar16,t4strict_pair_a_vs_d_40_200,scalar16,direct,high-risk,3,5.75,59.1132,60.39759,1,0,0.09,0.09,0.51,0,1.776668,0.484214,-0.191264
queued_8,reputation_aware,eval_190,WAN,2,wan_ad_scalar16,WAN A/D scalar16,t4strict_pair_a_vs_d_40_200,scalar16,direct,high-risk,3,5.75,60.39759,61.66515,1,0,0.09,0.09,0.51,0,1.776668,0.484214,-0.216952
queued_8,reputation_aware,eval_191,WAN,2,wan_ad_scalar16,WAN A/D scalar16,t4strict_pair_a_vs_d_40_200,scalar16,direct,high-risk,3,5.75,61.66515,62.93271,1,0,0.09,0.09,0.51,0,1.776668,0.484214,-0.242303
queued_8,reputation_aware,eval_192,WAN,2,wan_ad_scalar16,WAN A/D scalar16,t4strict_pair_a_vs_d_40_200,scalar16,direct,high-risk,3,5.75,62.93271,64.20225,1,0,0.09,0.09,0.51,0,1.776668,0.484214,-0.267654
queued_8,reputation_aware,eval_193,WAN,2,wan_ad_scalar16,WAN A/D scalar16,t4strict_pair_a_vs_d_40_200,scalar16,direct,high-risk,3,6.0,63.95225,65.21981,1,0,0.09,0.09,0.51,0,1.776668,0.484214,-0.288045
queued_8,reputation_aware,eval_194,WAN,2,wan_ad_scalar16,WAN A/D scalar16,t4strict_pair_a_vs_d_40_200,scalar16,direct,high-risk,3,6.0,65.21981,66.48737,1,0,0.09,0.09,0.51,0,1.776668,0.484214,-0.313396
queued_8,reputation_aware,eval_195,WAN,2,wan_ad_scalar16,WAN A/D scalar16,t4strict_pair_a_vs_d_40_200,scalar16,direct,high-risk,3,6.0,66.48737,67.75592,1,0,0.09,0.09,0.51,0,1.776668,0.484214,-0.338747
queued_8,reputation_aware,eval_196,WAN,2,wan_ad_scalar16,WAN A/D scalar16,t4strict_pair_a_vs_d_40_200,scalar16,direct,high-risk,3,6.0,67.75592,69.02051,1,1,0.09,0.09,0.51,0,5.380155,0.484214,-0.514118
queued_8,reputation_aware,eval_197,WAN,3,wan_ad_scalar16,WAN A/D scalar16,t4strict_pair_a_vs_d_40_200,scalar16,direct,high-risk,3,6.0,69.02051,70.30886,1,0,0.09,0.09,0.51,0,1.776668,0.484214,-0.38941
queued_8,reputation_aware,eval_198,WAN,3,wan_ad_scalar16,WAN A/D scalar16,t4strict_pair_a_vs_d_40_200,scalar16,direct,high-risk,3,6.0,70.30886,71.59523,1,0,0.09,0.09,0.51,0,1.776668,0.484214,-0.415177
queued_8,reputation_aware,eval_199,WAN,3,wan_ad_scalar16,WAN A/D scalar16,t4strict_pair_a_vs_d_40_200,scalar16,direct,high-risk,3,6.0,71.59523,72.87962,1,0,0.09,0.09,0.51,0,1.776668,0.484214,-0.440905
queued_8,reputation_aware,eval_200,WAN,2,wan_ad_scalar16,WAN A/D scalar16,t4strict_pair_a_vs_d_40_200,scalar16,direct,high-risk,3,6.0,72.87962,74.14718,1,0,0.09,0.09,0.51,0,1.776668,0.484214,-0.466592
queued_8,network_aware,eval_001,LAN,3,lan_ab_scalar16,LAN A/B scalar16,t4strict_pair_a_vs_b_40_200,scalar16,direct,high-risk,3,0.0,0.0,1.05564,1,1,0.15,0.15,0.76,0,5.160275,0.774041,0.835
queued_8,network_aware,eval_002,LAN,3,lan_ab_scalar16,LAN A/B scalar16,t4strict_pair_a_vs_b_40_200,scalar16,direct,high-risk,3,0.0,1.05564,2.11322,1,1,0.15,0.15,0.76,0,5.160275,0.774041,0.813887
queued_8,network_aware,eval_003,LAN,3,lan_ab_scalar16,LAN A/B scalar16,t4strict_pair_a_vs_b_40_200,scalar16,direct,high-risk,3,0.0,2.11322,3.16886,1,0,0.15,0.15,0.76,0,1.556788,0.774041,0.942736
queued_8,network_aware,eval_004,LAN,3,lan_ab_scalar16,LAN A/B scalar16,t4strict_pair_a_vs_b_40_200,scalar16,direct,high-risk,3,0.0,3.16886,4.2245,1,0,0.15,0.15,0.76,0,1.556788,0.774041,0.921623
queued_8,network_aware,eval_005,LAN,3,lan_ab_scalar16,LAN A/B scalar16,t4strict_pair_a_vs_b_40_200,scalar16,direct,high-risk,3,0.0,4.2245,5.28111,1,0,0.15,0.15,0.76,0,1.556788,0.774041,0.90051
queued_8,network_aware,eval_006,LAN,2,lan_single_homo_scalar16,LAN single-node homo scalar16,single_homo,scalar16,direct,low-risk,1,0.0,0.0,0.85331,1,0,0.0,0.0,1.0,1,1.554172,0.0,1.0
queued_8,network_aware,eval_007,LAN,3,lan_ab_scalar16,LAN A/B scalar16,t4strict_pair_a_vs_b_40_200,scalar16,direct,high-risk,3,0.0,5.28111,6.35712,1,0,0.15,0.15,0.76,0,1.556788,0.774041,0.879378
queued_8,network_aware,eval_008,LAN,3,lan_ab_scalar16,LAN A/B scalar16,t4strict_pair_a_vs_b_40_200,scalar16,direct,high-risk,3,0.0,6.35712,7.43119,1,0,0.15,0.15,0.76,0,1.556788,0.774041,0.857858
queued_8,network_aware,eval_009,LAN,3,lan_ab_scalar16,LAN A/B scalar16,t4strict_pair_a_vs_b_40_200,scalar16,direct,high-risk,3,0.25,7.18119,8.25332,1,0,0.15,0.15,0.76,0,1.556788,0.774041,0.841376
queued_8,network_aware,eval_010,LAN,3,lan_ab_scalar16,LAN A/B scalar16,t4strict_pair_a_vs_b_40_200,scalar16,direct,high-risk,3,0.25,8.25332,9.30896,1,0,0.15,0.15,0.76,0,1.556788,0.774041,0.819934
queued_8,network_aware,eval_011,LAN,1,lan_single_homo_scalar16,LAN single-node homo scalar16,single_homo,scalar16,direct,low-risk,1,0.25,0.60331,1.44318,1,0,0.0,0.0,1.0,1,1.554172,0.0,0.987934
queued_8,network_aware,eval_012,LAN,1,lan_single_homo_scalar16,LAN single-node homo scalar16,single_homo,scalar16,direct,low-risk,1,0.25,1.44318,2.28473,1,0,0.0,0.0,1.0,1,1.554172,0.0,0.971136
queued_8,network_aware,eval_013,LAN,1,lan_single_homo_scalar16,LAN single-node homo scalar16,single_homo,scalar16,direct,low-risk,1,0.25,2.28473,3.1246,1,0,0.0,0.0,1.0,1,1.554172,0.0,0.954305
queued_8,network_aware,eval_014,LAN,1,lan_single_homo_scalar16,LAN single-node homo scalar16,single_homo,scalar16,direct,low-risk,1,0.25,3.1246,3.96447,1,0,0.0,0.0,1.0,1,1.554172,0.0,0.937508
queued_8,network_aware,eval_015,LAN,1,lan_single_homo_scalar16,LAN single-node homo scalar16,single_homo,scalar16,direct,low-risk,1,0.25,3.96447,4.80518,1,0,0.0,0.0,1.0,1,1.554172,0.0,0.920711
queued_8,network_aware,eval_016,LAN,1,lan_single_homo_scalar16,LAN single-node homo scalar16,single_homo,scalar16,direct,low-risk,1,0.25,4.80518,5.64253,1,0,0.0,0.0,1.0,1,1.554172,0.0,0.903896
queued_8,network_aware,eval_017,LAN,3,lan_ab_scalar16,LAN A/B scalar16,t4strict_pair_a_vs_b_40_200,scalar16,direct,high-risk,3,0.5,9.05896,10.11654,0,0,0.15,0.15,0.76,0,1.556788,0.774041,-0.196179
queued_8,network_aware,eval_018,LAN,3,lan_ab_scalar16,LAN A/B scalar16,t4strict_pair_a_vs_b_40_200,scalar16,direct,high-risk,3,0.5,10.11654,11.17218,1,0,0.15,0.15,0.76,0,1.556788,0.774041,0.782669
queued_8,network_aware,eval_019,LAN,2,lan_single_homo_scalar16,LAN single-node homo scalar16,single_homo,scalar16,direct,low-risk,1,0.5,5.39253,6.24668,1,0,0.0,0.0,1.0,1,1.554172,0.0,0.892149
queued_8,network_aware,eval_020,LAN,1,lan_single_homo_scalar16,LAN single-node homo scalar16,single_homo,scalar16,direct,low-risk,1,0.5,6.24668,7.08655,1,0,0.0,0.0,1.0,1,1.554172,0.0,0.875066
queued_8,network_aware,eval_021,LAN,1,lan_single_homo_scalar16,LAN single-node homo scalar16,single_homo,scalar16,direct,low-risk,1,0.5,7.08655,7.91886,1,0,0.0,0.0,1.0,1,1.554172,0.0,0.858269
queued_8,network_aware,eval_022,LAN,1,lan_single_homo_scalar16,LAN single-node homo scalar16,single_homo,scalar16,direct,low-risk,1,0.5,7.91886,8.75285,1,0,0.0,0.0,1.0,1,1.554172,0.0,0.841623
queued_8,network_aware,eval_023,LAN,1,lan_single_homo_scalar16,LAN single-node homo scalar16,single_homo,scalar16,direct,low-risk,1,0.5,8.75285,9.58516,1,0,0.0,0.0,1.0,1,1.554172,0.0,0.824943
queued_8,network_aware,eval_024,LAN,1,lan_single_homo_scalar16,LAN single-node homo scalar16,single_homo,scalar16,direct,low-risk,1,0.5,9.58516,10.41747,1,0,0.0,0.0,1.0,1,1.554172,0.0,0.808297
queued_8,network_aware,eval_025,LAN,1,lan_single_homo_scalar16,LAN single-node homo scalar16,single_homo,scalar16,direct,low-risk,1,0.75,10.16747,11.00062,1,0,0.0,0.0,1.0,1,1.554172,0.0,0.796651
queued_8,network_aware,eval_026,LAN,1,lan_single_homo_scalar16,LAN single-node homo scalar16,single_homo,scalar16,direct,low-risk,1,0.75,11.00062,11.83041,1,0,0.0,0.0,1.0,1,1.554172,0.0,0.779988
queued_8,network_aware,eval_027,LAN,2,lan_single_homo_scalar16,LAN single-node homo scalar16,single_homo,scalar16,direct,low-risk,1,0.75,11.83041,12.68036,1,0,0.0,0.0,1.0,1,1.554172,0.0,0.763392
queued_8,network_aware,eval_028,LAN,2,lan_single_homo_scalar16,LAN single-node homo scalar16,single_homo,scalar16,direct,low-risk,1,0.75,12.68036,13.52863,0,0,0.0,0.0,1.0,1,1.554172,0.0,-0.253607
queued_8,network_aware,eval_029,LAN,2,lan_single_homo_scalar16,LAN single-node homo scalar16,single_homo,scalar16,direct,low-risk,1,0.75,13.52863,14.37522,1,0,0.0,0.0,1.0,1,1.554172,0.0,0.729427
queued_8,network_aware,eval_030,LAN,1,lan_single_homo_scalar16,LAN single-node homo scalar16,single_homo,scalar16,direct,low-risk,1,0.75,14.37522,15.20753,1,0,0.0,0.0,1.0,1,1.554172,0.0,0.712496
queued_8,network_aware,eval_031,LAN,2,lan_single_homo_scalar16,LAN single-node homo scalar16,single_homo,scalar16,direct,low-risk,1,0.75,15.20753,16.05496,1,0,0.0,0.0,1.0,1,1.554172,0.0,0.695849
queued_8,network_aware,eval_032,LAN,2,lan_single_homo_scalar16,LAN single-node homo scalar16,single_homo,scalar16,direct,low-risk,1,0.75,16.05496,16.90407,1,0,0.0,0.0,1.0,1,1.554172,0.0,0.678901
queued_8,network_aware,eval_033,LAN,2,lan_single_homo_scalar16,LAN single-node homo scalar16,single_homo,scalar16,direct,low-risk,1,1.0,16.65407,17.5015,0,0,0.0,0.0,1.0,1,1.554172,0.0,-0.333081
queued_8,network_aware,eval_034,LAN,2,lan_single_homo_scalar16,LAN single-node homo scalar16,single_homo,scalar16,direct,low-risk,1,1.0,17.5015,18.34893,1,0,0.0,0.0,1.0,1,1.554172,0.0,0.64997
queued_8,network_aware,eval_035,LAN,2,lan_single_homo_scalar16,LAN single-node homo scalar16,single_homo,scalar16,direct,low-risk,1,1.0,18.34893,19.1972,1,0,0.0,0.0,1.0,1,1.554172,0.0,0.633021
queued_8,network_aware,eval_036,LAN,2,lan_single_homo_scalar16,LAN single-node homo scalar16,single_homo,scalar16,direct,low-risk,1,1.0,19.1972,20.04211,1,0,0.0,0.0,1.0,1,1.554172,0.0,0.616056
queued_8,network_aware,eval_037,LAN,3,lan_ab_scalar16,LAN A/B scalar16,t4strict_pair_a_vs_b_40_200,scalar16,direct,high-risk,3,1.0,10.67218,11.73849,1,0,0.15,0.15,0.76,0,1.556788,0.774041,0.771556
queued_8,network_aware,eval_038,LAN,3,lan_ab_scalar16,LAN A/B scalar16,t4strict_pair_a_vs_b_40_200,scalar16,direct,high-risk,3,1.0,11.73849,12.80286,1,0,0.15,0.15,0.76,0,1.556788,0.774041,0.75023
queued_8,network_aware,eval_039,LAN,3,lan_ab_scalar16,LAN A/B scalar16,t4strict_pair_a_vs_b_40_200,scalar16,direct,high-risk,3,1.0,12.80286,13.86529,1,0,0.15,0.15,0.76,0,1.556788,0.774041,0.728943
queued_8,network_aware,eval_040,LAN,2,lan_single_homo_scalar16,LAN single-node homo scalar16,single_homo,scalar16,direct,low-risk,1,1.0,20.04211,20.88954,1,0,0.0,0.0,1.0,1,1.554172,0.0,0.599158
queued_8,network_aware,eval_041,LAN,2,lan_single_homo_scalar16,LAN single-node homo scalar16,single_homo,scalar16,direct,low-risk,1,1.25,20.63954,21.48697,1,0,0.0,0.0,1.0,1,1.554172,0.0,0.587209
queued_8,network_aware,eval_042,LAN,2,lan_single_homo_scalar16,LAN single-node homo scalar16,single_homo,scalar16,direct,low-risk,1,1.25,21.48697,22.33608,1,0,0.0,0.0,1.0,1,1.554172,0.0,0.570261
queued_8,network_aware,eval_043,LAN,2,lan_single_homo_scalar16,LAN single-node homo scalar16,single_homo,scalar16,direct,low-risk,1,1.25,22.33608,23.18351,1,0,0.0,0.0,1.0,1,1.554172,0.0,0.553278
queued_8,network_aware,eval_044,LAN,2,lan_single_homo_scalar16,LAN single-node homo scalar16,single_homo,scalar16,direct,low-risk,1,1.25,23.18351,24.03094,1,0,0.0,0.0,1.0,1,1.554172,0.0,0.53633
queued_8,network_aware,eval_045,LAN,2,lan_single_homo_scalar16,LAN single-node homo scalar16,single_homo,scalar16,direct,low-risk,1,1.25,24.03094,24.87921,1,0,0.0,0.0,1.0,1,1.554172,0.0,0.519381
queued_8,network_aware,eval_046,LAN,2,lan_single_homo_scalar16,LAN single-node homo scalar16,single_homo,scalar16,direct,low-risk,1,1.25,24.87921,25.72412,1,0,0.0,0.0,1.0,1,1.554172,0.0,0.502416
queued_8,network_aware,eval_047,LAN,3,lan_ab_scalar16,LAN A/B scalar16,t4strict_pair_a_vs_b_40_200,scalar16,direct,high-risk,3,1.25,13.61529,14.6816,1,1,0.15,0.15,0.76,0,5.160275,0.774041,0.562694
queued_8,network_aware,eval_048,LAN,3,lan_ab_scalar16,LAN A/B scalar16,t4strict_pair_a_vs_b_40_200,scalar16,direct,high-risk,3,1.25,14.6816,15.74597,1,0,0.15,0.15,0.76,0,1.556788,0.774041,0.691368
queued_8,network_aware,eval_049,LAN,3,lan_ab_scalar16,LAN A/B scalar16,t4strict_pair_a_vs_b_40_200,scalar16,direct,high-risk,3,1.5,15.49597,16.5584,1,0,0.15,0.15,0.76,0,1.556788,0.774041,0.675081
queued_8,network_aware,eval_050,LAN,2,lan_single_homo_scalar16,LAN single-node homo scalar16,single_homo,scalar16,direct,low-risk,1,1.5,25.47412,26.32155,1,0,0.0,0.0,1.0,1,1.554172,0.0,0.490518
queued_8,network_aware,eval_051,LAN,3,lan_ab_scalar16,LAN A/B scalar16,t4strict_pair_a_vs_b_40_200,scalar16,direct,high-risk,3,1.5,16.5584,17.61501,1,0,0.15,0.15,0.76,0,1.556788,0.774041,0.653832
queued_8,network_aware,eval_052,LAN,3,lan_ab_scalar16,LAN A/B scalar16,t4strict_pair_a_vs_b_40_200,scalar16,direct,high-risk,3,1.5,17.61501,18.67356,1,0,0.15,0.15,0.76,0,1.556788,0.774041,0.6327
queued_8,network_aware,eval_053,LAN,3,lan_ab_scalar16,LAN A/B scalar16,t4strict_pair_a_vs_b_40_200,scalar16,direct,high-risk,3,1.5,18.67356,19.73017,1,0,0.15,0.15,0.76,0,1.556788,0.774041,0.611529
queued_8,network_aware,eval_054,LAN,3,lan_ab_scalar16,LAN A/B scalar16,t4strict_pair_a_vs_b_40_200,scalar16,direct,high-risk,3,1.5,19.73017,20.78678,1,0,0.15,0.15,0.76,0,1.556788,0.774041,0.590397
queued_8,network_aware,eval_055,LAN,3,lan_ab_scalar16,LAN A/B scalar16,t4strict_pair_a_vs_b_40_200,scalar16,direct,high-risk,3,1.5,20.78678,21.84436,1,1,0.15,0.15,0.76,0,5.160275,0.774041,0.419264
queued_8,network_aware,eval_056,LAN,2,lan_single_homo_scalar16,LAN single-node homo scalar16,single_homo,scalar16,direct,low-risk,1,1.5,26.32155,27.1757,1,0,0.0,0.0,1.0,1,1.554172,0.0,0.473569
queued_8,network_aware,eval_057,LAN,3,lan_ab_scalar16,LAN A/B scalar16,t4strict_pair_a_vs_b_40_200,scalar16,direct,high-risk,3,1.75,21.59436,22.67134,1,1,0.15,0.15,0.76,0,5.160275,0.774041,0.403113
queued_8,network_aware,eval_058,LAN,3,lan_ab_scalar16,LAN A/B scalar16,t4strict_pair_a_vs_b_40_200,scalar16,direct,high-risk,3,1.75,22.67134,23.74638,0,0,0.15,0.15,0.76,0,1.556788,0.774041,-0.468427
queued_8,network_aware,eval_059,LAN,3,lan_ab_scalar16,LAN A/B scalar16,t4strict_pair_a_vs_b_40_200,scalar16,direct,high-risk,3,1.75,23.74638,24.81948,1,0,0.15,0.15,0.76,0,1.556788,0.774041,0.510072
queued_8,network_aware,eval_060,LAN,3,lan_ab_scalar16,LAN A/B scalar16,t4strict_pair_a_vs_b_40_200,scalar16,direct,high-risk,3,1.75,24.81948,25.87609,1,0,0.15,0.15,0.76,0,1.556788,0.774041,0.48861
queued_8,network_aware,eval_061,LAN,1,lan_single_homo_scalar16,LAN single-node homo scalar16,single_homo,scalar16,direct,low-risk,1,1.75,26.9257,27.75801,1,0,0.0,0.0,1.0,1,1.554172,0.0,0.461486
queued_8,network_aware,eval_062,LAN,1,lan_single_homo_scalar16,LAN single-node homo scalar16,single_homo,scalar16,direct,low-risk,1,1.75,27.75801,28.592,1,0,0.0,0.0,1.0,1,1.554172,0.0,0.44484
queued_8,network_aware,eval_063,LAN,1,lan_single_homo_scalar16,LAN single-node homo scalar16,single_homo,scalar16,direct,low-risk,1,1.75,28.592,29.42431,1,0,0.0,0.0,1.0,1,1.554172,0.0,0.42816
queued_8,network_aware,eval_064,LAN,1,lan_single_homo_scalar16,LAN single-node homo scalar16,single_homo,scalar16,direct,low-risk,1,1.75,29.42431,30.25662,1,0,0.0,0.0,1.0,1,1.554172,0.0,0.411514
queued_8,network_aware,eval_065,LAN,1,lan_single_homo_scalar16,LAN single-node homo scalar16,single_homo,scalar16,direct,low-risk,1,2.0,30.00662,30.83977,1,0,0.0,0.0,1.0,1,1.554172,0.0,0.399868
queued_8,network_aware,eval_066,LAN,1,lan_single_homo_scalar16,LAN single-node homo scalar16,single_homo,scalar16,direct,low-risk,1,2.0,30.83977,31.66956,1,0,0.0,0.0,1.0,1,1.554172,0.0,0.383205
queued_8,network_aware,eval_067,LAN,2,lan_single_homo_scalar16,LAN single-node homo scalar16,single_homo,scalar16,direct,low-risk,1,2.0,31.66956,32.51951,1,0,0.0,0.0,1.0,1,1.554172,0.0,0.366609
queued_8,network_aware,eval_068,LAN,2,lan_single_homo_scalar16,LAN single-node homo scalar16,single_homo,scalar16,direct,low-risk,1,2.0,32.51951,33.36778,1,0,0.0,0.0,1.0,1,1.554172,0.0,0.34961
queued_8,network_aware,eval_069,LAN,2,lan_single_homo_scalar16,LAN single-node homo scalar16,single_homo,scalar16,direct,low-risk,1,2.0,33.36778,34.21437,1,0,0.0,0.0,1.0,1,1.554172,0.0,0.332644
queued_8,network_aware,eval_070,LAN,1,lan_single_homo_scalar16,LAN single-node homo scalar16,single_homo,scalar16,direct,low-risk,1,2.0,34.21437,35.04668,1,0,0.0,0.0,1.0,1,1.554172,0.0,0.315713
queued_8,network_aware,eval_071,LAN,1,lan_single_homo_scalar16,LAN single-node homo scalar16,single_homo,scalar16,direct,low-risk,1,2.0,35.04668,35.87983,1,0,0.0,0.0,1.0,1,1.554172,0.0,0.299066
queued_8,network_aware,eval_072,LAN,1,lan_single_homo_scalar16,LAN single-node homo scalar16,single_homo,scalar16,direct,low-risk,1,2.0,35.87983,36.71466,1,0,0.0,0.0,1.0,1,1.554172,0.0,0.282403
queued_8,network_aware,eval_073,LAN,1,lan_single_homo_scalar16,LAN single-node homo scalar16,single_homo,scalar16,direct,low-risk,1,2.25,36.46466,37.29781,1,0,0.0,0.0,1.0,1,1.554172,0.0,0.270707
queued_8,network_aware,eval_074,LAN,1,lan_single_homo_scalar16,LAN single-node homo scalar16,single_homo,scalar16,direct,low-risk,1,2.25,37.29781,38.13096,1,0,0.0,0.0,1.0,1,1.554172,0.0,0.254044
queued_8,network_aware,eval_075,LAN,1,lan_single_homo_scalar16,LAN single-node homo scalar16,single_homo,scalar16,direct,low-risk,1,2.25,38.13096,38.96495,1,0,0.0,0.0,1.0,1,1.554172,0.0,0.237381
queued_8,network_aware,eval_076,LAN,1,lan_single_homo_scalar16,LAN single-node homo scalar16,single_homo,scalar16,direct,low-risk,1,2.25,38.96495,39.79558,1,0,0.0,0.0,1.0,1,1.554172,0.0,0.220701
queued_8,network_aware,eval_077,LAN,2,lan_single_homo_scalar16,LAN single-node homo scalar16,single_homo,scalar16,direct,low-risk,1,2.25,39.79558,40.64637,1,0,0.0,0.0,1.0,1,1.554172,0.0,0.204088
queued_8,network_aware,eval_078,LAN,2,lan_single_homo_scalar16,LAN single-node homo scalar16,single_homo,scalar16,direct,low-risk,1,2.25,40.64637,41.49548,0,0,0.0,0.0,1.0,1,1.554172,0.0,-0.812927
queued_8,network_aware,eval_079,LAN,2,lan_single_homo_scalar16,LAN single-node homo scalar16,single_homo,scalar16,direct,low-risk,1,2.25,41.49548,42.34291,1,0,0.0,0.0,1.0,1,1.554172,0.0,0.17009
queued_8,network_aware,eval_080,LAN,1,lan_single_homo_scalar16,LAN single-node homo scalar16,single_homo,scalar16,direct,low-risk,1,2.25,42.34291,43.17606,1,0,0.0,0.0,1.0,1,1.554172,0.0,0.153142
queued_8,network_aware,eval_081,LAN,1,lan_single_homo_scalar16,LAN single-node homo scalar16,single_homo,scalar16,direct,low-risk,1,2.5,42.92606,43.76593,1,0,0.0,0.0,1.0,1,1.554172,0.0,0.141479
queued_8,network_aware,eval_082,LAN,1,lan_single_homo_scalar16,LAN single-node homo scalar16,single_homo,scalar16,direct,low-risk,1,2.5,43.76593,44.60748,1,0,0.0,0.0,1.0,1,1.554172,0.0,0.124681
queued_8,network_aware,eval_083,LAN,1,lan_single_homo_scalar16,LAN single-node homo scalar16,single_homo,scalar16,direct,low-risk,1,2.5,44.60748,45.44735,1,0,0.0,0.0,1.0,1,1.554172,0.0,0.10785
queued_8,network_aware,eval_084,LAN,1,lan_single_homo_scalar16,LAN single-node homo scalar16,single_homo,scalar16,direct,low-risk,1,2.5,45.44735,46.28722,1,0,0.0,0.0,1.0,1,1.554172,0.0,0.091053
queued_8,network_aware,eval_085,LAN,1,lan_single_homo_scalar16,LAN single-node homo scalar16,single_homo,scalar16,direct,low-risk,1,2.5,46.28722,47.12793,1,0,0.0,0.0,1.0,1,1.554172,0.0,0.074256
queued_8,network_aware,eval_086,LAN,1,lan_single_homo_scalar16,LAN single-node homo scalar16,single_homo,scalar16,direct,low-risk,1,2.5,47.12793,47.96528,1,0,0.0,0.0,1.0,1,1.554172,0.0,0.057441
queued_8,network_aware,eval_087,LAN,3,lan_ab_scalar16,LAN A/B scalar16,t4strict_pair_a_vs_b_40_200,scalar16,direct,high-risk,3,2.5,25.12609,26.18367,1,0,0.15,0.15,0.76,0,1.556788,0.774041,0.482478
queued_8,network_aware,eval_088,LAN,3,lan_ab_scalar16,LAN A/B scalar16,t4strict_pair_a_vs_b_40_200,scalar16,direct,high-risk,3,2.5,26.18367,27.23931,1,0,0.15,0.15,0.76,0,1.556788,0.774041,0.461327
queued_8,network_aware,eval_089,LAN,2,lan_single_homo_scalar16,LAN single-node homo scalar16,single_homo,scalar16,direct,low-risk,1,2.75,47.71528,48.56943,1,0,0.0,0.0,1.0,1,1.554172,0.0,0.045694
queued_8,network_aware,eval_090,LAN,1,lan_single_homo_scalar16,LAN single-node homo scalar16,single_homo,scalar16,direct,low-risk,1,2.75,48.56943,49.4093,1,0,0.0,0.0,1.0,1,1.554172,0.0,0.028611
queued_8,network_aware,eval_091,LAN,1,lan_single_homo_scalar16,LAN single-node homo scalar16,single_homo,scalar16,direct,low-risk,1,2.75,49.4093,50.25085,1,0,0.0,0.0,1.0,1,1.554172,0.0,0.011814
queued_8,network_aware,eval_092,LAN,2,lan_single_homo_scalar16,LAN single-node homo scalar16,single_homo,scalar16,direct,low-risk,1,2.75,50.25085,51.09408,1,0,0.0,0.0,1.0,1,1.554172,0.0,-0.005017
queued_8,network_aware,eval_093,LAN,1,lan_single_homo_scalar16,LAN single-node homo scalar16,single_homo,scalar16,direct,low-risk,1,2.75,51.09408,51.93563,1,0,0.0,0.0,1.0,1,1.554172,0.0,-0.021882
queued_8,network_aware,eval_094,LAN,1,lan_single_homo_scalar16,LAN single-node homo scalar16,single_homo,scalar16,direct,low-risk,1,2.75,51.93563,52.77718,1,0,0.0,0.0,1.0,1,1.554172,0.0,-0.038713
queued_8,network_aware,eval_095,LAN,2,lan_single_homo_scalar16,LAN single-node homo scalar16,single_homo,scalar16,direct,low-risk,1,2.75,52.77718,53.61957,1,0,0.0,0.0,1.0,1,1.554172,0.0,-0.055544
queued_8,network_aware,eval_096,LAN,1,lan_single_homo_scalar16,LAN single-node homo scalar16,single_homo,scalar16,direct,low-risk,1,2.75,53.61957,54.4586,1,0,0.0,0.0,1.0,1,1.554172,0.0,-0.072391
queued_8,network_aware,eval_097,LAN,3,lan_ab_scalar16,LAN A/B scalar16,t4strict_pair_a_vs_b_40_200,scalar16,direct,high-risk,3,3.0,26.73931,27.79883,1,0,0.15,0.15,0.76,0,1.556788,0.774041,0.450214
queued_8,network_aware,eval_098,LAN,3,lan_ab_scalar16,LAN A/B scalar16,t4strict_pair_a_vs_b_40_200,scalar16,direct,high-risk,3,3.0,27.79883,28.85641,1,1,0.15,0.15,0.76,0,5.160275,0.774041,0.279023
queued_8,network_aware,eval_099,LAN,3,lan_ab_scalar16,LAN A/B scalar16,t4strict_pair_a_vs_b_40_200,scalar16,direct,high-risk,3,3.0,28.85641,29.91205,1,0,0.15,0.15,0.76,0,1.556788,0.774041,0.407872
queued_8,network_aware,eval_100,LAN,1,lan_single_homo_scalar16,LAN single-node homo scalar16,single_homo,scalar16,direct,low-risk,1,3.0,54.2086,55.05015,1,0,0.0,0.0,1.0,1,1.554172,0.0,-0.084172
queued_8,network_aware,eval_101,LAN,1,lan_single_homo_scalar16,LAN single-node homo scalar16,single_homo,scalar16,direct,low-risk,1,3.0,55.05015,55.88414,1,0,0.0,0.0,1.0,1,1.554172,0.0,-0.101003
queued_8,network_aware,eval_102,LAN,1,lan_single_homo_scalar16,LAN single-node homo scalar16,single_homo,scalar16,direct,low-risk,1,3.0,55.88414,56.71981,1,0,0.0,0.0,1.0,1,1.554172,0.0,-0.117683
queued_8,network_aware,eval_103,LAN,1,lan_single_homo_scalar16,LAN single-node homo scalar16,single_homo,scalar16,direct,low-risk,1,3.0,56.71981,57.5538,1,0,0.0,0.0,1.0,1,1.554172,0.0,-0.134396
queued_8,network_aware,eval_104,LAN,1,lan_single_homo_scalar16,LAN single-node homo scalar16,single_homo,scalar16,direct,low-risk,1,3.0,57.5538,58.38779,1,0,0.0,0.0,1.0,1,1.554172,0.0,-0.151076
queued_8,network_aware,eval_105,LAN,1,lan_single_homo_scalar16,LAN single-node homo scalar16,single_homo,scalar16,direct,low-risk,1,3.25,58.13779,58.97262,1,0,0.0,0.0,1.0,1,1.554172,0.0,-0.162756
queued_8,network_aware,eval_106,LAN,1,lan_single_homo_scalar16,LAN single-node homo scalar16,single_homo,scalar16,direct,low-risk,1,3.25,58.97262,59.80409,1,0,0.0,0.0,1.0,1,1.554172,0.0,-0.179452
queued_8,network_aware,eval_107,LAN,2,lan_single_homo_scalar16,LAN single-node homo scalar16,single_homo,scalar16,direct,low-risk,1,3.25,59.80409,60.65572,1,0,0.0,0.0,1.0,1,1.554172,0.0,-0.196082
queued_8,network_aware,eval_108,LAN,2,lan_single_homo_scalar16,LAN single-node homo scalar16,single_homo,scalar16,direct,low-risk,1,3.25,60.65572,61.50567,1,0,0.0,0.0,1.0,1,1.554172,0.0,-0.213114
queued_8,network_aware,eval_109,LAN,2,lan_single_homo_scalar16,LAN single-node homo scalar16,single_homo,scalar16,direct,low-risk,1,3.25,61.50567,62.35394,1,0,0.0,0.0,1.0,1,1.554172,0.0,-0.230113
queued_8,network_aware,eval_110,LAN,1,lan_single_homo_scalar16,LAN single-node homo scalar16,single_homo,scalar16,direct,low-risk,1,3.25,62.35394,63.18793,1,0,0.0,0.0,1.0,1,1.554172,0.0,-0.247079
queued_8,network_aware,eval_111,LAN,1,lan_single_homo_scalar16,LAN single-node homo scalar16,single_homo,scalar16,direct,low-risk,1,3.25,63.18793,64.02276,1,0,0.0,0.0,1.0,1,1.554172,0.0,-0.263759
queued_8,network_aware,eval_112,LAN,1,lan_single_homo_scalar16,LAN single-node homo scalar16,single_homo,scalar16,direct,low-risk,1,3.25,64.02276,64.85927,1,0,0.0,0.0,1.0,1,1.554172,0.0,-0.280455
queued_8,network_aware,eval_113,LAN,1,lan_single_homo_scalar16,LAN single-node homo scalar16,single_homo,scalar16,direct,low-risk,1,3.5,64.60927,65.4441,1,0,0.0,0.0,1.0,1,1.554172,0.0,-0.292185
queued_8,network_aware,eval_114,LAN,1,lan_single_homo_scalar16,LAN single-node homo scalar16,single_homo,scalar16,direct,low-risk,1,3.5,65.4441,66.27893,1,0,0.0,0.0,1.0,1,1.554172,0.0,-0.308882
queued_8,network_aware,eval_115,LAN,1,lan_single_homo_scalar16,LAN single-node homo scalar16,single_homo,scalar16,direct,low-risk,1,3.5,66.27893,67.1146,1,0,0.0,0.0,1.0,1,1.554172,0.0,-0.325579
queued_8,network_aware,eval_116,LAN,1,lan_single_homo_scalar16,LAN single-node homo scalar16,single_homo,scalar16,direct,low-risk,1,3.5,67.1146,67.94691,1,0,0.0,0.0,1.0,1,1.554172,0.0,-0.342292
queued_8,network_aware,eval_117,LAN,2,lan_single_homo_scalar16,LAN single-node homo scalar16,single_homo,scalar16,direct,low-risk,1,3.5,67.94691,68.79938,1,0,0.0,0.0,1.0,1,1.554172,0.0,-0.358938
queued_8,network_aware,eval_118,LAN,2,lan_single_homo_scalar16,LAN single-node homo scalar16,single_homo,scalar16,direct,low-risk,1,3.5,68.79938,69.65017,0,0,0.0,0.0,1.0,1,1.554172,0.0,-1.375988
queued_8,network_aware,eval_119,LAN,2,lan_single_homo_scalar16,LAN single-node homo scalar16,single_homo,scalar16,direct,low-risk,1,3.5,69.65017,70.49928,1,0,0.0,0.0,1.0,1,1.554172,0.0,-0.393003
queued_8,network_aware,eval_120,LAN,1,lan_single_homo_scalar16,LAN single-node homo scalar16,single_homo,scalar16,direct,low-risk,1,3.5,70.49928,71.33411,1,0,0.0,0.0,1.0,1,1.554172,0.0,-0.409986
queued_8,network_aware,eval_121,LAN,1,lan_single_homo_scalar16,LAN single-node homo scalar16,single_homo,scalar16,direct,low-risk,1,3.75,71.08411,71.92398,1,0,0.0,0.0,1.0,1,1.554172,0.0,-0.421682
queued_8,network_aware,eval_122,LAN,1,lan_single_homo_scalar16,LAN single-node homo scalar16,single_homo,scalar16,direct,low-risk,1,3.75,71.92398,72.76553,1,0,0.0,0.0,1.0,1,1.554172,0.0,-0.43848
queued_8,network_aware,eval_123,LAN,1,lan_single_homo_scalar16,LAN single-node homo scalar16,single_homo,scalar16,direct,low-risk,1,3.75,72.76553,73.6054,1,0,0.0,0.0,1.0,1,1.554172,0.0,-0.455311
queued_8,network_aware,eval_124,LAN,1,lan_single_homo_scalar16,LAN single-node homo scalar16,single_homo,scalar16,direct,low-risk,1,3.75,73.6054,74.44527,1,0,0.0,0.0,1.0,1,1.554172,0.0,-0.472108
queued_8,network_aware,eval_125,LAN,1,lan_single_homo_scalar16,LAN single-node homo scalar16,single_homo,scalar16,direct,low-risk,1,3.75,74.44527,75.28598,1,0,0.0,0.0,1.0,1,1.554172,0.0,-0.488905
queued_8,network_aware,eval_126,LAN,1,lan_single_homo_scalar16,LAN single-node homo scalar16,single_homo,scalar16,direct,low-risk,1,3.75,75.28598,76.12333,1,0,0.0,0.0,1.0,1,1.554172,0.0,-0.50572
queued_8,network_aware,eval_127,LAN,3,lan_ab_scalar16,LAN A/B scalar16,t4strict_pair_a_vs_b_40_200,scalar16,direct,high-risk,3,3.75,29.16205,30.21963,1,0,0.15,0.15,0.76,0,1.556788,0.774041,0.401759
queued_8,network_aware,eval_128,LAN,3,lan_ab_scalar16,LAN A/B scalar16,t4strict_pair_a_vs_b_40_200,scalar16,direct,high-risk,3,3.75,30.21963,31.27527,1,0,0.15,0.15,0.76,0,1.556788,0.774041,0.380607
queued_8,network_aware,eval_129,LAN,2,lan_single_homo_scalar16,LAN single-node homo scalar16,single_homo,scalar16,direct,low-risk,1,4.0,75.87333,76.72748,1,0,0.0,0.0,1.0,1,1.554172,0.0,-0.517467
queued_8,network_aware,eval_130,LAN,1,lan_single_homo_scalar16,LAN single-node homo scalar16,single_homo,scalar16,direct,low-risk,1,4.0,76.72748,77.56735,1,0,0.0,0.0,1.0,1,1.554172,0.0,-0.53455
queued_8,network_aware,eval_131,LAN,2,lan_single_homo_scalar16,LAN single-node homo scalar16,single_homo,scalar16,direct,low-risk,1,4.0,77.56735,78.41142,1,0,0.0,0.0,1.0,1,1.554172,0.0,-0.551347
queued_8,network_aware,eval_132,LAN,2,lan_single_homo_scalar16,LAN single-node homo scalar16,single_homo,scalar16,direct,low-risk,1,4.0,78.41142,79.25717,0,0,0.0,0.0,1.0,1,1.554172,0.0,-1.568228
queued_8,network_aware,eval_133,LAN,2,lan_single_homo_scalar16,LAN single-node homo scalar16,single_homo,scalar16,direct,low-risk,1,4.0,79.25717,80.10124,1,0,0.0,0.0,1.0,1,1.554172,0.0,-0.585143
queued_8,network_aware,eval_134,LAN,2,lan_single_homo_scalar16,LAN single-node homo scalar16,single_homo,scalar16,direct,low-risk,1,4.0,80.10124,80.94531,1,0,0.0,0.0,1.0,1,1.554172,0.0,-0.602025
queued_8,network_aware,eval_135,LAN,2,lan_single_homo_scalar16,LAN single-node homo scalar16,single_homo,scalar16,direct,low-risk,1,4.0,80.94531,81.79022,1,0,0.0,0.0,1.0,1,1.554172,0.0,-0.618906
queued_8,network_aware,eval_136,LAN,1,lan_single_homo_scalar16,LAN single-node homo scalar16,single_homo,scalar16,direct,low-risk,1,4.0,81.79022,82.63177,1,0,0.0,0.0,1.0,1,1.554172,0.0,-0.635804
queued_8,network_aware,eval_137,LAN,3,lan_ab_scalar16,LAN A/B scalar16,t4strict_pair_a_vs_b_40_200,scalar16,direct,high-risk,3,4.25,30.77527,31.8377,1,0,0.15,0.15,0.76,0,1.556788,0.774041,0.369495
queued_8,network_aware,eval_138,LAN,3,lan_ab_scalar16,LAN A/B scalar16,t4strict_pair_a_vs_b_40_200,scalar16,direct,high-risk,3,4.25,31.8377,32.89819,1,0,0.15,0.15,0.76,0,1.556788,0.774041,0.348246
queued_8,network_aware,eval_139,LAN,3,lan_ab_scalar16,LAN A/B scalar16,t4strict_pair_a_vs_b_40_200,scalar16,direct,high-risk,3,4.25,32.89819,33.95674,1,0,0.15,0.15,0.76,0,1.556788,0.774041,0.327036
queued_8,network_aware,eval_140,LAN,2,lan_single_homo_scalar16,LAN single-node homo scalar16,single_homo,scalar16,direct,low-risk,1,4.25,82.38177,83.22584,0,0,0.0,0.0,1.0,1,1.554172,0.0,-1.647635
queued_8,network_aware,eval_141,WAN,1,wan_ad_scalar16,WAN A/D scalar16,t4strict_pair_a_vs_d_40_200,scalar16,direct,high-risk,3,4.25,0.0,1.24875,1,0,0.09,0.09,0.51,0,1.776668,0.484214,0.991
queued_8,network_aware,eval_142,WAN,1,wan_ad_scalar16,WAN A/D scalar16,t4strict_pair_a_vs_d_40_200,scalar16,direct,high-risk,3,4.25,1.24875,2.49948,1,1,0.09,0.09,0.51,0,5.380155,0.484214,0.816025
queued_8,network_aware,eval_143,WAN,1,wan_ad_scalar16,WAN A/D scalar16,t4strict_pair_a_vs_d_40_200,scalar16,direct,high-risk,3,4.25,2.49948,3.74823,1,0,0.09,0.09,0.51,0,1.776668,0.484214,0.94101
queued_8,network_aware,eval_144,WAN,1,wan_ad_scalar16,WAN A/D scalar16,t4strict_pair_a_vs_d_40_200,scalar16,direct,high-risk,3,4.25,3.74823,4.99698,1,1,0.09,0.09,0.51,0,5.380155,0.484214,0.766035
queued_8,network_aware,eval_145,WAN,1,wan_ad_scalar16,WAN A/D scalar16,t4strict_pair_a_vs_d_40_200,scalar16,direct,high-risk,3,4.5,4.74698,5.99672,1,0,0.09,0.09,0.51,0,1.776668,0.484214,0.89606
queued_8,network_aware,eval_146,WAN,1,wan_ad_scalar16,WAN A/D scalar16,t4strict_pair_a_vs_d_40_200,scalar16,direct,high-risk,3,4.5,5.99672,7.2425,1,0,0.09,0.09,0.51,0,1.776668,0.484214,0.871066
queued_8,network_aware,eval_147,WAN,2,wan_ad_scalar16,WAN A/D scalar16,t4strict_pair_a_vs_d_40_200,scalar16,direct,high-risk,3,4.5,7.2425,8.51204,1,0,0.09,0.09,0.51,0,1.776668,0.484214,0.84615
queued_8,network_aware,eval_148,WAN,2,wan_ad_scalar16,WAN A/D scalar16,t4strict_pair_a_vs_d_40_200,scalar16,direct,high-risk,3,4.5,8.51204,9.7796,1,0,0.09,0.09,0.51,0,1.776668,0.484214,0.820759
queued_8,network_aware,eval_149,WAN,2,wan_ad_scalar16,WAN A/D scalar16,t4strict_pair_a_vs_d_40_200,scalar16,direct,high-risk,3,4.5,9.7796,11.04518,1,0,0.09,0.09,0.51,0,1.776668,0.484214,0.795408
queued_8,network_aware,eval_150,WAN,1,wan_ad_scalar16,WAN A/D scalar16,t4strict_pair_a_vs_d_40_200,scalar16,direct,high-risk,3,4.5,11.04518,12.29393,1,0,0.09,0.09,0.51,0,1.776668,0.484214,0.770096
queued_8,network_aware,eval_151,WAN,1,wan_ad_scalar16,WAN A/D scalar16,t4strict_pair_a_vs_d_40_200,scalar16,direct,high-risk,3,4.5,12.29393,13.54565,1,0,0.09,0.09,0.51,0,1.776668,0.484214,0.745121
queued_8,network_aware,eval_152,WAN,1,wan_ad_scalar16,WAN A/D scalar16,t4strict_pair_a_vs_d_40_200,scalar16,direct,high-risk,3,4.5,13.54565,14.79935,1,0,0.09,0.09,0.51,0,1.776668,0.484214,0.720087
queued_8,network_aware,eval_153,WAN,1,wan_ad_scalar16,WAN A/D scalar16,t4strict_pair_a_vs_d_40_200,scalar16,direct,high-risk,3,4.75,14.54935,15.80107,1,0,0.09,0.09,0.51,0,1.776668,0.484214,0.700013
queued_8,network_aware,eval_154,WAN,1,wan_ad_scalar16,WAN A/D scalar16,t4strict_pair_a_vs_d_40_200,scalar16,direct,high-risk,3,4.75,15.80107,17.05279,1,0,0.09,0.09,0.51,0,1.776668,0.484214,0.674979
queued_8,network_aware,eval_155,WAN,1,wan_ad_scalar16,WAN A/D scalar16,t4strict_pair_a_vs_d_40_200,scalar16,direct,high-risk,3,4.75,17.05279,18.3055,1,0,0.09,0.09,0.51,0,1.776668,0.484214,0.649944
queued_8,network_aware,eval_156,WAN,1,wan_ad_scalar16,WAN A/D scalar16,t4strict_pair_a_vs_d_40_200,scalar16,direct,high-risk,3,4.75,18.3055,19.55425,1,0,0.09,0.09,0.51,0,1.776668,0.484214,0.62489
queued_8,network_aware,eval_157,WAN,2,wan_ad_scalar16,WAN A/D scalar16,t4strict_pair_a_vs_d_40_200,scalar16,direct,high-risk,3,4.75,19.55425,20.82676,1,0,0.09,0.09,0.51,0,1.776668,0.484214,0.599915
queued_8,network_aware,eval_158,WAN,2,wan_ad_scalar16,WAN A/D scalar16,t4strict_pair_a_vs_d_40_200,scalar16,direct,high-risk,3,4.75,20.82676,22.09729,1,0,0.09,0.09,0.51,0,1.776668,0.484214,0.574465
queued_8,network_aware,eval_159,WAN,2,wan_ad_scalar16,WAN A/D scalar16,t4strict_pair_a_vs_d_40_200,scalar16,direct,high-risk,3,4.75,22.09729,23.36584,1,0,0.09,0.09,0.51,0,1.776668,0.484214,0.549054
queued_8,network_aware,eval_160,WAN,1,wan_ad_scalar16,WAN A/D scalar16,t4strict_pair_a_vs_d_40_200,scalar16,direct,high-risk,3,4.75,23.36584,24.61756,1,0,0.09,0.09,0.51,0,1.776668,0.484214,0.523683
queued_8,network_aware,eval_161,WAN,2,wan_ad_scalar16,WAN A/D scalar16,t4strict_pair_a_vs_d_40_200,scalar16,direct,high-risk,3,5.0,24.36756,25.62918,0,0,0.09,0.09,0.51,0,1.776668,0.484214,-0.496351
queued_8,network_aware,eval_162,WAN,2,wan_ad_scalar16,WAN A/D scalar16,t4strict_pair_a_vs_d_40_200,scalar16,direct,high-risk,3,5.0,25.62918,26.89278,0,0,0.09,0.09,0.51,0,1.776668,0.484214,-0.521584
queued_8,network_aware,eval_163,WAN,2,wan_ad_scalar16,WAN A/D scalar16,t4strict_pair_a_vs_d_40_200,scalar16,direct,high-risk,3,5.0,26.89278,28.1544,1,0,0.09,0.09,0.51,0,1.776668,0.484214,0.453144
queued_8,network_aware,eval_164,WAN,2,wan_ad_scalar16,WAN A/D scalar16,t4strict_pair_a_vs_d_40_200,scalar16,direct,high-risk,3,5.0,28.1544,29.41602,1,0,0.09,0.09,0.51,0,1.776668,0.484214,0.427912
queued_8,network_aware,eval_165,WAN,2,wan_ad_scalar16,WAN A/D scalar16,t4strict_pair_a_vs_d_40_200,scalar16,direct,high-risk,3,5.0,29.41602,30.67863,1,0,0.09,0.09,0.51,0,1.776668,0.484214,0.40268
queued_8,network_aware,eval_166,WAN,1,wan_ad_scalar16,WAN A/D scalar16,t4strict_pair_a_vs_d_40_200,scalar16,direct,high-risk,3,5.0,30.67863,31.93728,1,0,0.09,0.09,0.51,0,1.776668,0.484214,0.377427
queued_8,network_aware,eval_167,WAN,3,wan_ad_scalar16,WAN A/D scalar16,t4strict_pair_a_vs_d_40_200,scalar16,direct,high-risk,3,5.0,31.93728,33.21969,1,0,0.09,0.09,0.51,0,1.776668,0.484214,0.352254
queued_8,network_aware,eval_168,WAN,3,wan_ad_scalar16,WAN A/D scalar16,t4strict_pair_a_vs_d_40_200,scalar16,direct,high-risk,3,5.0,33.21969,34.50012,1,0,0.09,0.09,0.51,0,1.776668,0.484214,0.326606
queued_8,network_aware,eval_169,WAN,3,wan_ad_scalar16,WAN A/D scalar16,t4strict_pair_a_vs_d_40_200,scalar16,direct,high-risk,3,5.25,34.25012,35.52857,1,0,0.09,0.09,0.51,0,1.776668,0.484214,0.305998
queued_8,network_aware,eval_170,WAN,2,wan_ad_scalar16,WAN A/D scalar16,t4strict_pair_a_vs_d_40_200,scalar16,direct,high-risk,3,5.25,35.52857,36.79019,1,0,0.09,0.09,0.51,0,1.776668,0.484214,0.280429
queued_8,network_aware,eval_171,WAN,1,wan_ad_scalar16,WAN A/D scalar16,t4strict_pair_a_vs_d_40_200,scalar16,direct,high-risk,3,5.25,36.79019,38.04884,1,0,0.09,0.09,0.51,0,1.776668,0.484214,0.255196
queued_8,network_aware,eval_172,WAN,2,wan_ad_scalar16,WAN A/D scalar16,t4strict_pair_a_vs_d_40_200,scalar16,direct,high-risk,3,5.25,38.04884,39.30947,1,0,0.09,0.09,0.51,0,1.776668,0.484214,0.230023
queued_8,network_aware,eval_173,WAN,1,wan_ad_scalar16,WAN A/D scalar16,t4strict_pair_a_vs_d_40_200,scalar16,direct,high-risk,3,5.25,39.30947,40.56812,1,1,0.09,0.09,0.51,0,5.380155,0.484214,0.054811
queued_8,network_aware,eval_174,WAN,1,wan_ad_scalar16,WAN A/D scalar16,t4strict_pair_a_vs_d_40_200,scalar16,direct,high-risk,3,5.25,40.56812,41.82677,1,0,0.09,0.09,0.51,0,1.776668,0.484214,0.179638
queued_8,network_aware,eval_175,WAN,2,wan_ad_scalar16,WAN A/D scalar16,t4strict_pair_a_vs_d_40_200,scalar16,direct,high-risk,3,5.25,41.82677,43.08641,1,0,0.09,0.09,0.51,0,1.776668,0.484214,0.154465
queued_8,network_aware,eval_176,WAN,1,wan_ad_scalar16,WAN A/D scalar16,t4strict_pair_a_vs_d_40_200,scalar16,direct,high-risk,3,5.25,43.08641,44.34209,1,0,0.09,0.09,0.51,0,1.776668,0.484214,0.129272
queued_8,network_aware,eval_177,WAN,3,wan_ad_scalar16,WAN A/D scalar16,t4strict_pair_a_vs_d_40_200,scalar16,direct,high-risk,3,5.5,44.09209,45.37153,1,0,0.09,0.09,0.51,0,1.776668,0.484214,0.109158
queued_8,network_aware,eval_178,WAN,3,wan_ad_scalar16,WAN A/D scalar16,t4strict_pair_a_vs_d_40_200,scalar16,direct,high-risk,3,5.5,45.37153,46.64899,1,0,0.09,0.09,0.51,0,1.776668,0.484214,0.083569
queued_8,network_aware,eval_179,WAN,3,wan_ad_scalar16,WAN A/D scalar16,t4strict_pair_a_vs_d_40_200,scalar16,direct,high-risk,3,5.5,46.64899,47.92447,1,0,0.09,0.09,0.51,0,1.776668,0.484214,0.05802
queued_8,network_aware,eval_180,WAN,1,wan_ad_scalar16,WAN A/D scalar16,t4strict_pair_a_vs_d_40_200,scalar16,direct,high-risk,3,5.5,47.92447,49.18312,1,0,0.09,0.09,0.51,0,1.776668,0.484214,0.032511
queued_8,network_aware,eval_181,WAN,2,wan_ad_scalar16,WAN A/D scalar16,t4strict_pair_a_vs_d_40_200,scalar16,direct,high-risk,3,5.5,49.18312,50.45068,1,0,0.09,0.09,0.51,0,1.776668,0.484214,0.007338
queued_8,network_aware,eval_182,WAN,2,wan_ad_scalar16,WAN A/D scalar16,t4strict_pair_a_vs_d_40_200,scalar16,direct,high-risk,3,5.5,50.45068,51.72022,1,0,0.09,0.09,0.51,0,1.776668,0.484214,-0.018014
queued_8,network_aware,eval_183,WAN,2,wan_ad_scalar16,WAN A/D scalar16,t4strict_pair_a_vs_d_40_200,scalar16,direct,high-risk,3,5.5,51.72022,52.98778,1,0,0.09,0.09,0.51,0,1.776668,0.484214,-0.043404
queued_8,network_aware,eval_184,WAN,2,wan_ad_scalar16,WAN A/D scalar16,t4strict_pair_a_vs_d_40_200,scalar16,direct,high-risk,3,5.5,52.98778,54.25534,1,0,0.09,0.09,0.51,0,1.776668,0.484214,-0.068756
queued_8,network_aware,eval_185,WAN,2,wan_ad_scalar16,WAN A/D scalar16,t4strict_pair_a_vs_d_40_200,scalar16,direct,high-risk,3,5.75,54.00534,55.27389,1,0,0.09,0.09,0.51,0,1.776668,0.484214,-0.089107
queued_8,network_aware,eval_186,WAN,2,wan_ad_scalar16,WAN A/D scalar16,t4strict_pair_a_vs_d_40_200,scalar16,direct,high-risk,3,5.75,55.27389,56.53848,1,0,0.09,0.09,0.51,0,1.776668,0.484214,-0.114478
queued_8,network_aware,eval_187,WAN,3,wan_ad_scalar16,WAN A/D scalar16,t4strict_pair_a_vs_d_40_200,scalar16,direct,high-risk,3,5.75,56.53848,57.82683,1,0,0.09,0.09,0.51,0,1.776668,0.484214,-0.13977
queued_8,network_aware,eval_188,WAN,3,wan_ad_scalar16,WAN A/D scalar16,t4strict_pair_a_vs_d_40_200,scalar16,direct,high-risk,3,5.75,57.82683,59.1132,1,1,0.09,0.09,0.51,0,5.380155,0.484214,-0.315537
queued_8,network_aware,eval_189,WAN,3,wan_ad_scalar16,WAN A/D scalar16,t4strict_pair_a_vs_d_40_200,scalar16,direct,high-risk,3,5.75,59.1132,60.39759,1,0,0.09,0.09,0.51,0,1.776668,0.484214,-0.191264
queued_8,network_aware,eval_190,WAN,2,wan_ad_scalar16,WAN A/D scalar16,t4strict_pair_a_vs_d_40_200,scalar16,direct,high-risk,3,5.75,60.39759,61.66515,1,0,0.09,0.09,0.51,0,1.776668,0.484214,-0.216952
queued_8,network_aware,eval_191,WAN,2,wan_ad_scalar16,WAN A/D scalar16,t4strict_pair_a_vs_d_40_200,scalar16,direct,high-risk,3,5.75,61.66515,62.93271,1,0,0.09,0.09,0.51,0,1.776668,0.484214,-0.242303
queued_8,network_aware,eval_192,WAN,2,wan_ad_scalar16,WAN A/D scalar16,t4strict_pair_a_vs_d_40_200,scalar16,direct,high-risk,3,5.75,62.93271,64.20225,0,0,0.09,0.09,0.51,0,1.776668,0.484214,-1.267654
queued_8,network_aware,eval_193,WAN,2,wan_ad_scalar16,WAN A/D scalar16,t4strict_pair_a_vs_d_40_200,scalar16,direct,high-risk,3,6.0,63.95225,65.21981,1,0,0.09,0.09,0.51,0,1.776668,0.484214,-0.288045
queued_8,network_aware,eval_194,WAN,2,wan_ad_scalar16,WAN A/D scalar16,t4strict_pair_a_vs_d_40_200,scalar16,direct,high-risk,3,6.0,65.21981,66.48737,1,0,0.09,0.09,0.51,0,1.776668,0.484214,-0.313396
queued_8,network_aware,eval_195,WAN,2,wan_ad_scalar16,WAN A/D scalar16,t4strict_pair_a_vs_d_40_200,scalar16,direct,high-risk,3,6.0,66.48737,67.75592,1,1,0.09,0.09,0.51,0,5.380155,0.484214,-0.488747
queued_8,network_aware,eval_196,WAN,2,wan_ad_scalar16,WAN A/D scalar16,t4strict_pair_a_vs_d_40_200,scalar16,direct,high-risk,3,6.0,67.75592,69.02051,1,0,0.09,0.09,0.51,0,1.776668,0.484214,-0.364118
queued_8,network_aware,eval_197,WAN,3,wan_ad_scalar16,WAN A/D scalar16,t4strict_pair_a_vs_d_40_200,scalar16,direct,high-risk,3,6.0,69.02051,70.30886,1,0,0.09,0.09,0.51,0,1.776668,0.484214,-0.38941
queued_8,network_aware,eval_198,WAN,3,wan_ad_scalar16,WAN A/D scalar16,t4strict_pair_a_vs_d_40_200,scalar16,direct,high-risk,3,6.0,70.30886,71.59523,1,0,0.09,0.09,0.51,0,1.776668,0.484214,-0.415177
queued_8,network_aware,eval_199,WAN,3,wan_ad_scalar16,WAN A/D scalar16,t4strict_pair_a_vs_d_40_200,scalar16,direct,high-risk,3,6.0,71.59523,72.87962,1,0,0.09,0.09,0.51,0,1.776668,0.484214,-0.440905
queued_8,network_aware,eval_200,WAN,2,wan_ad_scalar16,WAN A/D scalar16,t4strict_pair_a_vs_d_40_200,scalar16,direct,high-risk,3,6.0,72.87962,74.14718,1,0,0.09,0.09,0.51,0,1.776668,0.484214,-0.466592
queued_8,risk_constrained,eval_001,LAN,3,lan_ab_projcos4,LAN A/B projcos4,t4strict_pair_a_vs_b_40_200,projcos4,feasible_only,low-risk,3,0.0,0.0,1.05564,1,0,0.02,0.02,1.0,1,1.785521,0.111675,0.998
queued_8,risk_constrained,eval_002,LAN,3,lan_ab_projcos4,LAN A/B projcos4,t4strict_pair_a_vs_b_40_200,projcos4,feasible_only,low-risk,3,0.0,1.05564,2.11322,1,1,0.02,0.02,1.0,1,5.583751,0.111675,0.826887
queued_8,risk_constrained,eval_003,LAN,3,lan_ab_projcos4,LAN A/B projcos4,t4strict_pair_a_vs_b_40_200,projcos4,feasible_only,low-risk,3,0.0,2.11322,3.16886,1,0,0.02,0.02,1.0,1,1.785521,0.111675,0.955736
queued_8,risk_constrained,eval_004,LAN,3,lan_ab_projcos4,LAN A/B projcos4,t4strict_pair_a_vs_b_40_200,projcos4,feasible_only,low-risk,3,0.0,3.16886,4.2245,1,0,0.02,0.02,1.0,1,1.785521,0.111675,0.934623
queued_8,risk_constrained,eval_005,LAN,3,lan_ab_projcos4,LAN A/B projcos4,t4strict_pair_a_vs_b_40_200,projcos4,feasible_only,low-risk,3,0.0,4.2245,5.28111,1,0,0.02,0.02,1.0,1,1.785521,0.111675,0.91351
queued_8,risk_constrained,eval_006,LAN,2,lan_single_homo_scalar16,LAN single-node homo scalar16,single_homo,scalar16,feasible_only,low-risk,1,0.0,0.0,0.85331,1,0,0.0,0.0,1.0,1,1.554172,0.0,1.0
queued_8,risk_constrained,eval_007,LAN,3,lan_ab_projcos4,LAN A/B projcos4,t4strict_pair_a_vs_b_40_200,projcos4,feasible_only,low-risk,3,0.0,5.28111,6.35712,1,0,0.02,0.02,1.0,1,1.785521,0.111675,0.892378
queued_8,risk_constrained,eval_008,LAN,3,lan_ab_projcos4,LAN A/B projcos4,t4strict_pair_a_vs_b_40_200,projcos4,feasible_only,low-risk,3,0.0,6.35712,7.43119,1,0,0.02,0.02,1.0,1,1.785521,0.111675,0.870858
queued_8,risk_constrained,eval_009,LAN,3,lan_ab_projcos4,LAN A/B projcos4,t4strict_pair_a_vs_b_40_200,projcos4,feasible_only,low-risk,3,0.25,7.18119,8.25332,1,1,0.02,0.02,1.0,1,5.583751,0.111675,0.704376
queued_8,risk_constrained,eval_010,LAN,3,lan_ab_projcos4,LAN A/B projcos4,t4strict_pair_a_vs_b_40_200,projcos4,feasible_only,low-risk,3,0.25,8.25332,9.30896,1,0,0.02,0.02,1.0,1,1.785521,0.111675,0.832934
queued_8,risk_constrained,eval_011,LAN,1,lan_single_homo_scalar16,LAN single-node homo scalar16,single_homo,scalar16,feasible_only,low-risk,1,0.25,0.60331,1.44318,1,0,0.0,0.0,1.0,1,1.554172,0.0,0.987934
queued_8,risk_constrained,eval_012,LAN,1,lan_single_homo_scalar16,LAN single-node homo scalar16,single_homo,scalar16,feasible_only,low-risk,1,0.25,1.44318,2.28473,1,0,0.0,0.0,1.0,1,1.554172,0.0,0.971136
queued_8,risk_constrained,eval_013,LAN,1,lan_single_homo_scalar16,LAN single-node homo scalar16,single_homo,scalar16,feasible_only,low-risk,1,0.25,2.28473,3.1246,1,0,0.0,0.0,1.0,1,1.554172,0.0,0.954305
queued_8,risk_constrained,eval_014,LAN,1,lan_single_homo_scalar16,LAN single-node homo scalar16,single_homo,scalar16,feasible_only,low-risk,1,0.25,3.1246,3.96447,1,0,0.0,0.0,1.0,1,1.554172,0.0,0.937508
queued_8,risk_constrained,eval_015,LAN,1,lan_single_homo_scalar16,LAN single-node homo scalar16,single_homo,scalar16,feasible_only,low-risk,1,0.25,3.96447,4.80518,1,0,0.0,0.0,1.0,1,1.554172,0.0,0.920711
queued_8,risk_constrained,eval_016,LAN,1,lan_single_homo_scalar16,LAN single-node homo scalar16,single_homo,scalar16,feasible_only,low-risk,1,0.25,4.80518,5.64253,1,0,0.0,0.0,1.0,1,1.554172,0.0,0.903896
queued_8,risk_constrained,eval_017,LAN,3,lan_ab_projcos4,LAN A/B projcos4,t4strict_pair_a_vs_b_40_200,projcos4,feasible_only,low-risk,3,0.5,9.05896,10.11654,1,0,0.02,0.02,1.0,1,1.785521,0.111675,0.816821
queued_8,risk_constrained,eval_018,LAN,3,lan_ab_projcos4,LAN A/B projcos4,t4strict_pair_a_vs_b_40_200,projcos4,feasible_only,low-risk,3,0.5,10.11654,11.17218,1,0,0.02,0.02,1.0,1,1.785521,0.111675,0.795669
queued_8,risk_constrained,eval_019,LAN,2,lan_single_homo_scalar16,LAN single-node homo scalar16,single_homo,scalar16,feasible_only,low-risk,1,0.5,5.39253,6.24668,0,0,0.0,0.0,1.0,1,1.554172,0.0,-0.107851
queued_8,risk_constrained,eval_020,LAN,1,lan_single_homo_scalar16,LAN single-node homo scalar16,single_homo,scalar16,feasible_only,low-risk,1,0.5,6.24668,7.08655,1,0,0.0,0.0,1.0,1,1.554172,0.0,0.875066
queued_8,risk_constrained,eval_021,LAN,1,lan_single_homo_scalar16,LAN single-node homo scalar16,single_homo,scalar16,feasible_only,low-risk,1,0.5,7.08655,7.91886,1,0,0.0,0.0,1.0,1,1.554172,0.0,0.858269
queued_8,risk_constrained,eval_022,LAN,1,lan_single_homo_scalar16,LAN single-node homo scalar16,single_homo,scalar16,feasible_only,low-risk,1,0.5,7.91886,8.75285,1,0,0.0,0.0,1.0,1,1.554172,0.0,0.841623
queued_8,risk_constrained,eval_023,LAN,1,lan_single_homo_scalar16,LAN single-node homo scalar16,single_homo,scalar16,feasible_only,low-risk,1,0.5,8.75285,9.58516,1,0,0.0,0.0,1.0,1,1.554172,0.0,0.824943
queued_8,risk_constrained,eval_024,LAN,1,lan_single_homo_scalar16,LAN single-node homo scalar16,single_homo,scalar16,feasible_only,low-risk,1,0.5,9.58516,10.41747,1,0,0.0,0.0,1.0,1,1.554172,0.0,0.808297
queued_8,risk_constrained,eval_025,LAN,1,lan_single_homo_scalar16,LAN single-node homo scalar16,single_homo,scalar16,feasible_only,low-risk,1,0.75,10.16747,11.00062,1,0,0.0,0.0,1.0,1,1.554172,0.0,0.796651
queued_8,risk_constrained,eval_026,LAN,1,lan_single_homo_scalar16,LAN single-node homo scalar16,single_homo,scalar16,feasible_only,low-risk,1,0.75,11.00062,11.83041,1,0,0.0,0.0,1.0,1,1.554172,0.0,0.779988
queued_8,risk_constrained,eval_027,LAN,2,lan_single_homo_scalar16,LAN single-node homo scalar16,single_homo,scalar16,feasible_only,low-risk,1,0.75,11.83041,12.68036,1,0,0.0,0.0,1.0,1,1.554172,0.0,0.763392
queued_8,risk_constrained,eval_028,LAN,2,lan_single_homo_scalar16,LAN single-node homo scalar16,single_homo,scalar16,feasible_only,low-risk,1,0.75,12.68036,13.52863,0,0,0.0,0.0,1.0,1,1.554172,0.0,-0.253607
queued_8,risk_constrained,eval_029,LAN,2,lan_single_homo_scalar16,LAN single-node homo scalar16,single_homo,scalar16,feasible_only,low-risk,1,0.75,13.52863,14.37522,1,0,0.0,0.0,1.0,1,1.554172,0.0,0.729427
queued_8,risk_constrained,eval_030,LAN,1,lan_single_homo_scalar16,LAN single-node homo scalar16,single_homo,scalar16,feasible_only,low-risk,1,0.75,14.37522,15.20753,1,0,0.0,0.0,1.0,1,1.554172,0.0,0.712496
queued_8,risk_constrained,eval_031,LAN,2,lan_single_homo_scalar16,LAN single-node homo scalar16,single_homo,scalar16,feasible_only,low-risk,1,0.75,15.20753,16.05496,1,0,0.0,0.0,1.0,1,1.554172,0.0,0.695849
queued_8,risk_constrained,eval_032,LAN,2,lan_single_homo_scalar16,LAN single-node homo scalar16,single_homo,scalar16,feasible_only,low-risk,1,0.75,16.05496,16.90407,0,0,0.0,0.0,1.0,1,1.554172,0.0,-0.321099
queued_8,risk_constrained,eval_033,LAN,2,lan_single_homo_scalar16,LAN single-node homo scalar16,single_homo,scalar16,feasible_only,low-risk,1,1.0,16.65407,17.5015,1,0,0.0,0.0,1.0,1,1.554172,0.0,0.666919
queued_8,risk_constrained,eval_034,LAN,2,lan_single_homo_scalar16,LAN single-node homo scalar16,single_homo,scalar16,feasible_only,low-risk,1,1.0,17.5015,18.34893,1,0,0.0,0.0,1.0,1,1.554172,0.0,0.64997
queued_8,risk_constrained,eval_035,LAN,2,lan_single_homo_scalar16,LAN single-node homo scalar16,single_homo,scalar16,feasible_only,low-risk,1,1.0,18.34893,19.1972,1,0,0.0,0.0,1.0,1,1.554172,0.0,0.633021
queued_8,risk_constrained,eval_036,LAN,2,lan_single_homo_scalar16,LAN single-node homo scalar16,single_homo,scalar16,feasible_only,low-risk,1,1.0,19.1972,20.04211,1,0,0.0,0.0,1.0,1,1.554172,0.0,0.616056
queued_8,risk_constrained,eval_037,LAN,3,lan_ab_projcos4,LAN A/B projcos4,t4strict_pair_a_vs_b_40_200,projcos4,feasible_only,low-risk,3,1.0,10.67218,11.73849,1,0,0.02,0.02,1.0,1,1.785521,0.111675,0.784556
queued_8,risk_constrained,eval_038,LAN,3,lan_ab_projcos4,LAN A/B projcos4,t4strict_pair_a_vs_b_40_200,projcos4,feasible_only,low-risk,3,1.0,11.73849,12.80286,1,0,0.02,0.02,1.0,1,1.785521,0.111675,0.76323
queued_8,risk_constrained,eval_039,LAN,3,lan_ab_projcos4,LAN A/B projcos4,t4strict_pair_a_vs_b_40_200,projcos4,feasible_only,low-risk,3,1.0,12.80286,13.86529,1,0,0.02,0.02,1.0,1,1.785521,0.111675,0.741943
queued_8,risk_constrained,eval_040,LAN,2,lan_single_homo_scalar16,LAN single-node homo scalar16,single_homo,scalar16,feasible_only,low-risk,1,1.0,20.04211,20.88954,1,0,0.0,0.0,1.0,1,1.554172,0.0,0.599158
queued_8,risk_constrained,eval_041,LAN,2,lan_single_homo_scalar16,LAN single-node homo scalar16,single_homo,scalar16,feasible_only,low-risk,1,1.25,20.63954,21.48697,1,0,0.0,0.0,1.0,1,1.554172,0.0,0.587209
queued_8,risk_constrained,eval_042,LAN,2,lan_single_homo_scalar16,LAN single-node homo scalar16,single_homo,scalar16,feasible_only,low-risk,1,1.25,21.48697,22.33608,1,0,0.0,0.0,1.0,1,1.554172,0.0,0.570261
queued_8,risk_constrained,eval_043,LAN,2,lan_single_homo_scalar16,LAN single-node homo scalar16,single_homo,scalar16,feasible_only,low-risk,1,1.25,22.33608,23.18351,1,0,0.0,0.0,1.0,1,1.554172,0.0,0.553278
queued_8,risk_constrained,eval_044,LAN,2,lan_single_homo_scalar16,LAN single-node homo scalar16,single_homo,scalar16,feasible_only,low-risk,1,1.25,23.18351,24.03094,1,0,0.0,0.0,1.0,1,1.554172,0.0,0.53633
queued_8,risk_constrained,eval_045,LAN,2,lan_single_homo_scalar16,LAN single-node homo scalar16,single_homo,scalar16,feasible_only,low-risk,1,1.25,24.03094,24.87921,1,0,0.0,0.0,1.0,1,1.554172,0.0,0.519381
queued_8,risk_constrained,eval_046,LAN,2,lan_single_homo_scalar16,LAN single-node homo scalar16,single_homo,scalar16,feasible_only,low-risk,1,1.25,24.87921,25.72412,0,0,0.0,0.0,1.0,1,1.554172,0.0,-0.497584
queued_8,risk_constrained,eval_047,LAN,3,lan_ab_projcos4,LAN A/B projcos4,t4strict_pair_a_vs_b_40_200,projcos4,feasible_only,low-risk,3,1.25,13.61529,14.6816,1,0,0.02,0.02,1.0,1,1.785521,0.111675,0.725694
queued_8,risk_constrained,eval_048,LAN,3,lan_ab_projcos4,LAN A/B projcos4,t4strict_pair_a_vs_b_40_200,projcos4,feasible_only,low-risk,3,1.25,14.6816,15.74597,1,0,0.02,0.02,1.0,1,1.785521,0.111675,0.704368
queued_8,risk_constrained,eval_049,LAN,3,lan_ab_projcos4,LAN A/B projcos4,t4strict_pair_a_vs_b_40_200,projcos4,feasible_only,low-risk,3,1.5,15.49597,16.5584,1,0,0.02,0.02,1.0,1,1.785521,0.111675,0.688081
queued_8,risk_constrained,eval_050,LAN,2,lan_single_homo_scalar16,LAN single-node homo scalar16,single_homo,scalar16,feasible_only,low-risk,1,1.5,25.47412,26.32155,1,0,0.0,0.0,1.0,1,1.554172,0.0,0.490518
queued_8,risk_constrained,eval_051,LAN,3,lan_ab_projcos4,LAN A/B projcos4,t4strict_pair_a_vs_b_40_200,projcos4,feasible_only,low-risk,3,1.5,16.5584,17.61501,1,0,0.02,0.02,1.0,1,1.785521,0.111675,0.666832
queued_8,risk_constrained,eval_052,LAN,3,lan_ab_projcos4,LAN A/B projcos4,t4strict_pair_a_vs_b_40_200,projcos4,feasible_only,low-risk,3,1.5,17.61501,18.67356,1,0,0.02,0.02,1.0,1,1.785521,0.111675,0.6457
queued_8,risk_constrained,eval_053,LAN,3,lan_ab_projcos4,LAN A/B projcos4,t4strict_pair_a_vs_b_40_200,projcos4,feasible_only,low-risk,3,1.5,18.67356,19.73017,1,0,0.02,0.02,1.0,1,1.785521,0.111675,0.624529
queued_8,risk_constrained,eval_054,LAN,3,lan_ab_projcos4,LAN A/B projcos4,t4strict_pair_a_vs_b_40_200,projcos4,feasible_only,low-risk,3,1.5,19.73017,20.78678,1,0,0.02,0.02,1.0,1,1.785521,0.111675,0.603397
queued_8,risk_constrained,eval_055,LAN,3,lan_ab_projcos4,LAN A/B projcos4,t4strict_pair_a_vs_b_40_200,projcos4,feasible_only,low-risk,3,1.5,20.78678,21.84436,1,0,0.02,0.02,1.0,1,1.785521,0.111675,0.582264
queued_8,risk_constrained,eval_056,LAN,2,lan_single_homo_scalar16,LAN single-node homo scalar16,single_homo,scalar16,feasible_only,low-risk,1,1.5,26.32155,27.1757,0,0,0.0,0.0,1.0,1,1.554172,0.0,-0.526431
queued_8,risk_constrained,eval_057,LAN,3,lan_ab_projcos4,LAN A/B projcos4,t4strict_pair_a_vs_b_40_200,projcos4,feasible_only,low-risk,3,1.75,21.59436,22.67134,1,0,0.02,0.02,1.0,1,1.785521,0.111675,0.566113
queued_8,risk_constrained,eval_058,LAN,3,lan_ab_projcos4,LAN A/B projcos4,t4strict_pair_a_vs_b_40_200,projcos4,feasible_only,low-risk,3,1.75,22.67134,23.74638,1,0,0.02,0.02,1.0,1,1.785521,0.111675,0.544573
queued_8,risk_constrained,eval_059,LAN,3,lan_ab_projcos4,LAN A/B projcos4,t4strict_pair_a_vs_b_40_200,projcos4,feasible_only,low-risk,3,1.75,23.74638,24.81948,1,0,0.02,0.02,1.0,1,1.785521,0.111675,0.523072
queued_8,risk_constrained,eval_060,LAN,3,lan_ab_projcos4,LAN A/B projcos4,t4strict_pair_a_vs_b_40_200,projcos4,feasible_only,low-risk,3,1.75,24.81948,25.87609,1,0,0.02,0.02,1.0,1,1.785521,0.111675,0.50161
queued_8,risk_constrained,eval_061,LAN,1,lan_single_homo_scalar16,LAN single-node homo scalar16,single_homo,scalar16,feasible_only,low-risk,1,1.75,26.9257,27.75801,1,0,0.0,0.0,1.0,1,1.554172,0.0,0.461486
queued_8,risk_constrained,eval_062,LAN,1,lan_single_homo_scalar16,LAN single-node homo scalar16,single_homo,scalar16,feasible_only,low-risk,1,1.75,27.75801,28.592,1,0,0.0,0.0,1.0,1,1.554172,0.0,0.44484
queued_8,risk_constrained,eval_063,LAN,1,lan_single_homo_scalar16,LAN single-node homo scalar16,single_homo,scalar16,feasible_only,low-risk,1,1.75,28.592,29.42431,1,0,0.0,0.0,1.0,1,1.554172,0.0,0.42816
queued_8,risk_constrained,eval_064,LAN,1,lan_single_homo_scalar16,LAN single-node homo scalar16,single_homo,scalar16,feasible_only,low-risk,1,1.75,29.42431,30.25662,1,0,0.0,0.0,1.0,1,1.554172,0.0,0.411514
queued_8,risk_constrained,eval_065,LAN,1,lan_single_homo_scalar16,LAN single-node homo scalar16,single_homo,scalar16,feasible_only,low-risk,1,2.0,30.00662,30.83977,1,0,0.0,0.0,1.0,1,1.554172,0.0,0.399868
queued_8,risk_constrained,eval_066,LAN,1,lan_single_homo_scalar16,LAN single-node homo scalar16,single_homo,scalar16,feasible_only,low-risk,1,2.0,30.83977,31.66956,1,0,0.0,0.0,1.0,1,1.554172,0.0,0.383205
queued_8,risk_constrained,eval_067,LAN,2,lan_single_homo_scalar16,LAN single-node homo scalar16,single_homo,scalar16,feasible_only,low-risk,1,2.0,31.66956,32.51951,1,0,0.0,0.0,1.0,1,1.554172,0.0,0.366609
queued_8,risk_constrained,eval_068,LAN,2,lan_single_homo_scalar16,LAN single-node homo scalar16,single_homo,scalar16,feasible_only,low-risk,1,2.0,32.51951,33.36778,0,0,0.0,0.0,1.0,1,1.554172,0.0,-0.65039
queued_8,risk_constrained,eval_069,LAN,2,lan_single_homo_scalar16,LAN single-node homo scalar16,single_homo,scalar16,feasible_only,low-risk,1,2.0,33.36778,34.21437,1,0,0.0,0.0,1.0,1,1.554172,0.0,0.332644
queued_8,risk_constrained,eval_070,LAN,1,lan_single_homo_scalar16,LAN single-node homo scalar16,single_homo,scalar16,feasible_only,low-risk,1,2.0,34.21437,35.04668,1,0,0.0,0.0,1.0,1,1.554172,0.0,0.315713
queued_8,risk_constrained,eval_071,LAN,1,lan_single_homo_scalar16,LAN single-node homo scalar16,single_homo,scalar16,feasible_only,low-risk,1,2.0,35.04668,35.87983,1,0,0.0,0.0,1.0,1,1.554172,0.0,0.299066
queued_8,risk_constrained,eval_072,LAN,1,lan_single_homo_scalar16,LAN single-node homo scalar16,single_homo,scalar16,feasible_only,low-risk,1,2.0,35.87983,36.71466,1,0,0.0,0.0,1.0,1,1.554172,0.0,0.282403
queued_8,risk_constrained,eval_073,LAN,1,lan_single_homo_scalar16,LAN single-node homo scalar16,single_homo,scalar16,feasible_only,low-risk,1,2.25,36.46466,37.29781,1,0,0.0,0.0,1.0,1,1.554172,0.0,0.270707
queued_8,risk_constrained,eval_074,LAN,1,lan_single_homo_scalar16,LAN single-node homo scalar16,single_homo,scalar16,feasible_only,low-risk,1,2.25,37.29781,38.13096,1,0,0.0,0.0,1.0,1,1.554172,0.0,0.254044
queued_8,risk_constrained,eval_075,LAN,1,lan_single_homo_scalar16,LAN single-node homo scalar16,single_homo,scalar16,feasible_only,low-risk,1,2.25,38.13096,38.96495,1,0,0.0,0.0,1.0,1,1.554172,0.0,0.237381
queued_8,risk_constrained,eval_076,LAN,1,lan_single_homo_scalar16,LAN single-node homo scalar16,single_homo,scalar16,feasible_only,low-risk,1,2.25,38.96495,39.79558,1,0,0.0,0.0,1.0,1,1.554172,0.0,0.220701
queued_8,risk_constrained,eval_077,LAN,2,lan_single_homo_scalar16,LAN single-node homo scalar16,single_homo,scalar16,feasible_only,low-risk,1,2.25,39.79558,40.64637,1,0,0.0,0.0,1.0,1,1.554172,0.0,0.204088
queued_8,risk_constrained,eval_078,LAN,2,lan_single_homo_scalar16,LAN single-node homo scalar16,single_homo,scalar16,feasible_only,low-risk,1,2.25,40.64637,41.49548,1,0,0.0,0.0,1.0,1,1.554172,0.0,0.187073
queued_8,risk_constrained,eval_079,LAN,2,lan_single_homo_scalar16,LAN single-node homo scalar16,single_homo,scalar16,feasible_only,low-risk,1,2.25,41.49548,42.34291,1,0,0.0,0.0,1.0,1,1.554172,0.0,0.17009
queued_8,risk_constrained,eval_080,LAN,1,lan_single_homo_scalar16,LAN single-node homo scalar16,single_homo,scalar16,feasible_only,low-risk,1,2.25,42.34291,43.17606,1,0,0.0,0.0,1.0,1,1.554172,0.0,0.153142
queued_8,risk_constrained,eval_081,LAN,1,lan_single_homo_scalar16,LAN single-node homo scalar16,single_homo,scalar16,feasible_only,low-risk,1,2.5,42.92606,43.76593,1,0,0.0,0.0,1.0,1,1.554172,0.0,0.141479
queued_8,risk_constrained,eval_082,LAN,1,lan_single_homo_scalar16,LAN single-node homo scalar16,single_homo,scalar16,feasible_only,low-risk,1,2.5,43.76593,44.60748,1,0,0.0,0.0,1.0,1,1.554172,0.0,0.124681
queued_8,risk_constrained,eval_083,LAN,1,lan_single_homo_scalar16,LAN single-node homo scalar16,single_homo,scalar16,feasible_only,low-risk,1,2.5,44.60748,45.44735,1,0,0.0,0.0,1.0,1,1.554172,0.0,0.10785
queued_8,risk_constrained,eval_084,LAN,1,lan_single_homo_scalar16,LAN single-node homo scalar16,single_homo,scalar16,feasible_only,low-risk,1,2.5,45.44735,46.28722,1,0,0.0,0.0,1.0,1,1.554172,0.0,0.091053
queued_8,risk_constrained,eval_085,LAN,1,lan_single_homo_scalar16,LAN single-node homo scalar16,single_homo,scalar16,feasible_only,low-risk,1,2.5,46.28722,47.12793,1,0,0.0,0.0,1.0,1,1.554172,0.0,0.074256
queued_8,risk_constrained,eval_086,LAN,1,lan_single_homo_scalar16,LAN single-node homo scalar16,single_homo,scalar16,feasible_only,low-risk,1,2.5,47.12793,47.96528,1,0,0.0,0.0,1.0,1,1.554172,0.0,0.057441
queued_8,risk_constrained,eval_087,LAN,3,lan_ab_projcos4,LAN A/B projcos4,t4strict_pair_a_vs_b_40_200,projcos4,feasible_only,low-risk,3,2.5,25.12609,26.18367,1,0,0.02,0.02,1.0,1,1.785521,0.111675,0.495478
queued_8,risk_constrained,eval_088,LAN,3,lan_ab_projcos4,LAN A/B projcos4,t4strict_pair_a_vs_b_40_200,projcos4,feasible_only,low-risk,3,2.5,26.18367,27.23931,1,0,0.02,0.02,1.0,1,1.785521,0.111675,0.474327
queued_8,risk_constrained,eval_089,LAN,2,lan_single_homo_scalar16,LAN single-node homo scalar16,single_homo,scalar16,feasible_only,low-risk,1,2.75,47.71528,48.56943,1,0,0.0,0.0,1.0,1,1.554172,0.0,0.045694
queued_8,risk_constrained,eval_090,LAN,1,lan_single_homo_scalar16,LAN single-node homo scalar16,single_homo,scalar16,feasible_only,low-risk,1,2.75,48.56943,49.4093,1,0,0.0,0.0,1.0,1,1.554172,0.0,0.028611
queued_8,risk_constrained,eval_091,LAN,1,lan_single_homo_scalar16,LAN single-node homo scalar16,single_homo,scalar16,feasible_only,low-risk,1,2.75,49.4093,50.25085,1,0,0.0,0.0,1.0,1,1.554172,0.0,0.011814
queued_8,risk_constrained,eval_092,LAN,2,lan_single_homo_scalar16,LAN single-node homo scalar16,single_homo,scalar16,feasible_only,low-risk,1,2.75,50.25085,51.09408,1,0,0.0,0.0,1.0,1,1.554172,0.0,-0.005017
queued_8,risk_constrained,eval_093,LAN,1,lan_single_homo_scalar16,LAN single-node homo scalar16,single_homo,scalar16,feasible_only,low-risk,1,2.75,51.09408,51.93563,1,0,0.0,0.0,1.0,1,1.554172,0.0,-0.021882
queued_8,risk_constrained,eval_094,LAN,1,lan_single_homo_scalar16,LAN single-node homo scalar16,single_homo,scalar16,feasible_only,low-risk,1,2.75,51.93563,52.77718,1,0,0.0,0.0,1.0,1,1.554172,0.0,-0.038713
queued_8,risk_constrained,eval_095,LAN,2,lan_single_homo_scalar16,LAN single-node homo scalar16,single_homo,scalar16,feasible_only,low-risk,1,2.75,52.77718,53.61957,1,0,0.0,0.0,1.0,1,1.554172,0.0,-0.055544
queued_8,risk_constrained,eval_096,LAN,1,lan_single_homo_scalar16,LAN single-node homo scalar16,single_homo,scalar16,feasible_only,low-risk,1,2.75,53.61957,54.4586,1,0,0.0,0.0,1.0,1,1.554172,0.0,-0.072391
queued_8,risk_constrained,eval_097,LAN,3,lan_ab_projcos4,LAN A/B projcos4,t4strict_pair_a_vs_b_40_200,projcos4,feasible_only,low-risk,3,3.0,26.73931,27.79883,1,0,0.02,0.02,1.0,1,1.785521,0.111675,0.463214
queued_8,risk_constrained,eval_098,LAN,3,lan_ab_projcos4,LAN A/B projcos4,t4strict_pair_a_vs_b_40_200,projcos4,feasible_only,low-risk,3,3.0,27.79883,28.85641,1,0,0.02,0.02,1.0,1,1.785521,0.111675,0.442023
queued_8,risk_constrained,eval_099,LAN,3,lan_ab_projcos4,LAN A/B projcos4,t4strict_pair_a_vs_b_40_200,projcos4,feasible_only,low-risk,3,3.0,28.85641,29.91205,1,0,0.02,0.02,1.0,1,1.785521,0.111675,0.420872
queued_8,risk_constrained,eval_100,LAN,1,lan_single_homo_scalar16,LAN single-node homo scalar16,single_homo,scalar16,feasible_only,low-risk,1,3.0,54.2086,55.05015,1,0,0.0,0.0,1.0,1,1.554172,0.0,-0.084172
queued_8,risk_constrained,eval_101,LAN,1,lan_single_homo_scalar16,LAN single-node homo scalar16,single_homo,scalar16,feasible_only,low-risk,1,3.0,55.05015,55.88414,1,0,0.0,0.0,1.0,1,1.554172,0.0,-0.101003
queued_8,risk_constrained,eval_102,LAN,1,lan_single_homo_scalar16,LAN single-node homo scalar16,single_homo,scalar16,feasible_only,low-risk,1,3.0,55.88414,56.71981,1,0,0.0,0.0,1.0,1,1.554172,0.0,-0.117683
queued_8,risk_constrained,eval_103,LAN,1,lan_single_homo_scalar16,LAN single-node homo scalar16,single_homo,scalar16,feasible_only,low-risk,1,3.0,56.71981,57.5538,1,0,0.0,0.0,1.0,1,1.554172,0.0,-0.134396
queued_8,risk_constrained,eval_104,LAN,1,lan_single_homo_scalar16,LAN single-node homo scalar16,single_homo,scalar16,feasible_only,low-risk,1,3.0,57.5538,58.38779,1,0,0.0,0.0,1.0,1,1.554172,0.0,-0.151076
queued_8,risk_constrained,eval_105,LAN,1,lan_single_homo_scalar16,LAN single-node homo scalar16,single_homo,scalar16,feasible_only,low-risk,1,3.25,58.13779,58.97262,1,0,0.0,0.0,1.0,1,1.554172,0.0,-0.162756
queued_8,risk_constrained,eval_106,LAN,1,lan_single_homo_scalar16,LAN single-node homo scalar16,single_homo,scalar16,feasible_only,low-risk,1,3.25,58.97262,59.80409,1,0,0.0,0.0,1.0,1,1.554172,0.0,-0.179452
queued_8,risk_constrained,eval_107,LAN,2,lan_single_homo_scalar16,LAN single-node homo scalar16,single_homo,scalar16,feasible_only,low-risk,1,3.25,59.80409,60.65572,0,0,0.0,0.0,1.0,1,1.554172,0.0,-1.196082
queued_8,risk_constrained,eval_108,LAN,2,lan_single_homo_scalar16,LAN single-node homo scalar16,single_homo,scalar16,feasible_only,low-risk,1,3.25,60.65572,61.50567,1,0,0.0,0.0,1.0,1,1.554172,0.0,-0.213114
queued_8,risk_constrained,eval_109,LAN,2,lan_single_homo_scalar16,LAN single-node homo scalar16,single_homo,scalar16,feasible_only,low-risk,1,3.25,61.50567,62.35394,1,0,0.0,0.0,1.0,1,1.554172,0.0,-0.230113
queued_8,risk_constrained,eval_110,LAN,1,lan_single_homo_scalar16,LAN single-node homo scalar16,single_homo,scalar16,feasible_only,low-risk,1,3.25,62.35394,63.18793,1,0,0.0,0.0,1.0,1,1.554172,0.0,-0.247079
queued_8,risk_constrained,eval_111,LAN,1,lan_single_homo_scalar16,LAN single-node homo scalar16,single_homo,scalar16,feasible_only,low-risk,1,3.25,63.18793,64.02276,1,0,0.0,0.0,1.0,1,1.554172,0.0,-0.263759
queued_8,risk_constrained,eval_112,LAN,1,lan_single_homo_scalar16,LAN single-node homo scalar16,single_homo,scalar16,feasible_only,low-risk,1,3.25,64.02276,64.85927,1,0,0.0,0.0,1.0,1,1.554172,0.0,-0.280455
queued_8,risk_constrained,eval_113,LAN,1,lan_single_homo_scalar16,LAN single-node homo scalar16,single_homo,scalar16,feasible_only,low-risk,1,3.5,64.60927,65.4441,1,0,0.0,0.0,1.0,1,1.554172,0.0,-0.292185
queued_8,risk_constrained,eval_114,LAN,1,lan_single_homo_scalar16,LAN single-node homo scalar16,single_homo,scalar16,feasible_only,low-risk,1,3.5,65.4441,66.27893,1,0,0.0,0.0,1.0,1,1.554172,0.0,-0.308882
queued_8,risk_constrained,eval_115,LAN,1,lan_single_homo_scalar16,LAN single-node homo scalar16,single_homo,scalar16,feasible_only,low-risk,1,3.5,66.27893,67.1146,1,0,0.0,0.0,1.0,1,1.554172,0.0,-0.325579
queued_8,risk_constrained,eval_116,LAN,1,lan_single_homo_scalar16,LAN single-node homo scalar16,single_homo,scalar16,feasible_only,low-risk,1,3.5,67.1146,67.94691,1,0,0.0,0.0,1.0,1,1.554172,0.0,-0.342292
queued_8,risk_constrained,eval_117,LAN,2,lan_single_homo_scalar16,LAN single-node homo scalar16,single_homo,scalar16,feasible_only,low-risk,1,3.5,67.94691,68.79938,1,0,0.0,0.0,1.0,1,1.554172,0.0,-0.358938
queued_8,risk_constrained,eval_118,LAN,2,lan_single_homo_scalar16,LAN single-node homo scalar16,single_homo,scalar16,feasible_only,low-risk,1,3.5,68.79938,69.65017,1,0,0.0,0.0,1.0,1,1.554172,0.0,-0.375988
queued_8,risk_constrained,eval_119,LAN,2,lan_single_homo_scalar16,LAN single-node homo scalar16,single_homo,scalar16,feasible_only,low-risk,1,3.5,69.65017,70.49928,1,0,0.0,0.0,1.0,1,1.554172,0.0,-0.393003
queued_8,risk_constrained,eval_120,LAN,1,lan_single_homo_scalar16,LAN single-node homo scalar16,single_homo,scalar16,feasible_only,low-risk,1,3.5,70.49928,71.33411,1,0,0.0,0.0,1.0,1,1.554172,0.0,-0.409986
queued_8,risk_constrained,eval_121,LAN,1,lan_single_homo_scalar16,LAN single-node homo scalar16,single_homo,scalar16,feasible_only,low-risk,1,3.75,71.08411,71.92398,1,0,0.0,0.0,1.0,1,1.554172,0.0,-0.421682
queued_8,risk_constrained,eval_122,LAN,1,lan_single_homo_scalar16,LAN single-node homo scalar16,single_homo,scalar16,feasible_only,low-risk,1,3.75,71.92398,72.76553,1,0,0.0,0.0,1.0,1,1.554172,0.0,-0.43848
queued_8,risk_constrained,eval_123,LAN,1,lan_single_homo_scalar16,LAN single-node homo scalar16,single_homo,scalar16,feasible_only,low-risk,1,3.75,72.76553,73.6054,1,0,0.0,0.0,1.0,1,1.554172,0.0,-0.455311
queued_8,risk_constrained,eval_124,LAN,1,lan_single_homo_scalar16,LAN single-node homo scalar16,single_homo,scalar16,feasible_only,low-risk,1,3.75,73.6054,74.44527,1,0,0.0,0.0,1.0,1,1.554172,0.0,-0.472108
queued_8,risk_constrained,eval_125,LAN,1,lan_single_homo_scalar16,LAN single-node homo scalar16,single_homo,scalar16,feasible_only,low-risk,1,3.75,74.44527,75.28598,1,0,0.0,0.0,1.0,1,1.554172,0.0,-0.488905
queued_8,risk_constrained,eval_126,LAN,1,lan_single_homo_scalar16,LAN single-node homo scalar16,single_homo,scalar16,feasible_only,low-risk,1,3.75,75.28598,76.12333,1,0,0.0,0.0,1.0,1,1.554172,0.0,-0.50572
queued_8,risk_constrained,eval_127,LAN,3,lan_ab_projcos4,LAN A/B projcos4,t4strict_pair_a_vs_b_40_200,projcos4,feasible_only,low-risk,3,3.75,29.16205,30.21963,1,0,0.02,0.02,1.0,1,1.785521,0.111675,0.414759
queued_8,risk_constrained,eval_128,LAN,3,lan_ab_projcos4,LAN A/B projcos4,t4strict_pair_a_vs_b_40_200,projcos4,feasible_only,low-risk,3,3.75,30.21963,31.27527,1,0,0.02,0.02,1.0,1,1.785521,0.111675,0.393607
queued_8,risk_constrained,eval_129,LAN,2,lan_single_homo_scalar16,LAN single-node homo scalar16,single_homo,scalar16,feasible_only,low-risk,1,4.0,75.87333,76.72748,1,0,0.0,0.0,1.0,1,1.554172,0.0,-0.517467
queued_8,risk_constrained,eval_130,LAN,1,lan_single_homo_scalar16,LAN single-node homo scalar16,single_homo,scalar16,feasible_only,low-risk,1,4.0,76.72748,77.56735,1,0,0.0,0.0,1.0,1,1.554172,0.0,-0.53455
queued_8,risk_constrained,eval_131,LAN,2,lan_single_homo_scalar16,LAN single-node homo scalar16,single_homo,scalar16,feasible_only,low-risk,1,4.0,77.56735,78.41142,1,0,0.0,0.0,1.0,1,1.554172,0.0,-0.551347
queued_8,risk_constrained,eval_132,LAN,2,lan_single_homo_scalar16,LAN single-node homo scalar16,single_homo,scalar16,feasible_only,low-risk,1,4.0,78.41142,79.25717,1,0,0.0,0.0,1.0,1,1.554172,0.0,-0.568228
queued_8,risk_constrained,eval_133,LAN,2,lan_single_homo_scalar16,LAN single-node homo scalar16,single_homo,scalar16,feasible_only,low-risk,1,4.0,79.25717,80.10124,0,0,0.0,0.0,1.0,1,1.554172,0.0,-1.585143
queued_8,risk_constrained,eval_134,LAN,2,lan_single_homo_scalar16,LAN single-node homo scalar16,single_homo,scalar16,feasible_only,low-risk,1,4.0,80.10124,80.94531,1,0,0.0,0.0,1.0,1,1.554172,0.0,-0.602025
queued_8,risk_constrained,eval_135,LAN,2,lan_single_homo_scalar16,LAN single-node homo scalar16,single_homo,scalar16,feasible_only,low-risk,1,4.0,80.94531,81.79022,0,0,0.0,0.0,1.0,1,1.554172,0.0,-1.618906
queued_8,risk_constrained,eval_136,LAN,1,lan_single_homo_scalar16,LAN single-node homo scalar16,single_homo,scalar16,feasible_only,low-risk,1,4.0,81.79022,82.63177,1,0,0.0,0.0,1.0,1,1.554172,0.0,-0.635804
queued_8,risk_constrained,eval_137,LAN,3,lan_ab_projcos4,LAN A/B projcos4,t4strict_pair_a_vs_b_40_200,projcos4,feasible_only,low-risk,3,4.25,30.77527,31.8377,1,0,0.02,0.02,1.0,1,1.785521,0.111675,0.382495
queued_8,risk_constrained,eval_138,LAN,3,lan_ab_projcos4,LAN A/B projcos4,t4strict_pair_a_vs_b_40_200,projcos4,feasible_only,low-risk,3,4.25,31.8377,32.89819,1,0,0.02,0.02,1.0,1,1.785521,0.111675,0.361246
queued_8,risk_constrained,eval_139,LAN,3,lan_ab_projcos4,LAN A/B projcos4,t4strict_pair_a_vs_b_40_200,projcos4,feasible_only,low-risk,3,4.25,32.89819,33.95674,1,1,0.02,0.02,1.0,1,5.583751,0.111675,0.190036
queued_8,risk_constrained,eval_140,LAN,2,lan_single_homo_scalar16,LAN single-node homo scalar16,single_homo,scalar16,feasible_only,low-risk,1,4.25,82.38177,83.22584,1,0,0.0,0.0,1.0,1,1.554172,0.0,-0.647635
queued_8,risk_constrained,eval_141,WAN,1,wan_ad_projcos4,WAN A/D projcos4,t4strict_pair_a_vs_d_40_200,projcos4,feasible_only,low-risk,3,4.25,0.0,1.24875,1,0,0.02,0.02,1.0,1,1.852395,0.113013,0.998
queued_8,risk_constrained,eval_142,WAN,1,wan_ad_projcos4,WAN A/D projcos4,t4strict_pair_a_vs_d_40_200,projcos4,feasible_only,low-risk,3,4.25,1.24875,2.49948,1,0,0.02,0.02,1.0,1,1.852395,0.113013,0.973025
queued_8,risk_constrained,eval_143,WAN,1,wan_ad_projcos4,WAN A/D projcos4,t4strict_pair_a_vs_d_40_200,projcos4,feasible_only,low-risk,3,4.25,2.49948,3.74823,1,1,0.02,0.02,1.0,1,5.650625,0.113013,0.79801
queued_8,risk_constrained,eval_144,WAN,1,wan_ad_projcos4,WAN A/D projcos4,t4strict_pair_a_vs_d_40_200,projcos4,feasible_only,low-risk,3,4.25,3.74823,4.99698,1,0,0.02,0.02,1.0,1,1.852395,0.113013,0.923035
queued_8,risk_constrained,eval_145,WAN,1,wan_ad_projcos4,WAN A/D projcos4,t4strict_pair_a_vs_d_40_200,projcos4,feasible_only,low-risk,3,4.5,4.74698,5.99672,1,0,0.02,0.02,1.0,1,1.852395,0.113013,0.90306
queued_8,risk_constrained,eval_146,WAN,1,wan_ad_projcos4,WAN A/D projcos4,t4strict_pair_a_vs_d_40_200,projcos4,feasible_only,low-risk,3,4.5,5.99672,7.2425,1,0,0.02,0.02,1.0,1,1.852395,0.113013,0.878066
queued_8,risk_constrained,eval_147,WAN,2,wan_ad_projcos4,WAN A/D projcos4,t4strict_pair_a_vs_d_40_200,projcos4,feasible_only,low-risk,3,4.5,7.2425,8.51204,1,0,0.02,0.02,1.0,1,1.852395,0.113013,0.85315
queued_8,risk_constrained,eval_148,WAN,2,wan_ad_projcos4,WAN A/D projcos4,t4strict_pair_a_vs_d_40_200,projcos4,feasible_only,low-risk,3,4.5,8.51204,9.7796,1,0,0.02,0.02,1.0,1,1.852395,0.113013,0.827759
queued_8,risk_constrained,eval_149,WAN,2,wan_ad_projcos4,WAN A/D projcos4,t4strict_pair_a_vs_d_40_200,projcos4,feasible_only,low-risk,3,4.5,9.7796,11.04518,1,0,0.02,0.02,1.0,1,1.852395,0.113013,0.802408
queued_8,risk_constrained,eval_150,WAN,1,wan_ad_projcos4,WAN A/D projcos4,t4strict_pair_a_vs_d_40_200,projcos4,feasible_only,low-risk,3,4.5,11.04518,12.29393,0,0,0.02,0.02,1.0,1,1.852395,0.113013,-0.222904
queued_8,risk_constrained,eval_151,WAN,1,wan_ad_projcos4,WAN A/D projcos4,t4strict_pair_a_vs_d_40_200,projcos4,feasible_only,low-risk,3,4.5,12.29393,13.54565,1,0,0.02,0.02,1.0,1,1.852395,0.113013,0.752121
queued_8,risk_constrained,eval_152,WAN,1,wan_ad_projcos4,WAN A/D projcos4,t4strict_pair_a_vs_d_40_200,projcos4,feasible_only,low-risk,3,4.5,13.54565,14.79935,1,0,0.02,0.02,1.0,1,1.852395,0.113013,0.727087
queued_8,risk_constrained,eval_153,WAN,1,wan_ad_projcos4,WAN A/D projcos4,t4strict_pair_a_vs_d_40_200,projcos4,feasible_only,low-risk,3,4.75,14.54935,15.80107,1,0,0.02,0.02,1.0,1,1.852395,0.113013,0.707013
queued_8,risk_constrained,eval_154,WAN,1,wan_ad_projcos4,WAN A/D projcos4,t4strict_pair_a_vs_d_40_200,projcos4,feasible_only,low-risk,3,4.75,15.80107,17.05279,1,0,0.02,0.02,1.0,1,1.852395,0.113013,0.681979
queued_8,risk_constrained,eval_155,WAN,1,wan_ad_projcos4,WAN A/D projcos4,t4strict_pair_a_vs_d_40_200,projcos4,feasible_only,low-risk,3,4.75,17.05279,18.3055,1,0,0.02,0.02,1.0,1,1.852395,0.113013,0.656944
queued_8,risk_constrained,eval_156,WAN,1,wan_ad_projcos4,WAN A/D projcos4,t4strict_pair_a_vs_d_40_200,projcos4,feasible_only,low-risk,3,4.75,18.3055,19.55425,1,0,0.02,0.02,1.0,1,1.852395,0.113013,0.63189
queued_8,risk_constrained,eval_157,WAN,2,wan_ad_projcos4,WAN A/D projcos4,t4strict_pair_a_vs_d_40_200,projcos4,feasible_only,low-risk,3,4.75,19.55425,20.82676,1,0,0.02,0.02,1.0,1,1.852395,0.113013,0.606915
queued_8,risk_constrained,eval_158,WAN,2,wan_ad_projcos4,WAN A/D projcos4,t4strict_pair_a_vs_d_40_200,projcos4,feasible_only,low-risk,3,4.75,20.82676,22.09729,1,0,0.02,0.02,1.0,1,1.852395,0.113013,0.581465
queued_8,risk_constrained,eval_159,WAN,2,wan_ad_projcos4,WAN A/D projcos4,t4strict_pair_a_vs_d_40_200,projcos4,feasible_only,low-risk,3,4.75,22.09729,23.36584,1,0,0.02,0.02,1.0,1,1.852395,0.113013,0.556054
queued_8,risk_constrained,eval_160,WAN,1,wan_ad_projcos4,WAN A/D projcos4,t4strict_pair_a_vs_d_40_200,projcos4,feasible_only,low-risk,3,4.75,23.36584,24.61756,1,1,0.02,0.02,1.0,1,5.650625,0.113013,0.380683
queued_8,risk_constrained,eval_161,WAN,2,wan_ad_projcos4,WAN A/D projcos4,t4strict_pair_a_vs_d_40_200,projcos4,feasible_only,low-risk,3,5.0,24.36756,25.62918,1,0,0.02,0.02,1.0,1,1.852395,0.113013,0.510649
queued_8,risk_constrained,eval_162,WAN,2,wan_ad_projcos4,WAN A/D projcos4,t4strict_pair_a_vs_d_40_200,projcos4,feasible_only,low-risk,3,5.0,25.62918,26.89278,1,0,0.02,0.02,1.0,1,1.852395,0.113013,0.485416
queued_8,risk_constrained,eval_163,WAN,2,wan_ad_projcos4,WAN A/D projcos4,t4strict_pair_a_vs_d_40_200,projcos4,feasible_only,low-risk,3,5.0,26.89278,28.1544,1,0,0.02,0.02,1.0,1,1.852395,0.113013,0.460144
queued_8,risk_constrained,eval_164,WAN,2,wan_ad_projcos4,WAN A/D projcos4,t4strict_pair_a_vs_d_40_200,projcos4,feasible_only,low-risk,3,5.0,28.1544,29.41602,1,0,0.02,0.02,1.0,1,1.852395,0.113013,0.434912
queued_8,risk_constrained,eval_165,WAN,2,wan_ad_projcos4,WAN A/D projcos4,t4strict_pair_a_vs_d_40_200,projcos4,feasible_only,low-risk,3,5.0,29.41602,30.67863,0,0,0.02,0.02,1.0,1,1.852395,0.113013,-0.59032
queued_8,risk_constrained,eval_166,WAN,1,wan_ad_projcos4,WAN A/D projcos4,t4strict_pair_a_vs_d_40_200,projcos4,feasible_only,low-risk,3,5.0,30.67863,31.93728,1,0,0.02,0.02,1.0,1,1.852395,0.113013,0.384427
queued_8,risk_constrained,eval_167,WAN,3,wan_ad_projcos4,WAN A/D projcos4,t4strict_pair_a_vs_d_40_200,projcos4,feasible_only,low-risk,3,5.0,31.93728,33.21969,1,0,0.02,0.02,1.0,1,1.852395,0.113013,0.359254
queued_8,risk_constrained,eval_168,WAN,3,wan_ad_projcos4,WAN A/D projcos4,t4strict_pair_a_vs_d_40_200,projcos4,feasible_only,low-risk,3,5.0,33.21969,34.50012,1,0,0.02,0.02,1.0,1,1.852395,0.113013,0.333606
queued_8,risk_constrained,eval_169,WAN,3,wan_ad_projcos4,WAN A/D projcos4,t4strict_pair_a_vs_d_40_200,projcos4,feasible_only,low-risk,3,5.25,34.25012,35.52857,1,0,0.02,0.02,1.0,1,1.852395,0.113013,0.312998
queued_8,risk_constrained,eval_170,WAN,2,wan_ad_projcos4,WAN A/D projcos4,t4strict_pair_a_vs_d_40_200,projcos4,feasible_only,low-risk,3,5.25,35.52857,36.79019,1,0,0.02,0.02,1.0,1,1.852395,0.113013,0.287429
queued_8,risk_constrained,eval_171,WAN,1,wan_ad_projcos4,WAN A/D projcos4,t4strict_pair_a_vs_d_40_200,projcos4,feasible_only,low-risk,3,5.25,36.79019,38.04884,1,0,0.02,0.02,1.0,1,1.852395,0.113013,0.262196
queued_8,risk_constrained,eval_172,WAN,2,wan_ad_projcos4,WAN A/D projcos4,t4strict_pair_a_vs_d_40_200,projcos4,feasible_only,low-risk,3,5.25,38.04884,39.30947,1,0,0.02,0.02,1.0,1,1.852395,0.113013,0.237023
queued_8,risk_constrained,eval_173,WAN,1,wan_ad_projcos4,WAN A/D projcos4,t4strict_pair_a_vs_d_40_200,projcos4,feasible_only,low-risk,3,5.25,39.30947,40.56812,1,0,0.02,0.02,1.0,1,1.852395,0.113013,0.211811
queued_8,risk_constrained,eval_174,WAN,1,wan_ad_projcos4,WAN A/D projcos4,t4strict_pair_a_vs_d_40_200,projcos4,feasible_only,low-risk,3,5.25,40.56812,41.82677,1,0,0.02,0.02,1.0,1,1.852395,0.113013,0.186638
queued_8,risk_constrained,eval_175,WAN,2,wan_ad_projcos4,WAN A/D projcos4,t4strict_pair_a_vs_d_40_200,projcos4,feasible_only,low-risk,3,5.25,41.82677,43.08641,1,0,0.02,0.02,1.0,1,1.852395,0.113013,0.161465
queued_8,risk_constrained,eval_176,WAN,1,wan_ad_projcos4,WAN A/D projcos4,t4strict_pair_a_vs_d_40_200,projcos4,feasible_only,low-risk,3,5.25,43.08641,44.34209,1,0,0.02,0.02,1.0,1,1.852395,0.113013,0.136272
queued_8,risk_constrained,eval_177,WAN,3,wan_ad_projcos4,WAN A/D projcos4,t4strict_pair_a_vs_d_40_200,projcos4,feasible_only,low-risk,3,5.5,44.09209,45.37153,1,0,0.02,0.02,1.0,1,1.852395,0.113013,0.116158
queued_8,risk_constrained,eval_178,WAN,3,wan_ad_projcos4,WAN A/D projcos4,t4strict_pair_a_vs_d_40_200,projcos4,feasible_only,low-risk,3,5.5,45.37153,46.64899,1,0,0.02,0.02,1.0,1,1.852395,0.113013,0.090569
queued_8,risk_constrained,eval_179,WAN,3,wan_ad_projcos4,WAN A/D projcos4,t4strict_pair_a_vs_d_40_200,projcos4,feasible_only,low-risk,3,5.5,46.64899,47.92447,1,0,0.02,0.02,1.0,1,1.852395,0.113013,0.06502
queued_8,risk_constrained,eval_180,WAN,1,wan_ad_projcos4,WAN A/D projcos4,t4strict_pair_a_vs_d_40_200,projcos4,feasible_only,low-risk,3,5.5,47.92447,49.18312,1,0,0.02,0.02,1.0,1,1.852395,0.113013,0.039511
queued_8,risk_constrained,eval_181,WAN,2,wan_ad_projcos4,WAN A/D projcos4,t4strict_pair_a_vs_d_40_200,projcos4,feasible_only,low-risk,3,5.5,49.18312,50.45068,1,0,0.02,0.02,1.0,1,1.852395,0.113013,0.014338
queued_8,risk_constrained,eval_182,WAN,2,wan_ad_projcos4,WAN A/D projcos4,t4strict_pair_a_vs_d_40_200,projcos4,feasible_only,low-risk,3,5.5,50.45068,51.72022,1,0,0.02,0.02,1.0,1,1.852395,0.113013,-0.011014
queued_8,risk_constrained,eval_183,WAN,2,wan_ad_projcos4,WAN A/D projcos4,t4strict_pair_a_vs_d_40_200,projcos4,feasible_only,low-risk,3,5.5,51.72022,52.98778,1,0,0.02,0.02,1.0,1,1.852395,0.113013,-0.036404
queued_8,risk_constrained,eval_184,WAN,2,wan_ad_projcos4,WAN A/D projcos4,t4strict_pair_a_vs_d_40_200,projcos4,feasible_only,low-risk,3,5.5,52.98778,54.25534,1,0,0.02,0.02,1.0,1,1.852395,0.113013,-0.061756
queued_8,risk_constrained,eval_185,WAN,2,wan_ad_projcos4,WAN A/D projcos4,t4strict_pair_a_vs_d_40_200,projcos4,feasible_only,low-risk,3,5.75,54.00534,55.27389,1,0,0.02,0.02,1.0,1,1.852395,0.113013,-0.082107
queued_8,risk_constrained,eval_186,WAN,2,wan_ad_projcos4,WAN A/D projcos4,t4strict_pair_a_vs_d_40_200,projcos4,feasible_only,low-risk,3,5.75,55.27389,56.53848,1,0,0.02,0.02,1.0,1,1.852395,0.113013,-0.107478
queued_8,risk_constrained,eval_187,WAN,3,wan_ad_projcos4,WAN A/D projcos4,t4strict_pair_a_vs_d_40_200,projcos4,feasible_only,low-risk,3,5.75,56.53848,57.82683,1,0,0.02,0.02,1.0,1,1.852395,0.113013,-0.13277
queued_8,risk_constrained,eval_188,WAN,3,wan_ad_projcos4,WAN A/D projcos4,t4strict_pair_a_vs_d_40_200,projcos4,feasible_only,low-risk,3,5.75,57.82683,59.1132,1,0,0.02,0.02,1.0,1,1.852395,0.113013,-0.158537
queued_8,risk_constrained,eval_189,WAN,3,wan_ad_projcos4,WAN A/D projcos4,t4strict_pair_a_vs_d_40_200,projcos4,feasible_only,low-risk,3,5.75,59.1132,60.39759,1,0,0.02,0.02,1.0,1,1.852395,0.113013,-0.184264
queued_8,risk_constrained,eval_190,WAN,2,wan_ad_projcos4,WAN A/D projcos4,t4strict_pair_a_vs_d_40_200,projcos4,feasible_only,low-risk,3,5.75,60.39759,61.66515,1,0,0.02,0.02,1.0,1,1.852395,0.113013,-0.209952
queued_8,risk_constrained,eval_191,WAN,2,wan_ad_projcos4,WAN A/D projcos4,t4strict_pair_a_vs_d_40_200,projcos4,feasible_only,low-risk,3,5.75,61.66515,62.93271,1,0,0.02,0.02,1.0,1,1.852395,0.113013,-0.235303
queued_8,risk_constrained,eval_192,WAN,2,wan_ad_projcos4,WAN A/D projcos4,t4strict_pair_a_vs_d_40_200,projcos4,feasible_only,low-risk,3,5.75,62.93271,64.20225,1,0,0.02,0.02,1.0,1,1.852395,0.113013,-0.260654
queued_8,risk_constrained,eval_193,WAN,2,wan_ad_projcos4,WAN A/D projcos4,t4strict_pair_a_vs_d_40_200,projcos4,feasible_only,low-risk,3,6.0,63.95225,65.21981,1,0,0.02,0.02,1.0,1,1.852395,0.113013,-0.281045
queued_8,risk_constrained,eval_194,WAN,2,wan_ad_projcos4,WAN A/D projcos4,t4strict_pair_a_vs_d_40_200,projcos4,feasible_only,low-risk,3,6.0,65.21981,66.48737,1,0,0.02,0.02,1.0,1,1.852395,0.113013,-0.306396
queued_8,risk_constrained,eval_195,WAN,2,wan_ad_projcos4,WAN A/D projcos4,t4strict_pair_a_vs_d_40_200,projcos4,feasible_only,low-risk,3,6.0,66.48737,67.75592,1,0,0.02,0.02,1.0,1,1.852395,0.113013,-0.331747
queued_8,risk_constrained,eval_196,WAN,2,wan_ad_projcos4,WAN A/D projcos4,t4strict_pair_a_vs_d_40_200,projcos4,feasible_only,low-risk,3,6.0,67.75592,69.02051,1,0,0.02,0.02,1.0,1,1.852395,0.113013,-0.357118
queued_8,risk_constrained,eval_197,WAN,3,wan_ad_projcos4,WAN A/D projcos4,t4strict_pair_a_vs_d_40_200,projcos4,feasible_only,low-risk,3,6.0,69.02051,70.30886,1,0,0.02,0.02,1.0,1,1.852395,0.113013,-0.38241
queued_8,risk_constrained,eval_198,WAN,3,wan_ad_projcos4,WAN A/D projcos4,t4strict_pair_a_vs_d_40_200,projcos4,feasible_only,low-risk,3,6.0,70.30886,71.59523,1,0,0.02,0.02,1.0,1,1.852395,0.113013,-0.408177
queued_8,risk_constrained,eval_199,WAN,3,wan_ad_projcos4,WAN A/D projcos4,t4strict_pair_a_vs_d_40_200,projcos4,feasible_only,low-risk,3,6.0,71.59523,72.87962,1,0,0.02,0.02,1.0,1,1.852395,0.113013,-0.433905
queued_8,risk_constrained,eval_200,WAN,2,wan_ad_projcos4,WAN A/D projcos4,t4strict_pair_a_vs_d_40_200,projcos4,feasible_only,low-risk,3,6.0,72.87962,74.14718,1,0,0.02,0.02,1.0,1,1.852395,0.113013,-0.459592
queued_8,adaptive_verifier,eval_001,LAN,3,lan_ab_projcos4,LAN A/B projcos4,t4strict_pair_a_vs_b_40_200,projcos4,upgrade_verifier:t4strict_pair_a_vs_b_40_200,low-risk,3,0.0,0.0,1.05564,1,0,0.02,0.02,1.0,1,1.785521,0.111675,0.998
queued_8,adaptive_verifier,eval_002,LAN,3,lan_ab_projcos4,LAN A/B projcos4,t4strict_pair_a_vs_b_40_200,projcos4,upgrade_verifier:t4strict_pair_a_vs_b_40_200,low-risk,3,0.0,1.05564,2.11322,1,0,0.02,0.02,1.0,1,1.785521,0.111675,0.976887
queued_8,adaptive_verifier,eval_003,LAN,3,lan_ab_projcos4,LAN A/B projcos4,t4strict_pair_a_vs_b_40_200,projcos4,upgrade_verifier:t4strict_pair_a_vs_b_40_200,low-risk,3,0.0,2.11322,3.16886,1,0,0.02,0.02,1.0,1,1.785521,0.111675,0.955736
queued_8,adaptive_verifier,eval_004,LAN,3,lan_ab_projcos4,LAN A/B projcos4,t4strict_pair_a_vs_b_40_200,projcos4,upgrade_verifier:t4strict_pair_a_vs_b_40_200,low-risk,3,0.0,3.16886,4.2245,1,0,0.02,0.02,1.0,1,1.785521,0.111675,0.934623
queued_8,adaptive_verifier,eval_005,LAN,3,lan_ab_projcos4,LAN A/B projcos4,t4strict_pair_a_vs_b_40_200,projcos4,upgrade_verifier:t4strict_pair_a_vs_b_40_200,low-risk,3,0.0,4.2245,5.28111,1,0,0.02,0.02,1.0,1,1.785521,0.111675,0.91351
queued_8,adaptive_verifier,eval_006,LAN,2,lan_single_homo_scalar16,LAN single-node homo scalar16,single_homo,scalar16,keep_baseline:single_homo,low-risk,1,0.0,0.0,0.85331,1,0,0.0,0.0,1.0,1,1.554172,0.0,1.0
queued_8,adaptive_verifier,eval_007,LAN,3,lan_ab_projcos4,LAN A/B projcos4,t4strict_pair_a_vs_b_40_200,projcos4,upgrade_verifier:t4strict_pair_a_vs_b_40_200,low-risk,3,0.0,5.28111,6.35712,1,0,0.02,0.02,1.0,1,1.785521,0.111675,0.892378
queued_8,adaptive_verifier,eval_008,LAN,3,lan_ab_projcos4,LAN A/B projcos4,t4strict_pair_a_vs_b_40_200,projcos4,upgrade_verifier:t4strict_pair_a_vs_b_40_200,low-risk,3,0.0,6.35712,7.43119,1,0,0.02,0.02,1.0,1,1.785521,0.111675,0.870858
queued_8,adaptive_verifier,eval_009,LAN,3,lan_ab_projcos4,LAN A/B projcos4,t4strict_pair_a_vs_b_40_200,projcos4,upgrade_verifier:t4strict_pair_a_vs_b_40_200,low-risk,3,0.25,7.18119,8.25332,1,0,0.02,0.02,1.0,1,1.785521,0.111675,0.854376
queued_8,adaptive_verifier,eval_010,LAN,3,lan_ab_projcos4,LAN A/B projcos4,t4strict_pair_a_vs_b_40_200,projcos4,upgrade_verifier:t4strict_pair_a_vs_b_40_200,low-risk,3,0.25,8.25332,9.30896,1,0,0.02,0.02,1.0,1,1.785521,0.111675,0.832934
queued_8,adaptive_verifier,eval_011,LAN,1,lan_single_homo_scalar16,LAN single-node homo scalar16,single_homo,scalar16,keep_baseline:single_homo,low-risk,1,0.25,0.60331,1.44318,1,0,0.0,0.0,1.0,1,1.554172,0.0,0.987934
queued_8,adaptive_verifier,eval_012,LAN,1,lan_single_homo_scalar16,LAN single-node homo scalar16,single_homo,scalar16,keep_baseline:single_homo,low-risk,1,0.25,1.44318,2.28473,1,0,0.0,0.0,1.0,1,1.554172,0.0,0.971136
queued_8,adaptive_verifier,eval_013,LAN,1,lan_single_homo_scalar16,LAN single-node homo scalar16,single_homo,scalar16,keep_baseline:single_homo,low-risk,1,0.25,2.28473,3.1246,1,0,0.0,0.0,1.0,1,1.554172,0.0,0.954305
queued_8,adaptive_verifier,eval_014,LAN,1,lan_single_homo_scalar16,LAN single-node homo scalar16,single_homo,scalar16,keep_baseline:single_homo,low-risk,1,0.25,3.1246,3.96447,1,0,0.0,0.0,1.0,1,1.554172,0.0,0.937508
queued_8,adaptive_verifier,eval_015,LAN,1,lan_single_homo_scalar16,LAN single-node homo scalar16,single_homo,scalar16,keep_baseline:single_homo,low-risk,1,0.25,3.96447,4.80518,1,0,0.0,0.0,1.0,1,1.554172,0.0,0.920711
queued_8,adaptive_verifier,eval_016,LAN,1,lan_single_homo_scalar16,LAN single-node homo scalar16,single_homo,scalar16,keep_baseline:single_homo,low-risk,1,0.25,4.80518,5.64253,1,0,0.0,0.0,1.0,1,1.554172,0.0,0.903896
queued_8,adaptive_verifier,eval_017,LAN,3,lan_ab_projcos4,LAN A/B projcos4,t4strict_pair_a_vs_b_40_200,projcos4,upgrade_verifier:t4strict_pair_a_vs_b_40_200,low-risk,3,0.5,9.05896,10.11654,1,0,0.02,0.02,1.0,1,1.785521,0.111675,0.816821
queued_8,adaptive_verifier,eval_018,LAN,3,lan_ab_projcos4,LAN A/B projcos4,t4strict_pair_a_vs_b_40_200,projcos4,upgrade_verifier:t4strict_pair_a_vs_b_40_200,low-risk,3,0.5,10.11654,11.17218,1,0,0.02,0.02,1.0,1,1.785521,0.111675,0.795669
queued_8,adaptive_verifier,eval_019,LAN,2,lan_single_homo_scalar16,LAN single-node homo scalar16,single_homo,scalar16,keep_baseline:single_homo,low-risk,1,0.5,5.39253,6.24668,1,0,0.0,0.0,1.0,1,1.554172,0.0,0.892149
queued_8,adaptive_verifier,eval_020,LAN,1,lan_single_homo_scalar16,LAN single-node homo scalar16,single_homo,scalar16,keep_baseline:single_homo,low-risk,1,0.5,6.24668,7.08655,1,0,0.0,0.0,1.0,1,1.554172,0.0,0.875066
queued_8,adaptive_verifier,eval_021,LAN,1,lan_single_homo_scalar16,LAN single-node homo scalar16,single_homo,scalar16,keep_baseline:single_homo,low-risk,1,0.5,7.08655,7.91886,1,0,0.0,0.0,1.0,1,1.554172,0.0,0.858269
queued_8,adaptive_verifier,eval_022,LAN,1,lan_single_homo_scalar16,LAN single-node homo scalar16,single_homo,scalar16,keep_baseline:single_homo,low-risk,1,0.5,7.91886,8.75285,1,0,0.0,0.0,1.0,1,1.554172,0.0,0.841623
queued_8,adaptive_verifier,eval_023,LAN,1,lan_single_homo_scalar16,LAN single-node homo scalar16,single_homo,scalar16,keep_baseline:single_homo,low-risk,1,0.5,8.75285,9.58516,1,0,0.0,0.0,1.0,1,1.554172,0.0,0.824943
queued_8,adaptive_verifier,eval_024,LAN,1,lan_single_homo_scalar16,LAN single-node homo scalar16,single_homo,scalar16,keep_baseline:single_homo,low-risk,1,0.5,9.58516,10.41747,1,0,0.0,0.0,1.0,1,1.554172,0.0,0.808297
queued_8,adaptive_verifier,eval_025,LAN,1,lan_single_homo_scalar16,LAN single-node homo scalar16,single_homo,scalar16,keep_baseline:single_homo,low-risk,1,0.75,10.16747,11.00062,1,0,0.0,0.0,1.0,1,1.554172,0.0,0.796651
queued_8,adaptive_verifier,eval_026,LAN,1,lan_single_homo_scalar16,LAN single-node homo scalar16,single_homo,scalar16,keep_baseline:single_homo,low-risk,1,0.75,11.00062,11.83041,1,0,0.0,0.0,1.0,1,1.554172,0.0,0.779988
queued_8,adaptive_verifier,eval_027,LAN,2,lan_single_homo_scalar16,LAN single-node homo scalar16,single_homo,scalar16,keep_baseline:single_homo,low-risk,1,0.75,11.83041,12.68036,1,0,0.0,0.0,1.0,1,1.554172,0.0,0.763392
queued_8,adaptive_verifier,eval_028,LAN,2,lan_single_homo_scalar16,LAN single-node homo scalar16,single_homo,scalar16,keep_baseline:single_homo,low-risk,1,0.75,12.68036,13.52863,1,0,0.0,0.0,1.0,1,1.554172,0.0,0.746393
queued_8,adaptive_verifier,eval_029,LAN,2,lan_single_homo_scalar16,LAN single-node homo scalar16,single_homo,scalar16,keep_baseline:single_homo,low-risk,1,0.75,13.52863,14.37522,1,0,0.0,0.0,1.0,1,1.554172,0.0,0.729427
queued_8,adaptive_verifier,eval_030,LAN,1,lan_single_homo_scalar16,LAN single-node homo scalar16,single_homo,scalar16,keep_baseline:single_homo,low-risk,1,0.75,14.37522,15.20753,1,0,0.0,0.0,1.0,1,1.554172,0.0,0.712496
queued_8,adaptive_verifier,eval_031,LAN,2,lan_single_homo_scalar16,LAN single-node homo scalar16,single_homo,scalar16,keep_baseline:single_homo,low-risk,1,0.75,15.20753,16.05496,1,0,0.0,0.0,1.0,1,1.554172,0.0,0.695849
queued_8,adaptive_verifier,eval_032,LAN,2,lan_single_homo_scalar16,LAN single-node homo scalar16,single_homo,scalar16,keep_baseline:single_homo,low-risk,1,0.75,16.05496,16.90407,1,0,0.0,0.0,1.0,1,1.554172,0.0,0.678901
queued_8,adaptive_verifier,eval_033,LAN,2,lan_single_homo_scalar16,LAN single-node homo scalar16,single_homo,scalar16,keep_baseline:single_homo,low-risk,1,1.0,16.65407,17.5015,1,0,0.0,0.0,1.0,1,1.554172,0.0,0.666919
queued_8,adaptive_verifier,eval_034,LAN,2,lan_single_homo_scalar16,LAN single-node homo scalar16,single_homo,scalar16,keep_baseline:single_homo,low-risk,1,1.0,17.5015,18.34893,1,0,0.0,0.0,1.0,1,1.554172,0.0,0.64997
queued_8,adaptive_verifier,eval_035,LAN,2,lan_single_homo_scalar16,LAN single-node homo scalar16,single_homo,scalar16,keep_baseline:single_homo,low-risk,1,1.0,18.34893,19.1972,1,0,0.0,0.0,1.0,1,1.554172,0.0,0.633021
queued_8,adaptive_verifier,eval_036,LAN,2,lan_single_homo_scalar16,LAN single-node homo scalar16,single_homo,scalar16,keep_baseline:single_homo,low-risk,1,1.0,19.1972,20.04211,1,0,0.0,0.0,1.0,1,1.554172,0.0,0.616056
queued_8,adaptive_verifier,eval_037,LAN,3,lan_ab_projcos4,LAN A/B projcos4,t4strict_pair_a_vs_b_40_200,projcos4,upgrade_verifier:t4strict_pair_a_vs_b_40_200,low-risk,3,1.0,10.67218,11.73849,1,0,0.02,0.02,1.0,1,1.785521,0.111675,0.784556
queued_8,adaptive_verifier,eval_038,LAN,3,lan_ab_projcos4,LAN A/B projcos4,t4strict_pair_a_vs_b_40_200,projcos4,upgrade_verifier:t4strict_pair_a_vs_b_40_200,low-risk,3,1.0,11.73849,12.80286,1,1,0.02,0.02,1.0,1,5.583751,0.111675,0.61323
queued_8,adaptive_verifier,eval_039,LAN,3,lan_ab_projcos4,LAN A/B projcos4,t4strict_pair_a_vs_b_40_200,projcos4,upgrade_verifier:t4strict_pair_a_vs_b_40_200,low-risk,3,1.0,12.80286,13.86529,1,0,0.02,0.02,1.0,1,1.785521,0.111675,0.741943
queued_8,adaptive_verifier,eval_040,LAN,2,lan_single_homo_scalar16,LAN single-node homo scalar16,single_homo,scalar16,keep_baseline:single_homo,low-risk,1,1.0,20.04211,20.88954,1,0,0.0,0.0,1.0,1,1.554172,0.0,0.599158
queued_8,adaptive_verifier,eval_041,LAN,2,lan_single_homo_scalar16,LAN single-node homo scalar16,single_homo,scalar16,keep_baseline:single_homo,low-risk,1,1.25,20.63954,21.48697,0,0,0.0,0.0,1.0,1,1.554172,0.0,-0.412791
queued_8,adaptive_verifier,eval_042,LAN,2,lan_single_homo_scalar16,LAN single-node homo scalar16,single_homo,scalar16,keep_baseline:single_homo,low-risk,1,1.25,21.48697,22.33608,1,0,0.0,0.0,1.0,1,1.554172,0.0,0.570261
queued_8,adaptive_verifier,eval_043,LAN,2,lan_single_homo_scalar16,LAN single-node homo scalar16,single_homo,scalar16,keep_baseline:single_homo,low-risk,1,1.25,22.33608,23.18351,1,0,0.0,0.0,1.0,1,1.554172,0.0,0.553278
queued_8,adaptive_verifier,eval_044,LAN,2,lan_single_homo_scalar16,LAN single-node homo scalar16,single_homo,scalar16,keep_baseline:single_homo,low-risk,1,1.25,23.18351,24.03094,1,0,0.0,0.0,1.0,1,1.554172,0.0,0.53633
queued_8,adaptive_verifier,eval_045,LAN,2,lan_single_homo_scalar16,LAN single-node homo scalar16,single_homo,scalar16,keep_baseline:single_homo,low-risk,1,1.25,24.03094,24.87921,1,0,0.0,0.0,1.0,1,1.554172,0.0,0.519381
queued_8,adaptive_verifier,eval_046,LAN,2,lan_single_homo_scalar16,LAN single-node homo scalar16,single_homo,scalar16,keep_baseline:single_homo,low-risk,1,1.25,24.87921,25.72412,1,0,0.0,0.0,1.0,1,1.554172,0.0,0.502416
queued_8,adaptive_verifier,eval_047,LAN,3,lan_ab_projcos4,LAN A/B projcos4,t4strict_pair_a_vs_b_40_200,projcos4,upgrade_verifier:t4strict_pair_a_vs_b_40_200,low-risk,3,1.25,13.61529,14.6816,1,0,0.02,0.02,1.0,1,1.785521,0.111675,0.725694
queued_8,adaptive_verifier,eval_048,LAN,3,lan_ab_projcos4,LAN A/B projcos4,t4strict_pair_a_vs_b_40_200,projcos4,upgrade_verifier:t4strict_pair_a_vs_b_40_200,low-risk,3,1.25,14.6816,15.74597,1,0,0.02,0.02,1.0,1,1.785521,0.111675,0.704368
queued_8,adaptive_verifier,eval_049,LAN,3,lan_ab_projcos4,LAN A/B projcos4,t4strict_pair_a_vs_b_40_200,projcos4,upgrade_verifier:t4strict_pair_a_vs_b_40_200,low-risk,3,1.5,15.49597,16.5584,1,0,0.02,0.02,1.0,1,1.785521,0.111675,0.688081
queued_8,adaptive_verifier,eval_050,LAN,2,lan_single_homo_scalar16,LAN single-node homo scalar16,single_homo,scalar16,keep_baseline:single_homo,low-risk,1,1.5,25.47412,26.32155,1,0,0.0,0.0,1.0,1,1.554172,0.0,0.490518
queued_8,adaptive_verifier,eval_051,LAN,3,lan_ab_projcos4,LAN A/B projcos4,t4strict_pair_a_vs_b_40_200,projcos4,upgrade_verifier:t4strict_pair_a_vs_b_40_200,low-risk,3,1.5,16.5584,17.61501,1,0,0.02,0.02,1.0,1,1.785521,0.111675,0.666832
queued_8,adaptive_verifier,eval_052,LAN,3,lan_ab_projcos4,LAN A/B projcos4,t4strict_pair_a_vs_b_40_200,projcos4,upgrade_verifier:t4strict_pair_a_vs_b_40_200,low-risk,3,1.5,17.61501,18.67356,1,0,0.02,0.02,1.0,1,1.785521,0.111675,0.6457
queued_8,adaptive_verifier,eval_053,LAN,3,lan_ab_projcos4,LAN A/B projcos4,t4strict_pair_a_vs_b_40_200,projcos4,upgrade_verifier:t4strict_pair_a_vs_b_40_200,low-risk,3,1.5,18.67356,19.73017,1,0,0.02,0.02,1.0,1,1.785521,0.111675,0.624529
queued_8,adaptive_verifier,eval_054,LAN,3,lan_ab_projcos4,LAN A/B projcos4,t4strict_pair_a_vs_b_40_200,projcos4,upgrade_verifier:t4strict_pair_a_vs_b_40_200,low-risk,3,1.5,19.73017,20.78678,1,0,0.02,0.02,1.0,1,1.785521,0.111675,0.603397
queued_8,adaptive_verifier,eval_055,LAN,3,lan_ab_projcos4,LAN A/B projcos4,t4strict_pair_a_vs_b_40_200,projcos4,upgrade_verifier:t4strict_pair_a_vs_b_40_200,low-risk,3,1.5,20.78678,21.84436,1,0,0.02,0.02,1.0,1,1.785521,0.111675,0.582264
queued_8,adaptive_verifier,eval_056,LAN,2,lan_single_homo_scalar16,LAN single-node homo scalar16,single_homo,scalar16,keep_baseline:single_homo,low-risk,1,1.5,26.32155,27.1757,1,0,0.0,0.0,1.0,1,1.554172,0.0,0.473569
queued_8,adaptive_verifier,eval_057,LAN,3,lan_ab_projcos4,LAN A/B projcos4,t4strict_pair_a_vs_b_40_200,projcos4,upgrade_verifier:t4strict_pair_a_vs_b_40_200,low-risk,3,1.75,21.59436,22.67134,1,0,0.02,0.02,1.0,1,1.785521,0.111675,0.566113
queued_8,adaptive_verifier,eval_058,LAN,3,lan_ab_projcos4,LAN A/B projcos4,t4strict_pair_a_vs_b_40_200,projcos4,upgrade_verifier:t4strict_pair_a_vs_b_40_200,low-risk,3,1.75,22.67134,23.74638,1,0,0.02,0.02,1.0,1,1.785521,0.111675,0.544573
queued_8,adaptive_verifier,eval_059,LAN,3,lan_ab_projcos4,LAN A/B projcos4,t4strict_pair_a_vs_b_40_200,projcos4,upgrade_verifier:t4strict_pair_a_vs_b_40_200,low-risk,3,1.75,23.74638,24.81948,1,0,0.02,0.02,1.0,1,1.785521,0.111675,0.523072
queued_8,adaptive_verifier,eval_060,LAN,3,lan_ab_projcos4,LAN A/B projcos4,t4strict_pair_a_vs_b_40_200,projcos4,upgrade_verifier:t4strict_pair_a_vs_b_40_200,low-risk,3,1.75,24.81948,25.87609,1,0,0.02,0.02,1.0,1,1.785521,0.111675,0.50161
queued_8,adaptive_verifier,eval_061,LAN,1,lan_single_homo_scalar16,LAN single-node homo scalar16,single_homo,scalar16,keep_baseline:single_homo,low-risk,1,1.75,26.9257,27.75801,1,0,0.0,0.0,1.0,1,1.554172,0.0,0.461486
queued_8,adaptive_verifier,eval_062,LAN,1,lan_single_homo_scalar16,LAN single-node homo scalar16,single_homo,scalar16,keep_baseline:single_homo,low-risk,1,1.75,27.75801,28.592,1,0,0.0,0.0,1.0,1,1.554172,0.0,0.44484
queued_8,adaptive_verifier,eval_063,LAN,1,lan_single_homo_scalar16,LAN single-node homo scalar16,single_homo,scalar16,keep_baseline:single_homo,low-risk,1,1.75,28.592,29.42431,1,0,0.0,0.0,1.0,1,1.554172,0.0,0.42816
queued_8,adaptive_verifier,eval_064,LAN,1,lan_single_homo_scalar16,LAN single-node homo scalar16,single_homo,scalar16,keep_baseline:single_homo,low-risk,1,1.75,29.42431,30.25662,1,0,0.0,0.0,1.0,1,1.554172,0.0,0.411514
queued_8,adaptive_verifier,eval_065,LAN,1,lan_single_homo_scalar16,LAN single-node homo scalar16,single_homo,scalar16,keep_baseline:single_homo,low-risk,1,2.0,30.00662,30.83977,1,0,0.0,0.0,1.0,1,1.554172,0.0,0.399868
queued_8,adaptive_verifier,eval_066,LAN,1,lan_single_homo_scalar16,LAN single-node homo scalar16,single_homo,scalar16,keep_baseline:single_homo,low-risk,1,2.0,30.83977,31.66956,1,0,0.0,0.0,1.0,1,1.554172,0.0,0.383205
queued_8,adaptive_verifier,eval_067,LAN,2,lan_single_homo_scalar16,LAN single-node homo scalar16,single_homo,scalar16,keep_baseline:single_homo,low-risk,1,2.0,31.66956,32.51951,1,0,0.0,0.0,1.0,1,1.554172,0.0,0.366609
queued_8,adaptive_verifier,eval_068,LAN,2,lan_single_homo_scalar16,LAN single-node homo scalar16,single_homo,scalar16,keep_baseline:single_homo,low-risk,1,2.0,32.51951,33.36778,1,0,0.0,0.0,1.0,1,1.554172,0.0,0.34961
queued_8,adaptive_verifier,eval_069,LAN,2,lan_single_homo_scalar16,LAN single-node homo scalar16,single_homo,scalar16,keep_baseline:single_homo,low-risk,1,2.0,33.36778,34.21437,1,0,0.0,0.0,1.0,1,1.554172,0.0,0.332644
queued_8,adaptive_verifier,eval_070,LAN,1,lan_single_homo_scalar16,LAN single-node homo scalar16,single_homo,scalar16,keep_baseline:single_homo,low-risk,1,2.0,34.21437,35.04668,1,0,0.0,0.0,1.0,1,1.554172,0.0,0.315713
queued_8,adaptive_verifier,eval_071,LAN,1,lan_single_homo_scalar16,LAN single-node homo scalar16,single_homo,scalar16,keep_baseline:single_homo,low-risk,1,2.0,35.04668,35.87983,1,0,0.0,0.0,1.0,1,1.554172,0.0,0.299066
queued_8,adaptive_verifier,eval_072,LAN,1,lan_single_homo_scalar16,LAN single-node homo scalar16,single_homo,scalar16,keep_baseline:single_homo,low-risk,1,2.0,35.87983,36.71466,1,0,0.0,0.0,1.0,1,1.554172,0.0,0.282403
queued_8,adaptive_verifier,eval_073,LAN,1,lan_single_homo_scalar16,LAN single-node homo scalar16,single_homo,scalar16,keep_baseline:single_homo,low-risk,1,2.25,36.46466,37.29781,1,0,0.0,0.0,1.0,1,1.554172,0.0,0.270707
queued_8,adaptive_verifier,eval_074,LAN,1,lan_single_homo_scalar16,LAN single-node homo scalar16,single_homo,scalar16,keep_baseline:single_homo,low-risk,1,2.25,37.29781,38.13096,1,0,0.0,0.0,1.0,1,1.554172,0.0,0.254044
queued_8,adaptive_verifier,eval_075,LAN,1,lan_single_homo_scalar16,LAN single-node homo scalar16,single_homo,scalar16,keep_baseline:single_homo,low-risk,1,2.25,38.13096,38.96495,1,0,0.0,0.0,1.0,1,1.554172,0.0,0.237381
queued_8,adaptive_verifier,eval_076,LAN,1,lan_single_homo_scalar16,LAN single-node homo scalar16,single_homo,scalar16,keep_baseline:single_homo,low-risk,1,2.25,38.96495,39.79558,1,0,0.0,0.0,1.0,1,1.554172,0.0,0.220701
queued_8,adaptive_verifier,eval_077,LAN,2,lan_single_homo_scalar16,LAN single-node homo scalar16,single_homo,scalar16,keep_baseline:single_homo,low-risk,1,2.25,39.79558,40.64637,1,0,0.0,0.0,1.0,1,1.554172,0.0,0.204088
queued_8,adaptive_verifier,eval_078,LAN,2,lan_single_homo_scalar16,LAN single-node homo scalar16,single_homo,scalar16,keep_baseline:single_homo,low-risk,1,2.25,40.64637,41.49548,1,0,0.0,0.0,1.0,1,1.554172,0.0,0.187073
queued_8,adaptive_verifier,eval_079,LAN,2,lan_single_homo_scalar16,LAN single-node homo scalar16,single_homo,scalar16,keep_baseline:single_homo,low-risk,1,2.25,41.49548,42.34291,1,0,0.0,0.0,1.0,1,1.554172,0.0,0.17009
queued_8,adaptive_verifier,eval_080,LAN,1,lan_single_homo_scalar16,LAN single-node homo scalar16,single_homo,scalar16,keep_baseline:single_homo,low-risk,1,2.25,42.34291,43.17606,1,0,0.0,0.0,1.0,1,1.554172,0.0,0.153142
queued_8,adaptive_verifier,eval_081,LAN,1,lan_single_homo_scalar16,LAN single-node homo scalar16,single_homo,scalar16,keep_baseline:single_homo,low-risk,1,2.5,42.92606,43.76593,1,0,0.0,0.0,1.0,1,1.554172,0.0,0.141479
queued_8,adaptive_verifier,eval_082,LAN,1,lan_single_homo_scalar16,LAN single-node homo scalar16,single_homo,scalar16,keep_baseline:single_homo,low-risk,1,2.5,43.76593,44.60748,1,0,0.0,0.0,1.0,1,1.554172,0.0,0.124681
queued_8,adaptive_verifier,eval_083,LAN,1,lan_single_homo_scalar16,LAN single-node homo scalar16,single_homo,scalar16,keep_baseline:single_homo,low-risk,1,2.5,44.60748,45.44735,1,0,0.0,0.0,1.0,1,1.554172,0.0,0.10785
queued_8,adaptive_verifier,eval_084,LAN,1,lan_single_homo_scalar16,LAN single-node homo scalar16,single_homo,scalar16,keep_baseline:single_homo,low-risk,1,2.5,45.44735,46.28722,1,0,0.0,0.0,1.0,1,1.554172,0.0,0.091053
queued_8,adaptive_verifier,eval_085,LAN,1,lan_single_homo_scalar16,LAN single-node homo scalar16,single_homo,scalar16,keep_baseline:single_homo,low-risk,1,2.5,46.28722,47.12793,1,0,0.0,0.0,1.0,1,1.554172,0.0,0.074256
queued_8,adaptive_verifier,eval_086,LAN,1,lan_single_homo_scalar16,LAN single-node homo scalar16,single_homo,scalar16,keep_baseline:single_homo,low-risk,1,2.5,47.12793,47.96528,1,0,0.0,0.0,1.0,1,1.554172,0.0,0.057441
queued_8,adaptive_verifier,eval_087,LAN,3,lan_ab_projcos4,LAN A/B projcos4,t4strict_pair_a_vs_b_40_200,projcos4,upgrade_verifier:t4strict_pair_a_vs_b_40_200,low-risk,3,2.5,25.12609,26.18367,1,0,0.02,0.02,1.0,1,1.785521,0.111675,0.495478
queued_8,adaptive_verifier,eval_088,LAN,3,lan_ab_projcos4,LAN A/B projcos4,t4strict_pair_a_vs_b_40_200,projcos4,upgrade_verifier:t4strict_pair_a_vs_b_40_200,low-risk,3,2.5,26.18367,27.23931,1,0,0.02,0.02,1.0,1,1.785521,0.111675,0.474327
queued_8,adaptive_verifier,eval_089,LAN,2,lan_single_homo_scalar16,LAN single-node homo scalar16,single_homo,scalar16,keep_baseline:single_homo,low-risk,1,2.75,47.71528,48.56943,1,0,0.0,0.0,1.0,1,1.554172,0.0,0.045694
queued_8,adaptive_verifier,eval_090,LAN,1,lan_single_homo_scalar16,LAN single-node homo scalar16,single_homo,scalar16,keep_baseline:single_homo,low-risk,1,2.75,48.56943,49.4093,1,0,0.0,0.0,1.0,1,1.554172,0.0,0.028611
queued_8,adaptive_verifier,eval_091,LAN,1,lan_single_homo_scalar16,LAN single-node homo scalar16,single_homo,scalar16,keep_baseline:single_homo,low-risk,1,2.75,49.4093,50.25085,1,0,0.0,0.0,1.0,1,1.554172,0.0,0.011814
queued_8,adaptive_verifier,eval_092,LAN,2,lan_single_homo_scalar16,LAN single-node homo scalar16,single_homo,scalar16,keep_baseline:single_homo,low-risk,1,2.75,50.25085,51.09408,1,0,0.0,0.0,1.0,1,1.554172,0.0,-0.005017
queued_8,adaptive_verifier,eval_093,LAN,1,lan_single_homo_scalar16,LAN single-node homo scalar16,single_homo,scalar16,keep_baseline:single_homo,low-risk,1,2.75,51.09408,51.93563,1,0,0.0,0.0,1.0,1,1.554172,0.0,-0.021882
queued_8,adaptive_verifier,eval_094,LAN,1,lan_single_homo_scalar16,LAN single-node homo scalar16,single_homo,scalar16,keep_baseline:single_homo,low-risk,1,2.75,51.93563,52.77718,1,0,0.0,0.0,1.0,1,1.554172,0.0,-0.038713
queued_8,adaptive_verifier,eval_095,LAN,2,lan_single_homo_scalar16,LAN single-node homo scalar16,single_homo,scalar16,keep_baseline:single_homo,low-risk,1,2.75,52.77718,53.61957,1,0,0.0,0.0,1.0,1,1.554172,0.0,-0.055544
queued_8,adaptive_verifier,eval_096,LAN,1,lan_single_homo_scalar16,LAN single-node homo scalar16,single_homo,scalar16,keep_baseline:single_homo,low-risk,1,2.75,53.61957,54.4586,1,0,0.0,0.0,1.0,1,1.554172,0.0,-0.072391
queued_8,adaptive_verifier,eval_097,LAN,3,lan_ab_projcos4,LAN A/B projcos4,t4strict_pair_a_vs_b_40_200,projcos4,upgrade_verifier:t4strict_pair_a_vs_b_40_200,low-risk,3,3.0,26.73931,27.79883,1,0,0.02,0.02,1.0,1,1.785521,0.111675,0.463214
queued_8,adaptive_verifier,eval_098,LAN,3,lan_ab_projcos4,LAN A/B projcos4,t4strict_pair_a_vs_b_40_200,projcos4,upgrade_verifier:t4strict_pair_a_vs_b_40_200,low-risk,3,3.0,27.79883,28.85641,1,0,0.02,0.02,1.0,1,1.785521,0.111675,0.442023
queued_8,adaptive_verifier,eval_099,LAN,3,lan_ab_projcos4,LAN A/B projcos4,t4strict_pair_a_vs_b_40_200,projcos4,upgrade_verifier:t4strict_pair_a_vs_b_40_200,low-risk,3,3.0,28.85641,29.91205,1,0,0.02,0.02,1.0,1,1.785521,0.111675,0.420872
queued_8,adaptive_verifier,eval_100,LAN,1,lan_single_homo_scalar16,LAN single-node homo scalar16,single_homo,scalar16,keep_baseline:single_homo,low-risk,1,3.0,54.2086,55.05015,1,0,0.0,0.0,1.0,1,1.554172,0.0,-0.084172
queued_8,adaptive_verifier,eval_101,LAN,1,lan_single_homo_scalar16,LAN single-node homo scalar16,single_homo,scalar16,keep_baseline:single_homo,low-risk,1,3.0,55.05015,55.88414,1,0,0.0,0.0,1.0,1,1.554172,0.0,-0.101003
queued_8,adaptive_verifier,eval_102,LAN,1,lan_single_homo_scalar16,LAN single-node homo scalar16,single_homo,scalar16,keep_baseline:single_homo,low-risk,1,3.0,55.88414,56.71981,0,0,0.0,0.0,1.0,1,1.554172,0.0,-1.117683
queued_8,adaptive_verifier,eval_103,LAN,1,lan_single_homo_scalar16,LAN single-node homo scalar16,single_homo,scalar16,keep_baseline:single_homo,low-risk,1,3.0,56.71981,57.5538,1,0,0.0,0.0,1.0,1,1.554172,0.0,-0.134396
queued_8,adaptive_verifier,eval_104,LAN,1,lan_single_homo_scalar16,LAN single-node homo scalar16,single_homo,scalar16,keep_baseline:single_homo,low-risk,1,3.0,57.5538,58.38779,1,0,0.0,0.0,1.0,1,1.554172,0.0,-0.151076
queued_8,adaptive_verifier,eval_105,LAN,1,lan_single_homo_scalar16,LAN single-node homo scalar16,single_homo,scalar16,keep_baseline:single_homo,low-risk,1,3.25,58.13779,58.97262,1,0,0.0,0.0,1.0,1,1.554172,0.0,-0.162756
queued_8,adaptive_verifier,eval_106,LAN,1,lan_single_homo_scalar16,LAN single-node homo scalar16,single_homo,scalar16,keep_baseline:single_homo,low-risk,1,3.25,58.97262,59.80409,1,0,0.0,0.0,1.0,1,1.554172,0.0,-0.179452
queued_8,adaptive_verifier,eval_107,LAN,2,lan_single_homo_scalar16,LAN single-node homo scalar16,single_homo,scalar16,keep_baseline:single_homo,low-risk,1,3.25,59.80409,60.65572,1,0,0.0,0.0,1.0,1,1.554172,0.0,-0.196082
queued_8,adaptive_verifier,eval_108,LAN,2,lan_single_homo_scalar16,LAN single-node homo scalar16,single_homo,scalar16,keep_baseline:single_homo,low-risk,1,3.25,60.65572,61.50567,1,0,0.0,0.0,1.0,1,1.554172,0.0,-0.213114
queued_8,adaptive_verifier,eval_109,LAN,2,lan_single_homo_scalar16,LAN single-node homo scalar16,single_homo,scalar16,keep_baseline:single_homo,low-risk,1,3.25,61.50567,62.35394,1,0,0.0,0.0,1.0,1,1.554172,0.0,-0.230113
queued_8,adaptive_verifier,eval_110,LAN,1,lan_single_homo_scalar16,LAN single-node homo scalar16,single_homo,scalar16,keep_baseline:single_homo,low-risk,1,3.25,62.35394,63.18793,1,0,0.0,0.0,1.0,1,1.554172,0.0,-0.247079
queued_8,adaptive_verifier,eval_111,LAN,1,lan_single_homo_scalar16,LAN single-node homo scalar16,single_homo,scalar16,keep_baseline:single_homo,low-risk,1,3.25,63.18793,64.02276,1,0,0.0,0.0,1.0,1,1.554172,0.0,-0.263759
queued_8,adaptive_verifier,eval_112,LAN,1,lan_single_homo_scalar16,LAN single-node homo scalar16,single_homo,scalar16,keep_baseline:single_homo,low-risk,1,3.25,64.02276,64.85927,1,0,0.0,0.0,1.0,1,1.554172,0.0,-0.280455
queued_8,adaptive_verifier,eval_113,LAN,1,lan_single_homo_scalar16,LAN single-node homo scalar16,single_homo,scalar16,keep_baseline:single_homo,low-risk,1,3.5,64.60927,65.4441,1,0,0.0,0.0,1.0,1,1.554172,0.0,-0.292185
queued_8,adaptive_verifier,eval_114,LAN,1,lan_single_homo_scalar16,LAN single-node homo scalar16,single_homo,scalar16,keep_baseline:single_homo,low-risk,1,3.5,65.4441,66.27893,1,0,0.0,0.0,1.0,1,1.554172,0.0,-0.308882
queued_8,adaptive_verifier,eval_115,LAN,1,lan_single_homo_scalar16,LAN single-node homo scalar16,single_homo,scalar16,keep_baseline:single_homo,low-risk,1,3.5,66.27893,67.1146,1,0,0.0,0.0,1.0,1,1.554172,0.0,-0.325579
queued_8,adaptive_verifier,eval_116,LAN,1,lan_single_homo_scalar16,LAN single-node homo scalar16,single_homo,scalar16,keep_baseline:single_homo,low-risk,1,3.5,67.1146,67.94691,1,0,0.0,0.0,1.0,1,1.554172,0.0,-0.342292
queued_8,adaptive_verifier,eval_117,LAN,2,lan_single_homo_scalar16,LAN single-node homo scalar16,single_homo,scalar16,keep_baseline:single_homo,low-risk,1,3.5,67.94691,68.79938,1,0,0.0,0.0,1.0,1,1.554172,0.0,-0.358938
queued_8,adaptive_verifier,eval_118,LAN,2,lan_single_homo_scalar16,LAN single-node homo scalar16,single_homo,scalar16,keep_baseline:single_homo,low-risk,1,3.5,68.79938,69.65017,1,0,0.0,0.0,1.0,1,1.554172,0.0,-0.375988
queued_8,adaptive_verifier,eval_119,LAN,2,lan_single_homo_scalar16,LAN single-node homo scalar16,single_homo,scalar16,keep_baseline:single_homo,low-risk,1,3.5,69.65017,70.49928,1,0,0.0,0.0,1.0,1,1.554172,0.0,-0.393003
queued_8,adaptive_verifier,eval_120,LAN,1,lan_single_homo_scalar16,LAN single-node homo scalar16,single_homo,scalar16,keep_baseline:single_homo,low-risk,1,3.5,70.49928,71.33411,1,0,0.0,0.0,1.0,1,1.554172,0.0,-0.409986
queued_8,adaptive_verifier,eval_121,LAN,1,lan_single_homo_scalar16,LAN single-node homo scalar16,single_homo,scalar16,keep_baseline:single_homo,low-risk,1,3.75,71.08411,71.92398,1,0,0.0,0.0,1.0,1,1.554172,0.0,-0.421682
queued_8,adaptive_verifier,eval_122,LAN,1,lan_single_homo_scalar16,LAN single-node homo scalar16,single_homo,scalar16,keep_baseline:single_homo,low-risk,1,3.75,71.92398,72.76553,1,0,0.0,0.0,1.0,1,1.554172,0.0,-0.43848
queued_8,adaptive_verifier,eval_123,LAN,1,lan_single_homo_scalar16,LAN single-node homo scalar16,single_homo,scalar16,keep_baseline:single_homo,low-risk,1,3.75,72.76553,73.6054,1,0,0.0,0.0,1.0,1,1.554172,0.0,-0.455311
queued_8,adaptive_verifier,eval_124,LAN,1,lan_single_homo_scalar16,LAN single-node homo scalar16,single_homo,scalar16,keep_baseline:single_homo,low-risk,1,3.75,73.6054,74.44527,1,0,0.0,0.0,1.0,1,1.554172,0.0,-0.472108
queued_8,adaptive_verifier,eval_125,LAN,1,lan_single_homo_scalar16,LAN single-node homo scalar16,single_homo,scalar16,keep_baseline:single_homo,low-risk,1,3.75,74.44527,75.28598,1,0,0.0,0.0,1.0,1,1.554172,0.0,-0.488905
queued_8,adaptive_verifier,eval_126,LAN,1,lan_single_homo_scalar16,LAN single-node homo scalar16,single_homo,scalar16,keep_baseline:single_homo,low-risk,1,3.75,75.28598,76.12333,1,0,0.0,0.0,1.0,1,1.554172,0.0,-0.50572
queued_8,adaptive_verifier,eval_127,LAN,3,lan_ab_projcos4,LAN A/B projcos4,t4strict_pair_a_vs_b_40_200,projcos4,upgrade_verifier:t4strict_pair_a_vs_b_40_200,low-risk,3,3.75,29.16205,30.21963,1,0,0.02,0.02,1.0,1,1.785521,0.111675,0.414759
queued_8,adaptive_verifier,eval_128,LAN,3,lan_ab_projcos4,LAN A/B projcos4,t4strict_pair_a_vs_b_40_200,projcos4,upgrade_verifier:t4strict_pair_a_vs_b_40_200,low-risk,3,3.75,30.21963,31.27527,1,0,0.02,0.02,1.0,1,1.785521,0.111675,0.393607
queued_8,adaptive_verifier,eval_129,LAN,2,lan_single_homo_scalar16,LAN single-node homo scalar16,single_homo,scalar16,keep_baseline:single_homo,low-risk,1,4.0,75.87333,76.72748,1,0,0.0,0.0,1.0,1,1.554172,0.0,-0.517467
queued_8,adaptive_verifier,eval_130,LAN,1,lan_single_homo_scalar16,LAN single-node homo scalar16,single_homo,scalar16,keep_baseline:single_homo,low-risk,1,4.0,76.72748,77.56735,1,0,0.0,0.0,1.0,1,1.554172,0.0,-0.53455
queued_8,adaptive_verifier,eval_131,LAN,2,lan_single_homo_scalar16,LAN single-node homo scalar16,single_homo,scalar16,keep_baseline:single_homo,low-risk,1,4.0,77.56735,78.41142,1,0,0.0,0.0,1.0,1,1.554172,0.0,-0.551347
queued_8,adaptive_verifier,eval_132,LAN,2,lan_single_homo_scalar16,LAN single-node homo scalar16,single_homo,scalar16,keep_baseline:single_homo,low-risk,1,4.0,78.41142,79.25717,1,0,0.0,0.0,1.0,1,1.554172,0.0,-0.568228
queued_8,adaptive_verifier,eval_133,LAN,2,lan_single_homo_scalar16,LAN single-node homo scalar16,single_homo,scalar16,keep_baseline:single_homo,low-risk,1,4.0,79.25717,80.10124,1,0,0.0,0.0,1.0,1,1.554172,0.0,-0.585143
queued_8,adaptive_verifier,eval_134,LAN,2,lan_single_homo_scalar16,LAN single-node homo scalar16,single_homo,scalar16,keep_baseline:single_homo,low-risk,1,4.0,80.10124,80.94531,1,0,0.0,0.0,1.0,1,1.554172,0.0,-0.602025
queued_8,adaptive_verifier,eval_135,LAN,2,lan_single_homo_scalar16,LAN single-node homo scalar16,single_homo,scalar16,keep_baseline:single_homo,low-risk,1,4.0,80.94531,81.79022,1,0,0.0,0.0,1.0,1,1.554172,0.0,-0.618906
queued_8,adaptive_verifier,eval_136,LAN,1,lan_single_homo_scalar16,LAN single-node homo scalar16,single_homo,scalar16,keep_baseline:single_homo,low-risk,1,4.0,81.79022,82.63177,1,0,0.0,0.0,1.0,1,1.554172,0.0,-0.635804
queued_8,adaptive_verifier,eval_137,LAN,3,lan_ab_projcos4,LAN A/B projcos4,t4strict_pair_a_vs_b_40_200,projcos4,upgrade_verifier:t4strict_pair_a_vs_b_40_200,low-risk,3,4.25,30.77527,31.8377,1,0,0.02,0.02,1.0,1,1.785521,0.111675,0.382495
queued_8,adaptive_verifier,eval_138,LAN,3,lan_ab_projcos4,LAN A/B projcos4,t4strict_pair_a_vs_b_40_200,projcos4,upgrade_verifier:t4strict_pair_a_vs_b_40_200,low-risk,3,4.25,31.8377,32.89819,1,0,0.02,0.02,1.0,1,1.785521,0.111675,0.361246
queued_8,adaptive_verifier,eval_139,LAN,3,lan_ab_projcos4,LAN A/B projcos4,t4strict_pair_a_vs_b_40_200,projcos4,upgrade_verifier:t4strict_pair_a_vs_b_40_200,low-risk,3,4.25,32.89819,33.95674,1,0,0.02,0.02,1.0,1,1.785521,0.111675,0.340036
queued_8,adaptive_verifier,eval_140,LAN,2,lan_single_homo_scalar16,LAN single-node homo scalar16,single_homo,scalar16,keep_baseline:single_homo,low-risk,1,4.25,82.38177,83.22584,1,0,0.0,0.0,1.0,1,1.554172,0.0,-0.647635
queued_8,adaptive_verifier,eval_141,WAN,1,wan_ad_projcos4,WAN A/D projcos4,t4strict_pair_a_vs_d_40_200,projcos4,upgrade_verifier:t4strict_pair_a_vs_d_40_200,low-risk,3,4.25,0.0,1.24875,1,0,0.02,0.02,1.0,1,1.852395,0.113013,0.998
queued_8,adaptive_verifier,eval_142,WAN,1,wan_ad_projcos4,WAN A/D projcos4,t4strict_pair_a_vs_d_40_200,projcos4,upgrade_verifier:t4strict_pair_a_vs_d_40_200,low-risk,3,4.25,1.24875,2.49948,1,0,0.02,0.02,1.0,1,1.852395,0.113013,0.973025
queued_8,adaptive_verifier,eval_143,WAN,1,wan_ad_projcos4,WAN A/D projcos4,t4strict_pair_a_vs_d_40_200,projcos4,upgrade_verifier:t4strict_pair_a_vs_d_40_200,low-risk,3,4.25,2.49948,3.74823,1,0,0.02,0.02,1.0,1,1.852395,0.113013,0.94801
queued_8,adaptive_verifier,eval_144,WAN,1,wan_ad_projcos4,WAN A/D projcos4,t4strict_pair_a_vs_d_40_200,projcos4,upgrade_verifier:t4strict_pair_a_vs_d_40_200,low-risk,3,4.25,3.74823,4.99698,1,0,0.02,0.02,1.0,1,1.852395,0.113013,0.923035
queued_8,adaptive_verifier,eval_145,WAN,1,wan_ad_projcos4,WAN A/D projcos4,t4strict_pair_a_vs_d_40_200,projcos4,upgrade_verifier:t4strict_pair_a_vs_d_40_200,low-risk,3,4.5,4.74698,5.99672,1,0,0.02,0.02,1.0,1,1.852395,0.113013,0.90306
queued_8,adaptive_verifier,eval_146,WAN,1,wan_ad_projcos4,WAN A/D projcos4,t4strict_pair_a_vs_d_40_200,projcos4,upgrade_verifier:t4strict_pair_a_vs_d_40_200,low-risk,3,4.5,5.99672,7.2425,1,0,0.02,0.02,1.0,1,1.852395,0.113013,0.878066
queued_8,adaptive_verifier,eval_147,WAN,2,wan_ad_projcos4,WAN A/D projcos4,t4strict_pair_a_vs_d_40_200,projcos4,upgrade_verifier:t4strict_pair_a_vs_d_40_200,low-risk,3,4.5,7.2425,8.51204,1,0,0.02,0.02,1.0,1,1.852395,0.113013,0.85315
queued_8,adaptive_verifier,eval_148,WAN,2,wan_ad_projcos4,WAN A/D projcos4,t4strict_pair_a_vs_d_40_200,projcos4,upgrade_verifier:t4strict_pair_a_vs_d_40_200,low-risk,3,4.5,8.51204,9.7796,1,0,0.02,0.02,1.0,1,1.852395,0.113013,0.827759
queued_8,adaptive_verifier,eval_149,WAN,2,wan_ad_projcos4,WAN A/D projcos4,t4strict_pair_a_vs_d_40_200,projcos4,upgrade_verifier:t4strict_pair_a_vs_d_40_200,low-risk,3,4.5,9.7796,11.04518,1,0,0.02,0.02,1.0,1,1.852395,0.113013,0.802408
queued_8,adaptive_verifier,eval_150,WAN,1,wan_ad_projcos4,WAN A/D projcos4,t4strict_pair_a_vs_d_40_200,projcos4,upgrade_verifier:t4strict_pair_a_vs_d_40_200,low-risk,3,4.5,11.04518,12.29393,1,0,0.02,0.02,1.0,1,1.852395,0.113013,0.777096
queued_8,adaptive_verifier,eval_151,WAN,1,wan_ad_projcos4,WAN A/D projcos4,t4strict_pair_a_vs_d_40_200,projcos4,upgrade_verifier:t4strict_pair_a_vs_d_40_200,low-risk,3,4.5,12.29393,13.54565,1,0,0.02,0.02,1.0,1,1.852395,0.113013,0.752121
queued_8,adaptive_verifier,eval_152,WAN,1,wan_ad_projcos4,WAN A/D projcos4,t4strict_pair_a_vs_d_40_200,projcos4,upgrade_verifier:t4strict_pair_a_vs_d_40_200,low-risk,3,4.5,13.54565,14.79935,1,0,0.02,0.02,1.0,1,1.852395,0.113013,0.727087
queued_8,adaptive_verifier,eval_153,WAN,1,wan_ad_projcos4,WAN A/D projcos4,t4strict_pair_a_vs_d_40_200,projcos4,upgrade_verifier:t4strict_pair_a_vs_d_40_200,low-risk,3,4.75,14.54935,15.80107,1,0,0.02,0.02,1.0,1,1.852395,0.113013,0.707013
queued_8,adaptive_verifier,eval_154,WAN,1,wan_ad_projcos4,WAN A/D projcos4,t4strict_pair_a_vs_d_40_200,projcos4,upgrade_verifier:t4strict_pair_a_vs_d_40_200,low-risk,3,4.75,15.80107,17.05279,1,0,0.02,0.02,1.0,1,1.852395,0.113013,0.681979
queued_8,adaptive_verifier,eval_155,WAN,1,wan_ad_projcos4,WAN A/D projcos4,t4strict_pair_a_vs_d_40_200,projcos4,upgrade_verifier:t4strict_pair_a_vs_d_40_200,low-risk,3,4.75,17.05279,18.3055,1,0,0.02,0.02,1.0,1,1.852395,0.113013,0.656944
queued_8,adaptive_verifier,eval_156,WAN,1,wan_ad_projcos4,WAN A/D projcos4,t4strict_pair_a_vs_d_40_200,projcos4,upgrade_verifier:t4strict_pair_a_vs_d_40_200,low-risk,3,4.75,18.3055,19.55425,1,0,0.02,0.02,1.0,1,1.852395,0.113013,0.63189
queued_8,adaptive_verifier,eval_157,WAN,2,wan_ad_projcos4,WAN A/D projcos4,t4strict_pair_a_vs_d_40_200,projcos4,upgrade_verifier:t4strict_pair_a_vs_d_40_200,low-risk,3,4.75,19.55425,20.82676,1,0,0.02,0.02,1.0,1,1.852395,0.113013,0.606915
queued_8,adaptive_verifier,eval_158,WAN,2,wan_ad_projcos4,WAN A/D projcos4,t4strict_pair_a_vs_d_40_200,projcos4,upgrade_verifier:t4strict_pair_a_vs_d_40_200,low-risk,3,4.75,20.82676,22.09729,1,0,0.02,0.02,1.0,1,1.852395,0.113013,0.581465
queued_8,adaptive_verifier,eval_159,WAN,2,wan_ad_projcos4,WAN A/D projcos4,t4strict_pair_a_vs_d_40_200,projcos4,upgrade_verifier:t4strict_pair_a_vs_d_40_200,low-risk,3,4.75,22.09729,23.36584,1,0,0.02,0.02,1.0,1,1.852395,0.113013,0.556054
queued_8,adaptive_verifier,eval_160,WAN,1,wan_ad_projcos4,WAN A/D projcos4,t4strict_pair_a_vs_d_40_200,projcos4,upgrade_verifier:t4strict_pair_a_vs_d_40_200,low-risk,3,4.75,23.36584,24.61756,1,0,0.02,0.02,1.0,1,1.852395,0.113013,0.530683
queued_8,adaptive_verifier,eval_161,WAN,2,wan_ad_projcos4,WAN A/D projcos4,t4strict_pair_a_vs_d_40_200,projcos4,upgrade_verifier:t4strict_pair_a_vs_d_40_200,low-risk,3,5.0,24.36756,25.62918,1,0,0.02,0.02,1.0,1,1.852395,0.113013,0.510649
queued_8,adaptive_verifier,eval_162,WAN,2,wan_ad_projcos4,WAN A/D projcos4,t4strict_pair_a_vs_d_40_200,projcos4,upgrade_verifier:t4strict_pair_a_vs_d_40_200,low-risk,3,5.0,25.62918,26.89278,1,0,0.02,0.02,1.0,1,1.852395,0.113013,0.485416
queued_8,adaptive_verifier,eval_163,WAN,2,wan_ad_projcos4,WAN A/D projcos4,t4strict_pair_a_vs_d_40_200,projcos4,upgrade_verifier:t4strict_pair_a_vs_d_40_200,low-risk,3,5.0,26.89278,28.1544,1,0,0.02,0.02,1.0,1,1.852395,0.113013,0.460144
queued_8,adaptive_verifier,eval_164,WAN,2,wan_ad_projcos4,WAN A/D projcos4,t4strict_pair_a_vs_d_40_200,projcos4,upgrade_verifier:t4strict_pair_a_vs_d_40_200,low-risk,3,5.0,28.1544,29.41602,1,0,0.02,0.02,1.0,1,1.852395,0.113013,0.434912
queued_8,adaptive_verifier,eval_165,WAN,2,wan_ad_projcos4,WAN A/D projcos4,t4strict_pair_a_vs_d_40_200,projcos4,upgrade_verifier:t4strict_pair_a_vs_d_40_200,low-risk,3,5.0,29.41602,30.67863,1,0,0.02,0.02,1.0,1,1.852395,0.113013,0.40968
queued_8,adaptive_verifier,eval_166,WAN,1,wan_ad_projcos4,WAN A/D projcos4,t4strict_pair_a_vs_d_40_200,projcos4,upgrade_verifier:t4strict_pair_a_vs_d_40_200,low-risk,3,5.0,30.67863,31.93728,1,0,0.02,0.02,1.0,1,1.852395,0.113013,0.384427
queued_8,adaptive_verifier,eval_167,WAN,3,wan_ad_projcos4,WAN A/D projcos4,t4strict_pair_a_vs_d_40_200,projcos4,upgrade_verifier:t4strict_pair_a_vs_d_40_200,low-risk,3,5.0,31.93728,33.21969,1,0,0.02,0.02,1.0,1,1.852395,0.113013,0.359254
queued_8,adaptive_verifier,eval_168,WAN,3,wan_ad_projcos4,WAN A/D projcos4,t4strict_pair_a_vs_d_40_200,projcos4,upgrade_verifier:t4strict_pair_a_vs_d_40_200,low-risk,3,5.0,33.21969,34.50012,1,0,0.02,0.02,1.0,1,1.852395,0.113013,0.333606
queued_8,adaptive_verifier,eval_169,WAN,3,wan_ad_projcos4,WAN A/D projcos4,t4strict_pair_a_vs_d_40_200,projcos4,upgrade_verifier:t4strict_pair_a_vs_d_40_200,low-risk,3,5.25,34.25012,35.52857,1,0,0.02,0.02,1.0,1,1.852395,0.113013,0.312998
queued_8,adaptive_verifier,eval_170,WAN,2,wan_ad_projcos4,WAN A/D projcos4,t4strict_pair_a_vs_d_40_200,projcos4,upgrade_verifier:t4strict_pair_a_vs_d_40_200,low-risk,3,5.25,35.52857,36.79019,1,0,0.02,0.02,1.0,1,1.852395,0.113013,0.287429
queued_8,adaptive_verifier,eval_171,WAN,1,wan_ad_projcos4,WAN A/D projcos4,t4strict_pair_a_vs_d_40_200,projcos4,upgrade_verifier:t4strict_pair_a_vs_d_40_200,low-risk,3,5.25,36.79019,38.04884,1,0,0.02,0.02,1.0,1,1.852395,0.113013,0.262196
queued_8,adaptive_verifier,eval_172,WAN,2,wan_ad_projcos4,WAN A/D projcos4,t4strict_pair_a_vs_d_40_200,projcos4,upgrade_verifier:t4strict_pair_a_vs_d_40_200,low-risk,3,5.25,38.04884,39.30947,1,0,0.02,0.02,1.0,1,1.852395,0.113013,0.237023
queued_8,adaptive_verifier,eval_173,WAN,1,wan_ad_projcos4,WAN A/D projcos4,t4strict_pair_a_vs_d_40_200,projcos4,upgrade_verifier:t4strict_pair_a_vs_d_40_200,low-risk,3,5.25,39.30947,40.56812,1,0,0.02,0.02,1.0,1,1.852395,0.113013,0.211811
queued_8,adaptive_verifier,eval_174,WAN,1,wan_ad_projcos4,WAN A/D projcos4,t4strict_pair_a_vs_d_40_200,projcos4,upgrade_verifier:t4strict_pair_a_vs_d_40_200,low-risk,3,5.25,40.56812,41.82677,1,0,0.02,0.02,1.0,1,1.852395,0.113013,0.186638
queued_8,adaptive_verifier,eval_175,WAN,2,wan_ad_projcos4,WAN A/D projcos4,t4strict_pair_a_vs_d_40_200,projcos4,upgrade_verifier:t4strict_pair_a_vs_d_40_200,low-risk,3,5.25,41.82677,43.08641,1,0,0.02,0.02,1.0,1,1.852395,0.113013,0.161465
queued_8,adaptive_verifier,eval_176,WAN,1,wan_ad_projcos4,WAN A/D projcos4,t4strict_pair_a_vs_d_40_200,projcos4,upgrade_verifier:t4strict_pair_a_vs_d_40_200,low-risk,3,5.25,43.08641,44.34209,1,0,0.02,0.02,1.0,1,1.852395,0.113013,0.136272
queued_8,adaptive_verifier,eval_177,WAN,3,wan_ad_projcos4,WAN A/D projcos4,t4strict_pair_a_vs_d_40_200,projcos4,upgrade_verifier:t4strict_pair_a_vs_d_40_200,low-risk,3,5.5,44.09209,45.37153,0,0,0.02,0.02,1.0,1,1.852395,0.113013,-0.883842
queued_8,adaptive_verifier,eval_178,WAN,3,wan_ad_projcos4,WAN A/D projcos4,t4strict_pair_a_vs_d_40_200,projcos4,upgrade_verifier:t4strict_pair_a_vs_d_40_200,low-risk,3,5.5,45.37153,46.64899,1,0,0.02,0.02,1.0,1,1.852395,0.113013,0.090569
queued_8,adaptive_verifier,eval_179,WAN,3,wan_ad_projcos4,WAN A/D projcos4,t4strict_pair_a_vs_d_40_200,projcos4,upgrade_verifier:t4strict_pair_a_vs_d_40_200,low-risk,3,5.5,46.64899,47.92447,1,0,0.02,0.02,1.0,1,1.852395,0.113013,0.06502
queued_8,adaptive_verifier,eval_180,WAN,1,wan_ad_projcos4,WAN A/D projcos4,t4strict_pair_a_vs_d_40_200,projcos4,upgrade_verifier:t4strict_pair_a_vs_d_40_200,low-risk,3,5.5,47.92447,49.18312,1,0,0.02,0.02,1.0,1,1.852395,0.113013,0.039511
queued_8,adaptive_verifier,eval_181,WAN,2,wan_ad_projcos4,WAN A/D projcos4,t4strict_pair_a_vs_d_40_200,projcos4,upgrade_verifier:t4strict_pair_a_vs_d_40_200,low-risk,3,5.5,49.18312,50.45068,1,0,0.02,0.02,1.0,1,1.852395,0.113013,0.014338
queued_8,adaptive_verifier,eval_182,WAN,2,wan_ad_projcos4,WAN A/D projcos4,t4strict_pair_a_vs_d_40_200,projcos4,upgrade_verifier:t4strict_pair_a_vs_d_40_200,low-risk,3,5.5,50.45068,51.72022,1,0,0.02,0.02,1.0,1,1.852395,0.113013,-0.011014
queued_8,adaptive_verifier,eval_183,WAN,2,wan_ad_projcos4,WAN A/D projcos4,t4strict_pair_a_vs_d_40_200,projcos4,upgrade_verifier:t4strict_pair_a_vs_d_40_200,low-risk,3,5.5,51.72022,52.98778,1,0,0.02,0.02,1.0,1,1.852395,0.113013,-0.036404
queued_8,adaptive_verifier,eval_184,WAN,2,wan_ad_projcos4,WAN A/D projcos4,t4strict_pair_a_vs_d_40_200,projcos4,upgrade_verifier:t4strict_pair_a_vs_d_40_200,low-risk,3,5.5,52.98778,54.25534,1,0,0.02,0.02,1.0,1,1.852395,0.113013,-0.061756
queued_8,adaptive_verifier,eval_185,WAN,2,wan_ad_projcos4,WAN A/D projcos4,t4strict_pair_a_vs_d_40_200,projcos4,upgrade_verifier:t4strict_pair_a_vs_d_40_200,low-risk,3,5.75,54.00534,55.27389,1,0,0.02,0.02,1.0,1,1.852395,0.113013,-0.082107
queued_8,adaptive_verifier,eval_186,WAN,2,wan_ad_projcos4,WAN A/D projcos4,t4strict_pair_a_vs_d_40_200,projcos4,upgrade_verifier:t4strict_pair_a_vs_d_40_200,low-risk,3,5.75,55.27389,56.53848,1,0,0.02,0.02,1.0,1,1.852395,0.113013,-0.107478
queued_8,adaptive_verifier,eval_187,WAN,3,wan_ad_projcos4,WAN A/D projcos4,t4strict_pair_a_vs_d_40_200,projcos4,upgrade_verifier:t4strict_pair_a_vs_d_40_200,low-risk,3,5.75,56.53848,57.82683,1,0,0.02,0.02,1.0,1,1.852395,0.113013,-0.13277
queued_8,adaptive_verifier,eval_188,WAN,3,wan_ad_projcos4,WAN A/D projcos4,t4strict_pair_a_vs_d_40_200,projcos4,upgrade_verifier:t4strict_pair_a_vs_d_40_200,low-risk,3,5.75,57.82683,59.1132,1,1,0.02,0.02,1.0,1,5.650625,0.113013,-0.308537
queued_8,adaptive_verifier,eval_189,WAN,3,wan_ad_projcos4,WAN A/D projcos4,t4strict_pair_a_vs_d_40_200,projcos4,upgrade_verifier:t4strict_pair_a_vs_d_40_200,low-risk,3,5.75,59.1132,60.39759,1,0,0.02,0.02,1.0,1,1.852395,0.113013,-0.184264
queued_8,adaptive_verifier,eval_190,WAN,2,wan_ad_projcos4,WAN A/D projcos4,t4strict_pair_a_vs_d_40_200,projcos4,upgrade_verifier:t4strict_pair_a_vs_d_40_200,low-risk,3,5.75,60.39759,61.66515,1,0,0.02,0.02,1.0,1,1.852395,0.113013,-0.209952
queued_8,adaptive_verifier,eval_191,WAN,2,wan_ad_projcos4,WAN A/D projcos4,t4strict_pair_a_vs_d_40_200,projcos4,upgrade_verifier:t4strict_pair_a_vs_d_40_200,low-risk,3,5.75,61.66515,62.93271,1,0,0.02,0.02,1.0,1,1.852395,0.113013,-0.235303
queued_8,adaptive_verifier,eval_192,WAN,2,wan_ad_projcos4,WAN A/D projcos4,t4strict_pair_a_vs_d_40_200,projcos4,upgrade_verifier:t4strict_pair_a_vs_d_40_200,low-risk,3,5.75,62.93271,64.20225,1,0,0.02,0.02,1.0,1,1.852395,0.113013,-0.260654
queued_8,adaptive_verifier,eval_193,WAN,2,wan_ad_projcos4,WAN A/D projcos4,t4strict_pair_a_vs_d_40_200,projcos4,upgrade_verifier:t4strict_pair_a_vs_d_40_200,low-risk,3,6.0,63.95225,65.21981,1,0,0.02,0.02,1.0,1,1.852395,0.113013,-0.281045
queued_8,adaptive_verifier,eval_194,WAN,2,wan_ad_projcos4,WAN A/D projcos4,t4strict_pair_a_vs_d_40_200,projcos4,upgrade_verifier:t4strict_pair_a_vs_d_40_200,low-risk,3,6.0,65.21981,66.48737,1,0,0.02,0.02,1.0,1,1.852395,0.113013,-0.306396
queued_8,adaptive_verifier,eval_195,WAN,2,wan_ad_projcos4,WAN A/D projcos4,t4strict_pair_a_vs_d_40_200,projcos4,upgrade_verifier:t4strict_pair_a_vs_d_40_200,low-risk,3,6.0,66.48737,67.75592,0,0,0.02,0.02,1.0,1,1.852395,0.113013,-1.331747
queued_8,adaptive_verifier,eval_196,WAN,2,wan_ad_projcos4,WAN A/D projcos4,t4strict_pair_a_vs_d_40_200,projcos4,upgrade_verifier:t4strict_pair_a_vs_d_40_200,low-risk,3,6.0,67.75592,69.02051,1,0,0.02,0.02,1.0,1,1.852395,0.113013,-0.357118
queued_8,adaptive_verifier,eval_197,WAN,3,wan_ad_projcos4,WAN A/D projcos4,t4strict_pair_a_vs_d_40_200,projcos4,upgrade_verifier:t4strict_pair_a_vs_d_40_200,low-risk,3,6.0,69.02051,70.30886,1,0,0.02,0.02,1.0,1,1.852395,0.113013,-0.38241
queued_8,adaptive_verifier,eval_198,WAN,3,wan_ad_projcos4,WAN A/D projcos4,t4strict_pair_a_vs_d_40_200,projcos4,upgrade_verifier:t4strict_pair_a_vs_d_40_200,low-risk,3,6.0,70.30886,71.59523,1,0,0.02,0.02,1.0,1,1.852395,0.113013,-0.408177
queued_8,adaptive_verifier,eval_199,WAN,3,wan_ad_projcos4,WAN A/D projcos4,t4strict_pair_a_vs_d_40_200,projcos4,upgrade_verifier:t4strict_pair_a_vs_d_40_200,low-risk,3,6.0,71.59523,72.87962,1,0,0.02,0.02,1.0,1,1.852395,0.113013,-0.433905
queued_8,adaptive_verifier,eval_200,WAN,2,wan_ad_projcos4,WAN A/D projcos4,t4strict_pair_a_vs_d_40_200,projcos4,upgrade_verifier:t4strict_pair_a_vs_d_40_200,low-risk,3,6.0,72.87962,74.14718,1,0,0.02,0.02,1.0,1,1.852395,0.113013,-0.459592
