variant,family,scenario,prompt_id,tolerance_mode,percentile,tolerance_scale,signature_scalars_per_checkpoint,signature_bytes_per_checkpoint_fp32,reveal_payload_bytes_per_trace,reference_capture_file_bytes,candidate_capture_file_bytes,metadata_bytes,commitment_head_bytes,commitment_chain_bytes,reference_storage_head_bytes,candidate_working_set_head_bytes,challenge_working_set_head_bytes,challenge_working_set_full_chain_bytes,reference_capture_load_ms,candidate_capture_load_ms,commitment_generation_ms,replay_ms,compare_ms,challenge_latency_no_commit_ms,challenge_latency_ms,detected,first_mismatch_stage,first_mismatch_checkpoint,verdict_bytes
scalar16,scalar,honest_homo,eval_001,global_shared,99.99,1.5,16,64,192,125387,125387,2132,32,96,126453,126453,253124,253188,1.831209,1.626417,12.291792,0.077416,0.003458,3.5385,15.830292,0,,,186
scalar16,scalar,honest_homo,eval_002,global_shared,99.99,1.5,16,64,192,133175,133175,2132,32,96,134241,134241,268700,268764,1.851542,1.625291,0.098541,0.068,0.002708,3.547541,3.646082,0,,,186
scalar16,scalar,honest_homo,eval_003,global_shared,99.99,1.5,16,64,192,117824,117824,2132,32,96,118890,118890,237998,238062,1.637584,1.608042,0.116709,0.071208,0.002792,3.319626,3.436335,0,,,186
scalar16,scalar,honest_homo,eval_004,global_shared,99.99,1.5,16,64,192,117850,117850,2132,32,96,118916,118916,238050,238114,1.644,1.685209,0.124125,0.073917,0.003125,3.406251,3.530376,0,,,186
scalar16,scalar,honest_homo,eval_005,global_shared,99.99,1.5,16,64,192,117819,117819,2132,32,96,118885,118885,237988,238052,1.669792,1.61525,0.10375,0.067292,0.002708,3.355042,3.458792,0,,,186
scalar16,scalar,honest_homo,eval_006,global_shared,99.99,1.5,16,64,192,117847,117847,2132,32,96,118913,118913,238044,238108,1.813167,1.723875,0.147792,0.070542,0.003084,3.610668,3.75846,0,,,186
scalar16,scalar,honest_homo,eval_007,global_shared,99.99,1.5,16,64,192,148372,148372,2132,32,96,149438,149438,299094,299158,1.696875,1.582292,0.085875,0.065958,0.0025,3.347625,3.4335,0,,,186
scalar16,scalar,honest_homo,eval_008,global_shared,99.99,1.5,16,64,192,148442,148442,2132,32,96,149508,149508,299234,299298,1.606125,1.777417,0.132708,0.071292,0.00275,3.457584,3.590292,0,,,186
scalar16,scalar,honest_homo,eval_009,global_shared,99.99,1.5,16,64,192,148502,148502,2132,32,96,149568,149568,299354,299418,1.812208,1.602084,0.088458,0.066709,0.00275,3.483751,3.572209,0,,,186
scalar16,scalar,honest_homo,eval_010,global_shared,99.99,1.5,16,64,192,117752,117752,2132,32,96,118818,118818,237854,237918,1.559042,1.510292,0.080875,0.065708,0.002458,3.1375,3.218375,0,,,186
scalar16,scalar,honest_homo,eval_011,global_shared,99.99,1.5,16,64,192,94634,94634,2132,32,96,95700,95700,191618,191682,1.65625,1.698791,0.129875,0.07075,0.003,3.428791,3.558666,0,,,186
scalar16,scalar,honest_homo,eval_012,global_shared,99.99,1.5,16,64,192,102368,102368,2132,32,96,103434,103434,207086,207150,1.602083,1.557416,0.086,0.068042,0.002542,3.230083,3.316083,0,,,186
scalar16,scalar,honest_homo,eval_013,global_shared,99.99,1.5,16,64,192,86927,86927,2132,32,96,87993,87993,176204,176268,1.553584,1.574625,0.091333,0.066917,0.0025,3.197626,3.288959,0,,,186
scalar16,scalar,honest_homo,eval_014,global_shared,99.99,1.5,16,64,192,87044,87044,2132,32,96,88110,88110,176438,176502,1.522125,1.899875,0.1175,0.06925,0.00275,3.494,3.6115,0,,,186
scalar16,scalar,honest_homo,eval_015,global_shared,99.99,1.5,16,64,192,87024,87024,2132,32,96,88090,88090,176398,176462,1.526792,1.510958,0.114292,0.073667,0.002625,3.114042,3.228334,0,,,186
scalar16,scalar,honest_homo,eval_016,global_shared,99.99,1.5,16,64,192,87017,87017,2132,32,96,88083,88083,176384,176448,1.600375,1.486625,0.090333,0.068333,0.002375,3.157708,3.248041,0,,,186
scalar16,scalar,honest_homo,eval_017,global_shared,99.99,1.5,16,64,192,117702,117702,2132,32,96,118768,118768,237754,237818,1.539042,1.560875,0.082792,0.065083,0.002375,3.167375,3.250167,0,,,186
scalar16,scalar,honest_homo,eval_018,global_shared,99.99,1.5,16,64,192,117777,117777,2132,32,96,118843,118843,237904,237968,1.610375,1.587042,0.164708,0.069208,0.002541,3.269166,3.433874,0,,,186
scalar16,scalar,honest_homo,eval_019,global_shared,99.99,1.5,16,64,192,117794,117794,2132,32,96,118860,118860,237938,238002,1.625125,1.550917,0.081416,0.066584,0.002333,3.244959,3.326375,0,,,186
scalar16,scalar,honest_homo,eval_020,global_shared,99.99,1.5,16,64,192,87013,87013,2132,32,96,88079,88079,176376,176440,1.510542,1.56875,0.09125,0.069333,0.002625,3.15125,3.2425,0,,,186
scalar16,scalar,honest_homo,eval_021,global_shared,99.99,1.5,16,64,192,102278,102278,2132,32,96,103344,103344,206906,206970,1.665,1.5705,0.085541,0.06625,0.002375,3.304125,3.389666,0,,,186
scalar16,scalar,honest_homo,eval_022,global_shared,99.99,1.5,16,64,192,109959,109959,2132,32,96,111025,111025,222268,222332,1.670334,1.557875,0.082375,0.066208,0.002541,3.296958,3.379333,0,,,186
scalar16,scalar,honest_homo,eval_023,global_shared,99.99,1.5,16,64,192,94688,94688,2132,32,96,95754,95754,191726,191790,1.617958,1.533458,0.089,0.066791,0.002375,3.220582,3.309582,0,,,186
scalar16,scalar,honest_homo,eval_024,global_shared,99.99,1.5,16,64,192,94655,94655,2132,32,96,95721,95721,191660,191724,1.533125,1.4985,0.079125,0.065542,0.002333,3.0995,3.178625,0,,,186
scalar16,scalar,honest_homo,eval_025,global_shared,99.99,1.5,16,64,192,94608,94608,2132,32,96,95674,95674,191566,191630,1.516792,1.59675,0.083792,0.066291,0.002416,3.182249,3.266041,0,,,186
scalar16,scalar,honest_homo,eval_026,global_shared,99.99,1.5,16,64,192,94641,94641,2132,32,96,95707,95707,191632,191696,1.6555,1.516959,0.080041,0.072166,0.002291,3.246916,3.326957,0,,,186
scalar16,scalar,honest_homo,eval_027,global_shared,99.99,1.5,16,64,192,125318,125318,2132,32,96,126384,126384,252986,253050,1.577667,1.532042,0.077709,0.0645,0.002292,3.176501,3.25421,0,,,186
scalar16,scalar,honest_homo,eval_028,global_shared,99.99,1.5,16,64,192,125330,125330,2132,32,96,126396,126396,253010,253074,1.616917,1.744584,0.097375,0.066833,0.002625,3.430959,3.528334,0,,,186
scalar16,scalar,honest_homo,eval_029,global_shared,99.99,1.5,16,64,192,125406,125406,2132,32,96,126472,126472,253162,253226,1.58125,1.542792,0.080375,0.064541,0.002375,3.190958,3.271333,0,,,186
scalar16,scalar,honest_homo,eval_030,global_shared,99.99,1.5,16,64,192,94632,94632,2132,32,96,95698,95698,191614,191678,1.490125,1.502834,0.083125,0.068042,0.002459,3.06346,3.146585,0,,,186
scalar16,scalar,honest_homo,eval_031,global_shared,99.99,1.5,16,64,192,109933,109933,2132,32,96,110999,110999,222216,222280,1.711125,1.655166,0.091292,0.067459,0.002458,3.436208,3.5275,0,,,186
scalar16,scalar,honest_homo,eval_032,global_shared,99.99,1.5,16,64,192,117742,117742,2132,32,96,118808,118808,237834,237898,1.705833,1.561875,0.081208,0.065958,0.002333,3.335999,3.417207,0,,,186
scalar16,scalar,honest_homo,eval_033,global_shared,99.99,1.5,16,64,192,102412,102412,2132,32,96,103478,103478,207174,207238,1.626208,1.530125,0.087667,0.06825,0.002333,3.226916,3.314583,0,,,186
scalar16,scalar,honest_homo,eval_034,global_shared,99.99,1.5,16,64,192,102360,102360,2132,32,96,103426,103426,207070,207134,1.573083,1.584167,0.083709,0.06625,0.002459,3.225959,3.309668,0,,,186
scalar16,scalar,honest_homo,eval_035,global_shared,99.99,1.5,16,64,192,102369,102369,2132,32,96,103435,103435,207088,207152,1.567,1.592042,0.0845,0.067167,0.003208,3.229417,3.313917,0,,,186
scalar16,scalar,honest_homo,eval_036,global_shared,99.99,1.5,16,64,192,102345,102345,2132,32,96,103411,103411,207040,207104,1.661959,1.560875,0.083208,0.06625,0.002458,3.291542,3.37475,0,,,186
scalar16,scalar,honest_homo,eval_037,global_shared,99.99,1.5,16,64,192,133072,133072,2132,32,96,134138,134138,268494,268558,1.652209,1.603084,0.080334,0.080333,0.00225,3.337876,3.41821,0,,,186
scalar16,scalar,honest_homo,eval_038,global_shared,99.99,1.5,16,64,192,133104,133104,2132,32,96,134170,134170,268558,268622,1.742542,1.771958,0.086709,0.065375,0.002458,3.582333,3.669042,0,,,186
scalar16,scalar,honest_homo,eval_039,global_shared,99.99,1.5,16,64,192,133130,133130,2132,32,96,134196,134196,268610,268674,1.610458,1.691208,0.079708,0.064958,0.002334,3.368958,3.448666,0,,,186
scalar16,scalar,honest_homo,eval_040,global_shared,99.99,1.5,16,64,192,102351,102351,2132,32,96,103417,103417,207052,207116,1.604,1.658417,0.106583,0.067208,0.002334,3.331959,3.438542,0,,,186
scalar16,scalar,honest_homo,eval_041,global_shared,99.99,1.5,16,64,192,117781,117781,2132,32,96,118847,118847,237912,237976,1.733667,1.553375,0.08975,0.065792,0.002417,3.355251,3.445001,0,,,186
scalar16,scalar,honest_homo,eval_042,global_shared,99.99,1.5,16,64,192,125483,125483,2132,32,96,126549,126549,253316,253380,1.594625,1.557291,0.091625,0.070208,0.002459,3.224583,3.316208,0,,,186
scalar16,scalar,honest_homo,eval_043,global_shared,99.99,1.5,16,64,192,110095,110095,2132,32,96,111161,111161,222540,222604,1.654875,1.54625,0.088791,0.066041,0.002416,3.269582,3.358373,0,,,186
scalar16,scalar,honest_homo,eval_044,global_shared,99.99,1.5,16,64,192,110045,110045,2132,32,96,111111,111111,222440,222504,1.543916,1.5995,0.081083,0.075459,0.002333,3.221208,3.302291,0,,,186
scalar16,scalar,honest_homo,eval_045,global_shared,99.99,1.5,16,64,192,110039,110039,2132,32,96,111105,111105,222428,222492,1.600875,1.670583,0.090167,0.065208,0.002333,3.338999,3.429166,0,,,186
scalar16,scalar,honest_homo,eval_046,global_shared,99.99,1.5,16,64,192,110089,110089,2132,32,96,111155,111155,222528,222592,1.616125,1.548375,0.086667,0.066042,0.002375,3.232917,3.319584,0,,,186
scalar16,scalar,honest_homo,eval_047,global_shared,99.99,1.5,16,64,192,140708,140708,2132,32,96,141774,141774,283766,283830,1.640625,1.744958,0.094208,0.075667,0.002625,3.463875,3.558083,0,,,186
scalar16,scalar,honest_homo,eval_048,global_shared,99.99,1.5,16,64,192,140709,140709,2132,32,96,141775,141775,283768,283832,1.63325,1.581125,0.086083,0.064917,0.00225,3.281542,3.367625,0,,,186
scalar16,scalar,honest_homo,eval_049,global_shared,99.99,1.5,16,64,192,140782,140782,2132,32,96,141848,141848,283914,283978,1.597625,1.564709,0.077833,0.070625,0.002208,3.235167,3.313,0,,,186
scalar16,scalar,honest_homo,eval_050,global_shared,99.99,1.5,16,64,192,110109,110109,2132,32,96,111175,111175,222568,222632,1.644792,1.711208,0.125417,0.069458,0.002958,3.428416,3.553833,0,,,186
scalar16,scalar,honest_homo,eval_051,global_shared,99.99,1.5,16,64,192,125473,125473,2132,32,96,126539,126539,253296,253360,1.627542,1.549083,0.087958,0.067792,0.002542,3.246959,3.334917,0,,,186
scalar16,scalar,honest_homo,eval_052,global_shared,99.99,1.5,16,64,192,133158,133158,2132,32,96,134224,134224,268666,268730,1.594875,1.622959,0.089667,0.065875,0.002541,3.28625,3.375917,0,,,186
scalar16,scalar,honest_homo,eval_053,global_shared,99.99,1.5,16,64,192,117930,117930,2132,32,96,118996,118996,238210,238274,1.614375,1.603375,0.083,0.065667,0.002416,3.285833,3.368833,0,,,186
scalar16,scalar,honest_homo,eval_054,global_shared,99.99,1.5,16,64,192,117955,117955,2132,32,96,119021,119021,238260,238324,1.632041,1.565917,0.08225,0.066375,0.002333,3.266666,3.348916,0,,,186
scalar16,scalar,honest_homo,eval_055,global_shared,99.99,1.5,16,64,192,117827,117827,2132,32,96,118893,118893,238004,238068,1.669083,1.600083,0.094667,0.066042,0.002542,3.33775,3.432417,0,,,186
scalar16,scalar,honest_homo,eval_056,global_shared,99.99,1.5,16,64,192,117845,117845,2132,32,96,118911,118911,238040,238104,1.645666,1.600083,0.086416,0.065583,0.002417,3.313749,3.400165,0,,,186
scalar16,scalar,honest_homo,eval_057,global_shared,99.99,1.5,16,64,192,148278,148278,2132,32,96,149344,149344,298906,298970,1.785,1.7025,0.090833,0.066334,0.002458,3.556292,3.647125,0,,,186
scalar16,scalar,honest_homo,eval_058,global_shared,99.99,1.5,16,64,192,148424,148424,2132,32,96,149490,149490,299198,299262,1.655041,1.606667,0.079208,0.065166,0.002291,3.329165,3.408373,0,,,186
scalar16,scalar,honest_homo,eval_059,global_shared,99.99,1.5,16,64,192,148408,148408,2132,32,96,149474,149474,299166,299230,1.668084,1.655084,0.094875,0.06625,0.002292,3.39171,3.486585,0,,,186
scalar16,scalar,honest_homo,eval_060,global_shared,99.99,1.5,16,64,192,117952,117952,2132,32,96,119018,119018,238254,238318,1.784458,1.638375,0.088625,0.066875,0.002334,3.492042,3.580667,0,,,186
scalar16,scalar,honest_homo,eval_061,global_shared,99.99,1.5,16,64,192,94729,94729,2132,32,96,95795,95795,191808,191872,1.543209,1.492084,0.0805,0.095042,0.00275,3.133085,3.213585,0,,,186
scalar16,scalar,honest_homo,eval_062,global_shared,99.99,1.5,16,64,192,102420,102420,2132,32,96,103486,103486,207190,207254,1.6575,1.489083,0.085083,0.067375,0.002333,3.216291,3.301374,0,,,186
scalar16,scalar,honest_homo,eval_063,global_shared,99.99,1.5,16,64,192,86997,86997,2132,32,96,88063,88063,176344,176408,1.47375,1.577291,0.082292,0.0655,0.002333,3.118874,3.201166,0,,,186
scalar16,scalar,honest_homo,eval_064,global_shared,99.99,1.5,16,64,192,87139,87139,2132,32,96,88205,88205,176628,176692,1.547208,1.551125,0.093125,0.066042,0.002209,3.166584,3.259709,0,,,186
scalar16,scalar,honest_homo,eval_065,global_shared,99.99,1.5,16,64,192,87081,87081,2132,32,96,88147,88147,176512,176576,1.597334,1.508334,0.079833,0.065292,0.002291,3.173251,3.253084,0,,,186
scalar16,scalar,honest_homo,eval_066,global_shared,99.99,1.5,16,64,192,87056,87056,2132,32,96,88122,88122,176462,176526,1.504167,1.473583,0.07925,0.064958,0.00225,3.044958,3.124208,0,,,186
scalar16,scalar,honest_homo,eval_067,global_shared,99.99,1.5,16,64,192,117822,117822,2132,32,96,118888,118888,237994,238058,1.685541,1.581667,0.085166,0.064125,0.002167,3.3335,3.418666,0,,,186
scalar16,scalar,honest_homo,eval_068,global_shared,99.99,1.5,16,64,192,117889,117889,2132,32,96,118955,118955,238128,238192,1.653584,1.574625,0.081584,0.065583,0.002458,3.29625,3.377834,0,,,186
scalar16,scalar,honest_homo,eval_069,global_shared,99.99,1.5,16,64,192,117797,117797,2132,32,96,118863,118863,237944,238008,1.581167,1.61425,0.098458,0.0745,0.0025,3.272417,3.370875,0,,,186
scalar16,scalar,honest_homo,eval_070,global_shared,99.99,1.5,16,64,192,87040,87040,2132,32,96,88106,88106,176430,176494,1.66775,1.519542,0.082042,0.087708,0.004375,3.279375,3.361417,0,,,186
scalar16,scalar,honest_homo,eval_071,global_shared,99.99,1.5,16,64,192,102442,102442,2132,32,96,103508,103508,207234,207298,1.589792,1.506917,0.085917,0.071792,0.002542,3.171043,3.25696,0,,,186
scalar16,scalar,honest_homo,eval_072,global_shared,99.99,1.5,16,64,192,110082,110082,2132,32,96,111148,111148,222514,222578,1.659084,1.571416,0.089125,0.075084,0.002416,3.308,3.397125,0,,,186
scalar16,scalar,honest_homo,eval_073,global_shared,99.99,1.5,16,64,192,94742,94742,2132,32,96,95808,95808,191834,191898,1.52575,1.537541,0.082292,0.091417,0.004083,3.158791,3.241083,0,,,186
scalar16,scalar,honest_homo,eval_074,global_shared,99.99,1.5,16,64,192,94770,94770,2132,32,96,95836,95836,191890,191954,1.571,1.562875,0.112125,0.072291,0.00275,3.208916,3.321041,0,,,186
scalar16,scalar,honest_homo,eval_075,global_shared,99.99,1.5,16,64,192,94677,94677,2132,32,96,95743,95743,191704,191768,1.676167,1.504417,0.0845,0.067583,0.0025,3.250667,3.335167,0,,,186
scalar16,scalar,honest_homo,eval_076,global_shared,99.99,1.5,16,64,192,94651,94651,2132,32,96,95717,95717,191652,191716,1.510709,1.505542,0.088917,0.173833,0.002958,3.193042,3.281959,0,,,186
scalar16,scalar,honest_homo,eval_077,global_shared,99.99,1.5,16,64,192,125450,125450,2132,32,96,126516,126516,253250,253314,1.789959,1.599791,0.099292,0.066042,0.002333,3.458125,3.557417,0,,,186
scalar16,scalar,honest_homo,eval_078,global_shared,99.99,1.5,16,64,192,125481,125481,2132,32,96,126547,126547,253312,253376,1.575542,1.545208,0.077959,0.065375,0.002292,3.188417,3.266376,0,,,186
scalar16,scalar,honest_homo,eval_079,global_shared,99.99,1.5,16,64,192,125437,125437,2132,32,96,126503,126503,253224,253288,1.57425,1.695958,0.0955,0.074583,0.002625,3.347416,3.442916,0,,,186
scalar16,scalar,honest_homo,eval_080,global_shared,99.99,1.5,16,64,192,94814,94814,2132,32,96,95880,95880,191978,192042,1.683083,1.624958,0.124375,0.069542,0.002792,3.380375,3.50475,0,,,186
scalar16,scalar,honest_homo,eval_081,global_shared,99.99,1.5,16,64,192,102323,102323,2132,32,96,103389,103389,206996,207060,1.63375,1.544541,0.084542,0.073833,0.002416,3.25454,3.339082,0,,,186
scalar16,scalar,honest_homo,eval_082,global_shared,99.99,1.5,16,64,192,110077,110077,2132,32,96,111143,111143,222504,222568,1.684709,1.663709,0.104833,0.06875,0.002792,3.41996,3.524793,0,,,186
scalar16,scalar,honest_homo,eval_083,global_shared,99.99,1.5,16,64,192,94746,94746,2132,32,96,95812,95812,191842,191906,1.616042,1.505,0.086292,0.0655,0.0025,3.189042,3.275334,0,,,186
scalar16,scalar,honest_homo,eval_084,global_shared,99.99,1.5,16,64,192,94772,94772,2132,32,96,95838,95838,191894,191958,1.563208,1.582167,0.094083,0.065625,0.002333,3.213333,3.307416,0,,,186
scalar16,scalar,honest_homo,eval_085,global_shared,99.99,1.5,16,64,192,94711,94711,2132,32,96,95777,95777,191772,191836,1.607958,1.534209,0.0795,0.069375,0.002292,3.213834,3.293334,0,,,186
scalar16,scalar,honest_homo,eval_086,global_shared,99.99,1.5,16,64,192,94658,94658,2132,32,96,95724,95724,191666,191730,1.576791,1.532541,0.097666,0.076541,0.003,3.188873,3.286539,0,,,186
scalar16,scalar,honest_homo,eval_087,global_shared,99.99,1.5,16,64,192,125362,125362,2132,32,96,126428,126428,253074,253138,1.691667,1.53975,0.100333,0.065291,0.0025,3.299208,3.399541,0,,,186
scalar16,scalar,honest_homo,eval_088,global_shared,99.99,1.5,16,64,192,125445,125445,2132,32,96,126511,126511,253240,253304,1.567917,1.527333,0.078125,0.0645,0.002292,3.162042,3.240167,0,,,186
scalar16,scalar,honest_homo,eval_089,global_shared,99.99,1.5,16,64,192,125479,125479,2132,32,96,126545,126545,253308,253372,1.654375,1.830375,0.099834,0.065333,0.002416,3.552499,3.652333,0,,,186
scalar16,scalar,honest_homo,eval_090,global_shared,99.99,1.5,16,64,192,94653,94653,2132,32,96,95719,95719,191656,191720,1.567084,1.552542,0.080083,0.064417,0.002292,3.186335,3.266418,0,,,186
scalar16,scalar,honest_homo,eval_091,global_shared,99.99,1.5,16,64,192,94583,94583,2132,32,96,95649,95649,191516,191580,1.521708,1.59775,0.107959,0.077042,0.002792,3.199292,3.307251,0,,,186
scalar16,scalar,honest_homo,eval_092,global_shared,99.99,1.5,16,64,192,102324,102324,2132,32,96,103390,103390,206998,207062,1.611834,1.531791,0.080333,0.064292,0.00225,3.210167,3.2905,0,,,186
scalar16,scalar,honest_homo,eval_093,global_shared,99.99,1.5,16,64,192,87015,87015,2132,32,96,88081,88081,176380,176444,1.5315,1.482459,0.079167,0.064583,0.002375,3.080917,3.160084,0,,,186
scalar16,scalar,honest_homo,eval_094,global_shared,99.99,1.5,16,64,192,87058,87058,2132,32,96,88124,88124,176466,176530,1.575334,1.58625,0.091042,0.064916,0.002333,3.228833,3.319875,0,,,186
scalar16,scalar,honest_homo,eval_095,global_shared,99.99,1.5,16,64,192,86952,86952,2132,32,96,88018,88018,176254,176318,1.5365,1.498584,0.079667,0.065666,0.00225,3.103,3.182667,0,,,186
scalar16,scalar,honest_homo,eval_096,global_shared,99.99,1.5,16,64,192,87127,87127,2132,32,96,88193,88193,176604,176668,1.51475,1.553458,0.085791,0.071542,0.002459,3.142209,3.228,0,,,186
scalar16,scalar,honest_homo,eval_097,global_shared,99.99,1.5,16,64,192,117750,117750,2132,32,96,118816,118816,237850,237914,1.614416,1.605125,0.087833,0.063708,0.002333,3.285582,3.373415,0,,,186
scalar16,scalar,honest_homo,eval_098,global_shared,99.99,1.5,16,64,192,117759,117759,2132,32,96,118825,118825,237868,237932,1.613834,1.535792,0.077792,0.063792,0.002333,3.215751,3.293543,0,,,186
scalar16,scalar,honest_homo,eval_099,global_shared,99.99,1.5,16,64,192,117780,117780,2132,32,96,118846,118846,237910,237974,1.607084,1.687792,0.091792,0.064709,0.002417,3.362002,3.453794,0,,,186
scalar16,scalar,honest_homo,eval_100,global_shared,99.99,1.5,16,64,192,87059,87059,2132,32,96,88125,88125,176468,176532,1.528041,1.486833,0.078709,0.06425,0.002208,3.081332,3.160041,0,,,186
scalar16,scalar,honest_homo,eval_101,global_shared,99.99,1.5,16,64,192,94700,94700,2132,32,96,95766,95766,191750,191814,1.524125,1.52875,0.083792,0.068833,0.0025,3.124208,3.208,0,,,186
scalar16,scalar,honest_homo,eval_102,global_shared,99.99,1.5,16,64,192,102373,102373,2132,32,96,103439,103439,207096,207160,1.5775,1.509584,0.079958,0.064041,0.00225,3.153375,3.233333,0,,,186
scalar16,scalar,honest_homo,eval_103,global_shared,99.99,1.5,16,64,192,87158,87158,2132,32,96,88224,88224,176666,176730,1.556416,1.518583,0.082333,0.064375,0.00225,3.141624,3.223957,0,,,186
scalar16,scalar,honest_homo,eval_104,global_shared,99.99,1.5,16,64,192,87146,87146,2132,32,96,88212,88212,176642,176706,1.546292,1.573208,0.104584,0.074458,0.002459,3.196417,3.301001,0,,,186
scalar16,scalar,honest_homo,eval_105,global_shared,99.99,1.5,16,64,192,87135,87135,2132,32,96,88201,88201,176620,176684,1.54225,1.52625,0.079,0.0645,0.00225,3.13525,3.21425,0,,,186
scalar16,scalar,honest_homo,eval_106,global_shared,99.99,1.5,16,64,192,87115,87115,2132,32,96,88181,88181,176580,176644,1.5405,1.505916,0.094458,0.068084,0.002375,3.116875,3.211333,0,,,186
scalar16,scalar,honest_homo,eval_107,global_shared,99.99,1.5,16,64,192,117810,117810,2132,32,96,118876,118876,237970,238034,1.62375,1.525125,0.084084,0.063041,0.002291,3.214207,3.298291,0,,,186
scalar16,scalar,honest_homo,eval_108,global_shared,99.99,1.5,16,64,192,117838,117838,2132,32,96,118904,118904,238026,238090,1.569834,1.529708,0.076375,0.063166,0.002167,3.164875,3.24125,0,,,186
scalar16,scalar,honest_homo,eval_109,global_shared,99.99,1.5,16,64,192,117828,117828,2132,32,96,118894,118894,238006,238070,1.599834,1.693833,0.108417,0.077875,0.002458,3.374,3.482417,0,,,186
scalar16,scalar,honest_homo,eval_110,global_shared,99.99,1.5,16,64,192,87160,87160,2132,32,96,88226,88226,176670,176734,1.566459,1.485625,0.089042,0.064292,0.002333,3.118709,3.207751,0,,,186
scalar16,scalar,honest_homo,eval_111,global_shared,99.99,1.5,16,64,192,87018,87018,2132,32,96,88084,88084,176386,176450,1.53125,1.487208,0.08525,0.070625,0.002375,3.091458,3.176708,0,,,186
scalar16,scalar,honest_homo,eval_112,global_shared,99.99,1.5,16,64,192,94785,94785,2132,32,96,95851,95851,191920,191984,1.602,1.545625,0.089792,0.065292,0.002208,3.215125,3.304917,0,,,186
scalar16,scalar,honest_homo,eval_113,global_shared,99.99,1.5,16,64,192,79413,79413,2132,32,96,80479,80479,161176,161240,1.541,1.478375,0.078375,0.064541,0.002208,3.086124,3.164499,0,,,186
scalar16,scalar,honest_homo,eval_114,global_shared,99.99,1.5,16,64,192,79398,79398,2132,32,96,80464,80464,161146,161210,1.55075,1.555625,0.121916,0.075959,0.002667,3.185001,3.306917,0,,,186
scalar16,scalar,honest_homo,eval_115,global_shared,99.99,1.5,16,64,192,79342,79342,2132,32,96,80408,80408,161034,161098,1.527375,1.474875,0.079333,0.064458,0.002208,3.068916,3.148249,0,,,186
scalar16,scalar,honest_homo,eval_116,global_shared,99.99,1.5,16,64,192,79427,79427,2132,32,96,80493,80493,161204,161268,1.586959,1.499083,0.080375,0.062875,0.002291,3.151208,3.231583,0,,,186
scalar16,scalar,honest_homo,eval_117,global_shared,99.99,1.5,16,64,192,110094,110094,2132,32,96,111160,111160,222538,222602,1.621042,1.525292,0.083792,0.064334,0.002375,3.213043,3.296835,0,,,186
scalar16,scalar,honest_homo,eval_118,global_shared,99.99,1.5,16,64,192,110064,110064,2132,32,96,111130,111130,222478,222542,1.542584,1.551792,0.0795,0.064125,0.002208,3.160709,3.240209,0,,,186
scalar16,scalar,honest_homo,eval_119,global_shared,99.99,1.5,16,64,192,110108,110108,2132,32,96,111174,111174,222566,222630,1.58175,1.694375,0.098416,0.070042,0.002416,3.348583,3.446999,0,,,186
scalar16,scalar,honest_homo,eval_120,global_shared,99.99,1.5,16,64,192,79443,79443,2132,32,96,80509,80509,161236,161300,1.560416,1.4855,0.080333,0.06525,0.002458,3.113624,3.193957,0,,,186
scalar16,scalar,honest_homo,eval_121,global_shared,99.99,1.5,16,64,192,125386,125386,2132,32,96,126452,126452,253122,253186,1.59225,1.628875,0.079875,0.064375,0.00225,3.28775,3.367625,0,,,186
scalar16,scalar,honest_homo,eval_122,global_shared,99.99,1.5,16,64,192,133104,133104,2132,32,96,134170,134170,268558,268622,1.7425,1.60125,0.090583,0.189417,0.003625,3.536792,3.627375,0,,,186
scalar16,scalar,honest_homo,eval_123,global_shared,99.99,1.5,16,64,192,117705,117705,2132,32,96,118771,118771,237760,237824,1.610458,1.544042,0.096625,0.069708,0.002584,3.226792,3.323417,0,,,186
scalar16,scalar,honest_homo,eval_124,global_shared,99.99,1.5,16,64,192,117871,117871,2132,32,96,118937,118937,238092,238156,1.614417,1.701084,0.095959,0.071208,0.0025,3.389209,3.485168,0,,,186
scalar16,scalar,honest_homo,eval_125,global_shared,99.99,1.5,16,64,192,117680,117680,2132,32,96,118746,118746,237710,237774,1.618334,1.551625,0.079,0.064542,0.00225,3.236751,3.315751,0,,,186
scalar16,scalar,honest_homo,eval_126,global_shared,99.99,1.5,16,64,192,117799,117799,2132,32,96,118865,118865,237948,238012,1.717333,1.638917,0.107833,0.084709,0.0035,3.444459,3.552292,0,,,186
scalar16,scalar,honest_homo,eval_127,global_shared,99.99,1.5,16,64,192,148349,148349,2132,32,96,149415,149415,299048,299112,1.651958,1.601291,0.08075,0.06625,0.002333,3.321832,3.402582,0,,,186
scalar16,scalar,honest_homo,eval_128,global_shared,99.99,1.5,16,64,192,148283,148283,2132,32,96,149349,149349,298916,298980,1.637833,1.606333,0.082583,0.065834,0.002375,3.312375,3.394958,0,,,186
scalar16,scalar,honest_homo,eval_129,global_shared,99.99,1.5,16,64,192,148312,148312,2132,32,96,149378,149378,298974,299038,1.866459,1.776542,0.098958,0.065334,0.002708,3.711043,3.810001,0,,,186
scalar16,scalar,honest_homo,eval_130,global_shared,99.99,1.5,16,64,192,117825,117825,2132,32,96,118891,118891,238000,238064,1.596,1.531917,0.078,0.063208,0.002459,3.193584,3.271584,0,,,186
scalar16,scalar,honest_homo,eval_131,global_shared,99.99,1.5,16,64,192,94679,94679,2132,32,96,95745,95745,191708,191772,1.555459,1.636791,0.090125,0.064458,0.002375,3.259083,3.349208,0,,,186
scalar16,scalar,honest_homo,eval_132,global_shared,99.99,1.5,16,64,192,102344,102344,2132,32,96,103410,103410,207038,207102,1.584958,1.63575,0.078958,0.064625,0.00225,3.287583,3.366541,0,,,186
scalar16,scalar,honest_homo,eval_133,global_shared,99.99,1.5,16,64,192,87095,87095,2132,32,96,88161,88161,176540,176604,1.522917,1.49475,0.082042,0.065583,0.002209,3.085459,3.167501,0,,,186
scalar16,scalar,honest_homo,eval_134,global_shared,99.99,1.5,16,64,192,87056,87056,2132,32,96,88122,88122,176462,176526,1.665,1.603834,0.093667,0.0655,0.002459,3.336793,3.43046,0,,,186
scalar16,scalar,honest_homo,eval_135,global_shared,99.99,1.5,16,64,192,86993,86993,2132,32,96,88059,88059,176336,176400,1.540541,1.519375,0.078875,0.063833,0.002333,3.126082,3.204957,0,,,186
scalar16,scalar,honest_homo,eval_136,global_shared,99.99,1.5,16,64,192,87088,87088,2132,32,96,88154,88154,176526,176590,1.565875,1.565333,0.087541,0.063459,0.002333,3.197,3.284541,0,,,186
scalar16,scalar,honest_homo,eval_137,global_shared,99.99,1.5,16,64,192,117719,117719,2132,32,96,118785,118785,237788,237852,1.592208,1.568666,0.081208,0.064417,0.002292,3.227583,3.308791,0,,,186
scalar16,scalar,honest_homo,eval_138,global_shared,99.99,1.5,16,64,192,117798,117798,2132,32,96,118864,118864,237946,238010,1.612458,1.585833,0.096875,0.071292,0.003,3.272583,3.369458,0,,,186
scalar16,scalar,honest_homo,eval_139,global_shared,99.99,1.5,16,64,192,117874,117874,2132,32,96,118940,118940,238098,238162,1.797917,1.626292,0.094208,0.064708,0.007834,3.496751,3.590959,0,,,186
scalar16,scalar,honest_homo,eval_140,global_shared,99.99,1.5,16,64,192,87075,87075,2132,32,96,88141,88141,176500,176564,1.520458,1.529958,0.079875,0.064834,0.002292,3.117542,3.197417,0,,,186
scalar16,scalar,honest_homo,eval_141,global_shared,99.99,1.5,16,64,192,94617,94617,2132,32,96,95683,95683,191584,191648,1.604917,1.568792,0.085459,0.064833,0.002334,3.240876,3.326335,0,,,186
scalar16,scalar,honest_homo,eval_142,global_shared,99.99,1.5,16,64,192,102410,102410,2132,32,96,103476,103476,207170,207234,1.64925,1.534667,0.086833,0.065792,0.002417,3.252126,3.338959,0,,,186
scalar16,scalar,honest_homo,eval_143,global_shared,99.99,1.5,16,64,192,87113,87113,2132,32,96,88179,88179,176576,176640,1.478083,1.484042,0.089208,0.06825,0.002375,3.03275,3.121958,0,,,186
scalar16,scalar,honest_homo,eval_144,global_shared,99.99,1.5,16,64,192,87139,87139,2132,32,96,88205,88205,176628,176692,1.615833,1.585459,0.086125,0.0655,0.002292,3.269084,3.355209,0,,,186
scalar16,scalar,honest_homo,eval_145,global_shared,99.99,1.5,16,64,192,86952,86952,2132,32,96,88018,88018,176254,176318,1.539375,1.564792,0.080917,0.064583,0.002792,3.171542,3.252459,0,,,186
scalar16,scalar,honest_homo,eval_146,global_shared,99.99,1.5,16,64,192,87084,87084,2132,32,96,88150,88150,176518,176582,1.617667,1.509333,0.085416,0.064625,0.002292,3.193917,3.279333,0,,,186
scalar16,scalar,honest_homo,eval_147,global_shared,99.99,1.5,16,64,192,117827,117827,2132,32,96,118893,118893,238004,238068,1.660208,1.595625,0.080291,0.064416,0.00225,3.322499,3.40279,0,,,186
scalar16,scalar,honest_homo,eval_148,global_shared,99.99,1.5,16,64,192,117775,117775,2132,32,96,118841,118841,237900,237964,1.583125,1.705,0.086334,0.065958,0.002291,3.356374,3.442708,0,,,186
scalar16,scalar,honest_homo,eval_149,global_shared,99.99,1.5,16,64,192,117819,117819,2132,32,96,118885,118885,237988,238052,1.716875,1.563083,0.093084,0.065708,0.002208,3.347874,3.440958,0,,,186
scalar16,scalar,honest_homo,eval_150,global_shared,99.99,1.5,16,64,192,87077,87077,2132,32,96,88143,88143,176504,176568,1.527833,1.49175,0.078458,0.062917,0.002209,3.084709,3.163167,0,,,186
scalar16,scalar,honest_homo,eval_151,global_shared,99.99,1.5,16,64,192,110135,110135,2132,32,96,111201,111201,222620,222684,1.619958,1.609875,0.090666,0.065666,0.002291,3.29779,3.388456,0,,,186
scalar16,scalar,honest_homo,eval_152,global_shared,99.99,1.5,16,64,192,117832,117832,2132,32,96,118898,118898,238014,238078,1.585459,1.525541,0.076916,0.063666,0.00225,3.176916,3.253832,0,,,186
scalar16,scalar,honest_homo,eval_153,global_shared,99.99,1.5,16,64,192,102417,102417,2132,32,96,103483,103483,207184,207248,1.588833,1.612542,0.08625,0.0755,0.002292,3.279167,3.365417,0,,,186
scalar16,scalar,honest_homo,eval_154,global_shared,99.99,1.5,16,64,192,102552,102552,2132,32,96,103618,103618,207454,207518,1.667958,1.5675,0.079,0.06375,0.00225,3.301458,3.380458,0,,,186
scalar16,scalar,honest_homo,eval_155,global_shared,99.99,1.5,16,64,192,102403,102403,2132,32,96,103469,103469,207156,207220,1.608166,1.574791,0.082541,0.064292,0.002334,3.249583,3.332124,0,,,186
scalar16,scalar,honest_homo,eval_156,global_shared,99.99,1.5,16,64,192,102452,102452,2132,32,96,103518,103518,207254,207318,1.676625,1.5655,0.087417,0.0645,0.002458,3.309083,3.3965,0,,,186
scalar16,scalar,honest_homo,eval_157,global_shared,99.99,1.5,16,64,192,133180,133180,2132,32,96,134246,134246,268710,268774,1.592291,1.5625,0.076958,0.06325,0.00225,3.220291,3.297249,0,,,186
scalar16,scalar,honest_homo,eval_158,global_shared,99.99,1.5,16,64,192,133159,133159,2132,32,96,134225,134225,268668,268732,1.619583,1.692708,0.105209,0.066375,0.002417,3.381083,3.486292,0,,,186
scalar16,scalar,honest_homo,eval_159,global_shared,99.99,1.5,16,64,192,133204,133204,2132,32,96,134270,134270,268758,268822,1.797208,1.648,0.083459,0.064708,0.002375,3.512291,3.59575,0,,,186
scalar16,scalar,honest_homo,eval_160,global_shared,99.99,1.5,16,64,192,102561,102561,2132,32,96,103627,103627,207472,207536,1.558125,1.557208,0.079208,0.064625,0.002291,3.182249,3.261457,0,,,186
scalar16,scalar,honest_homo,eval_161,global_shared,99.99,1.5,16,64,192,102359,102359,2132,32,96,103425,103425,207068,207132,1.657625,1.651417,0.086583,0.064375,0.002417,3.375834,3.462417,0,,,186
scalar16,scalar,honest_homo,eval_162,global_shared,99.99,1.5,16,64,192,110073,110073,2132,32,96,111139,111139,222496,222560,1.616,1.59725,0.0825,0.065083,0.002333,3.280666,3.363166,0,,,186
scalar16,scalar,honest_homo,eval_163,global_shared,99.99,1.5,16,64,192,94753,94753,2132,32,96,95819,95819,191856,191920,1.54525,1.628958,0.08775,0.068542,0.002333,3.245083,3.332833,0,,,186
scalar16,scalar,honest_homo,eval_164,global_shared,99.99,1.5,16,64,192,94714,94714,2132,32,96,95780,95780,191778,191842,1.642916,1.528125,0.086209,0.078833,0.002459,3.252333,3.338542,0,,,186
scalar16,scalar,honest_homo,eval_165,global_shared,99.99,1.5,16,64,192,94710,94710,2132,32,96,95776,95776,191770,191834,1.591792,1.583375,0.083292,0.065959,0.002333,3.243459,3.326751,0,,,186
scalar16,scalar,honest_homo,eval_166,global_shared,99.99,1.5,16,64,192,94768,94768,2132,32,96,95834,95834,191886,191950,1.611125,1.511625,0.0845,0.065416,0.002333,3.190499,3.274999,0,,,186
scalar16,scalar,honest_homo,eval_167,global_shared,99.99,1.5,16,64,192,125421,125421,2132,32,96,126487,126487,253192,253256,1.614292,1.568625,0.079625,0.065084,0.002333,3.250334,3.329959,0,,,186
scalar16,scalar,honest_homo,eval_168,global_shared,99.99,1.5,16,64,192,125426,125426,2132,32,96,126492,126492,253202,253266,1.761459,1.728208,0.101958,0.0735,0.0025,3.565667,3.667625,0,,,186
scalar16,scalar,honest_homo,eval_169,global_shared,99.99,1.5,16,64,192,125488,125488,2132,32,96,126554,126554,253326,253390,1.636041,1.569459,0.077875,0.063833,0.00225,3.271583,3.349458,0,,,186
scalar16,scalar,honest_homo,eval_170,global_shared,99.99,1.5,16,64,192,94781,94781,2132,32,96,95847,95847,191912,191976,1.573583,1.549834,0.082625,0.068667,0.002416,3.1945,3.277125,0,,,186
scalar16,scalar,honest_homo,eval_171,global_shared,99.99,1.5,16,64,192,102424,102424,2132,32,96,103490,103490,207198,207262,1.740583,1.547791,0.10025,0.067334,0.002666,3.358374,3.458624,0,,,186
scalar16,scalar,honest_homo,eval_172,global_shared,99.99,1.5,16,64,192,110099,110099,2132,32,96,111165,111165,222548,222612,1.54575,1.508541,0.079375,0.063208,0.002375,3.119874,3.199249,0,,,186
scalar16,scalar,honest_homo,eval_173,global_shared,99.99,1.5,16,64,192,94804,94804,2132,32,96,95870,95870,191958,192022,1.583833,1.632125,0.088709,0.063125,0.002375,3.281458,3.370167,0,,,186
scalar16,scalar,honest_homo,eval_174,global_shared,99.99,1.5,16,64,192,94787,94787,2132,32,96,95853,95853,191924,191988,1.6155,1.549542,0.08275,0.064292,0.002375,3.231709,3.314459,0,,,186
scalar16,scalar,honest_homo,eval_175,global_shared,99.99,1.5,16,64,192,94756,94756,2132,32,96,95822,95822,191862,191926,1.550208,1.605167,0.090542,0.072042,0.002708,3.230125,3.320667,0,,,186
scalar16,scalar,honest_homo,eval_176,global_shared,99.99,1.5,16,64,192,94802,94802,2132,32,96,95868,95868,191954,192018,1.697542,1.5075,0.087125,0.066417,0.002458,3.273917,3.361042,0,,,186
scalar16,scalar,honest_homo,eval_177,global_shared,99.99,1.5,16,64,192,125428,125428,2132,32,96,126494,126494,253206,253270,1.59525,1.586791,0.077708,0.067125,0.003084,3.25225,3.329958,0,,,186
scalar16,scalar,honest_homo,eval_178,global_shared,99.99,1.5,16,64,192,125405,125405,2132,32,96,126471,126471,253160,253224,1.70875,1.742333,0.098666,0.064208,0.002542,3.517833,3.616499,0,,,186
scalar16,scalar,honest_homo,eval_179,global_shared,99.99,1.5,16,64,192,125471,125471,2132,32,96,126537,126537,253292,253356,1.626958,1.570709,0.077416,0.063458,0.00225,3.263375,3.340791,0,,,186
scalar16,scalar,honest_homo,eval_180,global_shared,99.99,1.5,16,64,192,94765,94765,2132,32,96,95831,95831,191880,191944,1.564083,1.603417,0.089209,0.064708,0.0025,3.234708,3.323917,0,,,186
scalar16,scalar,honest_homo,eval_181,global_shared,99.99,1.5,16,64,192,102309,102309,2132,32,96,103375,103375,206968,207032,1.662792,1.574584,0.082125,0.065042,0.002291,3.304709,3.386834,0,,,186
scalar16,scalar,honest_homo,eval_182,global_shared,99.99,1.5,16,64,192,109895,109895,2132,32,96,110961,110961,222140,222204,1.601333,1.543542,0.077792,0.06375,0.002375,3.211,3.288792,0,,,186
scalar16,scalar,honest_homo,eval_183,global_shared,99.99,1.5,16,64,192,94722,94722,2132,32,96,95788,95788,191794,191858,1.629458,1.649333,0.103334,0.071291,0.002541,3.352623,3.455957,0,,,186
scalar16,scalar,honest_homo,eval_184,global_shared,99.99,1.5,16,64,192,94570,94570,2132,32,96,95636,95636,191490,191554,1.587875,1.563958,0.088583,0.066166,0.002375,3.220374,3.308957,0,,,186
scalar16,scalar,honest_homo,eval_185,global_shared,99.99,1.5,16,64,192,94672,94672,2132,32,96,95738,95738,191694,191758,1.657166,1.550125,0.094417,0.068583,0.002541,3.278415,3.372832,0,,,186
scalar16,scalar,honest_homo,eval_186,global_shared,99.99,1.5,16,64,192,94661,94661,2132,32,96,95727,95727,191672,191736,1.500125,1.474958,0.078125,0.063625,0.002375,3.041083,3.119208,0,,,186
scalar16,scalar,honest_homo,eval_187,global_shared,99.99,1.5,16,64,192,125291,125291,2132,32,96,126357,126357,252932,252996,1.622,1.645041,0.085834,0.066083,0.002458,3.335582,3.421416,0,,,186
scalar16,scalar,honest_homo,eval_188,global_shared,99.99,1.5,16,64,192,125342,125342,2132,32,96,126408,126408,253034,253098,1.72475,1.73925,0.091208,0.067709,0.002292,3.534001,3.625209,0,,,186
scalar16,scalar,honest_homo,eval_189,global_shared,99.99,1.5,16,64,192,125401,125401,2132,32,96,126467,126467,253152,253216,1.606875,1.615417,0.079958,0.064375,0.002208,3.288875,3.368833,0,,,186
scalar16,scalar,honest_homo,eval_190,global_shared,99.99,1.5,16,64,192,94685,94685,2132,32,96,95751,95751,191720,191784,1.591166,1.637042,0.089542,0.067417,0.002292,3.297917,3.387459,0,,,186
scalar16,scalar,honest_homo,eval_191,global_shared,99.99,1.5,16,64,192,102365,102365,2132,32,96,103431,103431,207080,207144,1.599417,1.521291,0.076917,0.063084,0.002292,3.186084,3.263001,0,,,186
scalar16,scalar,honest_homo,eval_192,global_shared,99.99,1.5,16,64,192,109963,109963,2132,32,96,111029,111029,222276,222340,1.5615,1.577166,0.080458,0.066542,0.002459,3.207667,3.288125,0,,,186
scalar16,scalar,honest_homo,eval_193,global_shared,99.99,1.5,16,64,192,94729,94729,2132,32,96,95795,95795,191808,191872,1.635708,1.568042,0.09025,0.06575,0.002458,3.271958,3.362208,0,,,186
scalar16,scalar,honest_homo,eval_194,global_shared,99.99,1.5,16,64,192,94732,94732,2132,32,96,95798,95798,191814,191878,1.685041,1.524459,0.085125,0.06725,0.002333,3.279083,3.364208,0,,,186
scalar16,scalar,honest_homo,eval_195,global_shared,99.99,1.5,16,64,192,94608,94608,2132,32,96,95674,95674,191566,191630,1.588,1.590292,0.084583,0.063834,0.002292,3.244418,3.329001,0,,,186
scalar16,scalar,honest_homo,eval_196,global_shared,99.99,1.5,16,64,192,94721,94721,2132,32,96,95787,95787,191792,191856,1.588375,1.560833,0.081708,0.064458,0.002375,3.216041,3.297749,0,,,186
scalar16,scalar,honest_homo,eval_197,global_shared,99.99,1.5,16,64,192,125292,125292,2132,32,96,126358,126358,252934,252998,1.610584,1.669792,0.082583,0.074375,0.002667,3.357418,3.440001,0,,,186
scalar16,scalar,honest_homo,eval_198,global_shared,99.99,1.5,16,64,192,125348,125348,2132,32,96,126414,126414,253046,253110,1.741625,1.600958,0.083708,0.065042,0.002458,3.410083,3.493791,0,,,186
scalar16,scalar,honest_homo,eval_199,global_shared,99.99,1.5,16,64,192,125330,125330,2132,32,96,126396,126396,253010,253074,1.634333,1.59625,0.080709,0.066375,0.002958,3.299916,3.380625,0,,,186
scalar16,scalar,honest_homo,eval_200,global_shared,99.99,1.5,16,64,192,94667,94667,2132,32,96,95733,95733,191684,191748,1.661542,1.680583,0.086166,0.066667,0.002333,3.411125,3.497291,0,,,186
scalar16,scalar,honest_hetero,eval_001,global_shared,99.99,1.5,16,64,192,125482,125387,2147,32,96,126563,126453,253239,253303,1.637542,1.606042,0.077875,0.064042,0.0025,3.310126,3.388001,1,prefill,C2,191
scalar16,scalar,honest_hetero,eval_002,global_shared,99.99,1.5,16,64,192,133215,133175,2147,32,96,134296,134241,268757,268821,1.667667,1.663958,0.0945,0.064208,0.0025,3.398333,3.492833,0,,,188
scalar16,scalar,honest_hetero,eval_003,global_shared,99.99,1.5,16,64,192,117767,117824,2147,32,96,118848,118890,237961,238025,1.643583,1.60125,0.086583,0.063417,0.002583,3.310833,3.397416,1,prefill,C3,191
scalar16,scalar,honest_hetero,eval_004,global_shared,99.99,1.5,16,64,192,117850,117850,2147,32,96,118931,118916,238070,238134,1.589875,1.609083,0.082458,0.069083,0.00275,3.270791,3.353249,1,prefill,C3,191
scalar16,scalar,honest_hetero,eval_005,global_shared,99.99,1.5,16,64,192,117858,117819,2147,32,96,118939,118885,238047,238111,1.640417,1.602916,0.083875,0.064083,0.002625,3.310041,3.393916,1,prefill,C3,191
scalar16,scalar,honest_hetero,eval_006,global_shared,99.99,1.5,16,64,192,117770,117847,2147,32,96,118851,118913,237987,238051,1.585542,1.626708,0.077042,0.063917,0.002709,3.278876,3.355918,1,prefill,C3,191
scalar16,scalar,honest_hetero,eval_007,global_shared,99.99,1.5,16,64,192,148420,148372,2147,32,96,149501,149438,299162,299226,1.748708,1.746875,0.104292,0.0645,0.003,3.563083,3.667375,1,prefill,C3,191
scalar16,scalar,honest_hetero,eval_008,global_shared,99.99,1.5,16,64,192,148457,148442,2147,32,96,149538,149508,299266,299330,1.709084,1.659875,0.087959,0.065416,0.002417,3.436792,3.524751,0,,,188
scalar16,scalar,honest_hetero,eval_009,global_shared,99.99,1.5,16,64,192,148426,148502,2147,32,96,149507,149568,299295,299359,1.680083,1.729375,0.142375,0.066375,0.002583,3.478416,3.620791,0,,,188
scalar16,scalar,honest_hetero,eval_010,global_shared,99.99,1.5,16,64,192,117800,117752,2147,32,96,118881,118818,237919,237983,1.605791,1.533208,0.078,0.062917,0.002292,3.204208,3.282208,0,,,188
scalar16,scalar,honest_hetero,eval_011,global_shared,99.99,1.5,16,64,192,94626,94634,2147,32,96,95707,95700,191627,191691,1.498375,1.490166,0.078708,0.071167,0.002417,3.062125,3.140833,0,,,188
scalar16,scalar,honest_hetero,eval_012,global_shared,99.99,1.5,16,64,192,102352,102368,2147,32,96,103433,103434,207087,207151,1.642833,1.605458,0.0965,0.065792,0.002667,3.31675,3.41325,0,,,188
scalar16,scalar,honest_hetero,eval_013,global_shared,99.99,1.5,16,64,192,86922,86927,2147,32,96,88003,87993,176216,176280,1.601959,1.471542,0.085709,0.06375,0.002542,3.139793,3.225502,0,,,188
scalar16,scalar,honest_hetero,eval_014,global_shared,99.99,1.5,16,64,192,87105,87044,2147,32,96,88186,88110,176516,176580,1.497333,1.579,0.088917,0.064167,0.0025,3.143,3.231917,0,,,188
scalar16,scalar,honest_hetero,eval_015,global_shared,99.99,1.5,16,64,192,87073,87024,2147,32,96,88154,88090,176464,176528,1.546833,1.504125,0.082667,0.064667,0.0025,3.118125,3.200792,0,,,188
scalar16,scalar,honest_hetero,eval_016,global_shared,99.99,1.5,16,64,192,87039,87017,2147,32,96,88120,88083,176423,176487,1.510792,1.60975,0.078125,0.063709,0.002417,3.186668,3.264793,0,,,188
scalar16,scalar,honest_hetero,eval_017,global_shared,99.99,1.5,16,64,192,117810,117702,2147,32,96,118891,118768,237879,237943,1.701125,1.651291,0.092458,0.067375,0.002583,3.422374,3.514832,0,,,188
scalar16,scalar,honest_hetero,eval_018,global_shared,99.99,1.5,16,64,192,117836,117777,2147,32,96,118917,118843,237980,238044,1.61275,1.633625,0.084917,0.065042,0.002417,3.313834,3.398751,0,,,188
scalar16,scalar,honest_hetero,eval_019,global_shared,99.99,1.5,16,64,192,117780,117794,2147,32,96,118861,118860,237941,238005,1.61525,1.759417,0.091584,0.063917,0.0025,3.441084,3.532668,0,,,188
scalar16,scalar,honest_hetero,eval_020,global_shared,99.99,1.5,16,64,192,87036,87013,2147,32,96,88117,88079,176416,176480,1.491417,1.465166,0.078166,0.063542,0.002375,3.0225,3.100666,0,,,188
scalar16,scalar,honest_hetero,eval_021,global_shared,99.99,1.5,16,64,192,102280,102278,2147,32,96,103361,103344,206925,206989,1.525291,1.518416,0.081625,0.077833,0.002459,3.123999,3.205624,0,,,188
scalar16,scalar,honest_hetero,eval_022,global_shared,99.99,1.5,16,64,192,110000,109959,2147,32,96,111081,111025,222326,222390,1.676416,1.635458,0.101916,0.072584,0.0025,3.386958,3.488874,0,,,188
scalar16,scalar,honest_hetero,eval_023,global_shared,99.99,1.5,16,64,192,94637,94688,2147,32,96,95718,95754,191692,191756,1.56125,1.509,0.077708,0.063916,0.002625,3.136791,3.214499,0,,,188
scalar16,scalar,honest_hetero,eval_024,global_shared,99.99,1.5,16,64,192,94661,94655,2147,32,96,95742,95721,191683,191747,1.717541,1.893,0.119541,0.064292,0.003875,3.678708,3.798249,0,,,188
scalar16,scalar,honest_hetero,eval_025,global_shared,99.99,1.5,16,64,192,94647,94608,2147,32,96,95728,95674,191625,191689,1.639542,1.526084,0.084417,0.063916,0.00275,3.232292,3.316709,1,prefill,C3,191
scalar16,scalar,honest_hetero,eval_026,global_shared,99.99,1.5,16,64,192,94616,94641,2147,32,96,95697,95707,191624,191688,1.559042,1.557792,0.086,0.067792,0.002625,3.187251,3.273251,0,,,188
scalar16,scalar,honest_hetero,eval_027,global_shared,99.99,1.5,16,64,192,125451,125318,2147,32,96,126532,126384,253139,253203,1.727667,1.61675,0.082125,0.063875,0.002417,3.410709,3.492834,1,prefill,C2,191
scalar16,scalar,honest_hetero,eval_028,global_shared,99.99,1.5,16,64,192,125349,125330,2147,32,96,126430,126396,253046,253110,1.642917,1.588875,0.083375,0.070083,0.002334,3.304209,3.387584,0,,,188
scalar16,scalar,honest_hetero,eval_029,global_shared,99.99,1.5,16,64,192,125386,125406,2147,32,96,126467,126472,253162,253226,1.822292,1.673416,0.105625,0.064542,0.002625,3.562875,3.6685,1,prefill,C2,191
scalar16,scalar,honest_hetero,eval_030,global_shared,99.99,1.5,16,64,192,94604,94632,2147,32,96,95685,95698,191606,191670,1.542583,1.539959,0.10625,0.063833,0.002584,3.148959,3.255209,1,prefill,C3,191
scalar16,scalar,honest_hetero,eval_031,global_shared,99.99,1.5,16,64,192,109980,109933,2147,32,96,111061,110999,222280,222344,1.559917,1.617792,0.082917,0.064333,0.002416,3.244458,3.327375,0,,,188
scalar16,scalar,honest_hetero,eval_032,global_shared,99.99,1.5,16,64,192,117729,117742,2147,32,96,118810,118808,237838,237902,1.681916,1.64725,0.081375,0.064083,0.0025,3.395749,3.477124,0,,,188
scalar16,scalar,honest_hetero,eval_033,global_shared,99.99,1.5,16,64,192,102388,102412,2147,32,96,103469,103478,207170,207234,1.5145,1.544167,0.0785,0.063167,0.002625,3.124459,3.202959,1,prefill,C3,191
scalar16,scalar,honest_hetero,eval_034,global_shared,99.99,1.5,16,64,192,102368,102360,2147,32,96,103449,103426,207095,207159,1.677083,1.577834,0.101583,0.063959,0.00275,3.321626,3.423209,0,,,188
scalar16,scalar,honest_hetero,eval_035,global_shared,99.99,1.5,16,64,192,102434,102369,2147,32,96,103515,103435,207173,207237,1.52325,1.59425,0.078875,0.062875,0.002583,3.182958,3.261833,1,prefill,C2,191
scalar16,scalar,honest_hetero,eval_036,global_shared,99.99,1.5,16,64,192,102317,102345,2147,32,96,103398,103411,207029,207093,1.559084,1.633,0.087042,0.064666,0.002625,3.259375,3.346417,0,,,188
scalar16,scalar,honest_hetero,eval_037,global_shared,99.99,1.5,16,64,192,133104,133072,2147,32,96,134185,134138,268543,268607,1.680792,1.610791,0.078208,0.064,0.002292,3.357875,3.436083,0,,,188
scalar16,scalar,honest_hetero,eval_038,global_shared,99.99,1.5,16,64,192,133066,133104,2147,32,96,134147,134170,268537,268601,1.613708,1.619,0.07725,0.063458,0.002209,3.298375,3.375625,0,,,188
scalar16,scalar,honest_hetero,eval_039,global_shared,99.99,1.5,16,64,192,133119,133130,2147,32,96,134200,134196,268616,268680,1.826333,1.629667,0.096584,0.064167,0.002375,3.522542,3.619126,0,,,188
scalar16,scalar,honest_hetero,eval_040,global_shared,99.99,1.5,16,64,192,102368,102351,2147,32,96,103449,103417,207086,207150,1.557083,1.523959,0.077125,0.062792,0.00225,3.146084,3.223209,0,,,188
scalar16,scalar,honest_hetero,eval_041,global_shared,99.99,1.5,16,64,192,117762,117781,2147,32,96,118843,118847,237910,237974,1.614583,1.65425,0.1005,0.067291,0.002625,3.338749,3.439249,0,,,188
scalar16,scalar,honest_hetero,eval_042,global_shared,99.99,1.5,16,64,192,125510,125483,2147,32,96,126591,126549,253363,253427,1.722375,1.675834,0.089709,0.064583,0.002583,3.465375,3.555084,1,prefill,C3,191
scalar16,scalar,honest_hetero,eval_043,global_shared,99.99,1.5,16,64,192,110101,110095,2147,32,96,111182,111161,222563,222627,1.594292,1.617208,0.084584,0.075,0.002833,3.289333,3.373917,0,,,188
scalar16,scalar,honest_hetero,eval_044,global_shared,99.99,1.5,16,64,192,110050,110045,2147,32,96,111131,111111,222462,222526,1.59875,1.57175,0.078459,0.064209,0.002292,3.237001,3.31546,0,,,188
scalar16,scalar,honest_hetero,eval_045,global_shared,99.99,1.5,16,64,192,110084,110039,2147,32,96,111165,111105,222490,222554,1.6275,1.565041,0.080917,0.063667,0.002417,3.258625,3.339542,0,,,188
scalar16,scalar,honest_hetero,eval_046,global_shared,99.99,1.5,16,64,192,110060,110089,2147,32,96,111141,111155,222516,222580,1.598417,1.671458,0.090334,0.064958,0.002541,3.337374,3.427708,0,,,188
scalar16,scalar,honest_hetero,eval_047,global_shared,99.99,1.5,16,64,192,140737,140708,2147,32,96,141818,141774,283812,283876,1.661625,1.615833,0.078959,0.064042,0.002292,3.343792,3.422751,0,,,188
scalar16,scalar,honest_hetero,eval_048,global_shared,99.99,1.5,16,64,192,140700,140709,2147,32,96,141781,141775,283776,283840,1.652291,1.842333,0.098875,0.066167,0.002542,3.563333,3.662208,0,,,188
scalar16,scalar,honest_hetero,eval_049,global_shared,99.99,1.5,16,64,192,140812,140782,2147,32,96,141893,141848,283961,284025,1.636,1.576458,0.077541,0.063667,0.002334,3.278459,3.356,0,,,188
scalar16,scalar,honest_hetero,eval_050,global_shared,99.99,1.5,16,64,192,110079,110109,2147,32,96,111160,111175,222558,222622,1.530583,1.527208,0.082708,0.067542,0.011375,3.136708,3.219416,1,prefill,C2,191
scalar16,scalar,honest_hetero,eval_051,global_shared,99.99,1.5,16,64,192,125511,125473,2147,32,96,126592,126539,253351,253415,1.733166,1.682875,0.096125,0.064917,0.0025,3.483458,3.579583,0,,,188
scalar16,scalar,honest_hetero,eval_052,global_shared,99.99,1.5,16,64,192,133274,133158,2147,32,96,134355,134224,268799,268863,1.644583,1.60725,0.077666,0.063625,0.002292,3.31775,3.395416,0,,,188
scalar16,scalar,honest_hetero,eval_053,global_shared,99.99,1.5,16,64,192,117973,117930,2147,32,96,119054,118996,238270,238334,1.597959,1.600792,0.083792,0.063333,0.002458,3.264542,3.348334,0,,,188
scalar16,scalar,honest_hetero,eval_054,global_shared,99.99,1.5,16,64,192,117920,117955,2147,32,96,119001,119021,238242,238306,1.622667,1.706,0.080917,0.063292,0.00225,3.394209,3.475126,0,,,188
scalar16,scalar,honest_hetero,eval_055,global_shared,99.99,1.5,16,64,192,117861,117827,2147,32,96,118942,118893,238055,238119,1.6145,1.621416,0.083375,0.065667,0.002333,3.303916,3.387291,0,,,188
scalar16,scalar,honest_hetero,eval_056,global_shared,99.99,1.5,16,64,192,117893,117845,2147,32,96,118974,118911,238105,238169,1.72975,1.614041,0.081292,0.065041,0.002292,3.411124,3.492416,0,,,188
scalar16,scalar,honest_hetero,eval_057,global_shared,99.99,1.5,16,64,192,148351,148278,2147,32,96,149432,149344,298996,299060,1.655167,1.653958,0.082917,0.067541,0.002333,3.378999,3.461916,0,,,188
scalar16,scalar,honest_hetero,eval_058,global_shared,99.99,1.5,16,64,192,148430,148424,2147,32,96,149511,149490,299221,299285,1.742917,1.633708,0.085209,0.070375,0.002625,3.449625,3.534834,0,,,188
scalar16,scalar,honest_hetero,eval_059,global_shared,99.99,1.5,16,64,192,148378,148408,2147,32,96,149459,149474,299153,299217,1.727084,1.707917,0.120875,0.068916,0.002541,3.506458,3.627333,0,,,188
scalar16,scalar,honest_hetero,eval_060,global_shared,99.99,1.5,16,64,192,117899,117952,2147,32,96,118980,119018,238221,238285,1.67825,1.934791,0.146959,0.081708,0.004375,3.699124,3.846083,1,prefill,C3,191
scalar16,scalar,honest_hetero,eval_061,global_shared,99.99,1.5,16,64,192,94695,94729,2147,32,96,95776,95795,191791,191855,1.857125,1.805583,0.10725,0.074791,0.003292,3.740791,3.848041,0,,,188
scalar16,scalar,honest_hetero,eval_062,global_shared,99.99,1.5,16,64,192,102456,102420,2147,32,96,103537,103486,207243,207307,1.909792,1.831375,0.132375,0.073958,0.003,3.818125,3.9505,0,,,188
scalar16,scalar,honest_hetero,eval_063,global_shared,99.99,1.5,16,64,192,86994,86997,2147,32,96,88075,88063,176358,176422,1.874125,1.809875,0.096958,0.072334,0.002917,3.759251,3.856209,0,,,188
scalar16,scalar,honest_hetero,eval_064,global_shared,99.99,1.5,16,64,192,87050,87139,2147,32,96,88131,88205,176556,176620,2.564833,2.780458,0.244792,0.101416,0.004584,5.451291,5.696083,0,,,188
scalar16,scalar,honest_hetero,eval_065,global_shared,99.99,1.5,16,64,192,87006,87081,2147,32,96,88087,88147,176454,176518,2.347834,2.230708,0.193125,0.096542,0.004292,4.679376,4.872501,0,,,188
scalar16,scalar,honest_hetero,eval_066,global_shared,99.99,1.5,16,64,192,86979,87056,2147,32,96,88060,88122,176402,176466,2.893958,3.963708,0.382833,0.278584,0.005917,7.142167,7.525,0,,,188
scalar16,scalar,honest_hetero,eval_067,global_shared,99.99,1.5,16,64,192,117832,117822,2147,32,96,118913,118888,238024,238088,3.051792,3.577083,0.251583,0.107542,0.004834,6.741251,6.992834,1,prefill,C3,191
scalar16,scalar,honest_hetero,eval_068,global_shared,99.99,1.5,16,64,192,117851,117889,2147,32,96,118932,118955,238107,238171,3.536125,4.109708,0.337834,0.103625,0.004458,7.753916,8.09175,0,,,188
scalar16,scalar,honest_hetero,eval_069,global_shared,99.99,1.5,16,64,192,117788,117797,2147,32,96,118869,118863,237955,238019,3.323209,3.11925,0.186334,0.095125,0.0045,6.542084,6.728418,1,prefill,C3,191
scalar16,scalar,honest_hetero,eval_070,global_shared,99.99,1.5,16,64,192,87086,87040,2147,32,96,88167,88106,176493,176557,2.20575,2.902583,0.253917,0.111458,0.00525,5.225041,5.478958,0,,,188
scalar16,scalar,honest_hetero,eval_071,global_shared,99.99,1.5,16,64,192,102328,102442,2147,32,96,103409,103508,207137,207201,2.647292,1.994875,0.163958,0.075917,0.004375,4.722459,4.886417,0,,,188
scalar16,scalar,honest_hetero,eval_072,global_shared,99.99,1.5,16,64,192,110106,110082,2147,32,96,111187,111148,222558,222622,2.266666,2.056125,0.1845,0.130084,0.00575,4.458625,4.643125,1,prefill,C3,191
scalar16,scalar,honest_hetero,eval_073,global_shared,99.99,1.5,16,64,192,94746,94742,2147,32,96,95827,95808,191855,191919,1.850833,1.971709,0.159,0.073541,0.004167,3.90025,4.05925,0,,,188
scalar16,scalar,honest_hetero,eval_074,global_shared,99.99,1.5,16,64,192,94786,94770,2147,32,96,95867,95836,191923,191987,2.529334,2.460625,0.2435,0.115083,0.005625,5.110667,5.354167,0,,,188
scalar16,scalar,honest_hetero,eval_075,global_shared,99.99,1.5,16,64,192,94760,94677,2147,32,96,95841,95743,191804,191868,2.56975,2.0745,0.202333,0.095375,0.0035,4.743125,4.945458,0,,,188
scalar16,scalar,honest_hetero,eval_076,global_shared,99.99,1.5,16,64,192,94714,94651,2147,32,96,95795,95717,191732,191796,1.804375,1.661417,0.1135,0.073,0.003291,3.542083,3.655583,0,,,188
scalar16,scalar,honest_hetero,eval_077,global_shared,99.99,1.5,16,64,192,125432,125450,2147,32,96,126513,126516,253249,253313,2.040917,2.117417,0.170417,0.085583,0.004084,4.248001,4.418418,0,,,188
scalar16,scalar,honest_hetero,eval_078,global_shared,99.99,1.5,16,64,192,125440,125481,2147,32,96,126521,126547,253288,253352,2.038083,2.031625,0.108334,0.077916,0.00275,4.150374,4.258708,0,,,188
scalar16,scalar,honest_hetero,eval_079,global_shared,99.99,1.5,16,64,192,125501,125437,2147,32,96,126582,126503,253305,253369,1.933792,1.949125,0.145708,0.089333,0.003792,3.976042,4.12175,0,,,188
scalar16,scalar,honest_hetero,eval_080,global_shared,99.99,1.5,16,64,192,94765,94814,2147,32,96,95846,95880,191946,192010,1.98,1.748542,0.098417,0.074417,0.003125,3.806084,3.904501,0,,,188
scalar16,scalar,honest_hetero,eval_081,global_shared,99.99,1.5,16,64,192,102392,102323,2147,32,96,103473,103389,207085,207149,1.760583,1.833042,0.16125,0.107,0.004292,3.704917,3.866167,1,prefill,C2,191
scalar16,scalar,honest_hetero,eval_082,global_shared,99.99,1.5,16,64,192,110110,110077,2147,32,96,111191,111143,222554,222618,2.048709,1.965042,0.136541,0.073584,0.003292,4.090627,4.227168,0,,,188
scalar16,scalar,honest_hetero,eval_083,global_shared,99.99,1.5,16,64,192,94755,94746,2147,32,96,95836,95812,191868,191932,1.767125,2.006625,0.219084,0.083334,0.003542,3.860626,4.07971,0,,,188
scalar16,scalar,honest_hetero,eval_084,global_shared,99.99,1.5,16,64,192,94704,94772,2147,32,96,95785,95838,191843,191907,1.990417,1.764209,0.114666,0.071417,0.003083,3.829126,3.943792,0,,,188
scalar16,scalar,honest_hetero,eval_085,global_shared,99.99,1.5,16,64,192,94719,94711,2147,32,96,95800,95777,191797,191861,1.667542,1.8005,0.173958,0.077875,0.003375,3.549292,3.72325,0,,,188
scalar16,scalar,honest_hetero,eval_086,global_shared,99.99,1.5,16,64,192,94602,94658,2147,32,96,95683,95724,191627,191691,1.813375,1.640541,0.132375,0.070875,0.003042,3.527833,3.660208,0,,,188
scalar16,scalar,honest_hetero,eval_087,global_shared,99.99,1.5,16,64,192,125505,125362,2147,32,96,126586,126428,253234,253298,1.727667,1.702458,0.090375,0.06975,0.002792,3.502667,3.593042,0,,,188
scalar16,scalar,honest_hetero,eval_088,global_shared,99.99,1.5,16,64,192,125399,125445,2147,32,96,126480,126511,253214,253278,1.855084,1.834833,0.133959,0.069791,0.003416,3.763124,3.897083,1,prefill,C3,191
scalar16,scalar,honest_hetero,eval_089,global_shared,99.99,1.5,16,64,192,125488,125479,2147,32,96,126569,126545,253334,253398,1.749292,1.689,0.094709,0.069625,0.002792,3.510709,3.605418,0,,,188
scalar16,scalar,honest_hetero,eval_090,global_shared,99.99,1.5,16,64,192,94579,94653,2147,32,96,95660,95719,191599,191663,1.913208,1.874833,0.134833,0.070667,0.004167,3.862875,3.997708,0,,,188
scalar16,scalar,honest_hetero,eval_091,global_shared,99.99,1.5,16,64,192,94662,94583,2147,32,96,95743,95649,191612,191676,1.662375,1.581333,0.115916,0.06975,0.003334,3.316792,3.432708,0,,,188
scalar16,scalar,honest_hetero,eval_092,global_shared,99.99,1.5,16,64,192,102355,102324,2147,32,96,103436,103390,207046,207110,1.747459,1.7405,0.139875,0.067625,0.003042,3.558626,3.698501,0,,,188
scalar16,scalar,honest_hetero,eval_093,global_shared,99.99,1.5,16,64,192,87002,87015,2147,32,96,88083,88081,176384,176448,1.618667,1.498375,0.086208,0.064542,0.00275,3.184334,3.270542,0,,,188
scalar16,scalar,honest_hetero,eval_094,global_shared,99.99,1.5,16,64,192,87089,87058,2147,32,96,88170,88124,176514,176578,1.550417,1.734125,0.165417,0.068458,0.003167,3.356167,3.521584,0,,,188
scalar16,scalar,honest_hetero,eval_095,global_shared,99.99,1.5,16,64,192,87039,86952,2147,32,96,88120,88018,176358,176422,1.636167,1.525209,0.08825,0.0645,0.002542,3.228418,3.316668,0,,,188
scalar16,scalar,honest_hetero,eval_096,global_shared,99.99,1.5,16,64,192,87028,87127,2147,32,96,88109,88193,176522,176586,1.498875,1.547625,0.080625,0.064292,0.002417,3.113209,3.193834,0,,,188
scalar16,scalar,honest_hetero,eval_097,global_shared,99.99,1.5,16,64,192,117746,117750,2147,32,96,118827,118816,237863,237927,1.746667,1.710125,0.093583,0.064875,0.002542,3.524209,3.617792,0,,,188
scalar16,scalar,honest_hetero,eval_098,global_shared,99.99,1.5,16,64,192,117710,117759,2147,32,96,118791,118825,237836,237900,1.611084,1.637,0.09025,0.065333,0.002709,3.316126,3.406376,0,,,188
scalar16,scalar,honest_hetero,eval_099,global_shared,99.99,1.5,16,64,192,117768,117780,2147,32,96,118849,118846,237915,237979,1.628709,1.678333,0.126,0.071417,0.003417,3.381876,3.507876,0,,,188
scalar16,scalar,honest_hetero,eval_100,global_shared,99.99,1.5,16,64,192,87096,87059,2147,32,96,88177,88125,176522,176586,1.786625,1.602834,0.107667,0.072833,0.003,3.465292,3.572959,0,,,188
scalar16,scalar,honest_hetero,eval_101,global_shared,99.99,1.5,16,64,192,94646,94700,2147,32,96,95727,95766,191713,191777,1.700458,1.7835,0.152542,0.070708,0.003208,3.557874,3.710416,0,,,188
scalar16,scalar,honest_hetero,eval_102,global_shared,99.99,1.5,16,64,192,102334,102373,2147,32,96,103415,103439,207074,207138,1.799917,1.667541,0.09125,0.065958,0.002875,3.536291,3.627541,0,,,188
scalar16,scalar,honest_hetero,eval_103,global_shared,99.99,1.5,16,64,192,87159,87158,2147,32,96,88240,88224,176684,176748,1.633417,1.577875,0.097916,0.069584,0.002875,3.283751,3.381667,0,,,188
scalar16,scalar,honest_hetero,eval_104,global_shared,99.99,1.5,16,64,192,87133,87146,2147,32,96,88214,88212,176646,176710,1.691458,1.652458,0.127417,0.069833,0.003375,3.417124,3.544541,0,,,188
scalar16,scalar,honest_hetero,eval_105,global_shared,99.99,1.5,16,64,192,87165,87135,2147,32,96,88246,88201,176667,176731,1.661375,1.606292,0.108042,0.068792,0.002875,3.339334,3.447376,0,,,188
scalar16,scalar,honest_hetero,eval_106,global_shared,99.99,1.5,16,64,192,87088,87115,2147,32,96,88169,88181,176570,176634,1.707,1.707792,0.152,0.064292,0.003083,3.482167,3.634167,0,,,188
scalar16,scalar,honest_hetero,eval_107,global_shared,99.99,1.5,16,64,192,117863,117810,2147,32,96,118944,118876,238040,238104,1.705333,1.60725,0.100125,0.066292,0.002834,3.381709,3.481834,0,,,188
scalar16,scalar,honest_hetero,eval_108,global_shared,99.99,1.5,16,64,192,117819,117838,2147,32,96,118900,118904,238024,238088,1.628541,1.57525,0.089833,0.07075,0.002792,3.277333,3.367166,0,,,188
scalar16,scalar,honest_hetero,eval_109,global_shared,99.99,1.5,16,64,192,117845,117828,2147,32,96,118926,118894,238040,238104,1.952,1.68525,0.125833,0.067583,0.003,3.707833,3.833666,0,,,188
scalar16,scalar,honest_hetero,eval_110,global_shared,99.99,1.5,16,64,192,87157,87160,2147,32,96,88238,88226,176684,176748,1.57175,1.509,0.082417,0.065833,0.002625,3.149208,3.231625,0,,,188
scalar16,scalar,honest_hetero,eval_111,global_shared,99.99,1.5,16,64,192,87009,87018,2147,32,96,88090,88084,176397,176461,1.640208,1.65375,0.11175,0.073125,0.003166,3.370249,3.481999,1,prefill,C2,191
scalar16,scalar,honest_hetero,eval_112,global_shared,99.99,1.5,16,64,192,94736,94785,2147,32,96,95817,95851,191888,191952,1.606708,1.569334,0.087667,0.066125,0.002584,3.244751,3.332418,0,,,188
scalar16,scalar,honest_hetero,eval_113,global_shared,99.99,1.5,16,64,192,79463,79413,2147,32,96,80544,80479,161246,161310,1.567834,1.694083,0.147084,0.077708,0.004,3.343625,3.490709,1,prefill,C3,191
scalar16,scalar,honest_hetero,eval_114,global_shared,99.99,1.5,16,64,192,79395,79398,2147,32,96,80476,80464,161160,161224,1.629875,1.514458,0.087,0.06425,0.002458,3.211041,3.298041,0,,,188
scalar16,scalar,honest_hetero,eval_115,global_shared,99.99,1.5,16,64,192,79365,79342,2147,32,96,80446,80408,161074,161138,1.48725,1.581,0.079333,0.064625,0.002375,3.13525,3.214583,0,,,188
scalar16,scalar,honest_hetero,eval_116,global_shared,99.99,1.5,16,64,192,79375,79427,2147,32,96,80456,80493,161169,161233,1.6355,1.572125,0.096583,0.064625,0.002542,3.274792,3.371375,0,,,188
scalar16,scalar,honest_hetero,eval_117,global_shared,99.99,1.5,16,64,192,110102,110094,2147,32,96,111183,111160,222563,222627,1.60175,1.566333,0.085292,0.064708,0.0025,3.235291,3.320583,0,,,188
scalar16,scalar,honest_hetero,eval_118,global_shared,99.99,1.5,16,64,192,110106,110064,2147,32,96,111187,111130,222537,222601,1.593084,1.718625,0.128333,0.065709,0.002959,3.380377,3.50871,0,,,188
scalar16,scalar,honest_hetero,eval_119,global_shared,99.99,1.5,16,64,192,110088,110108,2147,32,96,111169,111174,222563,222627,1.777833,1.567292,0.093,0.066958,0.0025,3.414583,3.507583,0,,,188
scalar16,scalar,honest_hetero,eval_120,global_shared,99.99,1.5,16,64,192,79375,79443,2147,32,96,80456,80509,161185,161249,1.510208,1.523875,0.082667,0.075542,0.00325,3.112875,3.195542,0,,,188
scalar16,scalar,honest_hetero,eval_121,global_shared,99.99,1.5,16,64,192,125360,125386,2147,32,96,126441,126452,253113,253177,1.714542,1.647708,0.088625,0.065541,0.0025,3.430291,3.518916,0,,,188
scalar16,scalar,honest_hetero,eval_122,global_shared,99.99,1.5,16,64,192,133086,133104,2147,32,96,134167,134170,268557,268621,1.782209,1.668083,0.104667,0.06775,0.005042,3.523084,3.627751,0,,,188
scalar16,scalar,honest_hetero,eval_123,global_shared,99.99,1.5,16,64,192,117742,117705,2147,32,96,118823,118771,237814,237878,1.761458,1.712834,0.120916,0.065333,0.002709,3.542334,3.66325,0,,,188
scalar16,scalar,honest_hetero,eval_124,global_shared,99.99,1.5,16,64,192,117797,117871,2147,32,96,118878,118937,238035,238099,1.609375,1.569333,0.079333,0.063917,0.00225,3.244875,3.324208,0,,,188
scalar16,scalar,honest_hetero,eval_125,global_shared,99.99,1.5,16,64,192,117678,117680,2147,32,96,118759,118746,237725,237789,1.65925,1.68825,0.114625,0.068125,0.002667,3.418292,3.532917,0,,,188
scalar16,scalar,honest_hetero,eval_126,global_shared,99.99,1.5,16,64,192,117703,117799,2147,32,96,118784,118865,237869,237933,1.731625,1.612958,0.083709,0.065333,0.002417,3.412333,3.496042,0,,,188
scalar16,scalar,honest_hetero,eval_127,global_shared,99.99,1.5,16,64,192,148369,148349,2147,32,96,149450,149415,299085,299149,1.677958,1.740417,0.106959,0.110125,0.004584,3.533084,3.640043,0,,,188
scalar16,scalar,honest_hetero,eval_128,global_shared,99.99,1.5,16,64,192,148295,148283,2147,32,96,149376,149349,298945,299009,1.847875,1.697791,0.092875,0.06625,0.002417,3.614333,3.707208,0,,,188
scalar16,scalar,honest_hetero,eval_129,global_shared,99.99,1.5,16,64,192,148357,148312,2147,32,96,149438,149378,299036,299100,1.679083,1.682167,0.082,0.064209,0.002542,3.428001,3.510001,0,,,188
scalar16,scalar,honest_hetero,eval_130,global_shared,99.99,1.5,16,64,192,117729,117825,2147,32,96,118810,118891,237921,237985,1.70375,1.648,0.092583,0.064917,0.002584,3.419251,3.511834,0,,,188
scalar16,scalar,honest_hetero,eval_131,global_shared,99.99,1.5,16,64,192,94707,94679,2147,32,96,95788,95745,191753,191817,1.529791,1.539917,0.079541,0.064167,0.0025,3.136375,3.215916,0,,,188
scalar16,scalar,honest_hetero,eval_132,global_shared,99.99,1.5,16,64,192,102318,102344,2147,32,96,103399,103410,207029,207093,1.549292,1.645542,0.104916,0.069667,0.003084,3.267585,3.372501,0,,,188
scalar16,scalar,honest_hetero,eval_133,global_shared,99.99,1.5,16,64,192,87104,87095,2147,32,96,88185,88161,176569,176633,1.63875,1.611417,0.091125,0.065833,0.002875,3.318875,3.41,1,prefill,C3,191
scalar16,scalar,honest_hetero,eval_134,global_shared,99.99,1.5,16,64,192,87047,87056,2147,32,96,88128,88122,176470,176534,1.526083,1.568792,0.083,0.065583,0.002416,3.162874,3.245874,0,,,188
scalar16,scalar,honest_hetero,eval_135,global_shared,99.99,1.5,16,64,192,87130,86993,2147,32,96,88211,88059,176493,176557,1.625625,1.543042,0.09225,0.065,0.002792,3.236459,3.328709,1,prefill,C3,191
scalar16,scalar,honest_hetero,eval_136,global_shared,99.99,1.5,16,64,192,87043,87088,2147,32,96,88124,88154,176498,176562,1.545,1.513375,0.07825,0.064083,0.002334,3.124792,3.203042,0,,,188
scalar16,scalar,honest_hetero,eval_137,global_shared,99.99,1.5,16,64,192,117784,117719,2147,32,96,118865,118785,237870,237934,1.606208,1.68875,0.119708,0.066959,0.002917,3.364834,3.484542,0,,,188
scalar16,scalar,honest_hetero,eval_138,global_shared,99.99,1.5,16,64,192,117790,117798,2147,32,96,118871,118864,237955,238019,1.875167,1.643667,0.10625,0.066167,0.002708,3.587709,3.693959,0,,,188
scalar16,scalar,honest_hetero,eval_139,global_shared,99.99,1.5,16,64,192,117857,117874,2147,32,96,118938,118940,238098,238162,1.701375,1.904791,0.114084,0.070208,0.003,3.679374,3.793458,0,,,188
scalar16,scalar,honest_hetero,eval_140,global_shared,99.99,1.5,16,64,192,87125,87075,2147,32,96,88206,88141,176567,176631,1.649458,1.535625,0.094958,0.064875,0.002584,3.252542,3.3475,0,,,188
scalar16,scalar,honest_hetero,eval_141,global_shared,99.99,1.5,16,64,192,94627,94617,2147,32,96,95708,95683,191611,191675,1.558,1.497917,0.079375,0.072375,0.002375,3.130667,3.210042,0,,,188
scalar16,scalar,honest_hetero,eval_142,global_shared,99.99,1.5,16,64,192,102347,102410,2147,32,96,103428,103476,207124,207188,1.66375,1.800416,0.157708,0.067958,0.003375,3.535499,3.693207,0,,,188
scalar16,scalar,honest_hetero,eval_143,global_shared,99.99,1.5,16,64,192,87062,87113,2147,32,96,88143,88179,176545,176609,1.649792,1.488375,0.086917,0.063333,0.002833,3.204333,3.29125,1,prefill,C3,191
scalar16,scalar,honest_hetero,eval_144,global_shared,99.99,1.5,16,64,192,87134,87139,2147,32,96,88215,88205,176640,176704,1.539375,1.567375,0.087209,0.068041,0.002542,3.177333,3.264542,0,,,188
scalar16,scalar,honest_hetero,eval_145,global_shared,99.99,1.5,16,64,192,87012,86952,2147,32,96,88093,88018,176331,176395,1.550833,1.572958,0.092708,0.065416,0.002666,3.191873,3.284581,0,,,188
scalar16,scalar,honest_hetero,eval_146,global_shared,99.99,1.5,16,64,192,86994,87084,2147,32,96,88075,88150,176445,176509,1.535,1.505333,0.07975,0.063708,0.002541,3.106582,3.186332,0,,,188
scalar16,scalar,honest_hetero,eval_147,global_shared,99.99,1.5,16,64,192,117804,117827,2147,32,96,118885,118893,238001,238065,1.670208,1.6885,0.120959,0.064958,0.002917,3.426583,3.547542,1,prefill,C3,191
scalar16,scalar,honest_hetero,eval_148,global_shared,99.99,1.5,16,64,192,117769,117775,2147,32,96,118850,118841,237911,237975,1.595833,1.62875,0.083417,0.063709,0.002292,3.290584,3.374001,0,,,188
scalar16,scalar,honest_hetero,eval_149,global_shared,99.99,1.5,16,64,192,117863,117819,2147,32,96,118944,118885,238049,238113,1.5725,1.648541,0.081833,0.062916,0.002375,3.286332,3.368165,0,,,188
scalar16,scalar,honest_hetero,eval_150,global_shared,99.99,1.5,16,64,192,87074,87077,2147,32,96,88155,88143,176518,176582,1.563125,1.584166,0.081583,0.070125,0.002375,3.219791,3.301374,0,,,188
scalar16,scalar,honest_hetero,eval_151,global_shared,99.99,1.5,16,64,192,110042,110135,2147,32,96,111123,111201,222544,222608,1.606875,1.590167,0.077708,0.063709,0.002167,3.262918,3.340626,0,,,188
scalar16,scalar,honest_hetero,eval_152,global_shared,99.99,1.5,16,64,192,117815,117832,2147,32,96,118896,118898,238014,238078,1.7835,1.697541,0.112125,0.067,0.002792,3.550833,3.662958,0,,,188
scalar16,scalar,honest_hetero,eval_153,global_shared,99.99,1.5,16,64,192,102461,102417,2147,32,96,103542,103483,207245,207309,1.569375,1.56475,0.081083,0.064333,0.002292,3.20075,3.281833,0,,,188
scalar16,scalar,honest_hetero,eval_154,global_shared,99.99,1.5,16,64,192,102546,102552,2147,32,96,103627,103618,207465,207529,1.618958,1.642917,0.098542,0.068375,0.002708,3.332958,3.4315,0,,,188
scalar16,scalar,honest_hetero,eval_155,global_shared,99.99,1.5,16,64,192,102499,102403,2147,32,96,103580,103469,207269,207333,1.703542,1.548459,0.087458,0.065208,0.002667,3.319876,3.407334,0,,,188
scalar16,scalar,honest_hetero,eval_156,global_shared,99.99,1.5,16,64,192,102383,102452,2147,32,96,103464,103518,207202,207266,1.576167,1.625583,0.085667,0.133375,0.003083,3.338208,3.423875,0,,,188
scalar16,scalar,honest_hetero,eval_157,global_shared,99.99,1.5,16,64,192,133246,133180,2147,32,96,134327,134246,268793,268857,1.752875,1.701333,0.112292,0.0645,0.002584,3.521292,3.633584,0,,,188
scalar16,scalar,honest_hetero,eval_158,global_shared,99.99,1.5,16,64,192,133188,133159,2147,32,96,134269,134225,268714,268778,1.620542,1.577458,0.077917,0.06275,0.002417,3.263167,3.341084,0,,,188
scalar16,scalar,honest_hetero,eval_159,global_shared,99.99,1.5,16,64,192,133226,133204,2147,32,96,134307,134270,268797,268861,1.717667,1.745042,0.095875,0.064583,0.002458,3.52975,3.625625,0,,,188
scalar16,scalar,honest_hetero,eval_160,global_shared,99.99,1.5,16,64,192,102460,102561,2147,32,96,103541,103627,207388,207452,1.700708,1.539083,0.081583,0.064334,0.002375,3.3065,3.388083,0,,,188
scalar16,scalar,honest_hetero,eval_161,global_shared,99.99,1.5,16,64,192,102324,102359,2147,32,96,103405,103425,207050,207114,1.588083,1.6705,0.136291,0.069208,0.003334,3.331125,3.467416,0,,,188
scalar16,scalar,honest_hetero,eval_162,global_shared,99.99,1.5,16,64,192,110096,110073,2147,32,96,111177,111139,222536,222600,1.681042,1.629584,0.105166,0.065458,0.002709,3.378793,3.483959,0,,,188
scalar16,scalar,honest_hetero,eval_163,global_shared,99.99,1.5,16,64,192,94635,94753,2147,32,96,95716,95819,191755,191819,1.701792,1.688125,0.133167,0.065375,0.002584,3.457876,3.591043,0,,,188
scalar16,scalar,honest_hetero,eval_164,global_shared,99.99,1.5,16,64,192,94714,94714,2147,32,96,95795,95780,191795,191859,1.679958,1.6025,0.09225,0.06525,0.0025,3.350208,3.442458,0,,,188
scalar16,scalar,honest_hetero,eval_165,global_shared,99.99,1.5,16,64,192,94796,94710,2147,32,96,95877,95776,191876,191940,1.525708,1.540458,0.079,0.0645,0.002583,3.133249,3.212249,1,prefill,C2,191
scalar16,scalar,honest_hetero,eval_166,global_shared,99.99,1.5,16,64,192,94765,94768,2147,32,96,95846,95834,191900,191964,1.768875,1.639625,0.111375,0.064125,0.002709,3.475334,3.586709,0,,,188
scalar16,scalar,honest_hetero,eval_167,global_shared,99.99,1.5,16,64,192,125478,125421,2147,32,96,126559,126487,253266,253330,1.6765,1.582042,0.082958,0.0635,0.002459,3.324501,3.407459,0,,,188
scalar16,scalar,honest_hetero,eval_168,global_shared,99.99,1.5,16,64,192,125440,125426,2147,32,96,126521,126492,253233,253297,1.597333,1.655458,0.086375,0.067833,0.002333,3.322957,3.409332,0,,,188
scalar16,scalar,honest_hetero,eval_169,global_shared,99.99,1.5,16,64,192,125542,125488,2147,32,96,126623,126554,253397,253461,1.727834,1.611833,0.080041,0.098,0.004,3.441667,3.521708,0,,,188
scalar16,scalar,honest_hetero,eval_170,global_shared,99.99,1.5,16,64,192,94695,94781,2147,32,96,95776,95847,191843,191907,1.595791,1.529875,0.081125,0.063208,0.002375,3.191249,3.272374,0,,,188
scalar16,scalar,honest_hetero,eval_171,global_shared,99.99,1.5,16,64,192,102420,102424,2147,32,96,103501,103490,207211,207275,1.691292,1.607,0.105417,0.064833,0.002625,3.36575,3.471167,0,,,188
scalar16,scalar,honest_hetero,eval_172,global_shared,99.99,1.5,16,64,192,110128,110099,2147,32,96,111209,111165,222594,222658,1.588708,1.661125,0.07875,0.062625,0.006542,3.319,3.39775,0,,,188
scalar16,scalar,honest_hetero,eval_173,global_shared,99.99,1.5,16,64,192,94759,94804,2147,32,96,95840,95870,191933,191997,1.536666,1.592125,0.155334,0.072291,0.002958,3.20404,3.359374,1,prefill,C2,191
scalar16,scalar,honest_hetero,eval_174,global_shared,99.99,1.5,16,64,192,94784,94787,2147,32,96,95865,95853,191938,192002,1.691875,1.583083,0.084208,0.068958,0.002667,3.346583,3.430791,0,,,188
scalar16,scalar,honest_hetero,eval_175,global_shared,99.99,1.5,16,64,192,94807,94756,2147,32,96,95888,95822,191930,191994,1.528333,1.580667,0.087833,0.069125,0.002875,3.181,3.268833,0,,,188
scalar16,scalar,honest_hetero,eval_176,global_shared,99.99,1.5,16,64,192,94799,94802,2147,32,96,95880,95868,191968,192032,1.644375,1.574042,0.093875,0.064666,0.002625,3.285708,3.379583,0,,,188
scalar16,scalar,honest_hetero,eval_177,global_shared,99.99,1.5,16,64,192,125542,125428,2147,32,96,126623,126494,253337,253401,1.6165,1.597375,0.077875,0.063542,0.00225,3.279667,3.357542,0,,,188
scalar16,scalar,honest_hetero,eval_178,global_shared,99.99,1.5,16,64,192,125412,125405,2147,32,96,126493,126471,253184,253248,1.670375,1.712166,0.0955,0.072458,0.002666,3.457665,3.553165,0,,,188
scalar16,scalar,honest_hetero,eval_179,global_shared,99.99,1.5,16,64,192,125554,125471,2147,32,96,126635,126537,253392,253456,1.663417,1.616625,0.080542,0.063167,0.002333,3.345542,3.426084,0,,,188
scalar16,scalar,honest_hetero,eval_180,global_shared,99.99,1.5,16,64,192,94779,94765,2147,32,96,95860,95831,191911,191975,1.537,1.543917,0.086041,0.070875,0.002708,3.1545,3.240541,0,,,188
scalar16,scalar,honest_hetero,eval_181,global_shared,99.99,1.5,16,64,192,102235,102309,2147,32,96,103316,103375,206911,206975,1.574417,1.515583,0.080458,0.062667,0.002334,3.155001,3.235459,0,,,188
scalar16,scalar,honest_hetero,eval_182,global_shared,99.99,1.5,16,64,192,109944,109895,2147,32,96,111025,110961,222206,222270,1.666541,1.620583,0.084541,0.064584,0.0025,3.354208,3.438749,0,,,188
scalar16,scalar,honest_hetero,eval_183,global_shared,99.99,1.5,16,64,192,94673,94722,2147,32,96,95754,95788,191762,191826,1.582208,1.703875,0.090708,0.06375,0.002833,3.352666,3.443374,0,,,188
scalar16,scalar,honest_hetero,eval_184,global_shared,99.99,1.5,16,64,192,94605,94570,2147,32,96,95686,95636,191542,191606,1.573916,1.500833,0.077208,0.062792,0.002292,3.139833,3.217041,0,,,188
scalar16,scalar,honest_hetero,eval_185,global_shared,99.99,1.5,16,64,192,94771,94672,2147,32,96,95852,95738,191810,191874,1.55275,1.588833,0.085334,0.068125,0.003459,3.213167,3.298501,0,,,188
scalar16,scalar,honest_hetero,eval_186,global_shared,99.99,1.5,16,64,192,94585,94661,2147,32,96,95666,95727,191613,191677,1.542166,1.503666,0.075625,0.062125,0.002209,3.110166,3.185791,0,,,188
scalar16,scalar,honest_hetero,eval_187,global_shared,99.99,1.5,16,64,192,125332,125291,2147,32,96,126413,126357,252993,253057,1.564375,1.563125,0.075875,0.063,0.002375,3.192875,3.26875,1,prefill,C2,191
scalar16,scalar,honest_hetero,eval_188,global_shared,99.99,1.5,16,64,192,125345,125342,2147,32,96,126426,126408,253054,253118,1.660458,1.757334,0.095833,0.064042,0.00275,3.484584,3.580417,0,,,188
scalar16,scalar,honest_hetero,eval_189,global_shared,99.99,1.5,16,64,192,125415,125401,2147,32,96,126496,126467,253186,253250,1.596125,1.572167,0.078583,0.063458,0.002583,3.234333,3.312916,1,prefill,C2,191
scalar16,scalar,honest_hetero,eval_190,global_shared,99.99,1.5,16,64,192,94678,94685,2147,32,96,95759,95751,191730,191794,1.539917,1.555042,0.091042,0.069417,0.003083,3.167459,3.258501,0,,,188
scalar16,scalar,honest_hetero,eval_191,global_shared,99.99,1.5,16,64,192,102330,102365,2147,32,96,103411,103431,207062,207126,1.546167,1.58975,0.082333,0.064542,0.002333,3.202792,3.285125,0,,,188
scalar16,scalar,honest_hetero,eval_192,global_shared,99.99,1.5,16,64,192,109995,109963,2147,32,96,111076,111029,222325,222389,1.610791,1.53575,0.078917,0.063625,0.00225,3.212416,3.291333,0,,,188
scalar16,scalar,honest_hetero,eval_193,global_shared,99.99,1.5,16,64,192,94705,94729,2147,32,96,95786,95795,191801,191865,1.569084,1.616792,0.087458,0.063833,0.006792,3.256501,3.343959,0,,,188
scalar16,scalar,honest_hetero,eval_194,global_shared,99.99,1.5,16,64,192,94633,94732,2147,32,96,95714,95798,191732,191796,1.553625,1.552875,0.082875,0.063708,0.002459,3.172667,3.255542,0,,,188
scalar16,scalar,honest_hetero,eval_195,global_shared,99.99,1.5,16,64,192,94653,94608,2147,32,96,95734,95674,191628,191692,1.602625,1.607041,0.104167,0.063625,0.002458,3.275749,3.379916,0,,,188
scalar16,scalar,honest_hetero,eval_196,global_shared,99.99,1.5,16,64,192,94622,94721,2147,32,96,95703,95787,191710,191774,1.538708,1.485541,0.075959,0.064125,0.002375,3.090749,3.166708,0,,,188
scalar16,scalar,honest_hetero,eval_197,global_shared,99.99,1.5,16,64,192,125376,125292,2147,32,96,126457,126358,253035,253099,1.608084,1.597958,0.079625,0.066833,0.00225,3.275125,3.35475,0,,,188
scalar16,scalar,honest_hetero,eval_198,global_shared,99.99,1.5,16,64,192,125279,125348,2147,32,96,126360,126414,252994,253058,1.695292,1.803625,0.105583,0.067417,0.002416,3.56875,3.674333,0,,,188
scalar16,scalar,honest_hetero,eval_199,global_shared,99.99,1.5,16,64,192,125448,125330,2147,32,96,126529,126396,253145,253209,1.642166,1.592,0.080208,0.063875,0.00225,3.300291,3.380499,0,,,188
scalar16,scalar,honest_hetero,eval_200,global_shared,99.99,1.5,16,64,192,94688,94667,2147,32,96,95769,95733,191722,191786,1.6105,1.630083,0.095834,0.065666,0.002791,3.30904,3.404874,0,,,188
scalar16,scalar,tamper,eval_001,global_shared,99.99,1.5,16,64,192,125387,125387,2132,32,96,126453,126453,253127,253191,1.641166,1.709833,0.088417,0.065792,0.002917,3.419708,3.508125,1,prefill,C2,189
scalar16,scalar,tamper,eval_002,global_shared,99.99,1.5,16,64,192,133175,133175,2132,32,96,134241,134241,268703,268767,1.694917,1.794,0.09975,0.070125,0.002959,3.562001,3.661751,1,prefill,C2,189
scalar16,scalar,tamper,eval_003,global_shared,99.99,1.5,16,64,192,117824,117824,2132,32,96,118890,118890,238001,238065,1.724583,1.537834,0.078709,0.063916,0.002458,3.328791,3.4075,1,prefill,C2,189
scalar16,scalar,tamper,eval_004,global_shared,99.99,1.5,16,64,192,117850,117850,2132,32,96,118916,118916,238053,238117,1.549708,1.600667,0.076792,0.063542,0.002542,3.216459,3.293251,1,prefill,C2,189
scalar16,scalar,tamper,eval_005,global_shared,99.99,1.5,16,64,192,117819,117819,2132,32,96,118885,118885,237991,238055,1.967292,1.716042,0.10425,0.065416,0.003208,3.751958,3.856208,1,prefill,C2,189
scalar16,scalar,tamper,eval_006,global_shared,99.99,1.5,16,64,192,117847,117847,2132,32,96,118913,118913,238047,238111,1.601833,1.526042,0.077583,0.066167,0.002584,3.196626,3.274209,1,prefill,C2,189
scalar16,scalar,tamper,eval_007,global_shared,99.99,1.5,16,64,192,148372,148372,2132,32,96,149438,149438,299097,299161,1.750541,1.880542,0.106958,0.065209,0.002792,3.699084,3.806042,1,prefill,C2,189
scalar16,scalar,tamper,eval_008,global_shared,99.99,1.5,16,64,192,148442,148442,2132,32,96,149508,149508,299237,299301,1.645292,1.602666,0.076042,0.063958,0.0025,3.314416,3.390458,1,prefill,C2,189
scalar16,scalar,tamper,eval_009,global_shared,99.99,1.5,16,64,192,148502,148502,2132,32,96,149568,149568,299357,299421,1.671042,1.855792,0.110209,0.066791,0.003333,3.596958,3.707167,1,prefill,C2,189
scalar16,scalar,tamper,eval_010,global_shared,99.99,1.5,16,64,192,117752,117752,2132,32,96,118818,118818,237857,237921,1.772,1.616291,0.079542,0.064125,0.002625,3.455041,3.534583,1,prefill,C2,189
scalar16,scalar,tamper,eval_011,global_shared,99.99,1.5,16,64,192,94634,94634,2132,32,96,95700,95700,191621,191685,1.504083,1.557834,0.082625,0.069375,0.002792,3.134084,3.216709,1,prefill,C2,189
scalar16,scalar,tamper,eval_012,global_shared,99.99,1.5,16,64,192,102368,102368,2132,32,96,103434,103434,207089,207153,1.6655,1.554167,0.079708,0.064667,0.002625,3.286959,3.366667,1,prefill,C2,189
scalar16,scalar,tamper,eval_013,global_shared,99.99,1.5,16,64,192,86927,86927,2132,32,96,87993,87993,176207,176271,1.497417,1.585458,0.083917,0.068083,0.002708,3.153666,3.237583,1,prefill,C2,189
scalar16,scalar,tamper,eval_014,global_shared,99.99,1.5,16,64,192,87044,87044,2132,32,96,88110,88110,176441,176505,1.747708,1.560667,0.091542,0.065458,0.002791,3.376624,3.468166,1,prefill,C2,189
scalar16,scalar,tamper,eval_015,global_shared,99.99,1.5,16,64,192,87024,87024,2132,32,96,88090,88090,176401,176465,1.515667,1.463916,0.075625,0.06475,0.002458,3.046791,3.122416,1,prefill,C2,189
scalar16,scalar,tamper,eval_016,global_shared,99.99,1.5,16,64,192,87017,87017,2132,32,96,88083,88083,176387,176451,1.498,1.661,0.083084,0.068958,0.002709,3.230667,3.313751,1,prefill,C2,189
scalar16,scalar,tamper,eval_017,global_shared,99.99,1.5,16,64,192,117702,117702,2132,32,96,118768,118768,237757,237821,1.633625,1.541209,0.075291,0.064,0.002458,3.241292,3.316583,1,prefill,C2,189
scalar16,scalar,tamper,eval_018,global_shared,99.99,1.5,16,64,192,117777,117777,2132,32,96,118843,118843,237907,237971,1.554625,1.531125,0.075375,0.063583,0.002541,3.151874,3.227249,1,prefill,C2,189
scalar16,scalar,tamper,eval_019,global_shared,99.99,1.5,16,64,192,117794,117794,2132,32,96,118860,118860,237941,238005,1.686459,1.652583,0.098292,0.065666,0.003083,3.407791,3.506083,1,prefill,C2,189
scalar16,scalar,tamper,eval_020,global_shared,99.99,1.5,16,64,192,87013,87013,2132,32,96,88079,88079,176379,176443,1.53425,1.448291,0.076,0.064042,0.002583,3.049166,3.125166,1,prefill,C2,189
scalar16,scalar,tamper,eval_021,global_shared,99.99,1.5,16,64,192,102278,102278,2132,32,96,103344,103344,206909,206973,1.580792,1.6155,0.090333,0.070167,0.00325,3.269709,3.360042,1,prefill,C2,189
scalar16,scalar,tamper,eval_022,global_shared,99.99,1.5,16,64,192,109959,109959,2132,32,96,111025,111025,222271,222335,1.616166,1.549,0.07825,0.06475,0.002667,3.232583,3.310833,1,prefill,C2,189
scalar16,scalar,tamper,eval_023,global_shared,99.99,1.5,16,64,192,94688,94688,2132,32,96,95754,95754,191729,191793,1.5525,1.506667,0.083834,0.070041,0.003333,3.132541,3.216375,1,prefill,C2,189
scalar16,scalar,tamper,eval_024,global_shared,99.99,1.5,16,64,192,94655,94655,2132,32,96,95721,95721,191663,191727,1.698459,1.508292,0.084166,0.064666,0.002667,3.274084,3.35825,1,prefill,C2,189
scalar16,scalar,tamper,eval_025,global_shared,99.99,1.5,16,64,192,94608,94608,2132,32,96,95674,95674,191569,191633,1.547042,1.50625,0.080292,0.064375,0.002584,3.120251,3.200543,1,prefill,C2,189
scalar16,scalar,tamper,eval_026,global_shared,99.99,1.5,16,64,192,94641,94641,2132,32,96,95707,95707,191635,191699,1.55925,1.666125,0.089666,0.064458,0.002459,3.292292,3.381958,1,prefill,C2,189
scalar16,scalar,tamper,eval_027,global_shared,99.99,1.5,16,64,192,125318,125318,2132,32,96,126384,126384,252989,253053,1.624,1.542958,0.075666,0.064625,0.002333,3.233916,3.309582,1,prefill,C2,189
scalar16,scalar,tamper,eval_028,global_shared,99.99,1.5,16,64,192,125330,125330,2132,32,96,126396,126396,253013,253077,1.638375,1.736292,0.105084,0.067125,0.003375,3.445167,3.550251,1,prefill,C2,189
scalar16,scalar,tamper,eval_029,global_shared,99.99,1.5,16,64,192,125406,125406,2132,32,96,126472,126472,253165,253229,1.759666,1.669125,0.081167,0.064125,0.002667,3.495583,3.57675,1,prefill,C2,189
scalar16,scalar,tamper,eval_030,global_shared,99.99,1.5,16,64,192,94632,94632,2132,32,96,95698,95698,191617,191681,1.517875,1.487,0.0825,0.069584,0.002667,3.077126,3.159626,1,prefill,C2,189
scalar16,scalar,tamper,eval_031,global_shared,99.99,1.5,16,64,192,109933,109933,2132,32,96,110999,110999,222219,222283,1.698375,1.606375,0.078375,0.064833,0.002458,3.372041,3.450416,1,prefill,C2,189
scalar16,scalar,tamper,eval_032,global_shared,99.99,1.5,16,64,192,117742,117742,2132,32,96,118808,118808,237837,237901,1.572042,1.559125,0.074458,0.064042,0.002292,3.197501,3.271959,1,prefill,C2,189
scalar16,scalar,tamper,eval_033,global_shared,99.99,1.5,16,64,192,102412,102412,2132,32,96,103478,103478,207177,207241,1.58825,1.665458,0.097375,0.067333,0.002959,3.324,3.421375,1,prefill,C2,189
scalar16,scalar,tamper,eval_034,global_shared,99.99,1.5,16,64,192,102360,102360,2132,32,96,103426,103426,207073,207137,1.640417,1.551958,0.086583,0.066625,0.002792,3.261792,3.348375,1,prefill,C2,189
scalar16,scalar,tamper,eval_035,global_shared,99.99,1.5,16,64,192,102369,102369,2132,32,96,103435,103435,207091,207155,1.614667,1.708,0.101958,0.10025,0.002958,3.425875,3.527833,1,prefill,C2,189
scalar16,scalar,tamper,eval_036,global_shared,99.99,1.5,16,64,192,102345,102345,2132,32,96,103411,103411,207043,207107,1.652292,1.559334,0.078791,0.064542,0.002625,3.278793,3.357584,1,prefill,C2,189
scalar16,scalar,tamper,eval_037,global_shared,99.99,1.5,16,64,192,133072,133072,2132,32,96,134138,134138,268497,268561,1.614875,1.644542,0.07525,0.063875,0.0025,3.325792,3.401042,1,prefill,C2,189
scalar16,scalar,tamper,eval_038,global_shared,99.99,1.5,16,64,192,133104,133104,2132,32,96,134170,134170,268561,268625,1.851791,1.791583,0.091583,0.065875,0.003125,3.712374,3.803957,1,prefill,C2,189
scalar16,scalar,tamper,eval_039,global_shared,99.99,1.5,16,64,192,133130,133130,2132,32,96,134196,134196,268613,268677,1.726708,1.60525,0.080625,0.066417,0.003167,3.401542,3.482167,1,prefill,C2,189
scalar16,scalar,tamper,eval_040,global_shared,99.99,1.5,16,64,192,102351,102351,2132,32,96,103417,103417,207055,207119,1.598,1.634708,0.091583,0.070292,0.002583,3.305583,3.397166,1,prefill,C2,189
scalar16,scalar,tamper,eval_041,global_shared,99.99,1.5,16,64,192,117781,117781,2132,32,96,118847,118847,237915,237979,1.602917,1.533417,0.078542,0.106292,0.019375,3.262001,3.340543,1,prefill,C2,189
scalar16,scalar,tamper,eval_042,global_shared,99.99,1.5,16,64,192,125483,125483,2132,32,96,126549,126549,253319,253383,1.660917,1.76875,0.102042,0.072792,0.003042,3.505501,3.607543,1,prefill,C2,189
scalar16,scalar,tamper,eval_043,global_shared,99.99,1.5,16,64,192,110095,110095,2132,32,96,111161,111161,222543,222607,1.662375,1.520875,0.079291,0.064916,0.002666,3.250832,3.330123,1,prefill,C2,189
scalar16,scalar,tamper,eval_044,global_shared,99.99,1.5,16,64,192,110045,110045,2132,32,96,111111,111111,222443,222507,1.554167,1.560125,0.082083,0.070459,0.002709,3.18746,3.269543,1,prefill,C2,189
scalar16,scalar,tamper,eval_045,global_shared,99.99,1.5,16,64,192,110039,110039,2132,32,96,111105,111105,222431,222495,1.81825,1.611125,0.081292,0.067166,0.002625,3.499166,3.580458,1,prefill,C2,189
scalar16,scalar,tamper,eval_046,global_shared,99.99,1.5,16,64,192,110089,110089,2132,32,96,111155,111155,222531,222595,1.548833,1.508958,0.081208,0.064292,0.002625,3.124708,3.205916,1,prefill,C2,189
scalar16,scalar,tamper,eval_047,global_shared,99.99,1.5,16,64,192,140708,140708,2132,32,96,141774,141774,283769,283833,1.739459,1.731666,0.102209,0.065042,0.002958,3.539125,3.641334,1,prefill,C2,189
scalar16,scalar,tamper,eval_048,global_shared,99.99,1.5,16,64,192,140709,140709,2132,32,96,141775,141775,283771,283835,1.617667,1.565791,0.07575,0.064167,0.002541,3.250166,3.325916,1,prefill,C2,189
scalar16,scalar,tamper,eval_049,global_shared,99.99,1.5,16,64,192,140782,140782,2132,32,96,141848,141848,283917,283981,1.61725,1.706167,0.079583,0.068958,0.002458,3.394833,3.474416,1,prefill,C2,189
scalar16,scalar,tamper,eval_050,global_shared,99.99,1.5,16,64,192,110109,110109,2132,32,96,111175,111175,222571,222635,1.618542,1.538542,0.080209,0.065416,0.002416,3.224916,3.305125,1,prefill,C2,189
scalar16,scalar,tamper,eval_051,global_shared,99.99,1.5,16,64,192,125473,125473,2132,32,96,126539,126539,253299,253363,1.799417,1.567208,0.087833,0.079375,0.002834,3.448834,3.536667,1,prefill,C2,189
scalar16,scalar,tamper,eval_052,global_shared,99.99,1.5,16,64,192,133158,133158,2132,32,96,134224,134224,268669,268733,1.800833,1.587416,0.087792,0.065083,0.002625,3.455957,3.543749,1,prefill,C2,189
scalar16,scalar,tamper,eval_053,global_shared,99.99,1.5,16,64,192,117930,117930,2132,32,96,118996,118996,238213,238277,1.556417,1.577875,0.078209,0.075083,0.002416,3.211791,3.29,1,prefill,C2,189
scalar16,scalar,tamper,eval_054,global_shared,99.99,1.5,16,64,192,117955,117955,2132,32,96,119021,119021,238263,238327,1.761875,1.627708,0.08375,0.065375,0.002542,3.4575,3.54125,1,prefill,C2,189
scalar16,scalar,tamper,eval_055,global_shared,99.99,1.5,16,64,192,117827,117827,2132,32,96,118893,118893,238007,238071,1.593208,1.518209,0.07525,0.064416,0.002291,3.178124,3.253374,1,prefill,C2,189
scalar16,scalar,tamper,eval_056,global_shared,99.99,1.5,16,64,192,117845,117845,2132,32,96,118911,118911,238043,238107,1.588708,1.667,0.102417,0.065917,0.002875,3.3245,3.426917,1,prefill,C2,189
scalar16,scalar,tamper,eval_057,global_shared,99.99,1.5,16,64,192,148278,148278,2132,32,96,149344,149344,298909,298973,1.888125,1.712708,0.090334,0.066917,0.003417,3.671167,3.761501,1,prefill,C2,189
scalar16,scalar,tamper,eval_058,global_shared,99.99,1.5,16,64,192,148424,148424,2132,32,96,149490,149490,299201,299265,1.722834,1.690125,0.087417,0.070208,0.002708,3.485875,3.573292,1,prefill,C2,189
scalar16,scalar,tamper,eval_059,global_shared,99.99,1.5,16,64,192,148408,148408,2132,32,96,149474,149474,299169,299233,1.844917,1.681875,0.079,0.064834,0.0025,3.594126,3.673126,1,prefill,C2,189
scalar16,scalar,tamper,eval_060,global_shared,99.99,1.5,16,64,192,117952,117952,2132,32,96,119018,119018,238257,238321,1.680666,1.596625,0.085208,0.073709,0.003416,3.354416,3.439624,1,prefill,C2,189
scalar16,scalar,tamper,eval_061,global_shared,99.99,1.5,16,64,192,94729,94729,2132,32,96,95795,95795,191811,191875,1.753,1.583625,0.10075,0.067,0.003125,3.40675,3.5075,1,prefill,C2,189
scalar16,scalar,tamper,eval_062,global_shared,99.99,1.5,16,64,192,102420,102420,2132,32,96,103486,103486,207193,207257,1.59275,1.517166,0.076791,0.064458,0.002459,3.176833,3.253624,1,prefill,C2,189
scalar16,scalar,tamper,eval_063,global_shared,99.99,1.5,16,64,192,86997,86997,2132,32,96,88063,88063,176347,176411,1.600666,1.593,0.096083,0.071834,0.002833,3.268333,3.364416,1,prefill,C2,189
scalar16,scalar,tamper,eval_064,global_shared,99.99,1.5,16,64,192,87139,87139,2132,32,96,88205,88205,176631,176695,1.506917,1.5015,0.075917,0.065125,0.002458,3.076,3.151917,1,prefill,C2,189
scalar16,scalar,tamper,eval_065,global_shared,99.99,1.5,16,64,192,87081,87081,2132,32,96,88147,88147,176515,176579,1.545417,1.539958,0.100167,0.113792,0.003291,3.202458,3.302625,1,prefill,C2,189
scalar16,scalar,tamper,eval_066,global_shared,99.99,1.5,16,64,192,87056,87056,2132,32,96,88122,88122,176465,176529,1.749625,1.516583,0.081708,0.06525,0.002708,3.334166,3.415874,1,prefill,C2,189
scalar16,scalar,tamper,eval_067,global_shared,99.99,1.5,16,64,192,117822,117822,2132,32,96,118888,118888,237997,238061,1.60175,1.536542,0.081625,0.063791,0.002541,3.204624,3.286249,1,prefill,C2,189
scalar16,scalar,tamper,eval_068,global_shared,99.99,1.5,16,64,192,117889,117889,2132,32,96,118955,118955,238131,238195,1.706125,1.677708,0.079458,0.065083,0.0025,3.451416,3.530874,1,prefill,C2,189
scalar16,scalar,tamper,eval_069,global_shared,99.99,1.5,16,64,192,117797,117797,2132,32,96,118863,118863,237947,238011,1.610042,1.5895,0.076333,0.064708,0.002291,3.266541,3.342874,1,prefill,C2,189
scalar16,scalar,tamper,eval_070,global_shared,99.99,1.5,16,64,192,87040,87040,2132,32,96,88106,88106,176433,176497,1.5435,1.645125,0.095834,0.06925,0.002708,3.260583,3.356417,1,prefill,C2,189
scalar16,scalar,tamper,eval_071,global_shared,99.99,1.5,16,64,192,102442,102442,2132,32,96,103508,103508,207237,207301,1.639459,1.509958,0.07575,0.063917,0.002333,3.215667,3.291417,1,prefill,C2,189
scalar16,scalar,tamper,eval_072,global_shared,99.99,1.5,16,64,192,110082,110082,2132,32,96,111148,111148,222517,222581,1.553708,1.612666,0.082208,0.081459,0.002708,3.250541,3.332749,1,prefill,C2,189
scalar16,scalar,tamper,eval_073,global_shared,99.99,1.5,16,64,192,94742,94742,2132,32,96,95808,95808,191837,191901,1.639292,1.558042,0.081084,0.066208,0.002667,3.266209,3.347293,1,prefill,C2,189
scalar16,scalar,tamper,eval_074,global_shared,99.99,1.5,16,64,192,94770,94770,2132,32,96,95836,95836,191893,191957,1.512834,1.476625,0.079416,0.064125,0.002375,3.055959,3.135375,1,prefill,C2,189
scalar16,scalar,tamper,eval_075,global_shared,99.99,1.5,16,64,192,94677,94677,2132,32,96,95743,95743,191707,191771,1.569333,1.710458,0.101792,0.064833,0.002916,3.34754,3.449332,1,prefill,C2,189
scalar16,scalar,tamper,eval_076,global_shared,99.99,1.5,16,64,192,94651,94651,2132,32,96,95717,95717,191655,191719,1.568333,1.488625,0.075792,0.063958,0.002458,3.123374,3.199166,1,prefill,C2,189
scalar16,scalar,tamper,eval_077,global_shared,99.99,1.5,16,64,192,125450,125450,2132,32,96,126516,126516,253253,253317,1.58775,1.628167,0.083875,0.096167,0.002833,3.314917,3.398792,1,prefill,C2,189
scalar16,scalar,tamper,eval_078,global_shared,99.99,1.5,16,64,192,125481,125481,2132,32,96,126547,126547,253315,253379,1.704,1.670042,0.078208,0.06475,0.0025,3.441292,3.5195,1,prefill,C2,189
scalar16,scalar,tamper,eval_079,global_shared,99.99,1.5,16,64,192,125437,125437,2132,32,96,126503,126503,253227,253291,1.64175,1.575083,0.07525,0.0645,0.002458,3.283791,3.359041,1,prefill,C2,189
scalar16,scalar,tamper,eval_080,global_shared,99.99,1.5,16,64,192,94814,94814,2132,32,96,95880,95880,191981,192045,1.707167,1.585292,0.08975,0.066417,0.002667,3.361543,3.451293,1,prefill,C2,189
scalar16,scalar,tamper,eval_081,global_shared,99.99,1.5,16,64,192,102323,102323,2132,32,96,103389,103389,206999,207063,1.580208,1.583458,0.08775,0.066375,0.002458,3.232499,3.320249,1,prefill,C2,189
scalar16,scalar,tamper,eval_082,global_shared,99.99,1.5,16,64,192,110077,110077,2132,32,96,111143,111143,222507,222571,1.702209,1.666917,0.097,0.073792,0.003166,3.446084,3.543084,1,prefill,C2,189
scalar16,scalar,tamper,eval_083,global_shared,99.99,1.5,16,64,192,94746,94746,2132,32,96,95812,95812,191845,191909,1.576917,1.494542,0.079125,0.065791,0.002541,3.139791,3.218916,1,prefill,C2,189
scalar16,scalar,tamper,eval_084,global_shared,99.99,1.5,16,64,192,94772,94772,2132,32,96,95838,95838,191897,191961,1.560459,1.567791,0.087292,0.073083,0.002916,3.204249,3.291541,1,prefill,C2,189
scalar16,scalar,tamper,eval_085,global_shared,99.99,1.5,16,64,192,94711,94711,2132,32,96,95777,95777,191775,191839,1.764083,1.621292,0.097959,0.069333,0.002833,3.457541,3.5555,1,prefill,C2,189
scalar16,scalar,tamper,eval_086,global_shared,99.99,1.5,16,64,192,94658,94658,2132,32,96,95724,95724,191669,191733,1.638167,1.598708,0.095958,0.076917,0.003083,3.316875,3.412833,1,prefill,C2,189
scalar16,scalar,tamper,eval_087,global_shared,99.99,1.5,16,64,192,125362,125362,2132,32,96,126428,126428,253077,253141,1.805333,1.64575,0.0925,0.067125,0.002958,3.521166,3.613666,1,prefill,C2,189
scalar16,scalar,tamper,eval_088,global_shared,99.99,1.5,16,64,192,125445,125445,2132,32,96,126511,126511,253243,253307,1.669875,1.5905,0.081291,0.066959,0.002542,3.329876,3.411167,1,prefill,C2,189
scalar16,scalar,tamper,eval_089,global_shared,99.99,1.5,16,64,192,125479,125479,2132,32,96,126545,126545,253311,253375,1.638083,1.736875,0.095167,0.067333,0.00275,3.445041,3.540208,1,prefill,C2,189
scalar16,scalar,tamper,eval_090,global_shared,99.99,1.5,16,64,192,94653,94653,2132,32,96,95719,95719,191659,191723,1.649459,1.587583,0.09775,0.068417,0.002917,3.308376,3.406126,1,prefill,C2,189
scalar16,scalar,tamper,eval_091,global_shared,99.99,1.5,16,64,192,94583,94583,2132,32,96,95649,95649,191519,191583,1.565792,1.592333,0.084667,0.069875,0.002958,3.230958,3.315625,1,prefill,C2,189
scalar16,scalar,tamper,eval_092,global_shared,99.99,1.5,16,64,192,102324,102324,2132,32,96,103390,103390,207001,207065,1.613542,1.523167,0.079125,0.065916,0.002375,3.205,3.284125,1,prefill,C2,189
scalar16,scalar,tamper,eval_093,global_shared,99.99,1.5,16,64,192,87015,87015,2132,32,96,88081,88081,176383,176447,1.554875,1.503375,0.082042,0.066583,0.002375,3.127208,3.20925,1,prefill,C2,189
scalar16,scalar,tamper,eval_094,global_shared,99.99,1.5,16,64,192,87058,87058,2132,32,96,88124,88124,176469,176533,1.629541,1.701625,0.089417,0.065625,0.002584,3.399375,3.488792,1,prefill,C2,189
scalar16,scalar,tamper,eval_095,global_shared,99.99,1.5,16,64,192,86952,86952,2132,32,96,88018,88018,176257,176321,1.508167,1.468958,0.076625,0.065791,0.006541,3.049457,3.126082,1,prefill,C2,189
scalar16,scalar,tamper,eval_096,global_shared,99.99,1.5,16,64,192,87127,87127,2132,32,96,88193,88193,176607,176671,1.513667,1.55275,0.080584,0.066167,0.002375,3.134959,3.215543,1,prefill,C2,189
scalar16,scalar,tamper,eval_097,global_shared,99.99,1.5,16,64,192,117750,117750,2132,32,96,118816,118816,237853,237917,1.626834,1.565583,0.075667,0.068083,0.002417,3.262917,3.338584,1,prefill,C2,189
scalar16,scalar,tamper,eval_098,global_shared,99.99,1.5,16,64,192,117759,117759,2132,32,96,118825,118825,237871,237935,1.576,1.533834,0.075667,0.064375,0.002292,3.176501,3.252168,1,prefill,C2,189
scalar16,scalar,tamper,eval_099,global_shared,99.99,1.5,16,64,192,117780,117780,2132,32,96,118846,118846,237913,237977,1.749125,1.654416,0.089833,0.066667,0.002833,3.473041,3.562874,1,prefill,C2,189
scalar16,scalar,tamper,eval_100,global_shared,99.99,1.5,16,64,192,87059,87059,2132,32,96,88125,88125,176471,176535,1.508833,1.533625,0.077916,0.068667,0.002667,3.113792,3.191708,1,prefill,C2,189
scalar16,scalar,tamper,eval_101,global_shared,99.99,1.5,16,64,192,94700,94700,2132,32,96,95766,95766,191753,191817,1.561208,1.563084,0.083833,0.064791,0.002541,3.191624,3.275457,1,prefill,C2,189
scalar16,scalar,tamper,eval_102,global_shared,99.99,1.5,16,64,192,102373,102373,2132,32,96,103439,103439,207099,207163,1.564584,1.519375,0.083583,0.066042,0.002584,3.152585,3.236168,1,prefill,C2,189
scalar16,scalar,tamper,eval_103,global_shared,99.99,1.5,16,64,192,87158,87158,2132,32,96,88224,88224,176669,176733,1.501875,1.47525,0.08,0.082333,0.002917,3.062375,3.142375,1,prefill,C2,189
scalar16,scalar,tamper,eval_104,global_shared,99.99,1.5,16,64,192,87146,87146,2132,32,96,88212,88212,176645,176709,1.759375,1.65975,0.102041,0.069916,0.002917,3.491958,3.593999,1,prefill,C2,189
scalar16,scalar,tamper,eval_105,global_shared,99.99,1.5,16,64,192,87135,87135,2132,32,96,88201,88201,176623,176687,1.714584,1.61175,0.101042,0.068875,0.002708,3.397917,3.498959,1,prefill,C2,189
scalar16,scalar,tamper,eval_106,global_shared,99.99,1.5,16,64,192,87115,87115,2132,32,96,88181,88181,176583,176647,1.648458,1.630708,0.088708,0.064333,0.00275,3.346249,3.434957,1,prefill,C2,189
scalar16,scalar,tamper,eval_107,global_shared,99.99,1.5,16,64,192,117810,117810,2132,32,96,118876,118876,237973,238037,1.718291,1.610208,0.100917,0.067291,0.002916,3.398706,3.499623,1,prefill,C2,189
scalar16,scalar,tamper,eval_108,global_shared,99.99,1.5,16,64,192,117838,117838,2132,32,96,118904,118904,238029,238093,1.611583,1.80425,0.106209,0.06525,0.002667,3.48375,3.589959,1,prefill,C2,189
scalar16,scalar,tamper,eval_109,global_shared,99.99,1.5,16,64,192,117828,117828,2132,32,96,118894,118894,238009,238073,1.69525,1.53775,0.075209,0.063667,0.002417,3.299084,3.374293,1,prefill,C2,189
scalar16,scalar,tamper,eval_110,global_shared,99.99,1.5,16,64,192,87160,87160,2132,32,96,88226,88226,176673,176737,1.630375,1.582334,0.08475,0.069708,0.002833,3.28525,3.37,1,prefill,C2,189
scalar16,scalar,tamper,eval_111,global_shared,99.99,1.5,16,64,192,87018,87018,2132,32,96,88084,88084,176389,176453,1.667792,1.542958,0.080583,0.065125,0.002542,3.278417,3.359,1,prefill,C2,189
scalar16,scalar,tamper,eval_112,global_shared,99.99,1.5,16,64,192,94785,94785,2132,32,96,95851,95851,191923,191987,1.510167,1.462541,0.075125,0.07275,0.002375,3.047833,3.122958,1,prefill,C2,189
scalar16,scalar,tamper,eval_113,global_shared,99.99,1.5,16,64,192,79413,79413,2132,32,96,80479,80479,161179,161243,1.543,1.641625,0.094959,0.064541,0.003,3.252166,3.347125,1,prefill,C2,189
scalar16,scalar,tamper,eval_114,global_shared,99.99,1.5,16,64,192,79398,79398,2132,32,96,80464,80464,161149,161213,1.561792,1.506708,0.088417,0.068125,0.002875,3.1395,3.227917,1,prefill,C2,189
scalar16,scalar,tamper,eval_115,global_shared,99.99,1.5,16,64,192,79342,79342,2132,32,96,80408,80408,161037,161101,1.474958,1.489083,0.082208,0.0725,0.006292,3.042833,3.125041,1,prefill,C2,189
scalar16,scalar,tamper,eval_116,global_shared,99.99,1.5,16,64,192,79427,79427,2132,32,96,80493,80493,161207,161271,1.650042,1.546292,0.075708,0.064458,0.002584,3.263376,3.339084,1,prefill,C2,189
scalar16,scalar,tamper,eval_117,global_shared,99.99,1.5,16,64,192,110094,110094,2132,32,96,111160,111160,222541,222605,1.548458,1.513458,0.080958,0.062917,0.002333,3.127166,3.208124,1,prefill,C2,189
scalar16,scalar,tamper,eval_118,global_shared,99.99,1.5,16,64,192,110064,110064,2132,32,96,111130,111130,222481,222545,1.695584,1.703584,0.091625,0.064625,0.003209,3.467002,3.558627,1,prefill,C2,189
scalar16,scalar,tamper,eval_119,global_shared,99.99,1.5,16,64,192,110108,110108,2132,32,96,111174,111174,222569,222633,1.543333,1.512666,0.075833,0.065334,0.003417,3.12475,3.200583,1,prefill,C2,189
scalar16,scalar,tamper,eval_120,global_shared,99.99,1.5,16,64,192,79443,79443,2132,32,96,80509,80509,161239,161303,1.582166,1.553792,0.096125,0.084417,0.003125,3.2235,3.319625,1,prefill,C2,189
scalar16,scalar,tamper,eval_121,global_shared,99.99,1.5,16,64,192,125386,125386,2132,32,96,126452,126452,253125,253189,1.661917,1.555666,0.078459,0.064625,0.002625,3.284833,3.363292,1,prefill,C2,189
scalar16,scalar,tamper,eval_122,global_shared,99.99,1.5,16,64,192,133104,133104,2132,32,96,134170,134170,268561,268625,1.617833,1.576208,0.087167,0.069458,0.002834,3.266333,3.3535,1,prefill,C2,189
scalar16,scalar,tamper,eval_123,global_shared,99.99,1.5,16,64,192,117705,117705,2132,32,96,118771,118771,237763,237827,1.864083,1.59725,0.089541,0.064208,0.002917,3.528458,3.617999,1,prefill,C2,189
scalar16,scalar,tamper,eval_124,global_shared,99.99,1.5,16,64,192,117871,117871,2132,32,96,118937,118937,238095,238159,1.578625,1.545625,0.076125,0.064041,0.002375,3.190666,3.266791,1,prefill,C2,189
scalar16,scalar,tamper,eval_125,global_shared,99.99,1.5,16,64,192,117680,117680,2132,32,96,118746,118746,237713,237777,1.669875,1.668667,0.082375,0.069834,0.002792,3.411168,3.493543,1,prefill,C2,189
scalar16,scalar,tamper,eval_126,global_shared,99.99,1.5,16,64,192,117799,117799,2132,32,96,118865,118865,237951,238015,1.735042,1.567875,0.076625,0.064541,0.002458,3.369916,3.446541,1,prefill,C2,189
scalar16,scalar,tamper,eval_127,global_shared,99.99,1.5,16,64,192,148349,148349,2132,32,96,149415,149415,299051,299115,1.662791,1.743416,0.0935,0.064708,0.003084,3.473999,3.567499,1,prefill,C2,189
scalar16,scalar,tamper,eval_128,global_shared,99.99,1.5,16,64,192,148283,148283,2132,32,96,149349,149349,298919,298983,1.765709,1.589875,0.079959,0.108958,0.002875,3.467417,3.547376,1,prefill,C2,189
scalar16,scalar,tamper,eval_129,global_shared,99.99,1.5,16,64,192,148312,148312,2132,32,96,149378,149378,298977,299041,1.784875,1.685042,0.081458,0.073042,0.002792,3.545751,3.627209,1,prefill,C2,189
scalar16,scalar,tamper,eval_130,global_shared,99.99,1.5,16,64,192,117825,117825,2132,32,96,118891,118891,238003,238067,1.632625,1.587,0.076917,0.064458,0.002625,3.286708,3.363625,1,prefill,C2,189
scalar16,scalar,tamper,eval_131,global_shared,99.99,1.5,16,64,192,94679,94679,2132,32,96,95745,95745,191711,191775,1.515459,1.497708,0.080084,0.063958,0.0025,3.079625,3.159709,1,prefill,C2,189
scalar16,scalar,tamper,eval_132,global_shared,99.99,1.5,16,64,192,102344,102344,2132,32,96,103410,103410,207041,207105,1.902791,1.700375,0.0965,0.065375,0.003,3.671541,3.768041,1,prefill,C2,189
scalar16,scalar,tamper,eval_133,global_shared,99.99,1.5,16,64,192,87095,87095,2132,32,96,88161,88161,176543,176607,1.541834,1.526208,0.093208,0.066209,0.002833,3.137084,3.230292,1,prefill,C2,189
scalar16,scalar,tamper,eval_134,global_shared,99.99,1.5,16,64,192,87056,87056,2132,32,96,88122,88122,176465,176529,1.619209,1.669125,0.097125,0.065917,0.003,3.357251,3.454376,1,prefill,C2,189
scalar16,scalar,tamper,eval_135,global_shared,99.99,1.5,16,64,192,86993,86993,2132,32,96,88059,88059,176339,176403,1.681166,1.537084,0.084125,0.06425,0.002666,3.285166,3.369291,1,prefill,C2,189
scalar16,scalar,tamper,eval_136,global_shared,99.99,1.5,16,64,192,87088,87088,2132,32,96,88154,88154,176529,176593,1.496667,1.464166,0.081292,0.06975,0.002709,3.033292,3.114584,1,prefill,C2,189
scalar16,scalar,tamper,eval_137,global_shared,99.99,1.5,16,64,192,117719,117719,2132,32,96,118785,118785,237791,237855,1.808208,1.636042,0.098625,0.066167,0.002959,3.513376,3.612001,1,prefill,C2,189
scalar16,scalar,tamper,eval_138,global_shared,99.99,1.5,16,64,192,117798,117798,2132,32,96,118864,118864,237949,238013,1.69575,1.566792,0.081958,0.064417,0.002417,3.329376,3.411334,1,prefill,C2,189
scalar16,scalar,tamper,eval_139,global_shared,99.99,1.5,16,64,192,117874,117874,2132,32,96,118940,118940,238101,238165,1.70025,1.621375,0.080125,0.06425,0.002458,3.388333,3.468458,1,prefill,C2,189
scalar16,scalar,tamper,eval_140,global_shared,99.99,1.5,16,64,192,87075,87075,2132,32,96,88141,88141,176503,176567,1.546292,1.505791,0.080541,0.065209,0.002583,3.119875,3.200416,1,prefill,C2,189
scalar16,scalar,tamper,eval_141,global_shared,99.99,1.5,16,64,192,94617,94617,2132,32,96,95683,95683,191587,191651,1.63825,1.59725,0.098292,0.06475,0.003125,3.303375,3.401667,1,prefill,C2,189
scalar16,scalar,tamper,eval_142,global_shared,99.99,1.5,16,64,192,102410,102410,2132,32,96,103476,103476,207173,207237,1.622584,1.501625,0.077333,0.066583,0.0025,3.193292,3.270625,1,prefill,C2,189
scalar16,scalar,tamper,eval_143,global_shared,99.99,1.5,16,64,192,87113,87113,2132,32,96,88179,88179,176579,176643,1.518125,1.478542,0.07725,0.071792,0.002583,3.071042,3.148292,1,prefill,C2,189
scalar16,scalar,tamper,eval_144,global_shared,99.99,1.5,16,64,192,87139,87139,2132,32,96,88205,88205,176631,176695,1.578209,1.627208,0.092917,0.065875,0.0025,3.273792,3.366709,1,prefill,C2,189
scalar16,scalar,tamper,eval_145,global_shared,99.99,1.5,16,64,192,86952,86952,2132,32,96,88018,88018,176257,176321,1.507708,1.505792,0.075875,0.063917,0.002458,3.079875,3.15575,1,prefill,C2,189
scalar16,scalar,tamper,eval_146,global_shared,99.99,1.5,16,64,192,87084,87084,2132,32,96,88150,88150,176521,176585,1.60275,1.759667,0.091292,0.065083,0.003,3.4305,3.521792,1,prefill,C2,189
scalar16,scalar,tamper,eval_147,global_shared,99.99,1.5,16,64,192,117827,117827,2132,32,96,118893,118893,238007,238071,1.628833,1.595416,0.095791,0.064834,0.002833,3.291916,3.387707,1,prefill,C2,189
scalar16,scalar,tamper,eval_148,global_shared,99.99,1.5,16,64,192,117775,117775,2132,32,96,118841,118841,237903,237967,1.57675,1.542125,0.081375,0.107625,0.002958,3.229458,3.310833,1,prefill,C2,189
scalar16,scalar,tamper,eval_149,global_shared,99.99,1.5,16,64,192,117819,117819,2132,32,96,118885,118885,237991,238055,1.68475,1.564208,0.0775,0.064084,0.002375,3.315417,3.392917,1,prefill,C2,189
scalar16,scalar,tamper,eval_150,global_shared,99.99,1.5,16,64,192,87077,87077,2132,32,96,88143,88143,176507,176571,1.49925,1.506834,0.070667,0.0665,0.002875,3.075459,3.146126,1,prefill,C2,189
scalar16,scalar,tamper,eval_151,global_shared,99.99,1.5,16,64,192,110135,110135,2132,32,96,111201,111201,222623,222687,1.631125,1.687,0.08875,0.064084,0.002667,3.384876,3.473626,1,prefill,C2,189
scalar16,scalar,tamper,eval_152,global_shared,99.99,1.5,16,64,192,117832,117832,2132,32,96,118898,118898,238017,238081,1.566875,1.522792,0.074917,0.063875,0.002334,3.155876,3.230793,1,prefill,C2,189
scalar16,scalar,tamper,eval_153,global_shared,99.99,1.5,16,64,192,102417,102417,2132,32,96,103483,103483,207187,207251,1.528834,1.540042,0.083667,0.064542,0.002584,3.136002,3.219669,1,prefill,C2,189
scalar16,scalar,tamper,eval_154,global_shared,99.99,1.5,16,64,192,102552,102552,2132,32,96,103618,103618,207457,207521,1.717792,1.500084,0.077084,0.063291,0.002666,3.283833,3.360917,1,prefill,C2,189
scalar16,scalar,tamper,eval_155,global_shared,99.99,1.5,16,64,192,102403,102403,2132,32,96,103469,103469,207159,207223,1.500042,1.47975,0.0745,0.0625,0.002625,3.044917,3.119417,1,prefill,C2,189
scalar16,scalar,tamper,eval_156,global_shared,99.99,1.5,16,64,192,102452,102452,2132,32,96,103518,103518,207257,207321,1.701333,1.60875,0.098584,0.065916,0.002666,3.378665,3.477249,1,prefill,C2,189
scalar16,scalar,tamper,eval_157,global_shared,99.99,1.5,16,64,192,133180,133180,2132,32,96,134246,134246,268713,268777,1.653208,1.569875,0.076666,0.064417,0.002291,3.289791,3.366457,1,prefill,C2,189
scalar16,scalar,tamper,eval_158,global_shared,99.99,1.5,16,64,192,133159,133159,2132,32,96,134225,134225,268671,268735,1.65625,1.659709,0.098125,0.075125,0.002792,3.393876,3.492001,1,prefill,C2,189
scalar16,scalar,tamper,eval_159,global_shared,99.99,1.5,16,64,192,133204,133204,2132,32,96,134270,134270,268761,268825,1.695542,1.526042,0.07475,0.06175,0.002333,3.285667,3.360417,1,prefill,C2,189
scalar16,scalar,tamper,eval_160,global_shared,99.99,1.5,16,64,192,102561,102561,2132,32,96,103627,103627,207475,207539,1.603084,1.593458,0.088167,0.069333,0.003084,3.268959,3.357126,1,prefill,C2,189
scalar16,scalar,tamper,eval_161,global_shared,99.99,1.5,16,64,192,102359,102359,2132,32,96,103425,103425,207071,207135,1.604375,1.493458,0.080125,0.065042,0.002584,3.165459,3.245584,1,prefill,C2,189
scalar16,scalar,tamper,eval_162,global_shared,99.99,1.5,16,64,192,110073,110073,2132,32,96,111139,111139,222499,222563,1.523375,1.495125,0.073375,0.063209,0.002375,3.084084,3.157459,1,prefill,C2,189
scalar16,scalar,tamper,eval_163,global_shared,99.99,1.5,16,64,192,94753,94753,2132,32,96,95819,95819,191859,191923,1.589625,1.653167,0.094417,0.0635,0.003,3.309292,3.403709,1,prefill,C2,189
scalar16,scalar,tamper,eval_164,global_shared,99.99,1.5,16,64,192,94714,94714,2132,32,96,95780,95780,191781,191845,1.531583,1.457625,0.0745,0.063958,0.002334,3.0555,3.13,1,prefill,C2,189
scalar16,scalar,tamper,eval_165,global_shared,99.99,1.5,16,64,192,94710,94710,2132,32,96,95776,95776,191773,191837,1.52375,1.59075,0.092084,0.071708,0.003208,3.189416,3.2815,1,prefill,C2,189
scalar16,scalar,tamper,eval_166,global_shared,99.99,1.5,16,64,192,94768,94768,2132,32,96,95834,95834,191889,191953,1.657208,1.73175,0.090667,0.0655,0.002458,3.456916,3.547583,1,prefill,C2,189
scalar16,scalar,tamper,eval_167,global_shared,99.99,1.5,16,64,192,125421,125421,2132,32,96,126487,126487,253195,253259,1.669125,2.311125,0.121,0.074959,0.0035,4.058709,4.179709,1,prefill,C2,189
scalar16,scalar,tamper,eval_168,global_shared,99.99,1.5,16,64,192,125426,125426,2132,32,96,126492,126492,253205,253269,1.846959,1.59525,0.085458,0.065667,0.002916,3.510792,3.59625,1,prefill,C2,189
scalar16,scalar,tamper,eval_169,global_shared,99.99,1.5,16,64,192,125488,125488,2132,32,96,126554,126554,253329,253393,1.633375,1.670416,0.084708,0.064917,0.002709,3.371417,3.456125,1,prefill,C2,189
scalar16,scalar,tamper,eval_170,global_shared,99.99,1.5,16,64,192,94781,94781,2132,32,96,95847,95847,191915,191979,1.779667,1.712125,0.112958,0.064792,0.003375,3.559959,3.672917,1,prefill,C2,189
scalar16,scalar,tamper,eval_171,global_shared,99.99,1.5,16,64,192,102424,102424,2132,32,96,103490,103490,207201,207265,1.566375,1.491459,0.076583,0.063458,0.002583,3.123875,3.200458,1,prefill,C2,189
scalar16,scalar,tamper,eval_172,global_shared,99.99,1.5,16,64,192,110099,110099,2132,32,96,111165,111165,222551,222615,1.602291,1.711291,0.088625,0.070292,0.002708,3.386582,3.475207,1,prefill,C2,189
scalar16,scalar,tamper,eval_173,global_shared,99.99,1.5,16,64,192,94804,94804,2132,32,96,95870,95870,191961,192025,1.55975,1.46925,0.074917,0.062875,0.0025,3.094375,3.169292,1,prefill,C2,189
scalar16,scalar,tamper,eval_174,global_shared,99.99,1.5,16,64,192,94787,94787,2132,32,96,95853,95853,191927,191991,1.512625,1.521042,0.082542,0.111,0.003,3.147667,3.230209,1,prefill,C2,189
scalar16,scalar,tamper,eval_175,global_shared,99.99,1.5,16,64,192,94756,94756,2132,32,96,95822,95822,191865,191929,1.704458,1.687208,0.102875,0.070708,0.003125,3.465499,3.568374,1,prefill,C2,189
scalar16,scalar,tamper,eval_176,global_shared,99.99,1.5,16,64,192,94802,94802,2132,32,96,95868,95868,191957,192021,1.547833,1.484167,0.086375,0.067708,0.002667,3.102375,3.18875,1,prefill,C2,189
scalar16,scalar,tamper,eval_177,global_shared,99.99,1.5,16,64,192,125428,125428,2132,32,96,126494,126494,253209,253273,1.757625,1.701417,0.096083,0.073958,0.002916,3.535916,3.631999,1,prefill,C2,189
scalar16,scalar,tamper,eval_178,global_shared,99.99,1.5,16,64,192,125405,125405,2132,32,96,126471,126471,253163,253227,1.699583,1.622166,0.085291,0.065167,0.002875,3.389791,3.475082,1,prefill,C2,189
scalar16,scalar,tamper,eval_179,global_shared,99.99,1.5,16,64,192,125471,125471,2132,32,96,126537,126537,253295,253359,1.658542,1.788167,0.100875,0.0675,0.003083,3.517292,3.618167,1,prefill,C2,189
scalar16,scalar,tamper,eval_180,global_shared,99.99,1.5,16,64,192,94765,94765,2132,32,96,95831,95831,191883,191947,1.59425,1.486917,0.076625,0.064667,0.002459,3.148293,3.224918,1,prefill,C2,189
scalar16,scalar,tamper,eval_181,global_shared,99.99,1.5,16,64,192,102309,102309,2132,32,96,103375,103375,206971,207035,1.565167,1.5795,0.082708,0.156083,0.002709,3.303459,3.386167,1,prefill,C2,189
scalar16,scalar,tamper,eval_182,global_shared,99.99,1.5,16,64,192,109895,109895,2132,32,96,110961,110961,222143,222207,1.671333,1.548667,0.077833,0.063542,0.002459,3.286001,3.363834,1,prefill,C2,189
scalar16,scalar,tamper,eval_183,global_shared,99.99,1.5,16,64,192,94722,94722,2132,32,96,95788,95788,191797,191861,1.502959,1.445875,0.077959,0.071958,0.0025,3.023292,3.101251,1,prefill,C2,189
scalar16,scalar,tamper,eval_184,global_shared,99.99,1.5,16,64,192,94570,94570,2132,32,96,95636,95636,191493,191557,1.765834,1.55975,0.086625,0.0635,0.00275,3.391834,3.478459,1,prefill,C2,189
scalar16,scalar,tamper,eval_185,global_shared,99.99,1.5,16,64,192,94672,94672,2132,32,96,95738,95738,191697,191761,1.59725,1.473833,0.0755,0.063833,0.002417,3.137333,3.212833,1,prefill,C2,189
scalar16,scalar,tamper,eval_186,global_shared,99.99,1.5,16,64,192,94661,94661,2132,32,96,95727,95727,191675,191739,1.547583,1.551375,0.079083,0.062417,0.002625,3.164,3.243083,1,prefill,C2,189
scalar16,scalar,tamper,eval_187,global_shared,99.99,1.5,16,64,192,125291,125291,2132,32,96,126357,126357,252935,252999,1.652667,1.538708,0.073875,0.065375,0.002292,3.259042,3.332917,1,prefill,C2,189
scalar16,scalar,tamper,eval_188,global_shared,99.99,1.5,16,64,192,125342,125342,2132,32,96,126408,126408,253037,253101,1.5855,1.539917,0.074458,0.063,0.002292,3.190709,3.265167,1,prefill,C2,189
scalar16,scalar,tamper,eval_189,global_shared,99.99,1.5,16,64,192,125401,125401,2132,32,96,126467,126467,253155,253219,1.680916,1.666542,0.0935,0.064834,0.003083,3.415375,3.508875,1,prefill,C2,189
scalar16,scalar,tamper,eval_190,global_shared,99.99,1.5,16,64,192,94685,94685,2132,32,96,95751,95751,191723,191787,1.536209,1.483333,0.076125,0.064,0.002833,3.086375,3.1625,1,prefill,C2,189
scalar16,scalar,tamper,eval_191,global_shared,99.99,1.5,16,64,192,102365,102365,2132,32,96,103431,103431,207083,207147,1.572125,1.708791,0.087833,0.064625,0.002417,3.347958,3.435791,1,prefill,C2,189
scalar16,scalar,tamper,eval_192,global_shared,99.99,1.5,16,64,192,109963,109963,2132,32,96,111029,111029,222279,222343,1.616375,1.541375,0.079,0.064667,0.002417,3.224834,3.303834,1,prefill,C2,189
scalar16,scalar,tamper,eval_193,global_shared,99.99,1.5,16,64,192,94729,94729,2132,32,96,95795,95795,191811,191875,1.550209,1.51825,0.082375,0.070334,0.002708,3.141501,3.223876,1,prefill,C2,189
scalar16,scalar,tamper,eval_194,global_shared,99.99,1.5,16,64,192,94732,94732,2132,32,96,95798,95798,191817,191881,1.664333,1.610708,0.097583,0.065959,0.003083,3.344083,3.441666,1,prefill,C2,189
scalar16,scalar,tamper,eval_195,global_shared,99.99,1.5,16,64,192,94608,94608,2132,32,96,95674,95674,191569,191633,1.558209,1.537541,0.078542,0.063833,0.002625,3.162208,3.24075,1,prefill,C2,189
scalar16,scalar,tamper,eval_196,global_shared,99.99,1.5,16,64,192,94721,94721,2132,32,96,95787,95787,191795,191859,1.600417,1.603917,0.080583,0.063791,0.002375,3.2705,3.351083,1,prefill,C2,189
scalar16,scalar,tamper,eval_197,global_shared,99.99,1.5,16,64,192,125292,125292,2132,32,96,126358,126358,252937,253001,1.588625,1.521333,0.075583,0.071666,0.0025,3.184124,3.259707,1,prefill,C2,189
scalar16,scalar,tamper,eval_198,global_shared,99.99,1.5,16,64,192,125348,125348,2132,32,96,126414,126414,253049,253113,1.606,1.645166,0.097833,0.069167,0.003292,3.323625,3.421458,1,prefill,C2,189
scalar16,scalar,tamper,eval_199,global_shared,99.99,1.5,16,64,192,125330,125330,2132,32,96,126396,126396,253013,253077,1.6845,1.604625,0.075834,0.063583,0.002458,3.355166,3.431,1,prefill,C2,189
scalar16,scalar,tamper,eval_200,global_shared,99.99,1.5,16,64,192,94667,94667,2132,32,96,95733,95733,191687,191751,1.526042,1.581625,0.07925,0.06625,0.002375,3.176292,3.255542,1,prefill,C2,189
scalar64,scalar,honest_homo,eval_001,global_shared,99.99,2.0,64,256,768,125387,125387,2132,32,96,126453,126453,253124,253188,1.752542,1.638625,0.149625,0.077416,0.003833,3.472416,3.622041,0,,,186
scalar64,scalar,honest_homo,eval_002,global_shared,99.99,2.0,64,256,768,133175,133175,2132,32,96,134241,134241,268700,268764,1.702083,1.621833,0.101208,0.067542,0.00375,3.395208,3.496416,0,,,186
scalar64,scalar,honest_homo,eval_003,global_shared,99.99,2.0,64,256,768,117824,117824,2132,32,96,118890,118890,237998,238062,1.568459,1.521667,0.082334,0.065792,0.002542,3.15846,3.240794,0,,,186
scalar64,scalar,honest_homo,eval_004,global_shared,99.99,2.0,64,256,768,117850,117850,2132,32,96,118916,118916,238050,238114,1.654708,1.701375,0.114958,0.06625,0.002875,3.425208,3.540166,0,,,186
scalar64,scalar,honest_homo,eval_005,global_shared,99.99,2.0,64,256,768,117819,117819,2132,32,96,118885,118885,237988,238052,1.5535,1.496916,0.0795,0.064875,0.002167,3.117458,3.196958,0,,,186
scalar64,scalar,honest_homo,eval_006,global_shared,99.99,2.0,64,256,768,117847,117847,2132,32,96,118913,118913,238044,238108,1.537125,1.709208,0.112416,0.071334,0.003167,3.320834,3.43325,0,,,186
scalar64,scalar,honest_homo,eval_007,global_shared,99.99,2.0,64,256,768,148372,148372,2132,32,96,149438,149438,299094,299158,1.780959,1.620792,0.086875,0.06775,0.002583,3.472084,3.558959,0,,,186
scalar64,scalar,honest_homo,eval_008,global_shared,99.99,2.0,64,256,768,148442,148442,2132,32,96,149508,149508,299234,299298,1.614666,1.60825,0.082084,0.066291,0.002375,3.291582,3.373666,0,,,186
scalar64,scalar,honest_homo,eval_009,global_shared,99.99,2.0,64,256,768,148502,148502,2132,32,96,149568,149568,299354,299418,1.771083,1.852958,0.137167,0.068958,0.003375,3.696374,3.833541,0,,,186
scalar64,scalar,honest_homo,eval_010,global_shared,99.99,2.0,64,256,768,117752,117752,2132,32,96,118818,118818,237854,237918,1.60925,1.52175,0.083167,0.06575,0.002542,3.199292,3.282459,0,,,186
scalar64,scalar,honest_homo,eval_011,global_shared,99.99,2.0,64,256,768,94634,94634,2132,32,96,95700,95700,191618,191682,1.52375,1.560625,0.102167,0.080625,0.003,3.168,3.270167,0,,,186
scalar64,scalar,honest_homo,eval_012,global_shared,99.99,2.0,64,256,768,102368,102368,2132,32,96,103434,103434,207086,207150,1.596625,1.572125,0.104083,0.067792,0.00275,3.239292,3.343375,0,,,186
scalar64,scalar,honest_homo,eval_013,global_shared,99.99,2.0,64,256,768,86927,86927,2132,32,96,87993,87993,176204,176268,1.522166,1.501375,0.082875,0.066459,0.002458,3.092458,3.175333,0,,,186
scalar64,scalar,honest_homo,eval_014,global_shared,99.99,2.0,64,256,768,87044,87044,2132,32,96,88110,88110,176438,176502,1.610291,1.540833,0.111917,0.066291,0.00275,3.220165,3.332082,0,,,186
scalar64,scalar,honest_homo,eval_015,global_shared,99.99,2.0,64,256,768,87024,87024,2132,32,96,88090,88090,176398,176462,1.448042,1.440208,0.082333,0.065625,0.002417,2.956292,3.038625,0,,,186
scalar64,scalar,honest_homo,eval_016,global_shared,99.99,2.0,64,256,768,87017,87017,2132,32,96,88083,88083,176384,176448,1.623083,1.614292,0.097,0.082833,0.002333,3.322541,3.419541,0,,,186
scalar64,scalar,honest_homo,eval_017,global_shared,99.99,2.0,64,256,768,117702,117702,2132,32,96,118768,118768,237754,237818,1.589958,1.494167,0.079667,0.070375,0.002375,3.156875,3.236542,0,,,186
scalar64,scalar,honest_homo,eval_018,global_shared,99.99,2.0,64,256,768,117777,117777,2132,32,96,118843,118843,237904,237968,1.533584,1.537209,0.0835,0.066042,0.002417,3.139252,3.222752,0,,,186
scalar64,scalar,honest_homo,eval_019,global_shared,99.99,2.0,64,256,768,117794,117794,2132,32,96,118860,118860,237938,238002,1.772542,1.604417,0.116917,0.066291,0.002625,3.445875,3.562792,0,,,186
scalar64,scalar,honest_homo,eval_020,global_shared,99.99,2.0,64,256,768,87013,87013,2132,32,96,88079,88079,176376,176440,1.478167,1.446417,0.080125,0.065875,0.00225,2.992709,3.072834,0,,,186
scalar64,scalar,honest_homo,eval_021,global_shared,99.99,2.0,64,256,768,102278,102278,2132,32,96,103344,103344,206906,206970,1.539583,1.604167,0.099708,0.076292,0.002667,3.222709,3.322417,0,,,186
scalar64,scalar,honest_homo,eval_022,global_shared,99.99,2.0,64,256,768,109959,109959,2132,32,96,111025,111025,222268,222332,1.682,1.578667,0.092542,0.068625,0.002625,3.331917,3.424459,0,,,186
scalar64,scalar,honest_homo,eval_023,global_shared,99.99,2.0,64,256,768,94688,94688,2132,32,96,95754,95754,191726,191790,1.525042,1.511708,0.082584,0.066541,0.002375,3.105666,3.18825,0,,,186
scalar64,scalar,honest_homo,eval_024,global_shared,99.99,2.0,64,256,768,94655,94655,2132,32,96,95721,95721,191660,191724,1.6265,1.526708,0.106791,0.067167,0.002875,3.22325,3.330041,0,,,186
scalar64,scalar,honest_homo,eval_025,global_shared,99.99,2.0,64,256,768,94608,94608,2132,32,96,95674,95674,191566,191630,1.53525,1.555292,0.085625,0.067417,0.002333,3.160292,3.245917,0,,,186
scalar64,scalar,honest_homo,eval_026,global_shared,99.99,2.0,64,256,768,94641,94641,2132,32,96,95707,95707,191632,191696,1.557708,1.592833,0.105834,0.066666,0.002542,3.219749,3.325583,0,,,186
scalar64,scalar,honest_homo,eval_027,global_shared,99.99,2.0,64,256,768,125318,125318,2132,32,96,126384,126384,252986,253050,1.687,1.529458,0.080666,0.066,0.002375,3.284833,3.365499,0,,,186
scalar64,scalar,honest_homo,eval_028,global_shared,99.99,2.0,64,256,768,125330,125330,2132,32,96,126396,126396,253010,253074,1.586708,1.577625,0.084875,0.070792,0.002625,3.23775,3.322625,0,,,186
scalar64,scalar,honest_homo,eval_029,global_shared,99.99,2.0,64,256,768,125406,125406,2132,32,96,126472,126472,253162,253226,1.811792,1.603458,0.109625,0.067167,0.002791,3.485208,3.594833,0,,,186
scalar64,scalar,honest_homo,eval_030,global_shared,99.99,2.0,64,256,768,94632,94632,2132,32,96,95698,95698,191614,191678,1.539583,1.478375,0.080416,0.065875,0.00225,3.086083,3.166499,0,,,186
scalar64,scalar,honest_homo,eval_031,global_shared,99.99,2.0,64,256,768,109933,109933,2132,32,96,110999,110999,222216,222280,1.621167,1.672083,0.119584,0.078791,0.003583,3.375624,3.495208,0,,,186
scalar64,scalar,honest_homo,eval_032,global_shared,99.99,2.0,64,256,768,117742,117742,2132,32,96,118808,118808,237834,237898,1.7835,1.625959,0.127709,0.068291,0.003083,3.480833,3.608542,0,,,186
scalar64,scalar,honest_homo,eval_033,global_shared,99.99,2.0,64,256,768,102412,102412,2132,32,96,103478,103478,207174,207238,1.678625,1.662416,0.120542,0.068583,0.003042,3.412666,3.533208,0,,,186
scalar64,scalar,honest_homo,eval_034,global_shared,99.99,2.0,64,256,768,102360,102360,2132,32,96,103426,103426,207070,207134,1.65375,1.558333,0.104125,0.067167,0.002625,3.281875,3.386,0,,,186
scalar64,scalar,honest_homo,eval_035,global_shared,99.99,2.0,64,256,768,102369,102369,2132,32,96,103435,103435,207088,207152,1.70125,1.696667,0.122334,0.067333,0.002917,3.468167,3.590501,0,,,186
scalar64,scalar,honest_homo,eval_036,global_shared,99.99,2.0,64,256,768,102345,102345,2132,32,96,103411,103411,207040,207104,1.683875,1.595542,0.102291,0.064584,0.002584,3.346585,3.448876,0,,,186
scalar64,scalar,honest_homo,eval_037,global_shared,99.99,2.0,64,256,768,133072,133072,2132,32,96,134138,134138,268494,268558,1.580291,1.538625,0.081959,0.064875,0.002375,3.186166,3.268125,0,,,186
scalar64,scalar,honest_homo,eval_038,global_shared,99.99,2.0,64,256,768,133104,133104,2132,32,96,134170,134170,268558,268622,1.772792,1.873375,0.141375,0.06925,0.003333,3.71875,3.860125,0,,,186
scalar64,scalar,honest_homo,eval_039,global_shared,99.99,2.0,64,256,768,133130,133130,2132,32,96,134196,134196,268610,268674,1.718916,1.622958,0.105,0.06725,0.002792,3.411916,3.516916,0,,,186
scalar64,scalar,honest_homo,eval_040,global_shared,99.99,2.0,64,256,768,102351,102351,2132,32,96,103417,103417,207052,207116,1.596625,1.9525,0.141833,0.076167,0.002834,3.628126,3.769959,0,,,186
scalar64,scalar,honest_homo,eval_041,global_shared,99.99,2.0,64,256,768,117781,117781,2132,32,96,118847,118847,237912,237976,1.827125,1.629417,0.111375,0.06875,0.002916,3.528208,3.639583,0,,,186
scalar64,scalar,honest_homo,eval_042,global_shared,99.99,2.0,64,256,768,125483,125483,2132,32,96,126549,126549,253316,253380,1.584167,1.631375,0.085792,0.07075,0.003417,3.289709,3.375501,0,,,186
scalar64,scalar,honest_homo,eval_043,global_shared,99.99,2.0,64,256,768,110095,110095,2132,32,96,111161,111161,222540,222604,1.71325,1.690667,0.148458,0.071625,0.0035,3.479042,3.6275,0,,,186
scalar64,scalar,honest_homo,eval_044,global_shared,99.99,2.0,64,256,768,110045,110045,2132,32,96,111111,111111,222440,222504,1.75725,1.595042,0.113334,0.069458,0.002917,3.424667,3.538001,0,,,186
scalar64,scalar,honest_homo,eval_045,global_shared,99.99,2.0,64,256,768,110039,110039,2132,32,96,111105,111105,222428,222492,1.935083,1.728125,0.129834,0.068417,0.003167,3.734792,3.864626,0,,,186
scalar64,scalar,honest_homo,eval_046,global_shared,99.99,2.0,64,256,768,110089,110089,2132,32,96,111155,111155,222528,222592,1.564833,1.502917,0.085,0.0665,0.002375,3.136625,3.221625,0,,,186
scalar64,scalar,honest_homo,eval_047,global_shared,99.99,2.0,64,256,768,140708,140708,2132,32,96,141774,141774,283766,283830,1.628834,1.857334,0.154542,0.0815,0.003792,3.57146,3.726002,0,,,186
scalar64,scalar,honest_homo,eval_048,global_shared,99.99,2.0,64,256,768,140709,140709,2132,32,96,141775,141775,283768,283832,1.781959,1.711708,0.117917,0.071333,0.002958,3.567958,3.685875,0,,,186
scalar64,scalar,honest_homo,eval_049,global_shared,99.99,2.0,64,256,768,140782,140782,2132,32,96,141848,141848,283914,283978,1.740416,1.915542,0.159042,0.070375,0.002833,3.729166,3.888208,0,,,186
scalar64,scalar,honest_homo,eval_050,global_shared,99.99,2.0,64,256,768,110109,110109,2132,32,96,111175,111175,222568,222632,1.757125,1.54425,0.094667,0.068041,0.002708,3.372124,3.466791,0,,,186
scalar64,scalar,honest_homo,eval_051,global_shared,99.99,2.0,64,256,768,125473,125473,2132,32,96,126539,126539,253296,253360,1.582625,1.588167,0.08525,0.066458,0.002417,3.239667,3.324917,0,,,186
scalar64,scalar,honest_homo,eval_052,global_shared,99.99,2.0,64,256,768,133158,133158,2132,32,96,134224,134224,268666,268730,1.790333,1.897584,0.14625,0.071167,0.0035,3.762584,3.908834,0,,,186
scalar64,scalar,honest_homo,eval_053,global_shared,99.99,2.0,64,256,768,117930,117930,2132,32,96,118996,118996,238210,238274,1.766708,1.600833,0.111,0.071875,0.002834,3.44225,3.55325,0,,,186
scalar64,scalar,honest_homo,eval_054,global_shared,99.99,2.0,64,256,768,117955,117955,2132,32,96,119021,119021,238260,238324,1.99375,1.76475,0.129042,0.077375,0.004208,3.840083,3.969125,0,,,186
scalar64,scalar,honest_homo,eval_055,global_shared,99.99,2.0,64,256,768,117827,117827,2132,32,96,118893,118893,238004,238068,1.664292,1.530875,0.094292,0.066208,0.002583,3.263958,3.35825,0,,,186
scalar64,scalar,honest_homo,eval_056,global_shared,99.99,2.0,64,256,768,117845,117845,2132,32,96,118911,118911,238040,238104,1.610875,1.68275,0.135708,0.072792,0.003625,3.370042,3.50575,0,,,186
scalar64,scalar,honest_homo,eval_057,global_shared,99.99,2.0,64,256,768,148278,148278,2132,32,96,149344,149344,298906,298970,1.832291,1.729958,0.109041,0.071792,0.0035,3.637541,3.746582,0,,,186
scalar64,scalar,honest_homo,eval_058,global_shared,99.99,2.0,64,256,768,148424,148424,2132,32,96,149490,149490,299198,299262,1.760417,1.859708,0.146375,0.080333,0.003167,3.703625,3.85,0,,,186
scalar64,scalar,honest_homo,eval_059,global_shared,99.99,2.0,64,256,768,148408,148408,2132,32,96,149474,149474,299166,299230,1.857,1.666917,0.096541,0.067417,0.00275,3.594084,3.690625,0,,,186
scalar64,scalar,honest_homo,eval_060,global_shared,99.99,2.0,64,256,768,117952,117952,2132,32,96,119018,119018,238254,238318,1.576542,1.642208,0.08525,0.067042,0.002459,3.288251,3.373501,0,,,186
scalar64,scalar,honest_homo,eval_061,global_shared,99.99,2.0,64,256,768,94729,94729,2132,32,96,95795,95795,191808,191872,1.736708,1.680417,0.138209,0.075583,0.00325,3.495958,3.634167,0,,,186
scalar64,scalar,honest_homo,eval_062,global_shared,99.99,2.0,64,256,768,102420,102420,2132,32,96,103486,103486,207190,207254,1.718791,1.643542,0.139458,0.071167,0.00325,3.43675,3.576208,0,,,186
scalar64,scalar,honest_homo,eval_063,global_shared,99.99,2.0,64,256,768,86997,86997,2132,32,96,88063,88063,176344,176408,1.883917,1.694583,0.133208,0.068875,0.003083,3.650458,3.783666,0,,,186
scalar64,scalar,honest_homo,eval_064,global_shared,99.99,2.0,64,256,768,87139,87139,2132,32,96,88205,88205,176628,176692,1.547666,1.477167,0.084292,0.070208,0.002625,3.097666,3.181958,0,,,186
scalar64,scalar,honest_homo,eval_065,global_shared,99.99,2.0,64,256,768,87081,87081,2132,32,96,88147,88147,176512,176576,1.516542,1.769208,0.12025,0.073583,0.003625,3.362958,3.483208,0,,,186
scalar64,scalar,honest_homo,eval_066,global_shared,99.99,2.0,64,256,768,87056,87056,2132,32,96,88122,88122,176462,176526,1.666125,1.536792,0.104791,0.068625,0.002625,3.274167,3.378958,0,,,186
scalar64,scalar,honest_homo,eval_067,global_shared,99.99,2.0,64,256,768,117822,117822,2132,32,96,118888,118888,237994,238058,1.631333,1.804458,0.143458,0.076917,0.003333,3.516041,3.659499,0,,,186
scalar64,scalar,honest_homo,eval_068,global_shared,99.99,2.0,64,256,768,117889,117889,2132,32,96,118955,118955,238128,238192,1.911792,1.642084,0.123375,0.068084,0.002917,3.624877,3.748252,0,,,186
scalar64,scalar,honest_homo,eval_069,global_shared,99.99,2.0,64,256,768,117797,117797,2132,32,96,118863,118863,237944,238008,1.623459,1.601625,0.089458,0.066833,0.0025,3.294417,3.383875,0,,,186
scalar64,scalar,honest_homo,eval_070,global_shared,99.99,2.0,64,256,768,87040,87040,2132,32,96,88106,88106,176430,176494,1.649584,1.755083,0.155667,0.070291,0.003416,3.478374,3.634041,0,,,186
scalar64,scalar,honest_homo,eval_071,global_shared,99.99,2.0,64,256,768,102442,102442,2132,32,96,103508,103508,207234,207298,1.772042,1.629,0.116875,0.069083,0.003166,3.473291,3.590166,0,,,186
scalar64,scalar,honest_homo,eval_072,global_shared,99.99,2.0,64,256,768,110082,110082,2132,32,96,111148,111148,222514,222578,1.650916,1.899417,0.1625,0.0685,0.003583,3.622416,3.784916,0,,,186
scalar64,scalar,honest_homo,eval_073,global_shared,99.99,2.0,64,256,768,94742,94742,2132,32,96,95808,95808,191834,191898,1.67125,1.649709,0.125458,0.073834,0.003,3.397793,3.523251,0,,,186
scalar64,scalar,honest_homo,eval_074,global_shared,99.99,2.0,64,256,768,94770,94770,2132,32,96,95836,95836,191890,191954,1.547917,1.624917,0.09475,0.071666,0.002792,3.247292,3.342042,0,,,186
scalar64,scalar,honest_homo,eval_075,global_shared,99.99,2.0,64,256,768,94677,94677,2132,32,96,95743,95743,191704,191768,1.776166,1.649209,0.132875,0.069125,0.003791,3.498291,3.631166,0,,,186
scalar64,scalar,honest_homo,eval_076,global_shared,99.99,2.0,64,256,768,94651,94651,2132,32,96,95717,95717,191652,191716,1.63825,1.598792,0.112125,0.072125,0.00275,3.311917,3.424042,0,,,186
scalar64,scalar,honest_homo,eval_077,global_shared,99.99,2.0,64,256,768,125450,125450,2132,32,96,126516,126516,253250,253314,2.133834,1.862375,0.158291,0.068334,0.003417,4.06796,4.226251,0,,,186
scalar64,scalar,honest_homo,eval_078,global_shared,99.99,2.0,64,256,768,125481,125481,2132,32,96,126547,126547,253312,253376,1.610042,1.544084,0.090042,0.069667,0.002917,3.22671,3.316752,0,,,186
scalar64,scalar,honest_homo,eval_079,global_shared,99.99,2.0,64,256,768,125437,125437,2132,32,96,126503,126503,253224,253288,1.561875,1.931875,0.158667,0.070458,0.003542,3.56775,3.726417,0,,,186
scalar64,scalar,honest_homo,eval_080,global_shared,99.99,2.0,64,256,768,94814,94814,2132,32,96,95880,95880,191978,192042,1.867542,1.671667,0.130917,0.072708,0.006,3.617917,3.748834,0,,,186
scalar64,scalar,honest_homo,eval_081,global_shared,99.99,2.0,64,256,768,102323,102323,2132,32,96,103389,103389,206996,207060,1.910292,3.182083,0.150291,0.067958,0.003792,5.164125,5.314416,0,,,186
scalar64,scalar,honest_homo,eval_082,global_shared,99.99,2.0,64,256,768,110077,110077,2132,32,96,111143,111143,222504,222568,1.670708,1.605,0.100208,0.068167,0.00275,3.346625,3.446833,0,,,186
scalar64,scalar,honest_homo,eval_083,global_shared,99.99,2.0,64,256,768,94746,94746,2132,32,96,95812,95812,191842,191906,1.521084,1.698417,0.140583,0.068542,0.003208,3.291251,3.431834,0,,,186
scalar64,scalar,honest_homo,eval_084,global_shared,99.99,2.0,64,256,768,94772,94772,2132,32,96,95838,95838,191894,191958,1.780458,1.595958,0.127083,0.069666,0.0035,3.449582,3.576665,0,,,186
scalar64,scalar,honest_homo,eval_085,global_shared,99.99,2.0,64,256,768,94711,94711,2132,32,96,95777,95777,191772,191836,1.627125,1.846,0.117458,0.079208,0.002916,3.555249,3.672707,0,,,186
scalar64,scalar,honest_homo,eval_086,global_shared,99.99,2.0,64,256,768,94658,94658,2132,32,96,95724,95724,191666,191730,1.724709,1.584416,0.084,0.065583,0.002292,3.377,3.461,0,,,186
scalar64,scalar,honest_homo,eval_087,global_shared,99.99,2.0,64,256,768,125362,125362,2132,32,96,126428,126428,253074,253138,1.606417,1.556625,0.080875,0.0665,0.00225,3.231792,3.312667,0,,,186
scalar64,scalar,honest_homo,eval_088,global_shared,99.99,2.0,64,256,768,125445,125445,2132,32,96,126511,126511,253240,253304,1.801167,1.797292,0.120833,0.0675,0.002792,3.668751,3.789584,0,,,186
scalar64,scalar,honest_homo,eval_089,global_shared,99.99,2.0,64,256,768,125479,125479,2132,32,96,126545,126545,253308,253372,1.574125,1.576792,0.091125,0.066958,0.002666,3.220541,3.311666,0,,,186
scalar64,scalar,honest_homo,eval_090,global_shared,99.99,2.0,64,256,768,94653,94653,2132,32,96,95719,95719,191656,191720,1.56475,1.577791,0.101625,0.071291,0.0025,3.216332,3.317957,0,,,186
scalar64,scalar,honest_homo,eval_091,global_shared,99.99,2.0,64,256,768,94583,94583,2132,32,96,95649,95649,191516,191580,1.563875,1.46725,0.080333,0.083417,0.002833,3.117375,3.197708,0,,,186
scalar64,scalar,honest_homo,eval_092,global_shared,99.99,2.0,64,256,768,102324,102324,2132,32,96,103390,103390,206998,207062,1.569916,1.592,0.109125,0.085041,0.003,3.249957,3.359082,0,,,186
scalar64,scalar,honest_homo,eval_093,global_shared,99.99,2.0,64,256,768,87015,87015,2132,32,96,88081,88081,176380,176444,1.669083,1.565375,0.115167,0.0675,0.003,3.304958,3.420125,0,,,186
scalar64,scalar,honest_homo,eval_094,global_shared,99.99,2.0,64,256,768,87058,87058,2132,32,96,88124,88124,176466,176530,1.531375,1.536792,0.093875,0.072666,0.00275,3.143583,3.237458,0,,,186
scalar64,scalar,honest_homo,eval_095,global_shared,99.99,2.0,64,256,768,86952,86952,2132,32,96,88018,88018,176254,176318,1.69625,1.631333,0.139208,0.078667,0.00475,3.411,3.550208,0,,,186
scalar64,scalar,honest_homo,eval_096,global_shared,99.99,2.0,64,256,768,87127,87127,2132,32,96,88193,88193,176604,176668,1.576417,1.471292,0.086333,0.06675,0.002583,3.117042,3.203375,0,,,186
scalar64,scalar,honest_homo,eval_097,global_shared,99.99,2.0,64,256,768,117750,117750,2132,32,96,118816,118816,237850,237914,1.60175,1.58225,0.098958,0.073083,0.002792,3.259875,3.358833,0,,,186
scalar64,scalar,honest_homo,eval_098,global_shared,99.99,2.0,64,256,768,117759,117759,2132,32,96,118825,118825,237868,237932,1.829833,1.726334,0.129709,0.070542,0.003042,3.629751,3.75946,0,,,186
scalar64,scalar,honest_homo,eval_099,global_shared,99.99,2.0,64,256,768,117780,117780,2132,32,96,118846,118846,237910,237974,1.64675,1.723417,0.124625,0.075583,0.003125,3.448875,3.5735,0,,,186
scalar64,scalar,honest_homo,eval_100,global_shared,99.99,2.0,64,256,768,87059,87059,2132,32,96,88125,88125,176468,176532,1.725292,1.62675,0.112666,0.067083,0.002834,3.421959,3.534625,0,,,186
scalar64,scalar,honest_homo,eval_101,global_shared,99.99,2.0,64,256,768,94700,94700,2132,32,96,95766,95766,191750,191814,1.528042,1.577083,0.09225,0.066791,0.002625,3.174541,3.266791,0,,,186
scalar64,scalar,honest_homo,eval_102,global_shared,99.99,2.0,64,256,768,102373,102373,2132,32,96,103439,103439,207096,207160,1.548708,1.811583,0.157209,0.069917,0.003458,3.433666,3.590875,0,,,186
scalar64,scalar,honest_homo,eval_103,global_shared,99.99,2.0,64,256,768,87158,87158,2132,32,96,88224,88224,176666,176730,1.680417,1.575042,0.116333,0.071834,0.003125,3.330418,3.446751,0,,,186
scalar64,scalar,honest_homo,eval_104,global_shared,99.99,2.0,64,256,768,87146,87146,2132,32,96,88212,88212,176642,176706,1.606209,1.918541,0.13475,0.074666,0.003416,3.602832,3.737582,0,,,186
scalar64,scalar,honest_homo,eval_105,global_shared,99.99,2.0,64,256,768,87135,87135,2132,32,96,88201,88201,176620,176684,1.682375,1.560875,0.093209,0.067125,0.002625,3.313,3.406209,0,,,186
scalar64,scalar,honest_homo,eval_106,global_shared,99.99,2.0,64,256,768,87115,87115,2132,32,96,88181,88181,176580,176644,1.5205,1.503334,0.081125,0.073959,0.003166,3.100959,3.182084,0,,,186
scalar64,scalar,honest_homo,eval_107,global_shared,99.99,2.0,64,256,768,117810,117810,2132,32,96,118876,118876,237970,238034,1.746583,1.855208,0.129375,0.069625,0.002916,3.674332,3.803707,0,,,186
scalar64,scalar,honest_homo,eval_108,global_shared,99.99,2.0,64,256,768,117838,117838,2132,32,96,118904,118904,238026,238090,1.684833,1.626417,0.111583,0.06725,0.002833,3.381333,3.492916,0,,,186
scalar64,scalar,honest_homo,eval_109,global_shared,99.99,2.0,64,256,768,117828,117828,2132,32,96,118894,118894,238006,238070,1.879959,1.816125,0.189125,0.081916,0.003791,3.781791,3.970916,0,,,186
scalar64,scalar,honest_homo,eval_110,global_shared,99.99,2.0,64,256,768,87160,87160,2132,32,96,88226,88226,176670,176734,1.619958,1.480333,0.096625,0.067542,0.00275,3.170583,3.267208,0,,,186
scalar64,scalar,honest_homo,eval_111,global_shared,99.99,2.0,64,256,768,87018,87018,2132,32,96,88084,88084,176386,176450,1.528875,1.542292,0.176625,0.083917,0.0035,3.158584,3.335209,0,,,186
scalar64,scalar,honest_homo,eval_112,global_shared,99.99,2.0,64,256,768,94785,94785,2132,32,96,95851,95851,191920,191984,1.731917,1.598916,0.122875,0.072125,0.00325,3.406208,3.529083,0,,,186
scalar64,scalar,honest_homo,eval_113,global_shared,99.99,2.0,64,256,768,79413,79413,2132,32,96,80479,80479,161176,161240,1.708833,1.628709,0.141125,0.105875,0.003791,3.447208,3.588333,0,,,186
scalar64,scalar,honest_homo,eval_114,global_shared,99.99,2.0,64,256,768,79398,79398,2132,32,96,80464,80464,161146,161210,2.005792,1.593541,0.134167,0.068083,0.0035,3.670916,3.805083,0,,,186
scalar64,scalar,honest_homo,eval_115,global_shared,99.99,2.0,64,256,768,79342,79342,2132,32,96,80408,80408,161034,161098,1.5165,1.487625,0.085208,0.069042,0.0025,3.075667,3.160875,0,,,186
scalar64,scalar,honest_homo,eval_116,global_shared,99.99,2.0,64,256,768,79427,79427,2132,32,96,80493,80493,161204,161268,1.614667,1.742792,0.161458,0.070584,0.003292,3.431335,3.592793,0,,,186
scalar64,scalar,honest_homo,eval_117,global_shared,99.99,2.0,64,256,768,110094,110094,2132,32,96,111160,111160,222538,222602,1.727084,1.603917,0.116666,0.06875,0.002875,3.402626,3.519292,0,,,186
scalar64,scalar,honest_homo,eval_118,global_shared,99.99,2.0,64,256,768,110064,110064,2132,32,96,111130,111130,222478,222542,1.696875,1.61,0.10825,0.071166,0.003,3.381041,3.489291,0,,,186
scalar64,scalar,honest_homo,eval_119,global_shared,99.99,2.0,64,256,768,110108,110108,2132,32,96,111174,111174,222566,222630,1.863708,1.615417,0.096542,0.066833,0.002791,3.548749,3.645291,0,,,186
scalar64,scalar,honest_homo,eval_120,global_shared,99.99,2.0,64,256,768,79443,79443,2132,32,96,80509,80509,161236,161300,1.49125,1.515833,0.089917,0.066541,0.002666,3.07629,3.166207,0,,,186
scalar64,scalar,honest_homo,eval_121,global_shared,99.99,2.0,64,256,768,125386,125386,2132,32,96,126452,126452,253122,253186,1.743917,1.804375,0.142417,0.075125,0.003417,3.626834,3.769251,0,,,186
scalar64,scalar,honest_homo,eval_122,global_shared,99.99,2.0,64,256,768,133104,133104,2132,32,96,134170,134170,268558,268622,1.775459,1.7185,0.118167,0.068167,0.002833,3.564959,3.683126,0,,,186
scalar64,scalar,honest_homo,eval_123,global_shared,99.99,2.0,64,256,768,117705,117705,2132,32,96,118771,118771,237760,237824,1.636792,1.679833,0.120333,0.069167,0.003042,3.388834,3.509167,0,,,186
scalar64,scalar,honest_homo,eval_124,global_shared,99.99,2.0,64,256,768,117871,117871,2132,32,96,118937,118937,238092,238156,1.67125,1.575916,0.090958,0.067542,0.002583,3.317291,3.408249,0,,,186
scalar64,scalar,honest_homo,eval_125,global_shared,99.99,2.0,64,256,768,117680,117680,2132,32,96,118746,118746,237710,237774,1.690166,1.723083,0.112625,0.075709,0.003333,3.492291,3.604916,0,,,186
scalar64,scalar,honest_homo,eval_126,global_shared,99.99,2.0,64,256,768,117799,117799,2132,32,96,118865,118865,237948,238012,1.730208,1.640625,0.113625,0.070625,0.002792,3.44425,3.557875,0,,,186
scalar64,scalar,honest_homo,eval_127,global_shared,99.99,2.0,64,256,768,148349,148349,2132,32,96,149415,149415,299048,299112,1.790458,1.667875,0.113125,0.070542,0.002667,3.531542,3.644667,0,,,186
scalar64,scalar,honest_homo,eval_128,global_shared,99.99,2.0,64,256,768,148283,148283,2132,32,96,149349,149349,298916,298980,1.847833,1.75125,0.109,0.073167,0.002959,3.675209,3.784209,0,,,186
scalar64,scalar,honest_homo,eval_129,global_shared,99.99,2.0,64,256,768,148312,148312,2132,32,96,149378,149378,298974,299038,1.704292,1.61325,0.085333,0.066334,0.002584,3.38646,3.471793,0,,,186
scalar64,scalar,honest_homo,eval_130,global_shared,99.99,2.0,64,256,768,117825,117825,2132,32,96,118891,118891,238000,238064,1.650458,1.69025,0.139958,0.0735,0.003208,3.417416,3.557374,0,,,186
scalar64,scalar,honest_homo,eval_131,global_shared,99.99,2.0,64,256,768,94679,94679,2132,32,96,95745,95745,191708,191772,1.718459,1.611083,0.108084,0.067042,0.002833,3.399417,3.507501,0,,,186
scalar64,scalar,honest_homo,eval_132,global_shared,99.99,2.0,64,256,768,102344,102344,2132,32,96,103410,103410,207038,207102,1.573958,1.629667,0.095041,0.082334,0.002792,3.288751,3.383792,0,,,186
scalar64,scalar,honest_homo,eval_133,global_shared,99.99,2.0,64,256,768,87095,87095,2132,32,96,88161,88161,176540,176604,1.657834,1.509167,0.083958,0.066292,0.002459,3.235752,3.31971,0,,,186
scalar64,scalar,honest_homo,eval_134,global_shared,99.99,2.0,64,256,768,87056,87056,2132,32,96,88122,88122,176462,176526,1.525334,1.633041,0.094916,0.083291,0.002541,3.244207,3.339123,0,,,186
scalar64,scalar,honest_homo,eval_135,global_shared,99.99,2.0,64,256,768,86993,86993,2132,32,96,88059,88059,176336,176400,1.666541,1.540667,0.121542,0.068792,0.002833,3.278833,3.400375,0,,,186
scalar64,scalar,honest_homo,eval_136,global_shared,99.99,2.0,64,256,768,87088,87088,2132,32,96,88154,88154,176526,176590,1.574583,1.541,0.104208,0.075208,0.003042,3.193833,3.298041,0,,,186
scalar64,scalar,honest_homo,eval_137,global_shared,99.99,2.0,64,256,768,117719,117719,2132,32,96,118785,118785,237788,237852,1.691708,1.842542,0.11175,0.074208,0.002417,3.610875,3.722625,0,,,186
scalar64,scalar,honest_homo,eval_138,global_shared,99.99,2.0,64,256,768,117798,117798,2132,32,96,118864,118864,237946,238010,1.638667,1.648333,0.096958,0.070916,0.002958,3.360874,3.457832,0,,,186
scalar64,scalar,honest_homo,eval_139,global_shared,99.99,2.0,64,256,768,117874,117874,2132,32,96,118940,118940,238098,238162,1.645833,1.579291,0.092375,0.075959,0.002625,3.303708,3.396083,0,,,186
scalar64,scalar,honest_homo,eval_140,global_shared,99.99,2.0,64,256,768,87075,87075,2132,32,96,88141,88141,176500,176564,1.629291,1.719125,0.135667,0.070167,0.003292,3.421875,3.557542,0,,,186
scalar64,scalar,honest_homo,eval_141,global_shared,99.99,2.0,64,256,768,94617,94617,2132,32,96,95683,95683,191584,191648,1.6725,2.249083,0.1365,0.071833,0.002834,3.99625,4.13275,0,,,186
scalar64,scalar,honest_homo,eval_142,global_shared,99.99,2.0,64,256,768,102410,102410,2132,32,96,103476,103476,207170,207234,1.735583,1.65525,0.105541,0.07675,0.002875,3.470458,3.575999,0,,,186
scalar64,scalar,honest_homo,eval_143,global_shared,99.99,2.0,64,256,768,87113,87113,2132,32,96,88179,88179,176576,176640,1.620458,1.613959,0.085,0.065791,0.002541,3.302749,3.387749,0,,,186
scalar64,scalar,honest_homo,eval_144,global_shared,99.99,2.0,64,256,768,87139,87139,2132,32,96,88205,88205,176628,176692,1.533292,1.602333,0.101125,0.071041,0.002666,3.209332,3.310457,0,,,186
scalar64,scalar,honest_homo,eval_145,global_shared,99.99,2.0,64,256,768,86952,86952,2132,32,96,88018,88018,176254,176318,1.632125,1.596625,0.114834,0.071875,0.003084,3.303709,3.418543,0,,,186
scalar64,scalar,honest_homo,eval_146,global_shared,99.99,2.0,64,256,768,87084,87084,2132,32,96,88150,88150,176518,176582,1.620375,1.712,0.097458,0.0685,0.002708,3.403583,3.501041,0,,,186
scalar64,scalar,honest_homo,eval_147,global_shared,99.99,2.0,64,256,768,117827,117827,2132,32,96,118893,118893,238004,238068,1.713167,1.6065,0.083916,0.07575,0.002417,3.397834,3.48175,0,,,186
scalar64,scalar,honest_homo,eval_148,global_shared,99.99,2.0,64,256,768,117775,117775,2132,32,96,118841,118841,237900,237964,1.603,1.632083,0.093917,0.066333,0.002334,3.30375,3.397667,0,,,186
scalar64,scalar,honest_homo,eval_149,global_shared,99.99,2.0,64,256,768,117819,117819,2132,32,96,118885,118885,237988,238052,1.660625,1.676459,0.09975,0.071958,0.002542,3.411584,3.511334,0,,,186
scalar64,scalar,honest_homo,eval_150,global_shared,99.99,2.0,64,256,768,87077,87077,2132,32,96,88143,88143,176504,176568,1.706209,1.569417,0.099833,0.066042,0.002583,3.344251,3.444084,0,,,186
scalar64,scalar,honest_homo,eval_151,global_shared,99.99,2.0,64,256,768,110135,110135,2132,32,96,111201,111201,222620,222684,1.629875,1.654,0.105166,0.079375,0.007333,3.370583,3.475749,0,,,186
scalar64,scalar,honest_homo,eval_152,global_shared,99.99,2.0,64,256,768,117832,117832,2132,32,96,118898,118898,238014,238078,1.667542,1.644292,0.101708,0.067375,0.002834,3.382043,3.483751,0,,,186
scalar64,scalar,honest_homo,eval_153,global_shared,99.99,2.0,64,256,768,102417,102417,2132,32,96,103483,103483,207184,207248,1.727292,1.581917,0.136042,0.073416,0.003042,3.385667,3.521709,0,,,186
scalar64,scalar,honest_homo,eval_154,global_shared,99.99,2.0,64,256,768,102552,102552,2132,32,96,103618,103618,207454,207518,1.572083,1.451625,0.089583,0.065709,0.002667,3.092084,3.181667,0,,,186
scalar64,scalar,honest_homo,eval_155,global_shared,99.99,2.0,64,256,768,102403,102403,2132,32,96,103469,103469,207156,207220,1.478708,1.514625,0.088083,0.065875,0.002583,3.061791,3.149874,0,,,186
scalar64,scalar,honest_homo,eval_156,global_shared,99.99,2.0,64,256,768,102452,102452,2132,32,96,103518,103518,207254,207318,1.678125,1.659,0.115209,0.075875,0.00275,3.41575,3.530959,0,,,186
scalar64,scalar,honest_homo,eval_157,global_shared,99.99,2.0,64,256,768,133180,133180,2132,32,96,134246,134246,268710,268774,1.659583,1.580125,0.081334,0.065833,0.00225,3.307791,3.389125,0,,,186
scalar64,scalar,honest_homo,eval_158,global_shared,99.99,2.0,64,256,768,133159,133159,2132,32,96,134225,134225,268668,268732,1.615125,1.635667,0.092083,0.074542,0.002958,3.328292,3.420375,0,,,186
scalar64,scalar,honest_homo,eval_159,global_shared,99.99,2.0,64,256,768,133204,133204,2132,32,96,134270,134270,268758,268822,1.6515,1.599625,0.085458,0.066209,0.002458,3.319792,3.40525,0,,,186
scalar64,scalar,honest_homo,eval_160,global_shared,99.99,2.0,64,256,768,102561,102561,2132,32,96,103627,103627,207472,207536,1.53375,1.518917,0.085958,0.070625,0.002292,3.125584,3.211542,0,,,186
scalar64,scalar,honest_homo,eval_161,global_shared,99.99,2.0,64,256,768,102359,102359,2132,32,96,103425,103425,207068,207132,1.608625,1.711709,0.127,0.070041,0.002834,3.393209,3.520209,0,,,186
scalar64,scalar,honest_homo,eval_162,global_shared,99.99,2.0,64,256,768,110073,110073,2132,32,96,111139,111139,222496,222560,1.660917,1.612833,0.081792,0.06425,0.002458,3.340458,3.42225,0,,,186
scalar64,scalar,honest_homo,eval_163,global_shared,99.99,2.0,64,256,768,94753,94753,2132,32,96,95819,95819,191856,191920,1.507667,1.553542,0.10525,0.074084,0.003166,3.138459,3.243709,0,,,186
scalar64,scalar,honest_homo,eval_164,global_shared,99.99,2.0,64,256,768,94714,94714,2132,32,96,95780,95780,191778,191842,1.579875,1.502708,0.080416,0.065875,0.002333,3.150791,3.231207,0,,,186
scalar64,scalar,honest_homo,eval_165,global_shared,99.99,2.0,64,256,768,94710,94710,2132,32,96,95776,95776,191770,191834,1.534417,1.514917,0.080708,0.064208,0.002375,3.115917,3.196625,0,,,186
scalar64,scalar,honest_homo,eval_166,global_shared,99.99,2.0,64,256,768,94768,94768,2132,32,96,95834,95834,191886,191950,1.927625,1.708209,0.1205,0.066667,0.002917,3.705418,3.825918,0,,,186
scalar64,scalar,honest_homo,eval_167,global_shared,99.99,2.0,64,256,768,125421,125421,2132,32,96,126487,126487,253192,253256,1.614791,1.573834,0.086292,0.06575,0.002292,3.256667,3.342959,0,,,186
scalar64,scalar,honest_homo,eval_168,global_shared,99.99,2.0,64,256,768,125426,125426,2132,32,96,126492,126492,253202,253266,1.616125,1.734584,0.14325,0.068,0.00275,3.421459,3.564709,0,,,186
scalar64,scalar,honest_homo,eval_169,global_shared,99.99,2.0,64,256,768,125488,125488,2132,32,96,126554,126554,253326,253390,1.850458,1.628375,0.114917,0.073917,0.003,3.55575,3.670667,0,,,186
scalar64,scalar,honest_homo,eval_170,global_shared,99.99,2.0,64,256,768,94781,94781,2132,32,96,95847,95847,191912,191976,1.690208,1.594291,0.111417,0.075333,0.002958,3.36279,3.474207,0,,,186
scalar64,scalar,honest_homo,eval_171,global_shared,99.99,2.0,64,256,768,102424,102424,2132,32,96,103490,103490,207198,207262,1.698458,1.623084,0.112375,0.067125,0.002708,3.391375,3.50375,0,,,186
scalar64,scalar,honest_homo,eval_172,global_shared,99.99,2.0,64,256,768,110099,110099,2132,32,96,111165,111165,222548,222612,1.664083,1.578375,0.103042,0.071166,0.002625,3.316249,3.419291,0,,,186
scalar64,scalar,honest_homo,eval_173,global_shared,99.99,2.0,64,256,768,94804,94804,2132,32,96,95870,95870,191958,192022,1.605208,1.617833,0.130834,0.069916,0.002958,3.295915,3.426749,0,,,186
scalar64,scalar,honest_homo,eval_174,global_shared,99.99,2.0,64,256,768,94787,94787,2132,32,96,95853,95853,191924,191988,1.678875,1.677333,0.23175,0.073042,0.003166,3.432416,3.664166,0,,,186
scalar64,scalar,honest_homo,eval_175,global_shared,99.99,2.0,64,256,768,94756,94756,2132,32,96,95822,95822,191862,191926,1.88275,1.774333,0.14525,0.068,0.003375,3.728458,3.873708,0,,,186
scalar64,scalar,honest_homo,eval_176,global_shared,99.99,2.0,64,256,768,94802,94802,2132,32,96,95868,95868,191954,192018,1.647667,1.531875,0.096458,0.065792,0.002667,3.248001,3.344459,0,,,186
scalar64,scalar,honest_homo,eval_177,global_shared,99.99,2.0,64,256,768,125428,125428,2132,32,96,126494,126494,253206,253270,1.615209,1.64075,0.143292,0.180833,0.003459,3.440251,3.583543,0,,,186
scalar64,scalar,honest_homo,eval_178,global_shared,99.99,2.0,64,256,768,125405,125405,2132,32,96,126471,126471,253160,253224,1.731125,1.689958,0.122791,0.069084,0.003458,3.493625,3.616416,0,,,186
scalar64,scalar,honest_homo,eval_179,global_shared,99.99,2.0,64,256,768,125471,125471,2132,32,96,126537,126537,253292,253356,1.625334,1.674542,0.118917,0.081958,0.002833,3.384667,3.503584,0,,,186
scalar64,scalar,honest_homo,eval_180,global_shared,99.99,2.0,64,256,768,94765,94765,2132,32,96,95831,95831,191880,191944,1.638625,1.532625,0.107875,0.069875,0.002541,3.243666,3.351541,0,,,186
scalar64,scalar,honest_homo,eval_181,global_shared,99.99,2.0,64,256,768,102309,102309,2132,32,96,103375,103375,206968,207032,1.694375,1.530833,0.101917,0.066417,0.003125,3.29475,3.396667,0,,,186
scalar64,scalar,honest_homo,eval_182,global_shared,99.99,2.0,64,256,768,109895,109895,2132,32,96,110961,110961,222140,222204,1.542084,1.806292,0.129292,0.066417,0.002875,3.417668,3.54696,0,,,186
scalar64,scalar,honest_homo,eval_183,global_shared,99.99,2.0,64,256,768,94722,94722,2132,32,96,95788,95788,191794,191858,1.611209,1.5155,0.105291,0.066666,0.002708,3.196083,3.301374,0,,,186
scalar64,scalar,honest_homo,eval_184,global_shared,99.99,2.0,64,256,768,94570,94570,2132,32,96,95636,95636,191490,191554,1.715083,1.670709,0.131792,0.094,0.004583,3.484375,3.616167,0,,,186
scalar64,scalar,honest_homo,eval_185,global_shared,99.99,2.0,64,256,768,94672,94672,2132,32,96,95738,95738,191694,191758,1.875959,1.749292,0.161708,0.069875,0.003542,3.698668,3.860376,0,,,186
scalar64,scalar,honest_homo,eval_186,global_shared,99.99,2.0,64,256,768,94661,94661,2132,32,96,95727,95727,191672,191736,1.557208,1.523375,0.08875,0.072917,0.002542,3.156042,3.244792,0,,,186
scalar64,scalar,honest_homo,eval_187,global_shared,99.99,2.0,64,256,768,125291,125291,2132,32,96,126357,126357,252932,252996,2.000625,1.864792,0.158792,0.071333,0.003375,3.940125,4.098917,0,,,186
scalar64,scalar,honest_homo,eval_188,global_shared,99.99,2.0,64,256,768,125342,125342,2132,32,96,126408,126408,253034,253098,1.681125,1.687125,0.120333,0.073167,0.003042,3.444459,3.564792,0,,,186
scalar64,scalar,honest_homo,eval_189,global_shared,99.99,2.0,64,256,768,125401,125401,2132,32,96,126467,126467,253152,253216,2.0765,1.843583,0.127125,0.081875,0.00325,4.005208,4.132333,0,,,186
scalar64,scalar,honest_homo,eval_190,global_shared,99.99,2.0,64,256,768,94685,94685,2132,32,96,95751,95751,191720,191784,1.618375,1.483708,0.091542,0.06675,0.002791,3.171624,3.263166,0,,,186
scalar64,scalar,honest_homo,eval_191,global_shared,99.99,2.0,64,256,768,102365,102365,2132,32,96,103431,103431,207080,207144,1.575083,1.685417,0.155167,0.112917,0.004541,3.377958,3.533125,0,,,186
scalar64,scalar,honest_homo,eval_192,global_shared,99.99,2.0,64,256,768,109963,109963,2132,32,96,111029,111029,222276,222340,1.719417,1.656708,0.104584,0.070875,0.003792,3.450792,3.555376,0,,,186
scalar64,scalar,honest_homo,eval_193,global_shared,99.99,2.0,64,256,768,94729,94729,2132,32,96,95795,95795,191808,191872,1.751,1.754042,0.117791,0.083459,0.003875,3.592376,3.710167,0,,,186
scalar64,scalar,honest_homo,eval_194,global_shared,99.99,2.0,64,256,768,94732,94732,2132,32,96,95798,95798,191814,191878,1.685334,1.531833,0.087541,0.065958,0.002666,3.285791,3.373332,0,,,186
scalar64,scalar,honest_homo,eval_195,global_shared,99.99,2.0,64,256,768,94608,94608,2132,32,96,95674,95674,191566,191630,1.609083,1.561084,0.105375,0.069834,0.0035,3.243501,3.348876,0,,,186
scalar64,scalar,honest_homo,eval_196,global_shared,99.99,2.0,64,256,768,94721,94721,2132,32,96,95787,95787,191792,191856,1.822958,1.72125,0.167959,0.0755,0.003875,3.623583,3.791542,0,,,186
scalar64,scalar,honest_homo,eval_197,global_shared,99.99,2.0,64,256,768,125292,125292,2132,32,96,126358,126358,252934,252998,1.723167,1.646625,0.116334,0.069834,0.003,3.442626,3.55896,0,,,186
scalar64,scalar,honest_homo,eval_198,global_shared,99.99,2.0,64,256,768,125348,125348,2132,32,96,126414,126414,253046,253110,1.784917,2.206417,0.160875,0.070417,0.0035,4.065251,4.226126,0,,,186
scalar64,scalar,honest_homo,eval_199,global_shared,99.99,2.0,64,256,768,125330,125330,2132,32,96,126396,126396,253010,253074,1.677667,1.564875,0.098833,0.066959,0.00275,3.312251,3.411084,0,,,186
scalar64,scalar,honest_homo,eval_200,global_shared,99.99,2.0,64,256,768,94667,94667,2132,32,96,95733,95733,191684,191748,1.563666,1.653625,0.185417,0.071666,0.003667,3.292624,3.478041,0,,,186
scalar64,scalar,honest_hetero,eval_001,global_shared,99.99,2.0,64,256,768,125482,125387,2147,32,96,126563,126453,253239,253303,1.8525,1.694166,0.119,0.07175,0.003291,3.621707,3.740707,1,prefill,C2,191
scalar64,scalar,honest_hetero,eval_002,global_shared,99.99,2.0,64,256,768,133215,133175,2147,32,96,134296,134241,268757,268821,1.725583,3.030583,0.164292,0.075417,0.003834,4.835417,4.999709,0,,,188
scalar64,scalar,honest_hetero,eval_003,global_shared,99.99,2.0,64,256,768,117767,117824,2147,32,96,118848,118890,237958,238022,1.84075,1.649541,0.13225,0.170542,0.004541,3.665374,3.797624,0,,,188
scalar64,scalar,honest_hetero,eval_004,global_shared,99.99,2.0,64,256,768,117850,117850,2147,32,96,118931,118916,238067,238131,1.599584,1.695917,0.144208,0.075834,0.004125,3.37546,3.519668,0,,,188
scalar64,scalar,honest_hetero,eval_005,global_shared,99.99,2.0,64,256,768,117858,117819,2147,32,96,118939,118885,238047,238111,1.726833,1.649416,0.120375,0.068958,0.003,3.448207,3.568582,1,prefill,C2,191
scalar64,scalar,honest_hetero,eval_006,global_shared,99.99,2.0,64,256,768,117770,117847,2147,32,96,118851,118913,237984,238048,1.703584,1.985917,0.127625,0.071166,0.0035,3.764167,3.891792,0,,,188
scalar64,scalar,honest_hetero,eval_007,global_shared,99.99,2.0,64,256,768,148420,148372,2147,32,96,149501,149438,299159,299223,1.801583,1.637416,0.089459,0.066667,0.0025,3.508166,3.597625,0,,,188
scalar64,scalar,honest_hetero,eval_008,global_shared,99.99,2.0,64,256,768,148457,148442,2147,32,96,149538,149508,299266,299330,1.631791,1.737125,0.089541,0.067625,0.002583,3.439124,3.528665,0,,,188
scalar64,scalar,honest_hetero,eval_009,global_shared,99.99,2.0,64,256,768,148426,148502,2147,32,96,149507,149568,299295,299359,1.842333,1.897625,0.125,0.069042,0.003125,3.812125,3.937125,0,,,188
scalar64,scalar,honest_hetero,eval_010,global_shared,99.99,2.0,64,256,768,117800,117752,2147,32,96,118881,118818,237922,237986,1.66275,1.651375,0.11225,0.07275,0.004041,3.390916,3.503166,1,prefill,C2,191
scalar64,scalar,honest_hetero,eval_011,global_shared,99.99,2.0,64,256,768,94626,94634,2147,32,96,95707,95700,191630,191694,1.914834,1.717708,0.115542,0.066416,0.00275,3.701708,3.81725,1,prefill,C2,191
scalar64,scalar,honest_hetero,eval_012,global_shared,99.99,2.0,64,256,768,102352,102368,2147,32,96,103433,103434,207090,207154,1.565625,1.627125,0.133541,0.080875,0.003292,3.276917,3.410458,1,prefill,C3,191
scalar64,scalar,honest_hetero,eval_013,global_shared,99.99,2.0,64,256,768,86922,86927,2147,32,96,88003,87993,176219,176283,1.541042,1.6755,0.142833,0.073542,0.003959,3.294043,3.436876,1,prefill,C2,191
scalar64,scalar,honest_hetero,eval_014,global_shared,99.99,2.0,64,256,768,87105,87044,2147,32,96,88186,88110,176516,176580,1.671875,1.540041,0.112667,0.067875,0.002875,3.282666,3.395333,0,,,188
scalar64,scalar,honest_hetero,eval_015,global_shared,99.99,2.0,64,256,768,87073,87024,2147,32,96,88154,88090,176464,176528,1.572,1.862417,0.127416,0.06825,0.002833,3.5055,3.632916,0,,,188
scalar64,scalar,honest_hetero,eval_016,global_shared,99.99,2.0,64,256,768,87039,87017,2147,32,96,88120,88083,176423,176487,1.617959,1.576041,0.092125,0.072667,0.002833,3.2695,3.361625,0,,,188
scalar64,scalar,honest_hetero,eval_017,global_shared,99.99,2.0,64,256,768,117810,117702,2147,32,96,118891,118768,237879,237943,1.558584,1.633542,0.09225,0.070791,0.002666,3.265583,3.357833,0,,,188
scalar64,scalar,honest_hetero,eval_018,global_shared,99.99,2.0,64,256,768,117836,117777,2147,32,96,118917,118843,237980,238044,1.671333,1.856792,0.129291,0.067125,0.003167,3.598417,3.727708,0,,,188
scalar64,scalar,honest_hetero,eval_019,global_shared,99.99,2.0,64,256,768,117780,117794,2147,32,96,118861,118860,237944,238008,1.673208,1.656667,0.115958,0.069625,0.003167,3.402667,3.518625,1,prefill,C3,191
scalar64,scalar,honest_hetero,eval_020,global_shared,99.99,2.0,64,256,768,87036,87013,2147,32,96,88117,88079,176416,176480,1.718875,1.70475,0.159291,0.076666,0.003458,3.503749,3.66304,0,,,188
scalar64,scalar,honest_hetero,eval_021,global_shared,99.99,2.0,64,256,768,102280,102278,2147,32,96,103361,103344,206928,206992,1.747792,1.66525,0.151541,0.072209,0.003208,3.488459,3.64,1,prefill,C2,191
scalar64,scalar,honest_hetero,eval_022,global_shared,99.99,2.0,64,256,768,110000,109959,2147,32,96,111081,111025,222326,222390,1.626458,1.543875,0.098375,0.072916,0.002875,3.246124,3.344499,0,,,188
scalar64,scalar,honest_hetero,eval_023,global_shared,99.99,2.0,64,256,768,94637,94688,2147,32,96,95718,95754,191695,191759,1.767584,1.639083,0.13325,0.069834,0.003583,3.480084,3.613334,1,prefill,C2,191
scalar64,scalar,honest_hetero,eval_024,global_shared,99.99,2.0,64,256,768,94661,94655,2147,32,96,95742,95721,191686,191750,1.60725,1.596458,0.121125,0.072917,0.003417,3.280042,3.401167,1,prefill,C3,191
scalar64,scalar,honest_hetero,eval_025,global_shared,99.99,2.0,64,256,768,94647,94608,2147,32,96,95728,95674,191625,191689,1.863291,1.659042,0.143959,0.0765,0.003917,3.60275,3.746709,1,prefill,C3,191
scalar64,scalar,honest_hetero,eval_026,global_shared,99.99,2.0,64,256,768,94616,94641,2147,32,96,95697,95707,191624,191688,1.539792,1.497,0.086625,0.067,0.002708,3.1065,3.193125,0,,,188
scalar64,scalar,honest_hetero,eval_027,global_shared,99.99,2.0,64,256,768,125451,125318,2147,32,96,126532,126384,253139,253203,1.609833,1.861916,0.14,0.073125,0.003833,3.548707,3.688707,1,prefill,C2,191
scalar64,scalar,honest_hetero,eval_028,global_shared,99.99,2.0,64,256,768,125349,125330,2147,32,96,126430,126396,253049,253113,1.725042,1.605667,0.106917,0.068125,0.003208,3.402042,3.508959,1,prefill,C3,191
scalar64,scalar,honest_hetero,eval_029,global_shared,99.99,2.0,64,256,768,125386,125406,2147,32,96,126467,126472,253159,253223,1.649708,1.727416,0.12425,0.073958,0.00325,3.454332,3.578582,0,,,188
scalar64,scalar,honest_hetero,eval_030,global_shared,99.99,2.0,64,256,768,94604,94632,2147,32,96,95685,95698,191603,191667,1.951833,1.65975,0.116958,0.068583,0.003333,3.683499,3.800457,0,,,188
scalar64,scalar,honest_hetero,eval_031,global_shared,99.99,2.0,64,256,768,109980,109933,2147,32,96,111061,110999,222283,222347,1.617709,1.580334,0.098875,0.067125,0.003042,3.26821,3.367085,1,prefill,C3,191
scalar64,scalar,honest_hetero,eval_032,global_shared,99.99,2.0,64,256,768,117729,117742,2147,32,96,118810,118808,237838,237902,1.791375,1.820875,0.151208,0.069875,0.003458,3.685583,3.836791,0,,,188
scalar64,scalar,honest_hetero,eval_033,global_shared,99.99,2.0,64,256,768,102388,102412,2147,32,96,103469,103478,207167,207231,1.664167,1.69025,0.119875,0.069167,0.002917,3.426501,3.546376,0,,,188
scalar64,scalar,honest_hetero,eval_034,global_shared,99.99,2.0,64,256,768,102368,102360,2147,32,96,103449,103426,207095,207159,1.881833,1.695792,0.141333,0.0715,0.003958,3.653083,3.794416,0,,,188
scalar64,scalar,honest_hetero,eval_035,global_shared,99.99,2.0,64,256,768,102434,102369,2147,32,96,103515,103435,207173,207237,1.62525,1.515958,0.100291,0.067959,0.003083,3.21225,3.312541,1,prefill,C2,191
scalar64,scalar,honest_hetero,eval_036,global_shared,99.99,2.0,64,256,768,102317,102345,2147,32,96,103398,103411,207029,207093,1.544084,1.851083,0.150959,0.074083,0.003208,3.472458,3.623417,0,,,188
scalar64,scalar,honest_hetero,eval_037,global_shared,99.99,2.0,64,256,768,133104,133072,2147,32,96,134185,134138,268543,268607,1.760333,1.665709,0.115,0.067458,0.00275,3.49625,3.61125,0,,,188
scalar64,scalar,honest_hetero,eval_038,global_shared,99.99,2.0,64,256,768,133066,133104,2147,32,96,134147,134170,268540,268604,1.6935,1.689084,0.11125,0.071875,0.003375,3.457834,3.569084,1,prefill,C3,191
scalar64,scalar,honest_hetero,eval_039,global_shared,99.99,2.0,64,256,768,133119,133130,2147,32,96,134200,134196,268616,268680,2.081875,1.808459,0.143125,0.068875,0.003042,3.962251,4.105376,0,,,188
scalar64,scalar,honest_hetero,eval_040,global_shared,99.99,2.0,64,256,768,102368,102351,2147,32,96,103449,103417,207089,207153,1.577958,1.573084,0.110708,0.083709,0.00325,3.238001,3.348709,1,prefill,C3,191
scalar64,scalar,honest_hetero,eval_041,global_shared,99.99,2.0,64,256,768,117762,117781,2147,32,96,118843,118847,237910,237974,1.723209,1.729291,0.129417,0.06925,0.003417,3.525167,3.654584,0,,,188
scalar64,scalar,honest_hetero,eval_042,global_shared,99.99,2.0,64,256,768,125510,125483,2147,32,96,126591,126549,253360,253424,1.661,1.752834,0.125041,0.068959,0.003042,3.485835,3.610876,0,,,188
scalar64,scalar,honest_hetero,eval_043,global_shared,99.99,2.0,64,256,768,110101,110095,2147,32,96,111182,111161,222566,222630,1.658334,1.702458,0.100917,0.0715,0.003084,3.435376,3.536293,1,prefill,C2,191
scalar64,scalar,honest_hetero,eval_044,global_shared,99.99,2.0,64,256,768,110050,110045,2147,32,96,111131,111111,222462,222526,1.596875,1.514125,0.081916,0.065208,0.002334,3.178542,3.260458,0,,,188
scalar64,scalar,honest_hetero,eval_045,global_shared,99.99,2.0,64,256,768,110084,110039,2147,32,96,111165,111105,222493,222557,1.535292,1.870083,0.161125,0.19575,0.004541,3.605666,3.766791,1,prefill,C3,191
scalar64,scalar,honest_hetero,eval_046,global_shared,99.99,2.0,64,256,768,110060,110089,2147,32,96,111141,111155,222516,222580,1.658042,1.534958,0.089541,0.069208,0.002334,3.264542,3.354083,0,,,188
scalar64,scalar,honest_hetero,eval_047,global_shared,99.99,2.0,64,256,768,140737,140708,2147,32,96,141818,141774,283812,283876,1.606417,1.595917,0.085041,0.066,0.002292,3.270626,3.355667,0,,,188
scalar64,scalar,honest_hetero,eval_048,global_shared,99.99,2.0,64,256,768,140700,140709,2147,32,96,141781,141775,283779,283843,1.77425,1.869084,0.109292,0.066333,0.003375,3.713042,3.822334,1,prefill,C3,191
scalar64,scalar,honest_hetero,eval_049,global_shared,99.99,2.0,64,256,768,140812,140782,2147,32,96,141893,141848,283961,284025,1.651791,1.600375,0.081667,0.065542,0.002292,3.32,3.401667,0,,,188
scalar64,scalar,honest_hetero,eval_050,global_shared,99.99,2.0,64,256,768,110079,110109,2147,32,96,111160,111175,222558,222622,1.585875,1.693416,0.125584,0.070292,0.00325,3.352833,3.478417,1,prefill,C2,191
scalar64,scalar,honest_hetero,eval_051,global_shared,99.99,2.0,64,256,768,125511,125473,2147,32,96,126592,126539,253351,253415,1.751375,1.664833,0.198625,0.068042,0.00275,3.487,3.685625,0,,,188
scalar64,scalar,honest_hetero,eval_052,global_shared,99.99,2.0,64,256,768,133274,133158,2147,32,96,134355,134224,268802,268866,2.312083,1.766459,0.113542,0.078083,0.003417,4.160042,4.273584,1,prefill,C2,191
scalar64,scalar,honest_hetero,eval_053,global_shared,99.99,2.0,64,256,768,117973,117930,2147,32,96,119054,118996,238273,238337,1.666458,1.601958,0.112792,0.071375,0.003167,3.342958,3.45575,1,prefill,C3,191
scalar64,scalar,honest_hetero,eval_054,global_shared,99.99,2.0,64,256,768,117920,117955,2147,32,96,119001,119021,238242,238306,1.639875,1.785083,0.106916,0.071333,0.002875,3.499166,3.606082,0,,,188
scalar64,scalar,honest_hetero,eval_055,global_shared,99.99,2.0,64,256,768,117861,117827,2147,32,96,118942,118893,238058,238122,1.7565,1.666083,0.121709,0.072166,0.003333,3.498082,3.619791,1,prefill,C3,191
scalar64,scalar,honest_hetero,eval_056,global_shared,99.99,2.0,64,256,768,117893,117845,2147,32,96,118974,118911,238105,238169,2.031542,1.624042,0.104542,0.066625,0.002584,3.724793,3.829335,0,,,188
scalar64,scalar,honest_hetero,eval_057,global_shared,99.99,2.0,64,256,768,148351,148278,2147,32,96,149432,149344,298999,299063,1.778917,1.856834,0.112167,0.069125,0.003625,3.708501,3.820668,1,prefill,C3,191
scalar64,scalar,honest_hetero,eval_058,global_shared,99.99,2.0,64,256,768,148430,148424,2147,32,96,149511,149490,299221,299285,1.656416,1.652667,0.084708,0.067,0.002583,3.378666,3.463374,0,,,188
scalar64,scalar,honest_hetero,eval_059,global_shared,99.99,2.0,64,256,768,148378,148408,2147,32,96,149459,149474,299156,299220,1.764542,1.859167,0.163292,0.071583,0.003459,3.698751,3.862043,1,prefill,C1,191
scalar64,scalar,honest_hetero,eval_060,global_shared,99.99,2.0,64,256,768,117899,117952,2147,32,96,118980,119018,238218,238282,1.710125,1.748958,0.120375,0.068083,0.002917,3.530083,3.650458,0,,,188
scalar64,scalar,honest_hetero,eval_061,global_shared,99.99,2.0,64,256,768,94695,94729,2147,32,96,95776,95795,191791,191855,1.57225,1.584375,0.102584,0.066208,0.002542,3.225375,3.327959,0,,,188
scalar64,scalar,honest_hetero,eval_062,global_shared,99.99,2.0,64,256,768,102456,102420,2147,32,96,103537,103486,207243,207307,1.62275,1.529583,0.082958,0.06625,0.002292,3.220875,3.303833,0,,,188
scalar64,scalar,honest_hetero,eval_063,global_shared,99.99,2.0,64,256,768,86994,86997,2147,32,96,88075,88063,176361,176425,1.500917,1.625084,0.091834,0.068333,0.003042,3.197376,3.28921,1,prefill,C2,191
scalar64,scalar,honest_hetero,eval_064,global_shared,99.99,2.0,64,256,768,87050,87139,2147,32,96,88131,88205,176556,176620,1.654083,1.566167,0.112417,0.068458,0.003417,3.292125,3.404542,0,,,188
scalar64,scalar,honest_hetero,eval_065,global_shared,99.99,2.0,64,256,768,87006,87081,2147,32,96,88087,88147,176454,176518,1.552584,1.5095,0.089167,0.065875,0.002584,3.130543,3.21971,0,,,188
scalar64,scalar,honest_hetero,eval_066,global_shared,99.99,2.0,64,256,768,86979,87056,2147,32,96,88060,88122,176405,176469,1.539083,1.6415,0.121125,0.076458,0.003166,3.260207,3.381332,1,prefill,C1,191
scalar64,scalar,honest_hetero,eval_067,global_shared,99.99,2.0,64,256,768,117832,117822,2147,32,96,118913,118888,238021,238085,1.775083,1.583792,0.090458,0.068084,0.002667,3.429626,3.520084,0,,,188
scalar64,scalar,honest_hetero,eval_068,global_shared,99.99,2.0,64,256,768,117851,117889,2147,32,96,118932,118955,238107,238171,1.584167,1.570417,0.081541,0.066791,0.002458,3.223833,3.305374,0,,,188
scalar64,scalar,honest_hetero,eval_069,global_shared,99.99,2.0,64,256,768,117788,117797,2147,32,96,118869,118863,237952,238016,1.725458,1.716208,0.12575,0.069625,0.003334,3.514625,3.640375,0,,,188
scalar64,scalar,honest_hetero,eval_070,global_shared,99.99,2.0,64,256,768,87086,87040,2147,32,96,88167,88106,176496,176560,1.694875,1.642667,0.118417,0.066541,0.003292,3.407375,3.525792,1,prefill,C3,191
scalar64,scalar,honest_hetero,eval_071,global_shared,99.99,2.0,64,256,768,102328,102442,2147,32,96,103409,103508,207137,207201,1.613083,1.623416,0.107667,0.081458,0.002834,3.320791,3.428458,0,,,188
scalar64,scalar,honest_hetero,eval_072,global_shared,99.99,2.0,64,256,768,110106,110082,2147,32,96,111187,111148,222558,222622,1.595042,1.571417,0.089917,0.067334,0.002833,3.236626,3.326543,1,prefill,C3,191
scalar64,scalar,honest_hetero,eval_073,global_shared,99.99,2.0,64,256,768,94746,94742,2147,32,96,95827,95808,191858,191922,1.549666,1.601,0.100334,0.077625,0.004042,3.232333,3.332667,1,prefill,C3,191
scalar64,scalar,honest_hetero,eval_074,global_shared,99.99,2.0,64,256,768,94786,94770,2147,32,96,95867,95836,191926,191990,1.58975,1.522917,0.08175,0.066166,0.002666,3.181499,3.263249,1,prefill,C3,191
scalar64,scalar,honest_hetero,eval_075,global_shared,99.99,2.0,64,256,768,94760,94677,2147,32,96,95841,95743,191807,191871,1.527667,1.537125,0.083292,0.065125,0.002583,3.1325,3.215792,1,prefill,C3,191
scalar64,scalar,honest_hetero,eval_076,global_shared,99.99,2.0,64,256,768,94714,94651,2147,32,96,95795,95717,191735,191799,1.564625,1.654459,0.111875,0.071,0.003458,3.293542,3.405417,1,prefill,C3,191
scalar64,scalar,honest_hetero,eval_077,global_shared,99.99,2.0,64,256,768,125432,125450,2147,32,96,126513,126516,253249,253313,1.637917,1.563708,0.084083,0.06625,0.0025,3.270375,3.354458,0,,,188
scalar64,scalar,honest_hetero,eval_078,global_shared,99.99,2.0,64,256,768,125440,125481,2147,32,96,126521,126547,253288,253352,1.597958,1.684417,0.0945,0.074125,0.002708,3.359208,3.453708,0,,,188
scalar64,scalar,honest_hetero,eval_079,global_shared,99.99,2.0,64,256,768,125501,125437,2147,32,96,126582,126503,253305,253369,1.632125,1.681875,0.100417,0.069792,0.002667,3.386459,3.486876,0,,,188
scalar64,scalar,honest_hetero,eval_080,global_shared,99.99,2.0,64,256,768,94765,94814,2147,32,96,95846,95880,191946,192010,1.661208,1.566417,0.103416,0.068791,0.002875,3.299291,3.402707,0,,,188
scalar64,scalar,honest_hetero,eval_081,global_shared,99.99,2.0,64,256,768,102392,102323,2147,32,96,103473,103389,207082,207146,1.655459,1.597667,0.114875,0.068417,0.003083,3.324626,3.439501,0,,,188
scalar64,scalar,honest_hetero,eval_082,global_shared,99.99,2.0,64,256,768,110110,110077,2147,32,96,111191,111143,222557,222621,1.57725,1.535416,0.083458,0.066459,0.002667,3.181792,3.26525,1,prefill,C2,191
scalar64,scalar,honest_hetero,eval_083,global_shared,99.99,2.0,64,256,768,94755,94746,2147,32,96,95836,95812,191868,191932,1.563042,1.573583,0.093166,0.070041,0.002833,3.209499,3.302665,0,,,188
scalar64,scalar,honest_hetero,eval_084,global_shared,99.99,2.0,64,256,768,94704,94772,2147,32,96,95785,95838,191843,191907,1.616875,1.514125,0.083584,0.066333,0.002458,3.199791,3.283375,0,,,188
scalar64,scalar,honest_hetero,eval_085,global_shared,99.99,2.0,64,256,768,94719,94711,2147,32,96,95800,95777,191800,191864,1.5065,1.523459,0.088875,0.070458,0.002834,3.103251,3.192126,1,prefill,C3,191
scalar64,scalar,honest_hetero,eval_086,global_shared,99.99,2.0,64,256,768,94602,94658,2147,32,96,95683,95724,191627,191691,1.695875,1.594959,0.111666,0.066875,0.003041,3.36075,3.472416,0,,,188
scalar64,scalar,honest_hetero,eval_087,global_shared,99.99,2.0,64,256,768,125505,125362,2147,32,96,126586,126428,253237,253301,1.61975,1.585792,0.084875,0.066958,0.00275,3.27525,3.360125,1,prefill,C3,191
scalar64,scalar,honest_hetero,eval_088,global_shared,99.99,2.0,64,256,768,125399,125445,2147,32,96,126480,126511,253214,253278,1.672417,1.685291,0.103208,0.067833,0.003,3.428541,3.531749,1,prefill,C3,191
scalar64,scalar,honest_hetero,eval_089,global_shared,99.99,2.0,64,256,768,125488,125479,2147,32,96,126569,126545,253337,253401,1.696458,1.763875,0.119375,0.0695,0.003334,3.533167,3.652542,1,prefill,C3,191
scalar64,scalar,honest_hetero,eval_090,global_shared,99.99,2.0,64,256,768,94579,94653,2147,32,96,95660,95719,191599,191663,1.617584,1.573125,0.10575,0.069292,0.003042,3.263043,3.368793,0,,,188
scalar64,scalar,honest_hetero,eval_091,global_shared,99.99,2.0,64,256,768,94662,94583,2147,32,96,95743,95649,191612,191676,1.641709,1.53025,0.085042,0.06625,0.002375,3.240584,3.325626,0,,,188
scalar64,scalar,honest_hetero,eval_092,global_shared,99.99,2.0,64,256,768,102355,102324,2147,32,96,103436,103390,207046,207110,1.54475,1.649666,0.087083,0.067875,0.002375,3.264666,3.351749,0,,,188
scalar64,scalar,honest_hetero,eval_093,global_shared,99.99,2.0,64,256,768,87002,87015,2147,32,96,88083,88081,176384,176448,1.579,1.513,0.088208,0.066542,0.002459,3.161001,3.249209,0,,,188
scalar64,scalar,honest_hetero,eval_094,global_shared,99.99,2.0,64,256,768,87089,87058,2147,32,96,88170,88124,176514,176578,1.494416,1.474583,0.080875,0.066375,0.002334,3.037708,3.118583,0,,,188
scalar64,scalar,honest_hetero,eval_095,global_shared,99.99,2.0,64,256,768,87039,86952,2147,32,96,88120,88018,176358,176422,1.483292,1.650667,0.104125,0.07575,0.003875,3.213584,3.317709,0,,,188
scalar64,scalar,honest_hetero,eval_096,global_shared,99.99,2.0,64,256,768,87028,87127,2147,32,96,88109,88193,176522,176586,1.624959,1.50575,0.0825,0.066667,0.002375,3.199751,3.282251,0,,,188
scalar64,scalar,honest_hetero,eval_097,global_shared,99.99,2.0,64,256,768,117746,117750,2147,32,96,118827,118816,237866,237930,1.567083,1.62,0.079584,0.067,0.002583,3.256666,3.33625,1,prefill,C2,191
scalar64,scalar,honest_hetero,eval_098,global_shared,99.99,2.0,64,256,768,117710,117759,2147,32,96,118791,118825,237839,237903,1.650125,1.708667,0.091083,0.065792,0.002834,3.427418,3.518501,1,prefill,C2,191
scalar64,scalar,honest_hetero,eval_099,global_shared,99.99,2.0,64,256,768,117768,117780,2147,32,96,118849,118846,237915,237979,1.590084,1.560166,0.079334,0.064625,0.002334,3.217209,3.296543,0,,,188
scalar64,scalar,honest_hetero,eval_100,global_shared,99.99,2.0,64,256,768,87096,87059,2147,32,96,88177,88125,176522,176586,1.498167,1.576209,0.087084,0.103125,0.003125,3.180626,3.26771,0,,,188
scalar64,scalar,honest_hetero,eval_101,global_shared,99.99,2.0,64,256,768,94646,94700,2147,32,96,95727,95766,191713,191777,1.629125,1.545042,0.083,0.067041,0.002333,3.243541,3.326541,0,,,188
scalar64,scalar,honest_hetero,eval_102,global_shared,99.99,2.0,64,256,768,102334,102373,2147,32,96,103415,103439,207074,207138,1.585417,1.541,0.080625,0.069833,0.002375,3.198625,3.27925,0,,,188
scalar64,scalar,honest_hetero,eval_103,global_shared,99.99,2.0,64,256,768,87159,87158,2147,32,96,88240,88224,176687,176751,1.570125,1.519667,0.088583,0.065583,0.002709,3.158084,3.246667,1,prefill,C2,191
scalar64,scalar,honest_hetero,eval_104,global_shared,99.99,2.0,64,256,768,87133,87146,2147,32,96,88214,88212,176646,176710,1.503666,1.512459,0.089709,0.067625,0.002584,3.086334,3.176043,0,,,188
scalar64,scalar,honest_hetero,eval_105,global_shared,99.99,2.0,64,256,768,87165,87135,2147,32,96,88246,88201,176670,176734,1.498458,1.565375,0.085666,0.078541,0.002958,3.145332,3.230998,1,prefill,C3,191
scalar64,scalar,honest_hetero,eval_106,global_shared,99.99,2.0,64,256,768,87088,87115,2147,32,96,88169,88181,176570,176634,1.532666,1.559458,0.082042,0.065792,0.00225,3.160166,3.242208,0,,,188
scalar64,scalar,honest_hetero,eval_107,global_shared,99.99,2.0,64,256,768,117863,117810,2147,32,96,118944,118876,238043,238107,1.971083,1.853958,0.166167,0.073333,0.003875,3.902249,4.068416,1,prefill,C3,191
scalar64,scalar,honest_hetero,eval_108,global_shared,99.99,2.0,64,256,768,117819,117838,2147,32,96,118900,118904,238024,238088,2.184334,1.713,0.126917,0.067375,0.003375,3.968084,4.095001,0,,,188
scalar64,scalar,honest_hetero,eval_109,global_shared,99.99,2.0,64,256,768,117845,117828,2147,32,96,118926,118894,238040,238104,1.586542,1.583458,0.088083,0.067125,0.002458,3.239583,3.327666,0,,,188
scalar64,scalar,honest_hetero,eval_110,global_shared,99.99,2.0,64,256,768,87157,87160,2147,32,96,88238,88226,176684,176748,1.573833,1.570041,0.105333,0.075708,0.003208,3.22279,3.328123,0,,,188
scalar64,scalar,honest_hetero,eval_111,global_shared,99.99,2.0,64,256,768,87009,87018,2147,32,96,88090,88084,176394,176458,1.708916,1.516375,0.088416,0.067041,0.002541,3.294873,3.383289,0,,,188
scalar64,scalar,honest_hetero,eval_112,global_shared,99.99,2.0,64,256,768,94736,94785,2147,32,96,95817,95851,191888,191952,1.554291,1.659792,0.110833,0.073542,0.003042,3.290667,3.4015,0,,,188
scalar64,scalar,honest_hetero,eval_113,global_shared,99.99,2.0,64,256,768,79463,79413,2147,32,96,80544,80479,161243,161307,1.611375,1.531083,0.107833,0.068084,0.00275,3.213292,3.321125,0,,,188
scalar64,scalar,honest_hetero,eval_114,global_shared,99.99,2.0,64,256,768,79395,79398,2147,32,96,80476,80464,161163,161227,1.55625,1.606083,0.111,0.066666,0.002667,3.231666,3.342666,1,prefill,C2,191
scalar64,scalar,honest_hetero,eval_115,global_shared,99.99,2.0,64,256,768,79365,79342,2147,32,96,80446,80408,161074,161138,1.604875,1.663125,0.124,0.073583,0.003,3.344583,3.468583,0,,,188
scalar64,scalar,honest_hetero,eval_116,global_shared,99.99,2.0,64,256,768,79375,79427,2147,32,96,80456,80493,161172,161236,1.53125,1.469625,0.082333,0.065917,0.002709,3.069501,3.151834,1,prefill,C3,191
scalar64,scalar,honest_hetero,eval_117,global_shared,99.99,2.0,64,256,768,110102,110094,2147,32,96,111183,111160,222563,222627,1.590791,1.66025,0.123542,0.073458,0.003417,3.327916,3.451458,0,,,188
scalar64,scalar,honest_hetero,eval_118,global_shared,99.99,2.0,64,256,768,110106,110064,2147,32,96,111187,111130,222537,222601,1.635791,1.614916,0.088209,0.066708,0.002542,3.319957,3.408166,0,,,188
scalar64,scalar,honest_hetero,eval_119,global_shared,99.99,2.0,64,256,768,110088,110108,2147,32,96,111169,111174,222563,222627,1.554,1.552125,0.079625,0.06575,0.002541,3.174416,3.254041,0,,,188
scalar64,scalar,honest_hetero,eval_120,global_shared,99.99,2.0,64,256,768,79375,79443,2147,32,96,80456,80509,161185,161249,1.612334,1.580708,0.093542,0.066542,0.0025,3.262084,3.355626,0,,,188
scalar64,scalar,honest_hetero,eval_121,global_shared,99.99,2.0,64,256,768,125360,125386,2147,32,96,126441,126452,253113,253177,1.685916,1.611458,0.101792,0.068541,0.002666,3.368581,3.470373,0,,,188
scalar64,scalar,honest_hetero,eval_122,global_shared,99.99,2.0,64,256,768,133086,133104,2147,32,96,134167,134170,268560,268624,1.641708,1.6805,0.094625,0.06725,0.003375,3.392833,3.487458,1,prefill,C3,191
scalar64,scalar,honest_hetero,eval_123,global_shared,99.99,2.0,64,256,768,117742,117705,2147,32,96,118823,118771,237817,237881,1.657334,1.559959,0.081667,0.065917,0.002625,3.285835,3.367502,1,prefill,C3,191
scalar64,scalar,honest_hetero,eval_124,global_shared,99.99,2.0,64,256,768,117797,117871,2147,32,96,118878,118937,238038,238102,1.693167,1.689083,0.088375,0.067834,0.002917,3.453001,3.541376,1,prefill,C3,191
scalar64,scalar,honest_hetero,eval_125,global_shared,99.99,2.0,64,256,768,117678,117680,2147,32,96,118759,118746,237728,237792,1.685584,1.613458,0.083875,0.065958,0.002666,3.367666,3.451541,1,prefill,C3,191
scalar64,scalar,honest_hetero,eval_126,global_shared,99.99,2.0,64,256,768,117703,117799,2147,32,96,118784,118865,237869,237933,1.58825,1.573458,0.082042,0.065209,0.002459,3.229376,3.311418,0,,,188
scalar64,scalar,honest_hetero,eval_127,global_shared,99.99,2.0,64,256,768,148369,148349,2147,32,96,149450,149415,299085,299149,1.852542,1.723667,0.101292,0.067542,0.002834,3.646585,3.747877,0,,,188
scalar64,scalar,honest_hetero,eval_128,global_shared,99.99,2.0,64,256,768,148295,148283,2147,32,96,149376,149349,298948,299012,1.716708,1.69375,0.09775,0.066625,0.002791,3.479874,3.577624,1,prefill,C3,191
scalar64,scalar,honest_hetero,eval_129,global_shared,99.99,2.0,64,256,768,148357,148312,2147,32,96,149438,149378,299039,299103,1.672625,1.757,0.103875,0.066416,0.002792,3.498833,3.602708,1,prefill,C3,191
scalar64,scalar,honest_hetero,eval_130,global_shared,99.99,2.0,64,256,768,117729,117825,2147,32,96,118810,118891,237924,237988,1.729333,1.593416,0.087375,0.066667,0.00275,3.392166,3.479541,1,prefill,C3,191
scalar64,scalar,honest_hetero,eval_131,global_shared,99.99,2.0,64,256,768,94707,94679,2147,32,96,95788,95745,191753,191817,1.528042,1.511666,0.080042,0.066042,0.00225,3.108,3.188042,0,,,188
scalar64,scalar,honest_hetero,eval_132,global_shared,99.99,2.0,64,256,768,102318,102344,2147,32,96,103399,103410,207029,207093,1.612,1.534041,0.088625,0.066333,0.002541,3.214915,3.30354,0,,,188
scalar64,scalar,honest_hetero,eval_133,global_shared,99.99,2.0,64,256,768,87104,87095,2147,32,96,88185,88161,176566,176630,1.595208,1.544916,0.1045,0.067584,0.002708,3.210416,3.314916,0,,,188
scalar64,scalar,honest_hetero,eval_134,global_shared,99.99,2.0,64,256,768,87047,87056,2147,32,96,88128,88122,176470,176534,1.611833,1.614625,0.115625,0.0675,0.002709,3.296667,3.412292,0,,,188
scalar64,scalar,honest_hetero,eval_135,global_shared,99.99,2.0,64,256,768,87130,86993,2147,32,96,88211,88059,176490,176554,1.581375,1.496583,0.081792,0.065834,0.00225,3.146042,3.227834,0,,,188
scalar64,scalar,honest_hetero,eval_136,global_shared,99.99,2.0,64,256,768,87043,87088,2147,32,96,88124,88154,176501,176565,1.535666,1.606917,0.092583,0.071042,0.002625,3.21625,3.308833,1,prefill,C2,191
scalar64,scalar,honest_hetero,eval_137,global_shared,99.99,2.0,64,256,768,117784,117719,2147,32,96,118865,118785,237870,237934,1.663584,1.6315,0.1,0.067709,0.0025,3.365293,3.465293,0,,,188
scalar64,scalar,honest_hetero,eval_138,global_shared,99.99,2.0,64,256,768,117790,117798,2147,32,96,118871,118864,237955,238019,1.704333,1.630958,0.099042,0.067334,0.002583,3.405208,3.50425,0,,,188
scalar64,scalar,honest_hetero,eval_139,global_shared,99.99,2.0,64,256,768,117857,117874,2147,32,96,118938,118940,238101,238165,1.626333,1.619333,0.09625,0.0665,0.00275,3.314916,3.411166,1,prefill,C2,191
scalar64,scalar,honest_hetero,eval_140,global_shared,99.99,2.0,64,256,768,87125,87075,2147,32,96,88206,88141,176570,176634,1.551083,1.485584,0.081083,0.065625,0.0025,3.104792,3.185875,1,prefill,C2,191
scalar64,scalar,honest_hetero,eval_141,global_shared,99.99,2.0,64,256,768,94627,94617,2147,32,96,95708,95683,191614,191678,1.538708,1.548125,0.090875,0.072709,0.00275,3.162292,3.253167,1,prefill,C2,191
scalar64,scalar,honest_hetero,eval_142,global_shared,99.99,2.0,64,256,768,102347,102410,2147,32,96,103428,103476,207124,207188,1.605375,1.527958,0.083875,0.065542,0.00225,3.201125,3.285,0,,,188
scalar64,scalar,honest_hetero,eval_143,global_shared,99.99,2.0,64,256,768,87062,87113,2147,32,96,88143,88179,176542,176606,1.53825,1.509708,0.079875,0.06525,0.002292,3.1155,3.195375,0,,,188
scalar64,scalar,honest_hetero,eval_144,global_shared,99.99,2.0,64,256,768,87134,87139,2147,32,96,88215,88205,176640,176704,1.567083,1.670083,0.122,0.074875,0.003833,3.315874,3.437874,0,,,188
scalar64,scalar,honest_hetero,eval_145,global_shared,99.99,2.0,64,256,768,87012,86952,2147,32,96,88093,88018,176331,176395,1.57825,1.48475,0.083667,0.066542,0.002417,3.131959,3.215626,0,,,188
scalar64,scalar,honest_hetero,eval_146,global_shared,99.99,2.0,64,256,768,86994,87084,2147,32,96,88075,88150,176445,176509,1.522334,1.539458,0.089458,0.071125,0.002583,3.1355,3.224958,0,,,188
scalar64,scalar,honest_hetero,eval_147,global_shared,99.99,2.0,64,256,768,117804,117827,2147,32,96,118885,118893,238001,238065,1.717125,1.687167,0.103041,0.071042,0.002833,3.478167,3.581208,1,prefill,C3,191
scalar64,scalar,honest_hetero,eval_148,global_shared,99.99,2.0,64,256,768,117769,117775,2147,32,96,118850,118841,237914,237978,1.693,1.579583,0.097834,0.076333,0.003625,3.352541,3.450375,1,prefill,C3,191
scalar64,scalar,honest_hetero,eval_149,global_shared,99.99,2.0,64,256,768,117863,117819,2147,32,96,118944,118885,238049,238113,1.676459,1.753458,0.13375,0.070333,0.003208,3.503458,3.637208,0,,,188
scalar64,scalar,honest_hetero,eval_150,global_shared,99.99,2.0,64,256,768,87074,87077,2147,32,96,88155,88143,176518,176582,1.592916,1.50325,0.087208,0.067334,0.002542,3.166042,3.25325,0,,,188
scalar64,scalar,honest_hetero,eval_151,global_shared,99.99,2.0,64,256,768,110042,110135,2147,32,96,111123,111201,222544,222608,1.593583,1.677416,0.09475,0.066125,0.002333,3.339457,3.434207,0,,,188
scalar64,scalar,honest_hetero,eval_152,global_shared,99.99,2.0,64,256,768,117815,117832,2147,32,96,118896,118898,238014,238078,1.607209,1.569583,0.154792,0.084625,0.002959,3.264376,3.419168,0,,,188
scalar64,scalar,honest_hetero,eval_153,global_shared,99.99,2.0,64,256,768,102461,102417,2147,32,96,103542,103483,207248,207312,1.607042,1.543208,0.0865,0.072084,0.002875,3.225209,3.311709,1,prefill,C2,191
scalar64,scalar,honest_hetero,eval_154,global_shared,99.99,2.0,64,256,768,102546,102552,2147,32,96,103627,103618,207465,207529,1.671625,1.599166,0.092791,0.066083,0.002584,3.339458,3.432249,0,,,188
scalar64,scalar,honest_hetero,eval_155,global_shared,99.99,2.0,64,256,768,102499,102403,2147,32,96,103580,103469,207272,207336,1.537417,1.558375,0.090459,0.072666,0.003333,3.171791,3.26225,1,prefill,C3,191
scalar64,scalar,honest_hetero,eval_156,global_shared,99.99,2.0,64,256,768,102383,102452,2147,32,96,103464,103518,207202,207266,1.699625,1.677709,0.105083,0.06875,0.002875,3.448959,3.554042,0,,,188
scalar64,scalar,honest_hetero,eval_157,global_shared,99.99,2.0,64,256,768,133246,133180,2147,32,96,134327,134246,268793,268857,1.704333,1.691959,0.112375,0.357084,0.008708,3.762084,3.874459,0,,,188
scalar64,scalar,honest_hetero,eval_158,global_shared,99.99,2.0,64,256,768,133188,133159,2147,32,96,134269,134225,268714,268778,2.057166,1.775833,0.118667,0.0685,0.002917,3.904416,4.023083,0,,,188
scalar64,scalar,honest_hetero,eval_159,global_shared,99.99,2.0,64,256,768,133226,133204,2147,32,96,134307,134270,268797,268861,1.7935,1.606375,0.084375,0.066125,0.002292,3.468292,3.552667,0,,,188
scalar64,scalar,honest_hetero,eval_160,global_shared,99.99,2.0,64,256,768,102460,102561,2147,32,96,103541,103627,207391,207455,1.600292,1.559083,0.097625,0.070916,0.003541,3.233832,3.331457,1,prefill,C3,191
scalar64,scalar,honest_hetero,eval_161,global_shared,99.99,2.0,64,256,768,102324,102359,2147,32,96,103405,103425,207053,207117,1.70625,1.576125,0.099625,0.066833,0.003167,3.352375,3.452,1,prefill,C3,191
scalar64,scalar,honest_hetero,eval_162,global_shared,99.99,2.0,64,256,768,110096,110073,2147,32,96,111177,111139,222539,222603,1.660083,1.555667,0.085042,0.066583,0.00275,3.285083,3.370125,1,prefill,C3,191
scalar64,scalar,honest_hetero,eval_163,global_shared,99.99,2.0,64,256,768,94635,94753,2147,32,96,95716,95819,191758,191822,1.619917,1.680791,0.114167,0.107708,0.00375,3.412166,3.526333,1,prefill,C2,191
scalar64,scalar,honest_hetero,eval_164,global_shared,99.99,2.0,64,256,768,94714,94714,2147,32,96,95795,95780,191795,191859,1.577542,1.505333,0.081041,0.066667,0.00225,3.151792,3.232833,0,,,188
scalar64,scalar,honest_hetero,eval_165,global_shared,99.99,2.0,64,256,768,94796,94710,2147,32,96,95877,95776,191873,191937,1.680166,1.612958,0.0925,0.069666,0.003125,3.365915,3.458415,0,,,188
scalar64,scalar,honest_hetero,eval_166,global_shared,99.99,2.0,64,256,768,94765,94768,2147,32,96,95846,95834,191903,191967,1.54625,1.558791,0.110541,0.074625,0.005875,3.185541,3.296082,1,prefill,C2,191
scalar64,scalar,honest_hetero,eval_167,global_shared,99.99,2.0,64,256,768,125478,125421,2147,32,96,126559,126487,253266,253330,1.639125,1.596583,0.083584,0.070041,0.002625,3.308374,3.391958,0,,,188
scalar64,scalar,honest_hetero,eval_168,global_shared,99.99,2.0,64,256,768,125440,125426,2147,32,96,126521,126492,253233,253297,1.679458,1.716791,0.110333,0.0675,0.002958,3.466707,3.57704,0,,,188
scalar64,scalar,honest_hetero,eval_169,global_shared,99.99,2.0,64,256,768,125542,125488,2147,32,96,126623,126554,253400,253464,1.631792,1.575958,0.079667,0.065375,0.0025,3.275625,3.355292,1,prefill,C3,191
scalar64,scalar,honest_hetero,eval_170,global_shared,99.99,2.0,64,256,768,94695,94781,2147,32,96,95776,95847,191843,191907,1.552292,1.585334,0.097292,0.071708,0.002833,3.212167,3.309459,0,,,188
scalar64,scalar,honest_hetero,eval_171,global_shared,99.99,2.0,64,256,768,102420,102424,2147,32,96,103501,103490,207214,207278,1.666792,1.696792,0.098709,0.06725,0.002833,3.433667,3.532376,1,prefill,C3,191
scalar64,scalar,honest_hetero,eval_172,global_shared,99.99,2.0,64,256,768,110128,110099,2147,32,96,111209,111165,222594,222658,1.641708,1.572,0.094709,0.077083,0.002667,3.293458,3.388167,0,,,188
scalar64,scalar,honest_hetero,eval_173,global_shared,99.99,2.0,64,256,768,94759,94804,2147,32,96,95840,95870,191930,191994,1.659875,1.597,0.093542,0.06725,0.0025,3.326625,3.420167,0,,,188
scalar64,scalar,honest_hetero,eval_174,global_shared,99.99,2.0,64,256,768,94784,94787,2147,32,96,95865,95853,191941,192005,1.557958,1.5565,0.09425,0.068208,0.00275,3.185416,3.279666,1,prefill,C3,191
scalar64,scalar,honest_hetero,eval_175,global_shared,99.99,2.0,64,256,768,94807,94756,2147,32,96,95888,95822,191930,191994,1.774833,1.639833,0.090917,0.067333,0.002458,3.484457,3.575374,0,,,188
scalar64,scalar,honest_hetero,eval_176,global_shared,99.99,2.0,64,256,768,94799,94802,2147,32,96,95880,95868,191971,192035,1.546916,1.514417,0.078875,0.065542,0.002625,3.1295,3.208375,1,prefill,C3,191
scalar64,scalar,honest_hetero,eval_177,global_shared,99.99,2.0,64,256,768,125542,125428,2147,32,96,126623,126494,253337,253401,1.582208,1.677792,0.09625,0.068584,0.00275,3.331334,3.427584,0,,,188
scalar64,scalar,honest_hetero,eval_178,global_shared,99.99,2.0,64,256,768,125412,125405,2147,32,96,126493,126471,253184,253248,1.864,1.671291,0.084792,0.066667,0.002375,3.604333,3.689125,0,,,188
scalar64,scalar,honest_hetero,eval_179,global_shared,99.99,2.0,64,256,768,125554,125471,2147,32,96,126635,126537,253392,253456,1.584708,1.58125,0.077583,0.064917,0.002167,3.233042,3.310625,0,,,188
scalar64,scalar,honest_hetero,eval_180,global_shared,99.99,2.0,64,256,768,94779,94765,2147,32,96,95860,95831,191914,191978,1.619583,1.618791,0.096417,0.067584,0.002916,3.308874,3.405291,1,prefill,C3,191
scalar64,scalar,honest_hetero,eval_181,global_shared,99.99,2.0,64,256,768,102235,102309,2147,32,96,103316,103375,206911,206975,1.719167,1.6345,0.106458,0.067667,0.002667,3.424001,3.530459,0,,,188
scalar64,scalar,honest_hetero,eval_182,global_shared,99.99,2.0,64,256,768,109944,109895,2147,32,96,111025,110961,222206,222270,1.59725,1.680416,0.133917,0.087625,0.002917,3.368208,3.502125,0,,,188
scalar64,scalar,honest_hetero,eval_183,global_shared,99.99,2.0,64,256,768,94673,94722,2147,32,96,95754,95788,191762,191826,1.732333,1.559167,0.087042,0.066792,0.002417,3.360709,3.447751,0,,,188
scalar64,scalar,honest_hetero,eval_184,global_shared,99.99,2.0,64,256,768,94605,94570,2147,32,96,95686,95636,191545,191609,1.641334,1.549125,0.091584,0.067792,0.002584,3.260835,3.352419,1,prefill,C3,191
scalar64,scalar,honest_hetero,eval_185,global_shared,99.99,2.0,64,256,768,94771,94672,2147,32,96,95852,95738,191813,191877,1.651666,1.535167,0.094166,0.066208,0.002834,3.255875,3.350041,1,prefill,C3,191
scalar64,scalar,honest_hetero,eval_186,global_shared,99.99,2.0,64,256,768,94585,94661,2147,32,96,95666,95727,191616,191680,1.580917,1.530375,0.086083,0.066333,0.002708,3.180333,3.266416,1,prefill,C3,191
scalar64,scalar,honest_hetero,eval_187,global_shared,99.99,2.0,64,256,768,125332,125291,2147,32,96,126413,126357,252990,253054,1.642375,1.784375,0.109459,0.067583,0.003125,3.497458,3.606917,0,,,188
scalar64,scalar,honest_hetero,eval_188,global_shared,99.99,2.0,64,256,768,125345,125342,2147,32,96,126426,126408,253057,253121,1.712125,1.579958,0.089084,0.0735,0.002709,3.368292,3.457376,1,prefill,C2,191
scalar64,scalar,honest_hetero,eval_189,global_shared,99.99,2.0,64,256,768,125415,125401,2147,32,96,126496,126467,253186,253250,1.637333,1.692583,0.0935,0.074042,0.002917,3.406875,3.500375,1,prefill,C2,191
scalar64,scalar,honest_hetero,eval_190,global_shared,99.99,2.0,64,256,768,94678,94685,2147,32,96,95759,95751,191733,191797,1.583583,1.655917,0.100875,0.068708,0.003041,3.311249,3.412124,1,prefill,C3,191
scalar64,scalar,honest_hetero,eval_191,global_shared,99.99,2.0,64,256,768,102330,102365,2147,32,96,103411,103431,207065,207129,1.688125,1.555084,0.098708,0.066,0.002666,3.311875,3.410583,1,prefill,C3,191
scalar64,scalar,honest_hetero,eval_192,global_shared,99.99,2.0,64,256,768,109995,109963,2147,32,96,111076,111029,222328,222392,1.742667,1.680916,0.102708,0.066625,0.003459,3.493667,3.596375,1,prefill,C3,191
scalar64,scalar,honest_hetero,eval_193,global_shared,99.99,2.0,64,256,768,94705,94729,2147,32,96,95786,95795,191801,191865,1.559541,1.627083,0.081958,0.067084,0.00225,3.255958,3.337916,0,,,188
scalar64,scalar,honest_hetero,eval_194,global_shared,99.99,2.0,64,256,768,94633,94732,2147,32,96,95714,95798,191735,191799,1.597041,1.625292,0.1015,0.067042,0.002917,3.292292,3.393792,1,prefill,C3,191
scalar64,scalar,honest_hetero,eval_195,global_shared,99.99,2.0,64,256,768,94653,94608,2147,32,96,95734,95674,191628,191692,1.565208,1.5035,0.078584,0.06525,0.00225,3.136208,3.214792,0,,,188
scalar64,scalar,honest_hetero,eval_196,global_shared,99.99,2.0,64,256,768,94622,94721,2147,32,96,95703,95787,191710,191774,1.54975,1.523708,0.084834,0.077125,0.002417,3.153,3.237834,0,,,188
scalar64,scalar,honest_hetero,eval_197,global_shared,99.99,2.0,64,256,768,125376,125292,2147,32,96,126457,126358,253038,253102,1.802541,1.669959,0.094208,0.066417,0.002875,3.541792,3.636,1,prefill,C2,191
scalar64,scalar,honest_hetero,eval_198,global_shared,99.99,2.0,64,256,768,125279,125348,2147,32,96,126360,126414,252994,253058,1.598083,1.578292,0.082209,0.067958,0.002166,3.246499,3.328708,0,,,188
scalar64,scalar,honest_hetero,eval_199,global_shared,99.99,2.0,64,256,768,125448,125330,2147,32,96,126529,126396,253148,253212,1.80075,1.673,0.101,0.06725,0.002708,3.543708,3.644708,1,prefill,C2,191
scalar64,scalar,honest_hetero,eval_200,global_shared,99.99,2.0,64,256,768,94688,94667,2147,32,96,95769,95733,191725,191789,1.62525,1.5275,0.090292,0.066,0.002625,3.221375,3.311667,1,prefill,C3,191
scalar64,scalar,tamper,eval_001,global_shared,99.99,2.0,64,256,768,125387,125387,2132,32,96,126453,126453,253127,253191,1.575542,1.626292,0.081208,0.065459,0.002625,3.269918,3.351126,1,prefill,C2,189
scalar64,scalar,tamper,eval_002,global_shared,99.99,2.0,64,256,768,133175,133175,2132,32,96,134241,134241,268703,268767,1.702166,1.612,0.080625,0.0665,0.002625,3.383291,3.463916,1,prefill,C2,189
scalar64,scalar,tamper,eval_003,global_shared,99.99,2.0,64,256,768,117824,117824,2132,32,96,118890,118890,238001,238065,1.688917,1.549125,0.086084,0.066125,0.0025,3.306667,3.392751,1,prefill,C2,189
scalar64,scalar,tamper,eval_004,global_shared,99.99,2.0,64,256,768,117850,117850,2132,32,96,118916,118916,238053,238117,1.689417,1.610542,0.087834,0.068666,0.002791,3.371416,3.45925,1,prefill,C2,189
scalar64,scalar,tamper,eval_005,global_shared,99.99,2.0,64,256,768,117819,117819,2132,32,96,118885,118885,237991,238055,1.629208,1.599,0.084416,0.066834,0.002541,3.297583,3.381999,1,prefill,C2,189
scalar64,scalar,tamper,eval_006,global_shared,99.99,2.0,64,256,768,117847,117847,2132,32,96,118913,118913,238047,238111,1.788041,1.698,0.089166,0.076375,0.002958,3.565374,3.65454,1,prefill,C2,189
scalar64,scalar,tamper,eval_007,global_shared,99.99,2.0,64,256,768,148372,148372,2132,32,96,149438,149438,299097,299161,1.641083,1.57225,0.077334,0.065125,0.002459,3.280917,3.358251,1,prefill,C2,189
scalar64,scalar,tamper,eval_008,global_shared,99.99,2.0,64,256,768,148442,148442,2132,32,96,149508,149508,299237,299301,1.650333,1.744708,0.083875,0.067292,0.002542,3.464875,3.54875,1,prefill,C2,189
scalar64,scalar,tamper,eval_009,global_shared,99.99,2.0,64,256,768,148502,148502,2132,32,96,149568,149568,299357,299421,1.777292,1.622459,0.080083,0.071417,0.002542,3.47371,3.553793,1,prefill,C2,189
scalar64,scalar,tamper,eval_010,global_shared,99.99,2.0,64,256,768,117752,117752,2132,32,96,118818,118818,237857,237921,1.670792,1.6375,0.089834,0.069792,0.002625,3.380709,3.470543,1,prefill,C2,189
scalar64,scalar,tamper,eval_011,global_shared,99.99,2.0,64,256,768,94634,94634,2132,32,96,95700,95700,191621,191685,1.750833,1.777542,0.1005,0.071542,0.00375,3.603667,3.704167,1,prefill,C2,189
scalar64,scalar,tamper,eval_012,global_shared,99.99,2.0,64,256,768,102368,102368,2132,32,96,103434,103434,207089,207153,2.081,2.055458,0.249625,0.098584,0.005792,4.240834,4.490459,1,prefill,C2,189
scalar64,scalar,tamper,eval_013,global_shared,99.99,2.0,64,256,768,86927,86927,2132,32,96,87993,87993,176207,176271,1.791541,1.544833,0.087125,0.067833,0.002541,3.406748,3.493873,1,prefill,C2,189
scalar64,scalar,tamper,eval_014,global_shared,99.99,2.0,64,256,768,87044,87044,2132,32,96,88110,88110,176441,176505,1.549334,1.547375,0.084125,0.065541,0.00275,3.165,3.249125,1,prefill,C2,189
scalar64,scalar,tamper,eval_015,global_shared,99.99,2.0,64,256,768,87024,87024,2132,32,96,88090,88090,176401,176465,1.574125,1.499625,0.08375,0.065041,0.003,3.141791,3.225541,1,prefill,C2,189
scalar64,scalar,tamper,eval_016,global_shared,99.99,2.0,64,256,768,87017,87017,2132,32,96,88083,88083,176387,176451,1.491625,1.404,0.0775,0.067917,0.002375,2.965917,3.043417,1,prefill,C2,189
scalar64,scalar,tamper,eval_017,global_shared,99.99,2.0,64,256,768,117702,117702,2132,32,96,118768,118768,237757,237821,1.531667,1.558208,0.086,0.064833,0.002584,3.157292,3.243292,1,prefill,C2,189
scalar64,scalar,tamper,eval_018,global_shared,99.99,2.0,64,256,768,117777,117777,2132,32,96,118843,118843,237907,237971,1.590834,1.518166,0.081167,0.065708,0.002333,3.177041,3.258208,1,prefill,C2,189
scalar64,scalar,tamper,eval_019,global_shared,99.99,2.0,64,256,768,117794,117794,2132,32,96,118860,118860,237941,238005,1.529083,1.580583,0.081208,0.068333,0.002542,3.180541,3.261749,1,prefill,C2,189
scalar64,scalar,tamper,eval_020,global_shared,99.99,2.0,64,256,768,87013,87013,2132,32,96,88079,88079,176379,176443,1.558917,1.56425,0.085167,0.067209,0.002583,3.192959,3.278126,1,prefill,C2,189
scalar64,scalar,tamper,eval_021,global_shared,99.99,2.0,64,256,768,102278,102278,2132,32,96,103344,103344,206909,206973,1.625208,1.572958,0.098292,0.066875,0.002791,3.267832,3.366124,1,prefill,C2,189
scalar64,scalar,tamper,eval_022,global_shared,99.99,2.0,64,256,768,109959,109959,2132,32,96,111025,111025,222271,222335,1.583792,1.609209,0.088167,0.068083,0.002708,3.263792,3.351959,1,prefill,C2,189
scalar64,scalar,tamper,eval_023,global_shared,99.99,2.0,64,256,768,94688,94688,2132,32,96,95754,95754,191729,191793,1.649458,1.598625,0.11375,0.071542,0.003083,3.322708,3.436458,1,prefill,C2,189
scalar64,scalar,tamper,eval_024,global_shared,99.99,2.0,64,256,768,94655,94655,2132,32,96,95721,95721,191663,191727,1.585958,1.691,0.095667,0.0715,0.004042,3.3525,3.448167,1,prefill,C2,189
scalar64,scalar,tamper,eval_025,global_shared,99.99,2.0,64,256,768,94608,94608,2132,32,96,95674,95674,191569,191633,1.646916,1.502166,0.080334,0.066125,0.002375,3.217582,3.297916,1,prefill,C2,189
scalar64,scalar,tamper,eval_026,global_shared,99.99,2.0,64,256,768,94641,94641,2132,32,96,95707,95707,191635,191699,1.544458,1.475958,0.07825,0.065625,0.002334,3.088375,3.166625,1,prefill,C2,189
scalar64,scalar,tamper,eval_027,global_shared,99.99,2.0,64,256,768,125318,125318,2132,32,96,126384,126384,252989,253053,1.677667,1.666459,0.0895,0.067958,0.002667,3.414751,3.504251,1,prefill,C2,189
scalar64,scalar,tamper,eval_028,global_shared,99.99,2.0,64,256,768,125330,125330,2132,32,96,126396,126396,253013,253077,1.572333,1.534917,0.079083,0.111666,0.002792,3.221708,3.300791,1,prefill,C2,189
scalar64,scalar,tamper,eval_029,global_shared,99.99,2.0,64,256,768,125406,125406,2132,32,96,126472,126472,253165,253229,1.564333,1.612916,0.108167,0.06575,0.008458,3.251457,3.359624,1,prefill,C2,189
scalar64,scalar,tamper,eval_030,global_shared,99.99,2.0,64,256,768,94632,94632,2132,32,96,95698,95698,191617,191681,1.591167,1.651542,0.081917,0.066583,0.002375,3.311667,3.393584,1,prefill,C2,189
scalar64,scalar,tamper,eval_031,global_shared,99.99,2.0,64,256,768,109933,109933,2132,32,96,110999,110999,222219,222283,1.594833,1.574083,0.078542,0.065792,0.002333,3.237041,3.315583,1,prefill,C2,189
scalar64,scalar,tamper,eval_032,global_shared,99.99,2.0,64,256,768,117742,117742,2132,32,96,118808,118808,237837,237901,1.720375,1.662625,0.089875,0.068209,0.002625,3.453834,3.543709,1,prefill,C2,189
scalar64,scalar,tamper,eval_033,global_shared,99.99,2.0,64,256,768,102412,102412,2132,32,96,103478,103478,207177,207241,1.674666,1.56275,0.085875,0.065625,0.002417,3.305458,3.391333,1,prefill,C2,189
scalar64,scalar,tamper,eval_034,global_shared,99.99,2.0,64,256,768,102360,102360,2132,32,96,103426,103426,207073,207137,1.618834,1.620167,0.088416,0.066959,0.0025,3.30846,3.396876,1,prefill,C2,189
scalar64,scalar,tamper,eval_035,global_shared,99.99,2.0,64,256,768,102369,102369,2132,32,96,103435,103435,207091,207155,1.580541,1.505125,0.078083,0.066167,0.002292,3.154125,3.232208,1,prefill,C2,189
scalar64,scalar,tamper,eval_036,global_shared,99.99,2.0,64,256,768,102345,102345,2132,32,96,103411,103411,207043,207107,1.537416,1.654833,0.107625,0.07325,0.003,3.268499,3.376124,1,prefill,C2,189
scalar64,scalar,tamper,eval_037,global_shared,99.99,2.0,64,256,768,133072,133072,2132,32,96,134138,134138,268497,268561,1.784958,1.579583,0.078833,0.066042,0.002291,3.432874,3.511707,1,prefill,C2,189
scalar64,scalar,tamper,eval_038,global_shared,99.99,2.0,64,256,768,133104,133104,2132,32,96,134170,134170,268561,268625,1.613458,1.573917,0.082,0.070625,0.002416,3.260416,3.342416,1,prefill,C2,189
scalar64,scalar,tamper,eval_039,global_shared,99.99,2.0,64,256,768,133130,133130,2132,32,96,134196,134196,268613,268677,1.728458,1.635167,0.083,0.066417,0.002333,3.432375,3.515375,1,prefill,C2,189
scalar64,scalar,tamper,eval_040,global_shared,99.99,2.0,64,256,768,102351,102351,2132,32,96,103417,103417,207055,207119,1.592208,1.545041,0.078292,0.066042,0.002292,3.205583,3.283875,1,prefill,C2,189
scalar64,scalar,tamper,eval_041,global_shared,99.99,2.0,64,256,768,117781,117781,2132,32,96,118847,118847,237915,237979,1.775292,1.579417,0.083167,0.06625,0.002208,3.423167,3.506334,1,prefill,C2,189
scalar64,scalar,tamper,eval_042,global_shared,99.99,2.0,64,256,768,125483,125483,2132,32,96,126549,126549,253319,253383,1.621833,1.54775,0.083416,0.066042,0.002375,3.238,3.321416,1,prefill,C2,189
scalar64,scalar,tamper,eval_043,global_shared,99.99,2.0,64,256,768,110095,110095,2132,32,96,111161,111161,222543,222607,1.597166,1.610791,0.084875,0.112583,0.003583,3.324123,3.408998,1,prefill,C2,189
scalar64,scalar,tamper,eval_044,global_shared,99.99,2.0,64,256,768,110045,110045,2132,32,96,111111,111111,222443,222507,1.670333,1.500791,0.123333,0.068833,0.002417,3.242374,3.365707,1,prefill,C2,189
scalar64,scalar,tamper,eval_045,global_shared,99.99,2.0,64,256,768,110039,110039,2132,32,96,111105,111105,222431,222495,1.532125,1.462334,0.081375,0.072959,0.002375,3.069793,3.151168,1,prefill,C2,189
scalar64,scalar,tamper,eval_046,global_shared,99.99,2.0,64,256,768,110089,110089,2132,32,96,111155,111155,222531,222595,1.66,1.674542,0.091125,0.071375,0.002458,3.408375,3.4995,1,prefill,C2,189
scalar64,scalar,tamper,eval_047,global_shared,99.99,2.0,64,256,768,140708,140708,2132,32,96,141774,141774,283769,283833,1.743041,1.70525,0.09125,0.067458,0.002459,3.518208,3.609458,1,prefill,C2,189
scalar64,scalar,tamper,eval_048,global_shared,99.99,2.0,64,256,768,140709,140709,2132,32,96,141775,141775,283771,283835,1.724791,1.727416,0.109708,0.0775,0.002625,3.532332,3.64204,1,prefill,C2,189
scalar64,scalar,tamper,eval_049,global_shared,99.99,2.0,64,256,768,140782,140782,2132,32,96,141848,141848,283917,283981,1.800375,1.585042,0.080875,0.066208,0.00225,3.453875,3.53475,1,prefill,C2,189
scalar64,scalar,tamper,eval_050,global_shared,99.99,2.0,64,256,768,110109,110109,2132,32,96,111175,111175,222571,222635,1.572375,1.692166,0.115042,0.06925,0.003459,3.33725,3.452292,1,prefill,C2,189
scalar64,scalar,tamper,eval_051,global_shared,99.99,2.0,64,256,768,125473,125473,2132,32,96,126539,126539,253299,253363,1.691042,1.49825,0.082666,0.064708,0.002333,3.256333,3.338999,1,prefill,C2,189
scalar64,scalar,tamper,eval_052,global_shared,99.99,2.0,64,256,768,133158,133158,2132,32,96,134224,134224,268669,268733,1.60125,1.55475,0.081625,0.081375,0.002458,3.239833,3.321458,1,prefill,C2,189
scalar64,scalar,tamper,eval_053,global_shared,99.99,2.0,64,256,768,117930,117930,2132,32,96,118996,118996,238213,238277,1.6805,1.628917,0.094625,0.067958,0.0025,3.379875,3.4745,1,prefill,C2,189
scalar64,scalar,tamper,eval_054,global_shared,99.99,2.0,64,256,768,117955,117955,2132,32,96,119021,119021,238263,238327,1.590375,1.504208,0.078833,0.065625,0.002333,3.162541,3.241374,1,prefill,C2,189
scalar64,scalar,tamper,eval_055,global_shared,99.99,2.0,64,256,768,117827,117827,2132,32,96,118893,118893,238007,238071,1.605875,1.581292,0.089041,0.066,0.002375,3.255542,3.344583,1,prefill,C2,189
scalar64,scalar,tamper,eval_056,global_shared,99.99,2.0,64,256,768,117845,117845,2132,32,96,118911,118911,238043,238107,1.620583,1.576917,0.084,0.066916,0.002291,3.266707,3.350707,1,prefill,C2,189
scalar64,scalar,tamper,eval_057,global_shared,99.99,2.0,64,256,768,148278,148278,2132,32,96,149344,149344,298909,298973,1.64925,1.663375,0.09075,0.06975,0.0025,3.384875,3.475625,1,prefill,C2,189
scalar64,scalar,tamper,eval_058,global_shared,99.99,2.0,64,256,768,148424,148424,2132,32,96,149490,149490,299201,299265,1.8065,1.620833,0.087292,0.066708,0.002458,3.496499,3.583791,1,prefill,C2,189
scalar64,scalar,tamper,eval_059,global_shared,99.99,2.0,64,256,768,148408,148408,2132,32,96,149474,149474,299169,299233,1.622416,1.563541,0.077709,0.065166,0.002375,3.253498,3.331207,1,prefill,C2,189
scalar64,scalar,tamper,eval_060,global_shared,99.99,2.0,64,256,768,117952,117952,2132,32,96,119018,119018,238257,238321,1.694042,1.546666,0.08775,0.066416,0.002417,3.309541,3.397291,1,prefill,C2,189
scalar64,scalar,tamper,eval_061,global_shared,99.99,2.0,64,256,768,94729,94729,2132,32,96,95795,95795,191811,191875,1.504042,1.6065,0.083917,0.066459,0.002292,3.179293,3.26321,1,prefill,C2,189
scalar64,scalar,tamper,eval_062,global_shared,99.99,2.0,64,256,768,102420,102420,2132,32,96,103486,103486,207193,207257,1.604375,1.676208,0.098458,0.073,0.002542,3.356125,3.454583,1,prefill,C2,189
scalar64,scalar,tamper,eval_063,global_shared,99.99,2.0,64,256,768,86997,86997,2132,32,96,88063,88063,176347,176411,1.519209,1.471125,0.078333,0.066083,0.002125,3.058542,3.136875,1,prefill,C2,189
scalar64,scalar,tamper,eval_064,global_shared,99.99,2.0,64,256,768,87139,87139,2132,32,96,88205,88205,176631,176695,1.490458,1.616417,0.083792,0.07275,0.002333,3.181958,3.26575,1,prefill,C2,189
scalar64,scalar,tamper,eval_065,global_shared,99.99,2.0,64,256,768,87081,87081,2132,32,96,88147,88147,176515,176579,1.633,1.575125,0.090708,0.071292,0.002708,3.282125,3.372833,1,prefill,C2,189
scalar64,scalar,tamper,eval_066,global_shared,99.99,2.0,64,256,768,87056,87056,2132,32,96,88122,88122,176465,176529,1.617292,1.507625,0.093209,0.067125,0.00225,3.194292,3.287501,1,prefill,C2,189
scalar64,scalar,tamper,eval_067,global_shared,99.99,2.0,64,256,768,117822,117822,2132,32,96,118888,118888,237997,238061,1.677209,1.757875,0.103959,0.066416,0.002541,3.504041,3.608,1,prefill,C2,189
scalar64,scalar,tamper,eval_068,global_shared,99.99,2.0,64,256,768,117889,117889,2132,32,96,118955,118955,238131,238195,1.568709,1.529083,0.078542,0.067666,0.0025,3.167958,3.2465,1,prefill,C2,189
scalar64,scalar,tamper,eval_069,global_shared,99.99,2.0,64,256,768,117797,117797,2132,32,96,118863,118863,237947,238011,1.575125,1.591042,0.081542,0.064333,0.002333,3.232833,3.314375,1,prefill,C2,189
scalar64,scalar,tamper,eval_070,global_shared,99.99,2.0,64,256,768,87040,87040,2132,32,96,88106,88106,176433,176497,1.55125,1.584584,0.081625,0.066792,0.002459,3.205085,3.28671,1,prefill,C2,189
scalar64,scalar,tamper,eval_071,global_shared,99.99,2.0,64,256,768,102442,102442,2132,32,96,103508,103508,207237,207301,1.551875,1.495333,0.088792,0.070792,0.002333,3.120333,3.209125,1,prefill,C2,189
scalar64,scalar,tamper,eval_072,global_shared,99.99,2.0,64,256,768,110082,110082,2132,32,96,111148,111148,222517,222581,1.692416,1.637084,0.104791,0.068125,0.002959,3.400584,3.505375,1,prefill,C2,189
scalar64,scalar,tamper,eval_073,global_shared,99.99,2.0,64,256,768,94742,94742,2132,32,96,95808,95808,191837,191901,1.57925,1.533708,0.080875,0.066375,0.002292,3.181625,3.2625,1,prefill,C2,189
scalar64,scalar,tamper,eval_074,global_shared,99.99,2.0,64,256,768,94770,94770,2132,32,96,95836,95836,191893,191957,1.599209,1.574583,0.08675,0.068125,0.002417,3.244334,3.331084,1,prefill,C2,189
scalar64,scalar,tamper,eval_075,global_shared,99.99,2.0,64,256,768,94677,94677,2132,32,96,95743,95743,191707,191771,1.585542,1.544333,0.088042,0.078083,0.002542,3.2105,3.298542,1,prefill,C2,189
scalar64,scalar,tamper,eval_076,global_shared,99.99,2.0,64,256,768,94651,94651,2132,32,96,95717,95717,191655,191719,2.275291,1.628208,0.098792,0.067834,0.002667,3.974,4.072792,1,prefill,C2,189
scalar64,scalar,tamper,eval_077,global_shared,99.99,2.0,64,256,768,125450,125450,2132,32,96,126516,126516,253253,253317,1.784083,1.518625,0.099375,0.066625,0.002459,3.371792,3.471167,1,prefill,C2,189
scalar64,scalar,tamper,eval_078,global_shared,99.99,2.0,64,256,768,125481,125481,2132,32,96,126547,126547,253315,253379,1.587,1.558458,0.084209,0.075625,0.002625,3.223708,3.307917,1,prefill,C2,189
scalar64,scalar,tamper,eval_079,global_shared,99.99,2.0,64,256,768,125437,125437,2132,32,96,126503,126503,253227,253291,1.645875,1.506333,0.081083,0.065,0.002458,3.219666,3.300749,1,prefill,C2,189
scalar64,scalar,tamper,eval_080,global_shared,99.99,2.0,64,256,768,94814,94814,2132,32,96,95880,95880,191981,192045,1.529667,1.449042,0.076166,0.069,0.002333,3.050042,3.126208,1,prefill,C2,189
scalar64,scalar,tamper,eval_081,global_shared,99.99,2.0,64,256,768,102323,102323,2132,32,96,103389,103389,206999,207063,1.565834,1.603,0.087709,0.066125,0.002792,3.237751,3.32546,1,prefill,C2,189
scalar64,scalar,tamper,eval_082,global_shared,99.99,2.0,64,256,768,110077,110077,2132,32,96,111143,111143,222507,222571,1.581125,1.510291,0.080625,0.07025,0.002375,3.164041,3.244666,1,prefill,C2,189
scalar64,scalar,tamper,eval_083,global_shared,99.99,2.0,64,256,768,94746,94746,2132,32,96,95812,95812,191845,191909,1.520875,1.484458,0.084417,0.070708,0.002416,3.078457,3.162874,1,prefill,C2,189
scalar64,scalar,tamper,eval_084,global_shared,99.99,2.0,64,256,768,94772,94772,2132,32,96,95838,95838,191897,191961,1.592542,1.560083,0.084875,0.066583,0.00225,3.221458,3.306333,1,prefill,C2,189
scalar64,scalar,tamper,eval_085,global_shared,99.99,2.0,64,256,768,94711,94711,2132,32,96,95777,95777,191775,191839,1.526459,1.475292,0.077208,0.066042,0.002209,3.070002,3.14721,1,prefill,C2,189
scalar64,scalar,tamper,eval_086,global_shared,99.99,2.0,64,256,768,94658,94658,2132,32,96,95724,95724,191669,191733,1.577708,1.693542,0.085208,0.071417,0.002459,3.345126,3.430334,1,prefill,C2,189
scalar64,scalar,tamper,eval_087,global_shared,99.99,2.0,64,256,768,125362,125362,2132,32,96,126428,126428,253077,253141,1.640042,1.576875,0.089625,0.06725,0.002458,3.286625,3.37625,1,prefill,C2,189
scalar64,scalar,tamper,eval_088,global_shared,99.99,2.0,64,256,768,125445,125445,2132,32,96,126511,126511,253243,253307,1.5705,1.563542,0.081292,0.067917,0.002417,3.204376,3.285668,1,prefill,C2,189
scalar64,scalar,tamper,eval_089,global_shared,99.99,2.0,64,256,768,125479,125479,2132,32,96,126545,126545,253311,253375,1.652375,1.735625,0.093958,0.07075,0.002792,3.461542,3.5555,1,prefill,C2,189
scalar64,scalar,tamper,eval_090,global_shared,99.99,2.0,64,256,768,94653,94653,2132,32,96,95719,95719,191659,191723,1.654667,1.568834,0.090042,0.068417,0.002625,3.294543,3.384585,1,prefill,C2,189
scalar64,scalar,tamper,eval_091,global_shared,99.99,2.0,64,256,768,94583,94583,2132,32,96,95649,95649,191519,191583,1.623666,1.552875,0.091417,0.067458,0.002333,3.246332,3.337749,1,prefill,C2,189
scalar64,scalar,tamper,eval_092,global_shared,99.99,2.0,64,256,768,102324,102324,2132,32,96,103390,103390,207001,207065,1.525625,1.584,0.079666,0.066125,0.002416,3.178166,3.257832,1,prefill,C2,189
scalar64,scalar,tamper,eval_093,global_shared,99.99,2.0,64,256,768,87015,87015,2132,32,96,88081,88081,176383,176447,1.52875,1.58675,0.084291,0.06725,0.002417,3.185167,3.269458,1,prefill,C2,189
scalar64,scalar,tamper,eval_094,global_shared,99.99,2.0,64,256,768,87058,87058,2132,32,96,88124,88124,176469,176533,1.52075,1.481625,0.078583,0.067,0.002292,3.071667,3.15025,1,prefill,C2,189
scalar64,scalar,tamper,eval_095,global_shared,99.99,2.0,64,256,768,86952,86952,2132,32,96,88018,88018,176257,176321,1.488917,1.480458,0.082292,0.072667,0.002292,3.044334,3.126626,1,prefill,C2,189
scalar64,scalar,tamper,eval_096,global_shared,99.99,2.0,64,256,768,87127,87127,2132,32,96,88193,88193,176607,176671,1.698542,1.614666,0.091791,0.07,0.002583,3.385791,3.477582,1,prefill,C2,189
scalar64,scalar,tamper,eval_097,global_shared,99.99,2.0,64,256,768,117750,117750,2132,32,96,118816,118816,237853,237917,1.612958,1.545334,0.080375,0.066916,0.00225,3.227458,3.307833,1,prefill,C2,189
scalar64,scalar,tamper,eval_098,global_shared,99.99,2.0,64,256,768,117759,117759,2132,32,96,118825,118825,237871,237935,1.624542,1.680334,0.088667,0.071375,0.002625,3.378876,3.467543,1,prefill,C2,189
scalar64,scalar,tamper,eval_099,global_shared,99.99,2.0,64,256,768,117780,117780,2132,32,96,118846,118846,237913,237977,1.779958,1.6485,0.09575,0.074208,0.002458,3.505124,3.600874,1,prefill,C2,189
scalar64,scalar,tamper,eval_100,global_shared,99.99,2.0,64,256,768,87059,87059,2132,32,96,88125,88125,176471,176535,1.555458,1.579,0.118125,0.069875,0.002375,3.206708,3.324833,1,prefill,C2,189
scalar64,scalar,tamper,eval_101,global_shared,99.99,2.0,64,256,768,94700,94700,2132,32,96,95766,95766,191753,191817,1.616875,1.493833,0.078042,0.11075,0.002959,3.224417,3.302459,1,prefill,C2,189
scalar64,scalar,tamper,eval_102,global_shared,99.99,2.0,64,256,768,102373,102373,2132,32,96,103439,103439,207099,207163,1.631416,1.5825,0.07925,0.068833,0.002292,3.285041,3.364291,1,prefill,C2,189
scalar64,scalar,tamper,eval_103,global_shared,99.99,2.0,64,256,768,87158,87158,2132,32,96,88224,88224,176669,176733,1.598125,1.473167,0.080584,0.066083,0.002375,3.13975,3.220334,1,prefill,C2,189
scalar64,scalar,tamper,eval_104,global_shared,99.99,2.0,64,256,768,87146,87146,2132,32,96,88212,88212,176645,176709,1.519583,1.470209,0.084375,0.065416,0.002291,3.057499,3.141874,1,prefill,C2,189
scalar64,scalar,tamper,eval_105,global_shared,99.99,2.0,64,256,768,87135,87135,2132,32,96,88201,88201,176623,176687,1.506958,1.5985,0.08,0.083334,0.002334,3.191126,3.271126,1,prefill,C2,189
scalar64,scalar,tamper,eval_106,global_shared,99.99,2.0,64,256,768,87115,87115,2132,32,96,88181,88181,176583,176647,1.625292,1.481708,0.086208,0.069917,0.002292,3.179209,3.265417,1,prefill,C2,189
scalar64,scalar,tamper,eval_107,global_shared,99.99,2.0,64,256,768,117810,117810,2132,32,96,118876,118876,237973,238037,1.603583,1.598625,0.081417,0.066708,0.00225,3.271166,3.352583,1,prefill,C2,189
scalar64,scalar,tamper,eval_108,global_shared,99.99,2.0,64,256,768,117838,117838,2132,32,96,118904,118904,238029,238093,1.684333,1.70075,0.104458,0.069667,0.002708,3.457458,3.561916,1,prefill,C2,189
scalar64,scalar,tamper,eval_109,global_shared,99.99,2.0,64,256,768,117828,117828,2132,32,96,118894,118894,238009,238073,1.692667,1.655125,0.097292,0.071292,0.002709,3.421793,3.519085,1,prefill,C2,189
scalar64,scalar,tamper,eval_110,global_shared,99.99,2.0,64,256,768,87160,87160,2132,32,96,88226,88226,176673,176737,1.754916,1.644125,0.094667,0.072666,0.002625,3.474332,3.568999,1,prefill,C2,189
scalar64,scalar,tamper,eval_111,global_shared,99.99,2.0,64,256,768,87018,87018,2132,32,96,88084,88084,176389,176453,1.504959,1.556834,0.089834,0.066791,0.002458,3.131042,3.220876,1,prefill,C2,189
scalar64,scalar,tamper,eval_112,global_shared,99.99,2.0,64,256,768,94785,94785,2132,32,96,95851,95851,191923,191987,1.580625,1.717167,0.106834,0.0665,0.002916,3.367208,3.474042,1,prefill,C2,189
scalar64,scalar,tamper,eval_113,global_shared,99.99,2.0,64,256,768,79413,79413,2132,32,96,80479,80479,161179,161243,1.613541,1.481417,0.0795,0.065875,0.00225,3.163083,3.242583,1,prefill,C2,189
scalar64,scalar,tamper,eval_114,global_shared,99.99,2.0,64,256,768,79398,79398,2132,32,96,80464,80464,161149,161213,1.540125,1.558125,0.094833,0.073083,0.002416,3.173749,3.268582,1,prefill,C2,189
scalar64,scalar,tamper,eval_115,global_shared,99.99,2.0,64,256,768,79342,79342,2132,32,96,80408,80408,161037,161101,1.6095,1.498,0.081959,0.066708,0.002333,3.176541,3.2585,1,prefill,C2,189
scalar64,scalar,tamper,eval_116,global_shared,99.99,2.0,64,256,768,79427,79427,2132,32,96,80493,80493,161207,161271,1.521834,1.458833,0.078542,0.065792,0.002209,3.048668,3.12721,1,prefill,C2,189
scalar64,scalar,tamper,eval_117,global_shared,99.99,2.0,64,256,768,110094,110094,2132,32,96,111160,111160,222541,222605,1.552041,1.685292,0.099084,0.071958,0.0025,3.311791,3.410875,1,prefill,C2,189
scalar64,scalar,tamper,eval_118,global_shared,99.99,2.0,64,256,768,110064,110064,2132,32,96,111130,111130,222481,222545,1.756083,1.56675,0.080583,0.074916,0.002417,3.400166,3.480749,1,prefill,C2,189
scalar64,scalar,tamper,eval_119,global_shared,99.99,2.0,64,256,768,110108,110108,2132,32,96,111174,111174,222569,222633,1.945333,1.689334,0.172125,0.087875,0.002625,3.725167,3.897292,1,prefill,C2,189
scalar64,scalar,tamper,eval_120,global_shared,99.99,2.0,64,256,768,79443,79443,2132,32,96,80509,80509,161239,161303,1.550375,1.550834,0.095416,0.066084,0.002333,3.169626,3.265042,1,prefill,C2,189
scalar64,scalar,tamper,eval_121,global_shared,99.99,2.0,64,256,768,125386,125386,2132,32,96,126452,126452,253125,253189,1.591,1.54825,0.078,0.066834,0.00225,3.208334,3.286334,1,prefill,C2,189
scalar64,scalar,tamper,eval_122,global_shared,99.99,2.0,64,256,768,133104,133104,2132,32,96,134170,134170,268561,268625,1.807708,1.788042,0.116917,0.073292,0.003125,3.672167,3.789084,1,prefill,C2,189
scalar64,scalar,tamper,eval_123,global_shared,99.99,2.0,64,256,768,117705,117705,2132,32,96,118771,118771,237763,237827,1.668917,1.651917,0.098333,0.067125,0.002542,3.390501,3.488834,1,prefill,C2,189
scalar64,scalar,tamper,eval_124,global_shared,99.99,2.0,64,256,768,117871,117871,2132,32,96,118937,118937,238095,238159,1.702,1.696542,0.091,0.066875,0.002583,3.468,3.559,1,prefill,C2,189
scalar64,scalar,tamper,eval_125,global_shared,99.99,2.0,64,256,768,117680,117680,2132,32,96,118746,118746,237713,237777,1.597875,1.558042,0.078,0.065917,0.002167,3.224001,3.302001,1,prefill,C2,189
scalar64,scalar,tamper,eval_126,global_shared,99.99,2.0,64,256,768,117799,117799,2132,32,96,118865,118865,237951,238015,1.593,1.635875,0.084208,0.066334,0.002375,3.297584,3.381792,1,prefill,C2,189
scalar64,scalar,tamper,eval_127,global_shared,99.99,2.0,64,256,768,148349,148349,2132,32,96,149415,149415,299051,299115,1.67075,1.703125,0.0805,0.066208,0.002334,3.442417,3.522917,1,prefill,C2,189
scalar64,scalar,tamper,eval_128,global_shared,99.99,2.0,64,256,768,148283,148283,2132,32,96,149349,149349,298919,298983,1.643292,1.686292,0.082791,0.070084,0.002417,3.402085,3.484876,1,prefill,C2,189
scalar64,scalar,tamper,eval_129,global_shared,99.99,2.0,64,256,768,148312,148312,2132,32,96,149378,149378,298977,299041,1.780125,1.706541,0.094833,0.0675,0.002667,3.556833,3.651666,1,prefill,C2,189
scalar64,scalar,tamper,eval_130,global_shared,99.99,2.0,64,256,768,117825,117825,2132,32,96,118891,118891,238003,238067,1.664209,1.522083,0.080916,0.066083,0.002333,3.254708,3.335624,1,prefill,C2,189
scalar64,scalar,tamper,eval_131,global_shared,99.99,2.0,64,256,768,94679,94679,2132,32,96,95745,95745,191711,191775,1.61025,1.570917,0.094041,0.070541,0.002584,3.254292,3.348333,1,prefill,C2,189
scalar64,scalar,tamper,eval_132,global_shared,99.99,2.0,64,256,768,102344,102344,2132,32,96,103410,103410,207041,207105,1.630167,1.598125,0.091625,0.072625,0.002458,3.303375,3.395,1,prefill,C2,189
scalar64,scalar,tamper,eval_133,global_shared,99.99,2.0,64,256,768,87095,87095,2132,32,96,88161,88161,176543,176607,1.692042,1.772625,0.100166,0.067542,0.0025,3.534709,3.634875,1,prefill,C2,189
scalar64,scalar,tamper,eval_134,global_shared,99.99,2.0,64,256,768,87056,87056,2132,32,96,88122,88122,176465,176529,1.56775,1.497583,0.080542,0.065083,0.0025,3.132916,3.213458,1,prefill,C2,189
scalar64,scalar,tamper,eval_135,global_shared,99.99,2.0,64,256,768,86993,86993,2132,32,96,88059,88059,176339,176403,1.487666,1.460167,0.113833,0.073333,0.002833,3.023999,3.137832,1,prefill,C2,189
scalar64,scalar,tamper,eval_136,global_shared,99.99,2.0,64,256,768,87088,87088,2132,32,96,88154,88154,176529,176593,2.031875,1.606042,0.105625,0.068416,0.002666,3.708999,3.814624,1,prefill,C2,189
scalar64,scalar,tamper,eval_137,global_shared,99.99,2.0,64,256,768,117719,117719,2132,32,96,118785,118785,237791,237855,1.592792,1.531292,0.082542,0.066292,0.002292,3.192668,3.27521,1,prefill,C2,189
scalar64,scalar,tamper,eval_138,global_shared,99.99,2.0,64,256,768,117798,117798,2132,32,96,118864,118864,237949,238013,1.734042,1.74225,0.1015,0.067083,0.002416,3.545791,3.647291,1,prefill,C2,189
scalar64,scalar,tamper,eval_139,global_shared,99.99,2.0,64,256,768,117874,117874,2132,32,96,118940,118940,238101,238165,1.5935,1.554209,0.078167,0.065792,0.00225,3.215751,3.293918,1,prefill,C2,189
scalar64,scalar,tamper,eval_140,global_shared,99.99,2.0,64,256,768,87075,87075,2132,32,96,88141,88141,176503,176567,1.509334,1.563583,0.108875,0.07975,0.002916,3.155583,3.264458,1,prefill,C2,189
scalar64,scalar,tamper,eval_141,global_shared,99.99,2.0,64,256,768,94617,94617,2132,32,96,95683,95683,191587,191651,1.723292,1.573958,0.090458,0.071208,0.002625,3.371083,3.461541,1,prefill,C2,189
scalar64,scalar,tamper,eval_142,global_shared,99.99,2.0,64,256,768,102410,102410,2132,32,96,103476,103476,207173,207237,1.754542,1.821917,0.098166,0.070209,0.002417,3.649085,3.747251,1,prefill,C2,189
scalar64,scalar,tamper,eval_143,global_shared,99.99,2.0,64,256,768,87113,87113,2132,32,96,88179,88179,176579,176643,1.639542,1.458291,0.080667,0.065833,0.002333,3.165999,3.246666,1,prefill,C2,189
scalar64,scalar,tamper,eval_144,global_shared,99.99,2.0,64,256,768,87139,87139,2132,32,96,88205,88205,176631,176695,1.527542,1.478125,0.07975,0.072958,0.00225,3.080875,3.160625,1,prefill,C2,189
scalar64,scalar,tamper,eval_145,global_shared,99.99,2.0,64,256,768,86952,86952,2132,32,96,88018,88018,176257,176321,1.787625,1.574709,0.095583,0.065709,0.0025,3.430543,3.526126,1,prefill,C2,189
scalar64,scalar,tamper,eval_146,global_shared,99.99,2.0,64,256,768,87084,87084,2132,32,96,88150,88150,176521,176585,1.509875,1.485166,0.079834,0.069541,0.00225,3.066832,3.146666,1,prefill,C2,189
scalar64,scalar,tamper,eval_147,global_shared,99.99,2.0,64,256,768,117827,117827,2132,32,96,118893,118893,238007,238071,1.60525,1.675,0.092834,0.078916,0.00675,3.365916,3.45875,1,prefill,C2,189
scalar64,scalar,tamper,eval_148,global_shared,99.99,2.0,64,256,768,117775,117775,2132,32,96,118841,118841,237903,237967,1.712666,1.634417,0.089333,0.067666,0.002542,3.417291,3.506624,1,prefill,C2,189
scalar64,scalar,tamper,eval_149,global_shared,99.99,2.0,64,256,768,117819,117819,2132,32,96,118885,118885,237991,238055,1.67475,1.553083,0.088125,0.071625,0.002584,3.302042,3.390167,1,prefill,C2,189
scalar64,scalar,tamper,eval_150,global_shared,99.99,2.0,64,256,768,87077,87077,2132,32,96,88143,88143,176507,176571,1.673209,1.628208,0.106541,0.074209,0.002833,3.378459,3.485,1,prefill,C2,189
scalar64,scalar,tamper,eval_151,global_shared,99.99,2.0,64,256,768,110135,110135,2132,32,96,111201,111201,222623,222687,1.708583,1.811834,0.114041,0.075542,0.002833,3.598792,3.712833,1,prefill,C2,189
scalar64,scalar,tamper,eval_152,global_shared,99.99,2.0,64,256,768,117832,117832,2132,32,96,118898,118898,238017,238081,2.234167,1.742,0.100834,0.0695,0.002791,4.048458,4.149292,1,prefill,C2,189
scalar64,scalar,tamper,eval_153,global_shared,99.99,2.0,64,256,768,102417,102417,2132,32,96,103483,103483,207187,207251,1.55975,1.48325,0.079917,0.066208,0.002125,3.111333,3.19125,1,prefill,C2,189
scalar64,scalar,tamper,eval_154,global_shared,99.99,2.0,64,256,768,102552,102552,2132,32,96,103618,103618,207457,207521,1.778417,1.739667,0.111084,0.067,0.003083,3.588167,3.699251,1,prefill,C2,189
scalar64,scalar,tamper,eval_155,global_shared,99.99,2.0,64,256,768,102403,102403,2132,32,96,103469,103469,207159,207223,1.580666,1.491792,0.080417,0.070333,0.0025,3.145291,3.225708,1,prefill,C2,189
scalar64,scalar,tamper,eval_156,global_shared,99.99,2.0,64,256,768,102452,102452,2132,32,96,103518,103518,207257,207321,1.556625,1.617416,0.108208,0.066458,0.002416,3.242915,3.351123,1,prefill,C2,189
scalar64,scalar,tamper,eval_157,global_shared,99.99,2.0,64,256,768,133180,133180,2132,32,96,134246,134246,268713,268777,1.7375,1.60775,0.078459,0.066666,0.002166,3.414082,3.492541,1,prefill,C2,189
scalar64,scalar,tamper,eval_158,global_shared,99.99,2.0,64,256,768,133159,133159,2132,32,96,134225,134225,268671,268735,1.613375,1.584334,0.079542,0.088208,0.002292,3.288209,3.367751,1,prefill,C2,189
scalar64,scalar,tamper,eval_159,global_shared,99.99,2.0,64,256,768,133204,133204,2132,32,96,134270,134270,268761,268825,2.006791,1.686083,0.106,0.067041,0.00275,3.762665,3.868665,1,prefill,C2,189
scalar64,scalar,tamper,eval_160,global_shared,99.99,2.0,64,256,768,102561,102561,2132,32,96,103627,103627,207475,207539,1.666416,1.584959,0.096375,0.066166,0.002458,3.319999,3.416374,1,prefill,C2,189
scalar64,scalar,tamper,eval_161,global_shared,99.99,2.0,64,256,768,102359,102359,2132,32,96,103425,103425,207071,207135,1.626625,1.632791,0.083417,0.0665,0.002417,3.328333,3.41175,1,prefill,C2,189
scalar64,scalar,tamper,eval_162,global_shared,99.99,2.0,64,256,768,110073,110073,2132,32,96,111139,111139,222499,222563,1.609167,1.552084,0.080291,0.0645,0.002375,3.228126,3.308417,1,prefill,C2,189
scalar64,scalar,tamper,eval_163,global_shared,99.99,2.0,64,256,768,94753,94753,2132,32,96,95819,95819,191859,191923,1.536583,1.538667,0.108917,0.067792,0.002792,3.145834,3.254751,1,prefill,C2,189
scalar64,scalar,tamper,eval_164,global_shared,99.99,2.0,64,256,768,94714,94714,2132,32,96,95780,95780,191781,191845,1.671458,1.536292,0.087792,0.070542,0.002334,3.280626,3.368418,1,prefill,C2,189
scalar64,scalar,tamper,eval_165,global_shared,99.99,2.0,64,256,768,94710,94710,2132,32,96,95776,95776,191773,191837,1.649125,1.73475,0.094292,0.068209,0.002709,3.454793,3.549085,1,prefill,C2,189
scalar64,scalar,tamper,eval_166,global_shared,99.99,2.0,64,256,768,94768,94768,2132,32,96,95834,95834,191889,191953,1.730417,1.523166,0.082333,0.064709,0.002625,3.320917,3.40325,1,prefill,C2,189
scalar64,scalar,tamper,eval_167,global_shared,99.99,2.0,64,256,768,125421,125421,2132,32,96,126487,126487,253195,253259,1.553042,1.514875,0.075083,0.064042,0.00225,3.134209,3.209292,1,prefill,C2,189
scalar64,scalar,tamper,eval_168,global_shared,99.99,2.0,64,256,768,125426,125426,2132,32,96,126492,126492,253205,253269,1.77075,1.6,0.094042,0.064458,0.002625,3.437833,3.531875,1,prefill,C2,189
scalar64,scalar,tamper,eval_169,global_shared,99.99,2.0,64,256,768,125488,125488,2132,32,96,126554,126554,253329,253393,1.605916,1.655959,0.086708,0.06575,0.002334,3.329959,3.416667,1,prefill,C2,189
scalar64,scalar,tamper,eval_170,global_shared,99.99,2.0,64,256,768,94781,94781,2132,32,96,95847,95847,191915,191979,1.52025,1.573958,0.088791,0.080541,0.002291,3.17704,3.265831,1,prefill,C2,189
scalar64,scalar,tamper,eval_171,global_shared,99.99,2.0,64,256,768,102424,102424,2132,32,96,103490,103490,207201,207265,1.629542,1.498125,0.079,0.065333,0.002375,3.195375,3.274375,1,prefill,C2,189
scalar64,scalar,tamper,eval_172,global_shared,99.99,2.0,64,256,768,110099,110099,2132,32,96,111165,111165,222551,222615,1.540667,1.546583,0.080958,0.069375,0.002291,3.158916,3.239874,1,prefill,C2,189
scalar64,scalar,tamper,eval_173,global_shared,99.99,2.0,64,256,768,94804,94804,2132,32,96,95870,95870,191961,192025,1.692084,1.72,0.104875,0.071125,0.002709,3.485918,3.590793,1,prefill,C2,189
scalar64,scalar,tamper,eval_174,global_shared,99.99,2.0,64,256,768,94787,94787,2132,32,96,95853,95853,191927,191991,1.680834,1.634167,0.095292,0.071792,0.00275,3.389543,3.484835,1,prefill,C2,189
scalar64,scalar,tamper,eval_175,global_shared,99.99,2.0,64,256,768,94756,94756,2132,32,96,95822,95822,191865,191929,1.791,1.788459,0.120167,0.068375,0.002875,3.650709,3.770876,1,prefill,C2,189
scalar64,scalar,tamper,eval_176,global_shared,99.99,2.0,64,256,768,94802,94802,2132,32,96,95868,95868,191957,192021,1.588375,1.492167,0.082583,0.0675,0.002334,3.150376,3.232959,1,prefill,C2,189
scalar64,scalar,tamper,eval_177,global_shared,99.99,2.0,64,256,768,125428,125428,2132,32,96,126494,126494,253209,253273,1.641084,1.706084,0.117625,0.069417,0.002625,3.41921,3.536835,1,prefill,C2,189
scalar64,scalar,tamper,eval_178,global_shared,99.99,2.0,64,256,768,125405,125405,2132,32,96,126471,126471,253163,253227,1.667125,1.6485,0.081375,0.068625,0.002292,3.386542,3.467917,1,prefill,C2,189
scalar64,scalar,tamper,eval_179,global_shared,99.99,2.0,64,256,768,125471,125471,2132,32,96,126537,126537,253295,253359,1.587333,1.600792,0.083,0.070666,0.002625,3.261416,3.344416,1,prefill,C2,189
scalar64,scalar,tamper,eval_180,global_shared,99.99,2.0,64,256,768,94765,94765,2132,32,96,95831,95831,191883,191947,1.654958,1.55775,0.097417,0.068083,0.002583,3.283374,3.380791,1,prefill,C2,189
scalar64,scalar,tamper,eval_181,global_shared,99.99,2.0,64,256,768,102309,102309,2132,32,96,103375,103375,206971,207035,1.579333,1.544083,0.08525,0.065875,0.002417,3.191708,3.276958,1,prefill,C2,189
scalar64,scalar,tamper,eval_182,global_shared,99.99,2.0,64,256,768,109895,109895,2132,32,96,110961,110961,222143,222207,1.585792,1.623709,0.104833,0.069958,0.002708,3.282167,3.387,1,prefill,C2,189
scalar64,scalar,tamper,eval_183,global_shared,99.99,2.0,64,256,768,94722,94722,2132,32,96,95788,95788,191797,191861,1.595541,1.564292,0.0935,0.070375,0.002667,3.232875,3.326375,1,prefill,C2,189
scalar64,scalar,tamper,eval_184,global_shared,99.99,2.0,64,256,768,94570,94570,2132,32,96,95636,95636,191493,191557,1.596792,2.248708,0.1055,0.066041,0.00275,3.914291,4.019791,1,prefill,C2,189
scalar64,scalar,tamper,eval_185,global_shared,99.99,2.0,64,256,768,94672,94672,2132,32,96,95738,95738,191697,191761,1.574459,1.486084,0.079166,0.065834,0.002292,3.128669,3.207835,1,prefill,C2,189
scalar64,scalar,tamper,eval_186,global_shared,99.99,2.0,64,256,768,94661,94661,2132,32,96,95727,95727,191675,191739,1.547875,1.636708,0.099958,0.068959,0.003542,3.257084,3.357042,1,prefill,C2,189
scalar64,scalar,tamper,eval_187,global_shared,99.99,2.0,64,256,768,125291,125291,2132,32,96,126357,126357,252935,252999,1.764041,1.724916,0.093417,0.07075,0.002625,3.562332,3.655749,1,prefill,C2,189
scalar64,scalar,tamper,eval_188,global_shared,99.99,2.0,64,256,768,125342,125342,2132,32,96,126408,126408,253037,253101,1.644708,1.605583,0.090084,0.073375,0.002542,3.326208,3.416292,1,prefill,C2,189
scalar64,scalar,tamper,eval_189,global_shared,99.99,2.0,64,256,768,125401,125401,2132,32,96,126467,126467,253155,253219,1.747625,1.649625,0.087709,0.066708,0.002417,3.466375,3.554084,1,prefill,C2,189
scalar64,scalar,tamper,eval_190,global_shared,99.99,2.0,64,256,768,94685,94685,2132,32,96,95751,95751,191723,191787,1.505459,1.529375,0.076875,0.065167,0.002208,3.102209,3.179084,1,prefill,C2,189
scalar64,scalar,tamper,eval_191,global_shared,99.99,2.0,64,256,768,102365,102365,2132,32,96,103431,103431,207083,207147,1.65675,1.593125,0.096083,0.066417,0.002667,3.318959,3.415042,1,prefill,C2,189
scalar64,scalar,tamper,eval_192,global_shared,99.99,2.0,64,256,768,109963,109963,2132,32,96,111029,111029,222279,222343,1.594791,1.566167,0.077709,0.06925,0.002334,3.232542,3.310251,1,prefill,C2,189
scalar64,scalar,tamper,eval_193,global_shared,99.99,2.0,64,256,768,94729,94729,2132,32,96,95795,95795,191811,191875,1.5435,1.560334,0.083292,0.070375,0.002417,3.176626,3.259918,1,prefill,C2,189
scalar64,scalar,tamper,eval_194,global_shared,99.99,2.0,64,256,768,94732,94732,2132,32,96,95798,95798,191817,191881,1.7605,1.595667,0.11425,0.070458,0.003,3.429625,3.543875,1,prefill,C2,189
scalar64,scalar,tamper,eval_195,global_shared,99.99,2.0,64,256,768,94608,94608,2132,32,96,95674,95674,191569,191633,1.670917,1.55825,0.084625,0.066625,0.002416,3.298208,3.382833,1,prefill,C2,189
scalar64,scalar,tamper,eval_196,global_shared,99.99,2.0,64,256,768,94721,94721,2132,32,96,95787,95787,191795,191859,1.656584,1.556834,0.0985,0.068541,0.002833,3.284792,3.383292,1,prefill,C2,189
scalar64,scalar,tamper,eval_197,global_shared,99.99,2.0,64,256,768,125292,125292,2132,32,96,126358,126358,252937,253001,1.710292,1.584042,0.083583,0.065292,0.002334,3.36196,3.445543,1,prefill,C2,189
scalar64,scalar,tamper,eval_198,global_shared,99.99,2.0,64,256,768,125348,125348,2132,32,96,126414,126414,253049,253113,1.654834,1.662291,0.126542,0.070416,0.002792,3.390333,3.516875,1,prefill,C2,189
scalar64,scalar,tamper,eval_199,global_shared,99.99,2.0,64,256,768,125330,125330,2132,32,96,126396,126396,253013,253077,1.67325,1.591958,0.081125,0.068416,0.002333,3.335957,3.417082,1,prefill,C2,189
scalar64,scalar,tamper,eval_200,global_shared,99.99,2.0,64,256,768,94667,94667,2132,32,96,95733,95733,191687,191751,1.583083,1.577833,0.103,0.0745,0.002958,3.238374,3.341374,1,prefill,C2,189
projscalar1_abs,projabs,honest_homo,eval_001,checkpoint_specific,99.0,1.5,16,64,192,125387,125387,2132,32,96,126453,126453,253131,253195,1.741042,1.893625,0.229917,0.161708,0.064541,3.860916,4.090833,0,,,193
projscalar1_abs,projabs,honest_homo,eval_002,checkpoint_specific,99.0,1.5,16,64,192,133175,133175,2132,32,96,134241,134241,268707,268771,1.797917,1.624583,0.253084,0.186959,0.048875,3.658334,3.911418,0,,,193
projscalar1_abs,projabs,honest_homo,eval_003,checkpoint_specific,99.0,1.5,16,64,192,117824,117824,2132,32,96,118890,118890,238005,238069,1.703209,1.648375,0.215125,0.257584,0.049667,3.658835,3.87396,0,,,193
projscalar1_abs,projabs,honest_homo,eval_004,checkpoint_specific,99.0,1.5,16,64,192,117850,117850,2132,32,96,118916,118916,238057,238121,1.706833,1.530541,0.206791,0.154167,0.047084,3.438625,3.645416,0,,,193
projscalar1_abs,projabs,honest_homo,eval_005,checkpoint_specific,99.0,1.5,16,64,192,117819,117819,2132,32,96,118885,118885,237995,238059,1.571125,1.534584,0.171417,0.154,0.047583,3.307292,3.478709,0,,,193
projscalar1_abs,projabs,honest_homo,eval_006,checkpoint_specific,99.0,1.5,16,64,192,117847,117847,2132,32,96,118913,118913,238051,238115,1.757875,1.62625,0.203167,0.152792,0.047417,3.584334,3.787501,0,,,193
projscalar1_abs,projabs,honest_homo,eval_007,checkpoint_specific,99.0,1.5,16,64,192,148372,148372,2132,32,96,149438,149438,299101,299165,1.634333,1.577042,0.212917,0.252792,0.045792,3.509959,3.722876,0,,,193
projscalar1_abs,projabs,honest_homo,eval_008,checkpoint_specific,99.0,1.5,16,64,192,148442,148442,2132,32,96,149508,149508,299241,299305,1.70375,1.712417,0.275292,0.190959,0.054333,3.661459,3.936751,0,,,193
projscalar1_abs,projabs,honest_homo,eval_009,checkpoint_specific,99.0,1.5,16,64,192,148502,148502,2132,32,96,149568,149568,299361,299425,1.90525,1.697167,0.260792,0.190792,0.047333,3.840542,4.101334,0,,,193
projscalar1_abs,projabs,honest_homo,eval_010,checkpoint_specific,99.0,1.5,16,64,192,117752,117752,2132,32,96,118818,118818,237861,237925,7.915875,1.668167,0.244125,0.139542,0.058542,9.782126,10.026251,0,,,193
projscalar1_abs,projabs,honest_homo,eval_011,checkpoint_specific,99.0,1.5,16,64,192,94634,94634,2132,32,96,95700,95700,191625,191689,1.730083,1.558916,0.19775,0.145625,0.048083,3.482707,3.680457,0,,,193
projscalar1_abs,projabs,honest_homo,eval_012,checkpoint_specific,99.0,1.5,16,64,192,102368,102368,2132,32,96,103434,103434,207093,207157,1.519041,1.452042,0.162167,0.147791,0.045291,3.164165,3.326332,0,,,193
projscalar1_abs,projabs,honest_homo,eval_013,checkpoint_specific,99.0,1.5,16,64,192,86927,86927,2132,32,96,87993,87993,176211,176275,1.630625,1.5865,0.178042,0.14775,0.044167,3.409042,3.587084,0,,,193
projscalar1_abs,projabs,honest_homo,eval_014,checkpoint_specific,99.0,1.5,16,64,192,87044,87044,2132,32,96,88110,88110,176445,176509,1.526083,1.573209,0.163375,0.142041,0.044334,3.285667,3.449042,0,,,193
projscalar1_abs,projabs,honest_homo,eval_015,checkpoint_specific,99.0,1.5,16,64,192,87024,87024,2132,32,96,88090,88090,176405,176469,1.53275,1.550292,0.218834,0.151417,0.053125,3.287584,3.506418,0,,,193
projscalar1_abs,projabs,honest_homo,eval_016,checkpoint_specific,99.0,1.5,16,64,192,87017,87017,2132,32,96,88083,88083,176391,176455,1.75225,1.5795,0.20025,0.134458,0.05075,3.516958,3.717208,0,,,193
projscalar1_abs,projabs,honest_homo,eval_017,checkpoint_specific,99.0,1.5,16,64,192,117702,117702,2132,32,96,118768,118768,237761,237825,1.652166,1.708333,0.237417,0.163625,0.050166,3.57429,3.811707,0,,,193
projscalar1_abs,projabs,honest_homo,eval_018,checkpoint_specific,99.0,1.5,16,64,192,117777,117777,2132,32,96,118843,118843,237911,237975,1.76575,1.54075,0.171875,0.151458,0.043209,3.501167,3.673042,0,,,193
projscalar1_abs,projabs,honest_homo,eval_019,checkpoint_specific,99.0,1.5,16,64,192,117794,117794,2132,32,96,118860,118860,237945,238009,1.629625,1.571209,0.1655,0.152416,0.042,3.39525,3.56075,0,,,193
projscalar1_abs,projabs,honest_homo,eval_020,checkpoint_specific,99.0,1.5,16,64,192,87013,87013,2132,32,96,88079,88079,176383,176447,1.767708,1.579625,0.20075,0.146167,0.051209,3.544709,3.745459,0,,,193
projscalar1_abs,projabs,honest_homo,eval_021,checkpoint_specific,99.0,1.5,16,64,192,102278,102278,2132,32,96,103344,103344,206913,206977,1.557208,1.480083,0.157917,0.142167,0.042833,3.222291,3.380208,0,,,193
projscalar1_abs,projabs,honest_homo,eval_022,checkpoint_specific,99.0,1.5,16,64,192,109959,109959,2132,32,96,111025,111025,222275,222339,1.676916,1.619625,0.187209,0.156334,0.045791,3.498666,3.685875,0,,,193
projscalar1_abs,projabs,honest_homo,eval_023,checkpoint_specific,99.0,1.5,16,64,192,94688,94688,2132,32,96,95754,95754,191733,191797,1.540292,1.47675,0.157458,0.151375,0.042042,3.210459,3.367917,0,,,193
projscalar1_abs,projabs,honest_homo,eval_024,checkpoint_specific,99.0,1.5,16,64,192,94655,94655,2132,32,96,95721,95721,191667,191731,1.53025,1.558375,0.172625,0.132083,0.047291,3.267999,3.440624,0,,,193
projscalar1_abs,projabs,honest_homo,eval_025,checkpoint_specific,99.0,1.5,16,64,192,94608,94608,2132,32,96,95674,95674,191573,191637,1.759708,1.522834,0.180125,0.1445,0.043917,3.470959,3.651084,0,,,193
projscalar1_abs,projabs,honest_homo,eval_026,checkpoint_specific,99.0,1.5,16,64,192,94641,94641,2132,32,96,95707,95707,191639,191703,1.514833,1.47925,0.146084,0.126125,0.039375,3.159583,3.305667,0,,,193
projscalar1_abs,projabs,honest_homo,eval_027,checkpoint_specific,99.0,1.5,16,64,192,125318,125318,2132,32,96,126384,126384,252993,253057,1.685542,1.6345,0.204708,0.157917,0.04625,3.524209,3.728917,0,,,193
projscalar1_abs,projabs,honest_homo,eval_028,checkpoint_specific,99.0,1.5,16,64,192,125330,125330,2132,32,96,126396,126396,253017,253081,1.68175,1.55775,0.166875,0.159167,0.037459,3.436126,3.603001,0,,,193
projscalar1_abs,projabs,honest_homo,eval_029,checkpoint_specific,99.0,1.5,16,64,192,125406,125406,2132,32,96,126472,126472,253169,253233,1.665625,1.673041,0.215834,0.14025,0.048791,3.527707,3.743541,0,,,193
projscalar1_abs,projabs,honest_homo,eval_030,checkpoint_specific,99.0,1.5,16,64,192,94632,94632,2132,32,96,95698,95698,191621,191685,1.646625,1.567375,0.197625,0.14625,0.048083,3.408333,3.605958,0,,,193
projscalar1_abs,projabs,honest_homo,eval_031,checkpoint_specific,99.0,1.5,16,64,192,109933,109933,2132,32,96,110999,110999,222223,222287,1.747042,1.925167,0.225833,0.156958,0.04975,3.878917,4.10475,0,,,193
projscalar1_abs,projabs,honest_homo,eval_032,checkpoint_specific,99.0,1.5,16,64,192,117742,117742,2132,32,96,118808,118808,237841,237905,1.630875,1.5285,0.171833,0.152667,0.043292,3.355334,3.527167,0,,,193
projscalar1_abs,projabs,honest_homo,eval_033,checkpoint_specific,99.0,1.5,16,64,192,102412,102412,2132,32,96,103478,103478,207181,207245,1.586208,1.628041,0.286958,0.155958,0.056917,3.427124,3.714082,0,,,193
projscalar1_abs,projabs,honest_homo,eval_034,checkpoint_specific,99.0,1.5,16,64,192,102360,102360,2132,32,96,103426,103426,207077,207141,1.679917,1.506583,0.167125,0.148459,0.043208,3.378167,3.545292,0,,,193
projscalar1_abs,projabs,honest_homo,eval_035,checkpoint_specific,99.0,1.5,16,64,192,102369,102369,2132,32,96,103435,103435,207095,207159,1.518834,1.487958,0.148959,0.129541,0.03925,3.175583,3.324542,0,,,193
projscalar1_abs,projabs,honest_homo,eval_036,checkpoint_specific,99.0,1.5,16,64,192,102345,102345,2132,32,96,103411,103411,207047,207111,1.670584,1.729917,0.233584,0.231417,0.045958,3.677876,3.91146,0,,,193
projscalar1_abs,projabs,honest_homo,eval_037,checkpoint_specific,99.0,1.5,16,64,192,133072,133072,2132,32,96,134138,134138,268501,268565,1.623625,1.551833,0.224958,0.184209,0.041833,3.4015,3.626458,0,,,193
projscalar1_abs,projabs,honest_homo,eval_038,checkpoint_specific,99.0,1.5,16,64,192,133104,133104,2132,32,96,134170,134170,268565,268629,1.658625,1.720792,0.308583,0.169125,0.0445,3.593042,3.901625,0,,,193
projscalar1_abs,projabs,honest_homo,eval_039,checkpoint_specific,99.0,1.5,16,64,192,133130,133130,2132,32,96,134196,134196,268617,268681,1.687833,1.745333,0.260833,0.196334,0.05275,3.68225,3.943083,0,,,193
projscalar1_abs,projabs,honest_homo,eval_040,checkpoint_specific,99.0,1.5,16,64,192,102351,102351,2132,32,96,103417,103417,207059,207123,1.896583,1.780167,0.218958,0.146583,0.052583,3.875916,4.094874,0,,,193
projscalar1_abs,projabs,honest_homo,eval_041,checkpoint_specific,99.0,1.5,16,64,192,117781,117781,2132,32,96,118847,118847,237919,237983,1.582416,1.524792,0.169541,0.152417,0.04325,3.302875,3.472416,0,,,193
projscalar1_abs,projabs,honest_homo,eval_042,checkpoint_specific,99.0,1.5,16,64,192,125483,125483,2132,32,96,126549,126549,253323,253387,1.605333,1.863208,0.233334,0.155541,0.049208,3.67329,3.906624,0,,,193
projscalar1_abs,projabs,honest_homo,eval_043,checkpoint_specific,99.0,1.5,16,64,192,110095,110095,2132,32,96,111161,111161,222547,222611,1.634709,1.532291,0.165,0.148541,0.0425,3.358041,3.523041,0,,,193
projscalar1_abs,projabs,honest_homo,eval_044,checkpoint_specific,99.0,1.5,16,64,192,110045,110045,2132,32,96,111111,111111,222447,222511,1.533333,1.57925,0.155583,0.142583,0.040792,3.295958,3.451541,0,,,193
projscalar1_abs,projabs,honest_homo,eval_045,checkpoint_specific,99.0,1.5,16,64,192,110039,110039,2132,32,96,111105,111105,222435,222499,1.845583,1.619375,0.192708,0.154208,0.048958,3.668124,3.860832,0,,,193
projscalar1_abs,projabs,honest_homo,eval_046,checkpoint_specific,99.0,1.5,16,64,192,110089,110089,2132,32,96,111155,111155,222535,222599,1.57275,1.561,0.163125,0.146791,0.043167,3.323708,3.486833,0,,,193
projscalar1_abs,projabs,honest_homo,eval_047,checkpoint_specific,99.0,1.5,16,64,192,140708,140708,2132,32,96,141774,141774,283773,283837,1.79725,1.790125,0.27275,0.172875,0.049291,3.809541,4.082291,0,,,193
projscalar1_abs,projabs,honest_homo,eval_048,checkpoint_specific,99.0,1.5,16,64,192,140709,140709,2132,32,96,141775,141775,283775,283839,1.890042,1.721209,0.249875,0.171625,0.048375,3.831251,4.081126,0,,,193
projscalar1_abs,projabs,honest_homo,eval_049,checkpoint_specific,99.0,1.5,16,64,192,140782,140782,2132,32,96,141848,141848,283921,283985,2.132125,1.708708,0.256542,0.184792,0.0485,4.074125,4.330667,0,,,193
projscalar1_abs,projabs,honest_homo,eval_050,checkpoint_specific,99.0,1.5,16,64,192,110109,110109,2132,32,96,111175,111175,222575,222639,1.553625,1.564208,0.305083,0.141125,0.0485,3.307458,3.612541,0,,,193
projscalar1_abs,projabs,honest_homo,eval_051,checkpoint_specific,99.0,1.5,16,64,192,125473,125473,2132,32,96,126539,126539,253303,253367,1.798917,1.683083,0.2545,0.1615,0.056208,3.699708,3.954208,0,,,193
projscalar1_abs,projabs,honest_homo,eval_052,checkpoint_specific,99.0,1.5,16,64,192,133158,133158,2132,32,96,134224,134224,268673,268737,1.620625,1.616959,0.217458,0.184208,0.043375,3.465167,3.682625,0,,,193
projscalar1_abs,projabs,honest_homo,eval_053,checkpoint_specific,99.0,1.5,16,64,192,117930,117930,2132,32,96,118996,118996,238217,238281,1.66475,1.707417,0.198042,0.162792,0.044375,3.579334,3.777376,0,,,193
projscalar1_abs,projabs,honest_homo,eval_054,checkpoint_specific,99.0,1.5,16,64,192,117955,117955,2132,32,96,119021,119021,238267,238331,1.643334,1.587625,0.171792,0.141833,0.043042,3.415834,3.587626,0,,,193
projscalar1_abs,projabs,honest_homo,eval_055,checkpoint_specific,99.0,1.5,16,64,192,117827,117827,2132,32,96,118893,118893,238011,238075,1.609625,1.65525,0.201459,0.139542,0.049625,3.454042,3.655501,0,,,193
projscalar1_abs,projabs,honest_homo,eval_056,checkpoint_specific,99.0,1.5,16,64,192,117845,117845,2132,32,96,118911,118911,238047,238111,1.765208,1.772791,0.203417,0.137292,0.047167,3.722458,3.925875,0,,,193
projscalar1_abs,projabs,honest_homo,eval_057,checkpoint_specific,99.0,1.5,16,64,192,148278,148278,2132,32,96,149344,149344,298913,298977,1.828917,2.0535,0.302417,0.188042,0.050708,4.121167,4.423584,0,,,193
projscalar1_abs,projabs,honest_homo,eval_058,checkpoint_specific,99.0,1.5,16,64,192,148424,148424,2132,32,96,149490,149490,299205,299269,1.743084,1.600583,0.210875,0.18575,0.043375,3.572792,3.783667,0,,,193
projscalar1_abs,projabs,honest_homo,eval_059,checkpoint_specific,99.0,1.5,16,64,192,148408,148408,2132,32,96,149474,149474,299173,299237,1.843625,1.870917,0.322458,0.193875,0.052959,3.961376,4.283834,0,,,193
projscalar1_abs,projabs,honest_homo,eval_060,checkpoint_specific,99.0,1.5,16,64,192,117952,117952,2132,32,96,119018,119018,238261,238325,1.686625,1.5525,0.175875,0.152458,0.044458,3.436041,3.611916,0,,,193
projscalar1_abs,projabs,honest_homo,eval_061,checkpoint_specific,99.0,1.5,16,64,192,94729,94729,2132,32,96,95795,95795,191815,191879,1.520167,1.56375,0.149458,0.128791,0.040709,3.253417,3.402875,0,,,193
projscalar1_abs,projabs,honest_homo,eval_062,checkpoint_specific,99.0,1.5,16,64,192,102420,102420,2132,32,96,103486,103486,207197,207261,1.771584,1.576583,0.177333,0.148333,0.044875,3.541375,3.718708,0,,,193
projscalar1_abs,projabs,honest_homo,eval_063,checkpoint_specific,99.0,1.5,16,64,192,86997,86997,2132,32,96,88063,88063,176351,176415,1.484709,1.463667,0.148416,0.136459,0.042833,3.127668,3.276084,0,,,193
projscalar1_abs,projabs,honest_homo,eval_064,checkpoint_specific,99.0,1.5,16,64,192,87139,87139,2132,32,96,88205,88205,176635,176699,1.588667,1.645209,0.225167,0.142417,0.049625,3.425918,3.651085,0,,,193
projscalar1_abs,projabs,honest_homo,eval_065,checkpoint_specific,99.0,1.5,16,64,192,87081,87081,2132,32,96,88147,88147,176519,176583,1.629167,1.500792,0.157125,0.13475,0.043083,3.307792,3.464917,0,,,193
projscalar1_abs,projabs,honest_homo,eval_066,checkpoint_specific,99.0,1.5,16,64,192,87056,87056,2132,32,96,88122,88122,176469,176533,1.515834,1.57225,0.177291,0.152792,0.048167,3.289043,3.466334,0,,,193
projscalar1_abs,projabs,honest_homo,eval_067,checkpoint_specific,99.0,1.5,16,64,192,117822,117822,2132,32,96,118888,118888,238001,238065,1.657042,1.589459,0.195,0.155458,0.048709,3.450668,3.645668,0,,,193
projscalar1_abs,projabs,honest_homo,eval_068,checkpoint_specific,99.0,1.5,16,64,192,117889,117889,2132,32,96,118955,118955,238135,238199,1.666167,1.725542,0.212708,0.154333,0.050333,3.596375,3.809083,0,,,193
projscalar1_abs,projabs,honest_homo,eval_069,checkpoint_specific,99.0,1.5,16,64,192,117797,117797,2132,32,96,118863,118863,237951,238015,1.715333,1.621084,0.19475,0.144667,0.046917,3.528001,3.722751,0,,,193
projscalar1_abs,projabs,honest_homo,eval_070,checkpoint_specific,99.0,1.5,16,64,192,87040,87040,2132,32,96,88106,88106,176437,176501,1.649667,1.711167,0.197834,0.148042,0.055125,3.564001,3.761835,0,,,193
projscalar1_abs,projabs,honest_homo,eval_071,checkpoint_specific,99.0,1.5,16,64,192,102442,102442,2132,32,96,103508,103508,207241,207305,1.78525,1.575834,0.180125,0.147875,0.04525,3.554209,3.734334,0,,,193
projscalar1_abs,projabs,honest_homo,eval_072,checkpoint_specific,99.0,1.5,16,64,192,110082,110082,2132,32,96,111148,111148,222521,222585,1.566375,1.524792,0.161209,0.1445,0.045792,3.281459,3.442668,0,,,193
projscalar1_abs,projabs,honest_homo,eval_073,checkpoint_specific,99.0,1.5,16,64,192,94742,94742,2132,32,96,95808,95808,191841,191905,1.707833,1.63075,0.225625,0.142583,0.049167,3.530333,3.755958,0,,,193
projscalar1_abs,projabs,honest_homo,eval_074,checkpoint_specific,99.0,1.5,16,64,192,94770,94770,2132,32,96,95836,95836,191897,191961,1.651125,1.558666,0.181667,0.147875,0.056334,3.414,3.595667,0,,,193
projscalar1_abs,projabs,honest_homo,eval_075,checkpoint_specific,99.0,1.5,16,64,192,94677,94677,2132,32,96,95743,95743,191711,191775,1.634667,1.598333,0.195041,0.1485,0.048292,3.429792,3.624833,0,,,193
projscalar1_abs,projabs,honest_homo,eval_076,checkpoint_specific,99.0,1.5,16,64,192,94651,94651,2132,32,96,95717,95717,191659,191723,1.586,1.516042,0.155875,0.142125,0.042417,3.286584,3.442459,0,,,193
projscalar1_abs,projabs,honest_homo,eval_077,checkpoint_specific,99.0,1.5,16,64,192,125450,125450,2132,32,96,126516,126516,253257,253321,1.65,1.595167,0.167416,0.139584,0.042917,3.427668,3.595084,0,,,193
projscalar1_abs,projabs,honest_homo,eval_078,checkpoint_specific,99.0,1.5,16,64,192,125481,125481,2132,32,96,126547,126547,253319,253383,1.750708,1.703875,0.220625,0.159625,0.051542,3.66575,3.886375,0,,,193
projscalar1_abs,projabs,honest_homo,eval_079,checkpoint_specific,99.0,1.5,16,64,192,125437,125437,2132,32,96,126503,126503,253231,253295,1.6815,1.784875,0.232583,0.157625,0.049542,3.673542,3.906125,0,,,193
projscalar1_abs,projabs,honest_homo,eval_080,checkpoint_specific,99.0,1.5,16,64,192,94814,94814,2132,32,96,95880,95880,191985,192049,1.787583,1.580833,0.181625,0.149833,0.047583,3.565832,3.747457,0,,,193
projscalar1_abs,projabs,honest_homo,eval_081,checkpoint_specific,99.0,1.5,16,64,192,102323,102323,2132,32,96,103389,103389,207003,207067,1.546292,1.518209,0.16125,0.152375,0.043542,3.260418,3.421668,0,,,193
projscalar1_abs,projabs,honest_homo,eval_082,checkpoint_specific,99.0,1.5,16,64,192,110077,110077,2132,32,96,111143,111143,222511,222575,1.67325,1.623167,0.212208,0.151125,0.049292,3.496834,3.709042,0,,,193
projscalar1_abs,projabs,honest_homo,eval_083,checkpoint_specific,99.0,1.5,16,64,192,94746,94746,2132,32,96,95812,95812,191849,191913,1.650458,1.519917,0.164667,0.143333,0.042875,3.356583,3.52125,0,,,193
projscalar1_abs,projabs,honest_homo,eval_084,checkpoint_specific,99.0,1.5,16,64,192,94772,94772,2132,32,96,95838,95838,191901,191965,1.529041,1.583167,0.172667,0.149083,0.044,3.305291,3.477958,0,,,193
projscalar1_abs,projabs,honest_homo,eval_085,checkpoint_specific,99.0,1.5,16,64,192,94711,94711,2132,32,96,95777,95777,191779,191843,1.608,1.512833,0.168958,0.145083,0.045208,3.311124,3.480082,0,,,193
projscalar1_abs,projabs,honest_homo,eval_086,checkpoint_specific,99.0,1.5,16,64,192,94658,94658,2132,32,96,95724,95724,191673,191737,1.551125,1.513416,0.146041,0.127083,0.040375,3.231999,3.37804,0,,,193
projscalar1_abs,projabs,honest_homo,eval_087,checkpoint_specific,99.0,1.5,16,64,192,125362,125362,2132,32,96,126428,126428,253081,253145,1.737875,1.601875,0.234583,0.157084,0.046125,3.542959,3.777542,0,,,193
projscalar1_abs,projabs,honest_homo,eval_088,checkpoint_specific,99.0,1.5,16,64,192,125445,125445,2132,32,96,126511,126511,253247,253311,1.597333,1.596542,0.1685,0.154,0.041667,3.389542,3.558042,0,,,193
projscalar1_abs,projabs,honest_homo,eval_089,checkpoint_specific,99.0,1.5,16,64,192,125479,125479,2132,32,96,126545,126545,253315,253379,1.796583,1.677209,0.19725,0.157333,0.044709,3.675834,3.873084,0,,,193
projscalar1_abs,projabs,honest_homo,eval_090,checkpoint_specific,99.0,1.5,16,64,192,94653,94653,2132,32,96,95719,95719,191663,191727,1.527875,1.520833,0.1645,0.145375,0.042583,3.236666,3.401166,0,,,193
projscalar1_abs,projabs,honest_homo,eval_091,checkpoint_specific,99.0,1.5,16,64,192,94583,94583,2132,32,96,95649,95649,191523,191587,1.563208,1.644,0.194167,0.143125,0.049375,3.399708,3.593875,0,,,193
projscalar1_abs,projabs,honest_homo,eval_092,checkpoint_specific,99.0,1.5,16,64,192,102324,102324,2132,32,96,103390,103390,207005,207069,1.696042,1.555708,0.166458,0.1475,0.044458,3.443708,3.610166,0,,,193
projscalar1_abs,projabs,honest_homo,eval_093,checkpoint_specific,99.0,1.5,16,64,192,87015,87015,2132,32,96,88081,88081,176387,176451,1.526375,1.575625,0.16325,0.167416,0.043833,3.313249,3.476499,0,,,193
projscalar1_abs,projabs,honest_homo,eval_094,checkpoint_specific,99.0,1.5,16,64,192,87058,87058,2132,32,96,88124,88124,176473,176537,1.609459,1.494917,0.153084,0.140959,0.042291,3.287626,3.44071,0,,,193
projscalar1_abs,projabs,honest_homo,eval_095,checkpoint_specific,99.0,1.5,16,64,192,86952,86952,2132,32,96,88018,88018,176261,176325,1.493375,1.541709,0.147834,0.139458,0.041958,3.2165,3.364334,0,,,193
projscalar1_abs,projabs,honest_homo,eval_096,checkpoint_specific,99.0,1.5,16,64,192,87127,87127,2132,32,96,88193,88193,176611,176675,1.628167,1.58275,0.198958,0.14175,0.047834,3.400501,3.599459,0,,,193
projscalar1_abs,projabs,honest_homo,eval_097,checkpoint_specific,99.0,1.5,16,64,192,117750,117750,2132,32,96,118816,118816,237857,237921,1.605375,1.580958,0.161208,0.150417,0.042,3.37875,3.539958,0,,,193
projscalar1_abs,projabs,honest_homo,eval_098,checkpoint_specific,99.0,1.5,16,64,192,117759,117759,2132,32,96,118825,118825,237875,237939,1.65075,1.741042,0.190666,0.155375,0.051125,3.598292,3.788958,0,,,193
projscalar1_abs,projabs,honest_homo,eval_099,checkpoint_specific,99.0,1.5,16,64,192,117780,117780,2132,32,96,118846,118846,237917,237981,1.661041,1.53975,0.181834,0.153458,0.046542,3.400791,3.582625,0,,,193
projscalar1_abs,projabs,honest_homo,eval_100,checkpoint_specific,99.0,1.5,16,64,192,87059,87059,2132,32,96,88125,88125,176475,176539,1.523667,1.574292,0.170375,0.146042,0.047542,3.291543,3.461918,0,,,193
projscalar1_abs,projabs,honest_homo,eval_101,checkpoint_specific,99.0,1.5,16,64,192,94700,94700,2132,32,96,95766,95766,191757,191821,1.612125,1.609167,0.169208,0.1445,0.046667,3.412459,3.581667,0,,,193
projscalar1_abs,projabs,honest_homo,eval_102,checkpoint_specific,99.0,1.5,16,64,192,102373,102373,2132,32,96,103439,103439,207103,207167,1.561208,1.505959,0.150958,0.148292,0.043458,3.258917,3.409875,0,,,193
projscalar1_abs,projabs,honest_homo,eval_103,checkpoint_specific,99.0,1.5,16,64,192,87158,87158,2132,32,96,88224,88224,176673,176737,1.61575,1.576625,0.175458,0.141209,0.043916,3.3775,3.552958,0,,,193
projscalar1_abs,projabs,honest_homo,eval_104,checkpoint_specific,99.0,1.5,16,64,192,87146,87146,2132,32,96,88212,88212,176649,176713,1.495125,1.561458,0.163333,0.142709,0.044041,3.243333,3.406666,0,,,193
projscalar1_abs,projabs,honest_homo,eval_105,checkpoint_specific,99.0,1.5,16,64,192,87135,87135,2132,32,96,88201,88201,176627,176691,1.546083,1.598666,0.20175,0.140208,0.049792,3.334749,3.536499,0,,,193
projscalar1_abs,projabs,honest_homo,eval_106,checkpoint_specific,99.0,1.5,16,64,192,87115,87115,2132,32,96,88181,88181,176587,176651,1.579542,1.516709,0.156416,0.140292,0.042208,3.278751,3.435167,0,,,193
projscalar1_abs,projabs,honest_homo,eval_107,checkpoint_specific,99.0,1.5,16,64,192,117810,117810,2132,32,96,118876,118876,237977,238041,1.568,1.704125,0.182,0.153167,0.043625,3.468917,3.650917,0,,,193
projscalar1_abs,projabs,honest_homo,eval_108,checkpoint_specific,99.0,1.5,16,64,192,117838,117838,2132,32,96,118904,118904,238033,238097,1.685417,1.591,0.201042,0.152958,0.043417,3.472792,3.673834,0,,,193
projscalar1_abs,projabs,honest_homo,eval_109,checkpoint_specific,99.0,1.5,16,64,192,117828,117828,2132,32,96,118894,118894,238013,238077,1.59275,1.580417,0.163583,0.152083,0.041833,3.367083,3.530666,0,,,193
projscalar1_abs,projabs,honest_homo,eval_110,checkpoint_specific,99.0,1.5,16,64,192,87160,87160,2132,32,96,88226,88226,176677,176741,1.768,1.66375,0.199917,0.142167,0.049792,3.623709,3.823626,0,,,193
projscalar1_abs,projabs,honest_homo,eval_111,checkpoint_specific,99.0,1.5,16,64,192,87018,87018,2132,32,96,88084,88084,176393,176457,1.509166,1.502083,0.157083,0.140666,0.042917,3.194832,3.351915,0,,,193
projscalar1_abs,projabs,honest_homo,eval_112,checkpoint_specific,99.0,1.5,16,64,192,94785,94785,2132,32,96,95851,95851,191927,191991,1.605542,1.637667,0.179958,0.144,0.05,3.437209,3.617167,0,,,193
projscalar1_abs,projabs,honest_homo,eval_113,checkpoint_specific,99.0,1.5,16,64,192,79413,79413,2132,32,96,80479,80479,161183,161247,1.514834,1.449833,0.251917,0.14125,0.043833,3.14975,3.401667,0,,,193
projscalar1_abs,projabs,honest_homo,eval_114,checkpoint_specific,99.0,1.5,16,64,192,79398,79398,2132,32,96,80464,80464,161153,161217,1.523708,1.554875,0.180792,0.140416,0.053208,3.272207,3.452999,0,,,193
projscalar1_abs,projabs,honest_homo,eval_115,checkpoint_specific,99.0,1.5,16,64,192,79342,79342,2132,32,96,80408,80408,161041,161105,1.585958,1.475292,0.154625,0.137041,0.04175,3.240041,3.394666,0,,,193
projscalar1_abs,projabs,honest_homo,eval_116,checkpoint_specific,99.0,1.5,16,64,192,79427,79427,2132,32,96,80493,80493,161211,161275,1.477792,1.466375,0.148833,0.1375,0.03975,3.121417,3.27025,0,,,193
projscalar1_abs,projabs,honest_homo,eval_117,checkpoint_specific,99.0,1.5,16,64,192,110094,110094,2132,32,96,111160,111160,222545,222609,1.762583,1.609958,0.1815,0.1575,0.044917,3.574958,3.756458,0,,,193
projscalar1_abs,projabs,honest_homo,eval_118,checkpoint_specific,99.0,1.5,16,64,192,110064,110064,2132,32,96,111130,111130,222485,222549,1.565584,1.534291,0.152125,0.156,0.03625,3.292125,3.44425,0,,,193
projscalar1_abs,projabs,honest_homo,eval_119,checkpoint_specific,99.0,1.5,16,64,192,110108,110108,2132,32,96,111174,111174,222573,222637,1.57525,1.625375,0.203167,0.15125,0.048084,3.399959,3.603126,0,,,193
projscalar1_abs,projabs,honest_homo,eval_120,checkpoint_specific,99.0,1.5,16,64,192,79443,79443,2132,32,96,80509,80509,161243,161307,1.648166,1.507625,0.159583,0.141458,0.042583,3.339832,3.499415,0,,,193
projscalar1_abs,projabs,honest_homo,eval_121,checkpoint_specific,99.0,1.5,16,64,192,125386,125386,2132,32,96,126452,126452,253129,253193,1.585875,1.643,0.17375,0.158208,0.038583,3.425666,3.599416,0,,,193
projscalar1_abs,projabs,honest_homo,eval_122,checkpoint_specific,99.0,1.5,16,64,192,133104,133104,2132,32,96,134170,134170,268565,268629,1.709625,1.60125,0.249,0.185542,0.042958,3.539375,3.788375,0,,,193
projscalar1_abs,projabs,honest_homo,eval_123,checkpoint_specific,99.0,1.5,16,64,192,117705,117705,2132,32,96,118771,118771,237767,237831,1.671959,1.56,0.163416,0.142834,0.038875,3.413668,3.577084,0,,,193
projscalar1_abs,projabs,honest_homo,eval_124,checkpoint_specific,99.0,1.5,16,64,192,117871,117871,2132,32,96,118937,118937,238099,238163,1.68325,1.631542,0.198792,0.151167,0.046167,3.512126,3.710918,0,,,193
projscalar1_abs,projabs,honest_homo,eval_125,checkpoint_specific,99.0,1.5,16,64,192,117680,117680,2132,32,96,118746,118746,237717,237781,1.586209,1.584292,0.170916,0.152958,0.048166,3.371625,3.542541,0,,,193
projscalar1_abs,projabs,honest_homo,eval_126,checkpoint_specific,99.0,1.5,16,64,192,117799,117799,2132,32,96,118865,118865,237955,238019,1.732625,1.67525,0.184792,0.159625,0.042667,3.610167,3.794959,0,,,193
projscalar1_abs,projabs,honest_homo,eval_127,checkpoint_specific,99.0,1.5,16,64,192,148349,148349,2132,32,96,149415,149415,299055,299119,1.648459,1.621625,0.211,0.18425,0.041167,3.495501,3.706501,0,,,193
projscalar1_abs,projabs,honest_homo,eval_128,checkpoint_specific,99.0,1.5,16,64,192,148283,148283,2132,32,96,149349,149349,298923,298987,1.735625,1.784625,0.2675,0.187209,0.047833,3.755292,4.022792,0,,,193
projscalar1_abs,projabs,honest_homo,eval_129,checkpoint_specific,99.0,1.5,16,64,192,148312,148312,2132,32,96,149378,149378,298981,299045,1.795584,1.623667,0.206041,0.184542,0.04275,3.646543,3.852584,0,,,193
projscalar1_abs,projabs,honest_homo,eval_130,checkpoint_specific,99.0,1.5,16,64,192,117825,117825,2132,32,96,118891,118891,238007,238071,1.657417,1.702792,0.200417,0.159542,0.046334,3.566085,3.766502,0,,,193
projscalar1_abs,projabs,honest_homo,eval_131,checkpoint_specific,99.0,1.5,16,64,192,94679,94679,2132,32,96,95745,95745,191715,191779,1.587292,1.494417,0.158625,0.145875,0.132625,3.360209,3.518834,0,,,193
projscalar1_abs,projabs,honest_homo,eval_132,checkpoint_specific,99.0,1.5,16,64,192,102344,102344,2132,32,96,103410,103410,207045,207109,1.562667,1.556583,0.157667,0.130125,0.042084,3.291459,3.449126,0,,,193
projscalar1_abs,projabs,honest_homo,eval_133,checkpoint_specific,99.0,1.5,16,64,192,87095,87095,2132,32,96,88161,88161,176547,176611,1.591208,1.526209,0.17075,0.140083,0.045042,3.302542,3.473292,0,,,193
projscalar1_abs,projabs,honest_homo,eval_134,checkpoint_specific,99.0,1.5,16,64,192,87056,87056,2132,32,96,88122,88122,176469,176533,1.604125,1.487709,0.15575,0.131125,0.041875,3.264834,3.420584,0,,,193
projscalar1_abs,projabs,honest_homo,eval_135,checkpoint_specific,99.0,1.5,16,64,192,86993,86993,2132,32,96,88059,88059,176343,176407,1.665834,1.63325,0.181209,0.140916,0.045166,3.485166,3.666375,0,,,193
projscalar1_abs,projabs,honest_homo,eval_136,checkpoint_specific,99.0,1.5,16,64,192,87088,87088,2132,32,96,88154,88154,176533,176597,1.52325,1.562583,0.1525,0.14,0.041333,3.267166,3.419666,0,,,193
projscalar1_abs,projabs,honest_homo,eval_137,checkpoint_specific,99.0,1.5,16,64,192,117719,117719,2132,32,96,118785,118785,237795,237859,1.609208,1.677917,0.206709,0.229958,0.047625,3.564708,3.771417,0,,,193
projscalar1_abs,projabs,honest_homo,eval_138,checkpoint_specific,99.0,1.5,16,64,192,117798,117798,2132,32,96,118864,118864,237953,238017,1.763375,1.669375,0.185584,0.13825,0.048667,3.619667,3.805251,0,,,193
projscalar1_abs,projabs,honest_homo,eval_139,checkpoint_specific,99.0,1.5,16,64,192,117874,117874,2132,32,96,118940,118940,238105,238169,1.699875,3.194166,0.277125,0.159041,0.064375,5.117457,5.394582,0,,,193
projscalar1_abs,projabs,honest_homo,eval_140,checkpoint_specific,99.0,1.5,16,64,192,87075,87075,2132,32,96,88141,88141,176507,176571,1.779709,1.518542,0.169709,0.144167,0.048708,3.491126,3.660835,0,,,193
projscalar1_abs,projabs,honest_homo,eval_141,checkpoint_specific,99.0,1.5,16,64,192,94617,94617,2132,32,96,95683,95683,191591,191655,1.597417,1.851833,0.241584,0.151042,0.056708,3.657,3.898584,0,,,193
projscalar1_abs,projabs,honest_homo,eval_142,checkpoint_specific,99.0,1.5,16,64,192,102410,102410,2132,32,96,103476,103476,207177,207241,1.721625,1.588334,0.182667,0.134167,0.048458,3.492584,3.675251,0,,,193
projscalar1_abs,projabs,honest_homo,eval_143,checkpoint_specific,99.0,1.5,16,64,192,87113,87113,2132,32,96,88179,88179,176583,176647,1.744584,1.964209,0.228791,0.147834,0.061417,3.918044,4.146835,0,,,193
projscalar1_abs,projabs,honest_homo,eval_144,checkpoint_specific,99.0,1.5,16,64,192,87139,87139,2132,32,96,88205,88205,176635,176699,1.691,1.471416,0.164167,0.141125,0.045875,3.349416,3.513583,0,,,193
projscalar1_abs,projabs,honest_homo,eval_145,checkpoint_specific,99.0,1.5,16,64,192,86952,86952,2132,32,96,88018,88018,176261,176325,1.508666,1.524084,0.227334,0.1335,0.050833,3.217083,3.444417,0,,,193
projscalar1_abs,projabs,honest_homo,eval_146,checkpoint_specific,99.0,1.5,16,64,192,87084,87084,2132,32,96,88150,88150,176525,176589,1.769583,1.547,0.20775,0.147375,0.0565,3.520458,3.728208,0,,,193
projscalar1_abs,projabs,honest_homo,eval_147,checkpoint_specific,99.0,1.5,16,64,192,117827,117827,2132,32,96,118893,118893,238011,238075,1.644583,1.560208,0.172833,0.146458,0.040417,3.391666,3.564499,0,,,193
projscalar1_abs,projabs,honest_homo,eval_148,checkpoint_specific,99.0,1.5,16,64,192,117775,117775,2132,32,96,118841,118841,237907,237971,1.707667,1.793709,0.201792,0.156166,0.0475,3.705042,3.906834,0,,,193
projscalar1_abs,projabs,honest_homo,eval_149,checkpoint_specific,99.0,1.5,16,64,192,117819,117819,2132,32,96,118885,118885,237995,238059,1.724792,1.5815,0.171625,0.152292,0.043333,3.501917,3.673542,0,,,193
projscalar1_abs,projabs,honest_homo,eval_150,checkpoint_specific,99.0,1.5,16,64,192,87077,87077,2132,32,96,88143,88143,176511,176575,1.594542,1.627208,0.715042,0.14425,0.056791,3.422791,4.137833,0,,,193
projscalar1_abs,projabs,honest_homo,eval_151,checkpoint_specific,99.0,1.5,16,64,192,110135,110135,2132,32,96,111201,111201,222627,222691,1.921458,2.204334,0.249334,0.14575,0.082875,4.354417,4.603751,0,,,193
projscalar1_abs,projabs,honest_homo,eval_152,checkpoint_specific,99.0,1.5,16,64,192,117832,117832,2132,32,96,118898,118898,238021,238085,1.979167,1.8185,0.256209,0.156125,0.057125,4.010917,4.267126,0,,,193
projscalar1_abs,projabs,honest_homo,eval_153,checkpoint_specific,99.0,1.5,16,64,192,102417,102417,2132,32,96,103483,103483,207191,207255,1.642208,1.584291,0.178167,0.130083,0.080916,3.437498,3.615665,0,,,193
projscalar1_abs,projabs,honest_homo,eval_154,checkpoint_specific,99.0,1.5,16,64,192,102552,102552,2132,32,96,103618,103618,207461,207525,2.024792,1.799167,0.227,0.150458,0.053083,4.0275,4.2545,0,,,193
projscalar1_abs,projabs,honest_homo,eval_155,checkpoint_specific,99.0,1.5,16,64,192,102403,102403,2132,32,96,103469,103469,207163,207227,1.652,1.636292,0.173917,0.132042,0.04625,3.466584,3.640501,0,,,193
projscalar1_abs,projabs,honest_homo,eval_156,checkpoint_specific,99.0,1.5,16,64,192,102452,102452,2132,32,96,103518,103518,207261,207325,1.74775,1.739667,0.226833,0.147708,0.056458,3.691583,3.918416,0,,,193
projscalar1_abs,projabs,honest_homo,eval_157,checkpoint_specific,99.0,1.5,16,64,192,133180,133180,2132,32,96,134246,134246,268717,268781,1.820292,1.66025,0.249875,0.183209,0.051458,3.715209,3.965084,0,,,193
projscalar1_abs,projabs,honest_homo,eval_158,checkpoint_specific,99.0,1.5,16,64,192,133159,133159,2132,32,96,134225,134225,268675,268739,2.512916,2.267459,0.328125,0.2665,0.058166,5.105041,5.433166,0,,,193
projscalar1_abs,projabs,honest_homo,eval_159,checkpoint_specific,99.0,1.5,16,64,192,133204,133204,2132,32,96,134270,134270,268765,268829,1.889167,1.927834,0.2575,0.17375,0.048709,4.03946,4.29696,0,,,193
projscalar1_abs,projabs,honest_homo,eval_160,checkpoint_specific,99.0,1.5,16,64,192,102561,102561,2132,32,96,103627,103627,207479,207543,1.875459,1.622083,0.224834,0.147708,0.052667,3.697917,3.922751,0,,,193
projscalar1_abs,projabs,honest_homo,eval_161,checkpoint_specific,99.0,1.5,16,64,192,102359,102359,2132,32,96,103425,103425,207075,207139,1.522667,1.535833,0.156583,0.141042,0.042583,3.242125,3.398708,0,,,193
projscalar1_abs,projabs,honest_homo,eval_162,checkpoint_specific,99.0,1.5,16,64,192,110073,110073,2132,32,96,111139,111139,222503,222567,1.813333,1.708708,0.241291,0.160542,0.054334,3.736917,3.978208,0,,,193
projscalar1_abs,projabs,honest_homo,eval_163,checkpoint_specific,99.0,1.5,16,64,192,94753,94753,2132,32,96,95819,95819,191863,191927,1.53125,1.488208,0.165708,0.143042,0.042917,3.205417,3.371125,0,,,193
projscalar1_abs,projabs,honest_homo,eval_164,checkpoint_specific,99.0,1.5,16,64,192,94714,94714,2132,32,96,95780,95780,191785,191849,1.559208,1.606542,0.230458,0.150167,0.053125,3.369042,3.5995,0,,,193
projscalar1_abs,projabs,honest_homo,eval_165,checkpoint_specific,99.0,1.5,16,64,192,94710,94710,2132,32,96,95776,95776,191777,191841,1.726583,1.531834,0.172417,0.134625,0.046083,3.439125,3.611542,0,,,193
projscalar1_abs,projabs,honest_homo,eval_166,checkpoint_specific,99.0,1.5,16,64,192,94768,94768,2132,32,96,95834,95834,191893,191957,1.552541,1.530541,0.168292,0.128792,0.049375,3.261249,3.429541,0,,,193
projscalar1_abs,projabs,honest_homo,eval_167,checkpoint_specific,99.0,1.5,16,64,192,125421,125421,2132,32,96,126487,126487,253199,253263,1.772125,1.665125,0.326667,0.161417,0.053958,3.652625,3.979292,0,,,193
projscalar1_abs,projabs,honest_homo,eval_168,checkpoint_specific,99.0,1.5,16,64,192,125426,125426,2132,32,96,126492,126492,253209,253273,1.725708,1.678334,0.206958,0.3125,0.049,3.765542,3.9725,0,,,193
projscalar1_abs,projabs,honest_homo,eval_169,checkpoint_specific,99.0,1.5,16,64,192,125488,125488,2132,32,96,126554,126554,253333,253397,1.902333,1.600125,0.2075,0.155875,0.045875,3.704208,3.911708,0,,,193
projscalar1_abs,projabs,honest_homo,eval_170,checkpoint_specific,99.0,1.5,16,64,192,94781,94781,2132,32,96,95847,95847,191919,191983,1.514958,1.610667,0.1615,0.143,0.044875,3.3135,3.475,0,,,193
projscalar1_abs,projabs,honest_homo,eval_171,checkpoint_specific,99.0,1.5,16,64,192,102424,102424,2132,32,96,103490,103490,207205,207269,1.714375,1.638916,0.205584,0.149041,0.050584,3.552916,3.7585,0,,,193
projscalar1_abs,projabs,honest_homo,eval_172,checkpoint_specific,99.0,1.5,16,64,192,110099,110099,2132,32,96,111165,111165,222555,222619,1.558625,1.567041,0.16175,0.14725,0.042375,3.315291,3.477041,0,,,193
projscalar1_abs,projabs,honest_homo,eval_173,checkpoint_specific,99.0,1.5,16,64,192,94804,94804,2132,32,96,95870,95870,191965,192029,1.576125,1.683416,0.195791,0.144709,0.049208,3.453458,3.649249,0,,,193
projscalar1_abs,projabs,honest_homo,eval_174,checkpoint_specific,99.0,1.5,16,64,192,94787,94787,2132,32,96,95853,95853,191931,191995,1.54525,1.491167,0.159792,0.145416,0.042709,3.224542,3.384334,0,,,193
projscalar1_abs,projabs,honest_homo,eval_175,checkpoint_specific,99.0,1.5,16,64,192,94756,94756,2132,32,96,95822,95822,191869,191933,1.515625,1.537458,0.177792,0.131958,0.050334,3.235375,3.413167,0,,,193
projscalar1_abs,projabs,honest_homo,eval_176,checkpoint_specific,99.0,1.5,16,64,192,94802,94802,2132,32,96,95868,95868,191961,192025,1.6765,1.553208,0.256917,0.141166,0.043292,3.414166,3.671083,0,,,193
projscalar1_abs,projabs,honest_homo,eval_177,checkpoint_specific,99.0,1.5,16,64,192,125428,125428,2132,32,96,126494,126494,253213,253277,1.580625,1.559709,0.156542,0.139458,0.038625,3.318417,3.474959,0,,,193
projscalar1_abs,projabs,honest_homo,eval_178,checkpoint_specific,99.0,1.5,16,64,192,125405,125405,2132,32,96,126471,126471,253167,253231,1.714041,1.6335,0.190833,0.154375,0.046667,3.548583,3.739416,0,,,193
projscalar1_abs,projabs,honest_homo,eval_179,checkpoint_specific,99.0,1.5,16,64,192,125471,125471,2132,32,96,126537,126537,253299,253363,1.58825,1.56225,0.265625,0.160667,0.049667,3.360834,3.626459,0,,,193
projscalar1_abs,projabs,honest_homo,eval_180,checkpoint_specific,99.0,1.5,16,64,192,94765,94765,2132,32,96,95831,95831,191887,191951,1.617209,1.599625,0.213959,0.132958,0.046542,3.396334,3.610293,0,,,193
projscalar1_abs,projabs,honest_homo,eval_181,checkpoint_specific,99.0,1.5,16,64,192,102309,102309,2132,32,96,103375,103375,206975,207039,1.610833,1.593541,0.223042,0.152167,0.05025,3.406791,3.629833,0,,,193
projscalar1_abs,projabs,honest_homo,eval_182,checkpoint_specific,99.0,1.5,16,64,192,109895,109895,2132,32,96,110961,110961,222147,222211,1.727667,2.083875,0.253667,0.1625,0.055,4.029042,4.282709,0,,,193
projscalar1_abs,projabs,honest_homo,eval_183,checkpoint_specific,99.0,1.5,16,64,192,94722,94722,2132,32,96,95788,95788,191801,191865,1.610833,1.48875,0.16325,0.143084,0.0435,3.286167,3.449417,0,,,193
projscalar1_abs,projabs,honest_homo,eval_184,checkpoint_specific,99.0,1.5,16,64,192,94570,94570,2132,32,96,95636,95636,191497,191561,1.539291,1.676208,0.178417,0.131458,0.0495,3.396457,3.574874,0,,,193
projscalar1_abs,projabs,honest_homo,eval_185,checkpoint_specific,99.0,1.5,16,64,192,94672,94672,2132,32,96,95738,95738,191701,191765,1.651833,1.659625,0.200792,0.147208,0.051125,3.509791,3.710583,0,,,193
projscalar1_abs,projabs,honest_homo,eval_186,checkpoint_specific,99.0,1.5,16,64,192,94661,94661,2132,32,96,95727,95727,191679,191743,1.682708,1.552917,0.161458,0.135625,0.047084,3.418334,3.579792,0,,,193
projscalar1_abs,projabs,honest_homo,eval_187,checkpoint_specific,99.0,1.5,16,64,192,125291,125291,2132,32,96,126357,126357,252939,253003,1.718958,1.669041,0.188291,0.156875,0.045292,3.590166,3.778457,0,,,193
projscalar1_abs,projabs,honest_homo,eval_188,checkpoint_specific,99.0,1.5,16,64,192,125342,125342,2132,32,96,126408,126408,253041,253105,1.622459,1.716333,0.170042,0.160583,0.042709,3.542084,3.712126,0,,,193
projscalar1_abs,projabs,honest_homo,eval_189,checkpoint_specific,99.0,1.5,16,64,192,125401,125401,2132,32,96,126467,126467,253159,253223,1.741709,1.742042,0.208834,0.145125,0.053916,3.682792,3.891626,0,,,193
projscalar1_abs,projabs,honest_homo,eval_190,checkpoint_specific,99.0,1.5,16,64,192,94685,94685,2132,32,96,95751,95751,191727,191791,1.655708,1.624,0.1885,0.143708,0.048875,3.472291,3.660791,0,,,193
projscalar1_abs,projabs,honest_homo,eval_191,checkpoint_specific,99.0,1.5,16,64,192,102365,102365,2132,32,96,103431,103431,207087,207151,1.694667,1.576459,0.186917,0.142208,0.047167,3.460501,3.647418,0,,,193
projscalar1_abs,projabs,honest_homo,eval_192,checkpoint_specific,99.0,1.5,16,64,192,109963,109963,2132,32,96,111029,111029,222283,222347,1.577458,1.524833,0.162709,0.150417,0.04225,3.294958,3.457667,0,,,193
projscalar1_abs,projabs,honest_homo,eval_193,checkpoint_specific,99.0,1.5,16,64,192,94729,94729,2132,32,96,95795,95795,191815,191879,1.582167,1.587291,0.208,0.139042,0.049792,3.358292,3.566292,0,,,193
projscalar1_abs,projabs,honest_homo,eval_194,checkpoint_specific,99.0,1.5,16,64,192,94732,94732,2132,32,96,95798,95798,191821,191885,1.590375,1.541458,0.1585,0.141666,0.042458,3.315957,3.474457,0,,,193
projscalar1_abs,projabs,honest_homo,eval_195,checkpoint_specific,99.0,1.5,16,64,192,94608,94608,2132,32,96,95674,95674,191573,191637,1.515333,1.504416,0.149583,0.125792,0.037584,3.183125,3.332708,0,,,193
projscalar1_abs,projabs,honest_homo,eval_196,checkpoint_specific,99.0,1.5,16,64,192,94721,94721,2132,32,96,95787,95787,191799,191863,1.717583,1.631042,0.173542,0.141875,0.043875,3.534375,3.707917,0,,,193
projscalar1_abs,projabs,honest_homo,eval_197,checkpoint_specific,99.0,1.5,16,64,192,125292,125292,2132,32,96,126358,126358,252941,253005,1.576708,1.631541,0.202875,0.158542,0.046875,3.413666,3.616541,0,,,193
projscalar1_abs,projabs,honest_homo,eval_198,checkpoint_specific,99.0,1.5,16,64,192,125348,125348,2132,32,96,126414,126414,253053,253117,1.722125,1.678625,0.226916,0.154042,0.0445,3.599292,3.826208,0,,,193
projscalar1_abs,projabs,honest_homo,eval_199,checkpoint_specific,99.0,1.5,16,64,192,125330,125330,2132,32,96,126396,126396,253017,253081,1.604167,1.55325,0.167,0.158167,0.042125,3.357709,3.524709,0,,,193
projscalar1_abs,projabs,honest_homo,eval_200,checkpoint_specific,99.0,1.5,16,64,192,94667,94667,2132,32,96,95733,95733,191691,191755,1.706125,1.615417,0.199708,0.142667,0.047834,3.512043,3.711751,0,,,193
projscalar1_abs,projabs,honest_hetero,eval_001,checkpoint_specific,99.0,1.5,16,64,192,125482,125387,2147,32,96,126563,126453,253243,253307,1.650917,1.565417,0.1725,0.153625,0.042041,3.412,3.5845,0,,,195
projscalar1_abs,projabs,honest_hetero,eval_002,checkpoint_specific,99.0,1.5,16,64,192,133215,133175,2147,32,96,134296,134241,268764,268828,1.626542,1.664125,0.262792,0.182375,0.053291,3.526333,3.789125,0,,,195
projscalar1_abs,projabs,honest_hetero,eval_003,checkpoint_specific,99.0,1.5,16,64,192,117767,117824,2147,32,96,118848,118890,237965,238029,1.797958,1.591708,0.189834,0.151,0.047667,3.588333,3.778167,0,,,195
projscalar1_abs,projabs,honest_hetero,eval_004,checkpoint_specific,99.0,1.5,16,64,192,117850,117850,2147,32,96,118931,118916,238074,238138,1.669083,1.83875,0.192875,0.152584,0.045167,3.705584,3.898459,0,,,195
projscalar1_abs,projabs,honest_hetero,eval_005,checkpoint_specific,99.0,1.5,16,64,192,117858,117819,2147,32,96,118939,118885,238051,238115,1.700542,1.574416,0.166666,0.150041,0.042792,3.467791,3.634457,0,,,195
projscalar1_abs,projabs,honest_hetero,eval_006,checkpoint_specific,99.0,1.5,16,64,192,117770,117847,2147,32,96,118851,118913,237991,238055,1.739583,1.681917,0.178083,0.147875,0.042208,3.611583,3.789666,0,,,195
projscalar1_abs,projabs,honest_hetero,eval_007,checkpoint_specific,99.0,1.5,16,64,192,148420,148372,2147,32,96,149501,149438,299166,299230,1.869375,1.734584,0.278667,0.19,0.04925,3.843209,4.121876,0,,,195
projscalar1_abs,projabs,honest_hetero,eval_008,checkpoint_specific,99.0,1.5,16,64,192,148457,148442,2147,32,96,149538,149508,299273,299337,1.733125,1.864,0.242958,0.171167,0.046333,3.814625,4.057583,0,,,195
projscalar1_abs,projabs,honest_hetero,eval_009,checkpoint_specific,99.0,1.5,16,64,192,148426,148502,2147,32,96,149507,149568,299302,299366,2.016792,1.766875,0.248667,0.184625,0.047167,4.015459,4.264126,0,,,195
projscalar1_abs,projabs,honest_hetero,eval_010,checkpoint_specific,99.0,1.5,16,64,192,117800,117752,2147,32,96,118881,118818,237926,237990,1.591792,1.565584,0.167625,0.162292,0.042125,3.361793,3.529418,0,,,195
projscalar1_abs,projabs,honest_hetero,eval_011,checkpoint_specific,99.0,1.5,16,64,192,94626,94634,2147,32,96,95707,95700,191634,191698,1.913209,1.731875,0.202125,0.147208,0.049208,3.8415,4.043625,0,,,195
projscalar1_abs,projabs,honest_hetero,eval_012,checkpoint_specific,99.0,1.5,16,64,192,102352,102368,2147,32,96,103433,103434,207094,207158,1.539,1.498584,0.158333,0.144917,0.04125,3.223751,3.382084,0,,,195
projscalar1_abs,projabs,honest_hetero,eval_013,checkpoint_specific,99.0,1.5,16,64,192,86922,86927,2147,32,96,88003,87993,176223,176287,1.550875,1.580541,0.182458,0.139334,0.047291,3.318041,3.500499,0,,,195
projscalar1_abs,projabs,honest_hetero,eval_014,checkpoint_specific,99.0,1.5,16,64,192,87105,87044,2147,32,96,88186,88110,176523,176587,1.510875,1.573417,0.1845,0.144375,0.048,3.276667,3.461167,0,,,195
projscalar1_abs,projabs,honest_hetero,eval_015,checkpoint_specific,99.0,1.5,16,64,192,87073,87024,2147,32,96,88154,88090,176471,176535,1.573334,1.575792,0.181417,0.143167,0.049292,3.341585,3.523002,0,,,195
projscalar1_abs,projabs,honest_hetero,eval_016,checkpoint_specific,99.0,1.5,16,64,192,87039,87017,2147,32,96,88120,88083,176430,176494,1.669833,1.476917,0.156375,0.139458,0.042584,3.328792,3.485167,0,,,195
projscalar1_abs,projabs,honest_hetero,eval_017,checkpoint_specific,99.0,1.5,16,64,192,117810,117702,2147,32,96,118891,118768,237886,237950,1.597667,1.703458,0.184042,0.158542,0.047125,3.506792,3.690834,0,,,195
projscalar1_abs,projabs,honest_hetero,eval_018,checkpoint_specific,99.0,1.5,16,64,192,117836,117777,2147,32,96,118917,118843,237987,238051,1.654459,1.586417,0.16925,0.154042,0.041625,3.436543,3.605793,0,,,195
projscalar1_abs,projabs,honest_hetero,eval_019,checkpoint_specific,99.0,1.5,16,64,192,117780,117794,2147,32,96,118861,118860,237948,238012,1.550917,1.560666,0.165875,0.149542,0.040417,3.301542,3.467417,0,,,195
projscalar1_abs,projabs,honest_hetero,eval_020,checkpoint_specific,99.0,1.5,16,64,192,87036,87013,2147,32,96,88117,88079,176423,176487,1.589583,1.782291,0.260542,0.143291,0.058459,3.573624,3.834166,0,,,195
projscalar1_abs,projabs,honest_hetero,eval_021,checkpoint_specific,99.0,1.5,16,64,192,102280,102278,2147,32,96,103361,103344,206932,206996,1.712458,1.636625,0.190125,0.151334,0.051,3.551417,3.741542,0,,,195
projscalar1_abs,projabs,honest_hetero,eval_022,checkpoint_specific,99.0,1.5,16,64,192,110000,109959,2147,32,96,111081,111025,222333,222397,1.697083,1.793292,0.249292,0.15325,0.055667,3.699292,3.948584,0,,,195
projscalar1_abs,projabs,honest_hetero,eval_023,checkpoint_specific,99.0,1.5,16,64,192,94637,94688,2147,32,96,95718,95754,191699,191763,1.613541,1.599959,0.164084,0.142792,0.043583,3.399875,3.563959,0,,,195
projscalar1_abs,projabs,honest_hetero,eval_024,checkpoint_specific,99.0,1.5,16,64,192,94661,94655,2147,32,96,95742,95721,191690,191754,1.526167,1.67375,0.268208,0.141166,0.050125,3.391208,3.659416,0,,,195
projscalar1_abs,projabs,honest_hetero,eval_025,checkpoint_specific,99.0,1.5,16,64,192,94647,94608,2147,32,96,95728,95674,191629,191693,1.651667,1.593208,0.168291,0.145167,0.047916,3.437958,3.606249,0,,,195
projscalar1_abs,projabs,honest_hetero,eval_026,checkpoint_specific,99.0,1.5,16,64,192,94616,94641,2147,32,96,95697,95707,191631,191695,1.5515,1.69225,0.16325,0.136584,0.046083,3.426417,3.589667,0,,,195
projscalar1_abs,projabs,honest_hetero,eval_027,checkpoint_specific,99.0,1.5,16,64,192,125451,125318,2147,32,96,126532,126384,253143,253207,1.705917,1.630083,0.175416,0.151917,0.043459,3.531376,3.706792,0,,,195
projscalar1_abs,projabs,honest_hetero,eval_028,checkpoint_specific,99.0,1.5,16,64,192,125349,125330,2147,32,96,126430,126396,253053,253117,1.6285,1.648125,0.189166,0.157042,0.047583,3.48125,3.670416,0,,,195
projscalar1_abs,projabs,honest_hetero,eval_029,checkpoint_specific,99.0,1.5,16,64,192,125386,125406,2147,32,96,126467,126472,253166,253230,1.748916,1.825084,0.226084,0.155459,0.049958,3.779417,4.005501,0,,,195
projscalar1_abs,projabs,honest_hetero,eval_030,checkpoint_specific,99.0,1.5,16,64,192,94604,94632,2147,32,96,95685,95698,191610,191674,1.579042,1.629375,0.209125,0.14825,0.049167,3.405834,3.614959,0,,,195
projscalar1_abs,projabs,honest_hetero,eval_031,checkpoint_specific,99.0,1.5,16,64,192,109980,109933,2147,32,96,111061,110999,222287,222351,2.333833,1.700792,0.220542,0.149958,0.051042,4.235625,4.456167,0,,,195
projscalar1_abs,projabs,honest_hetero,eval_032,checkpoint_specific,99.0,1.5,16,64,192,117729,117742,2147,32,96,118810,118808,237845,237909,1.702208,1.602542,0.187625,0.146917,0.047625,3.499292,3.686917,0,,,195
projscalar1_abs,projabs,honest_hetero,eval_033,checkpoint_specific,99.0,1.5,16,64,192,102388,102412,2147,32,96,103469,103478,207174,207238,1.861916,1.646916,0.212041,0.1475,0.05175,3.708082,3.920123,0,,,195
projscalar1_abs,projabs,honest_hetero,eval_034,checkpoint_specific,99.0,1.5,16,64,192,102368,102360,2147,32,96,103449,103426,207102,207166,1.564834,1.519291,0.16075,0.146334,0.042375,3.272834,3.433584,0,,,195
projscalar1_abs,projabs,honest_hetero,eval_035,checkpoint_specific,99.0,1.5,16,64,192,102434,102369,2147,32,96,103515,103435,207177,207241,1.631208,1.618458,0.222208,0.160041,0.055792,3.465499,3.687707,0,,,195
projscalar1_abs,projabs,honest_hetero,eval_036,checkpoint_specific,99.0,1.5,16,64,192,102317,102345,2147,32,96,103398,103411,207036,207100,1.691125,1.541791,0.178959,0.14825,0.048291,3.429457,3.608416,0,,,195
projscalar1_abs,projabs,honest_hetero,eval_037,checkpoint_specific,99.0,1.5,16,64,192,133104,133072,2147,32,96,134185,134138,268550,268614,1.708917,1.644333,0.344625,0.220375,0.052167,3.625792,3.970417,0,,,195
projscalar1_abs,projabs,honest_hetero,eval_038,checkpoint_specific,99.0,1.5,16,64,192,133066,133104,2147,32,96,134147,134170,268544,268608,1.827875,1.716459,0.252125,0.18825,0.046792,3.779376,4.031501,0,,,195
projscalar1_abs,projabs,honest_hetero,eval_039,checkpoint_specific,99.0,1.5,16,64,192,133119,133130,2147,32,96,134200,134196,268623,268687,1.69525,1.791834,0.266083,0.192,0.05425,3.733334,3.999417,0,,,195
projscalar1_abs,projabs,honest_hetero,eval_040,checkpoint_specific,99.0,1.5,16,64,192,102368,102351,2147,32,96,103449,103417,207093,207157,1.767167,1.6315,0.172125,0.147625,0.043625,3.589917,3.762042,0,,,195
projscalar1_abs,projabs,honest_hetero,eval_041,checkpoint_specific,99.0,1.5,16,64,192,117762,117781,2147,32,96,118843,118847,237917,237981,1.565875,1.602708,0.168542,0.15325,0.04775,3.369583,3.538125,0,,,195
projscalar1_abs,projabs,honest_hetero,eval_042,checkpoint_specific,99.0,1.5,16,64,192,125510,125483,2147,32,96,126591,126549,253367,253431,1.834916,1.675459,0.238167,0.156917,0.054125,3.721417,3.959584,0,,,195
projscalar1_abs,projabs,honest_hetero,eval_043,checkpoint_specific,99.0,1.5,16,64,192,110101,110095,2147,32,96,111182,111161,222570,222634,1.604167,1.652708,0.173625,0.144917,0.043917,3.445709,3.619334,0,,,195
projscalar1_abs,projabs,honest_hetero,eval_044,checkpoint_specific,99.0,1.5,16,64,192,110050,110045,2147,32,96,111131,111111,222472,222536,1.658709,1.608041,0.178667,0.15275,0.024458,3.443958,3.622625,1,prefill,C1,198
projscalar1_abs,projabs,honest_hetero,eval_045,checkpoint_specific,99.0,1.5,16,64,192,110084,110039,2147,32,96,111165,111105,222497,222561,1.606125,1.588375,0.158125,0.147625,0.042542,3.384667,3.542792,0,,,195
projscalar1_abs,projabs,honest_hetero,eval_046,checkpoint_specific,99.0,1.5,16,64,192,110060,110089,2147,32,96,111141,111155,222523,222587,1.581833,1.815667,0.242459,0.147959,0.052459,3.597918,3.840377,0,,,195
projscalar1_abs,projabs,honest_hetero,eval_047,checkpoint_specific,99.0,1.5,16,64,192,140737,140708,2147,32,96,141818,141774,283819,283883,1.683042,1.595292,0.211958,0.183667,0.041625,3.503626,3.715584,0,,,195
projscalar1_abs,projabs,honest_hetero,eval_048,checkpoint_specific,99.0,1.5,16,64,192,140700,140709,2147,32,96,141781,141775,283783,283847,1.638208,1.728208,0.204833,0.195459,0.047875,3.60975,3.814583,0,,,195
projscalar1_abs,projabs,honest_hetero,eval_049,checkpoint_specific,99.0,1.5,16,64,192,140812,140782,2147,32,96,141893,141848,283968,284032,1.818292,1.637584,0.214291,0.198375,0.042917,3.697168,3.911459,0,,,195
projscalar1_abs,projabs,honest_hetero,eval_050,checkpoint_specific,99.0,1.5,16,64,192,110079,110109,2147,32,96,111160,111175,222562,222626,1.573709,1.615542,0.172959,0.1365,0.04575,3.371501,3.54446,0,,,195
projscalar1_abs,projabs,honest_hetero,eval_051,checkpoint_specific,99.0,1.5,16,64,192,125511,125473,2147,32,96,126592,126539,253358,253422,1.7755,1.68775,0.262292,0.153041,0.049084,3.665375,3.927667,0,,,195
projscalar1_abs,projabs,honest_hetero,eval_052,checkpoint_specific,99.0,1.5,16,64,192,133274,133158,2147,32,96,134355,134224,268806,268870,1.809916,1.8205,0.25575,0.187708,0.046208,3.864332,4.120082,0,,,195
projscalar1_abs,projabs,honest_hetero,eval_053,checkpoint_specific,99.0,1.5,16,64,192,117973,117930,2147,32,96,119054,118996,238277,238341,1.785916,1.568625,0.184583,0.150417,0.045458,3.550416,3.734999,0,,,195
projscalar1_abs,projabs,honest_hetero,eval_054,checkpoint_specific,99.0,1.5,16,64,192,117920,117955,2147,32,96,119001,119021,238249,238313,1.579875,1.608333,0.168333,0.151708,0.042625,3.382541,3.550874,0,,,195
projscalar1_abs,projabs,honest_hetero,eval_055,checkpoint_specific,99.0,1.5,16,64,192,117861,117827,2147,32,96,118942,118893,238062,238126,1.833083,1.642541,0.207084,0.150209,0.04675,3.672583,3.879667,0,,,195
projscalar1_abs,projabs,honest_hetero,eval_056,checkpoint_specific,99.0,1.5,16,64,192,117893,117845,2147,32,96,118974,118911,238112,238176,1.574,1.550375,0.165584,0.149959,0.041667,3.316001,3.481585,0,,,195
projscalar1_abs,projabs,honest_hetero,eval_057,checkpoint_specific,99.0,1.5,16,64,192,148351,148278,2147,32,96,149432,149344,299003,299067,1.79325,1.825917,0.307666,0.194666,0.049416,3.863249,4.170915,0,,,195
projscalar1_abs,projabs,honest_hetero,eval_058,checkpoint_specific,99.0,1.5,16,64,192,148430,148424,2147,32,96,149511,149490,299228,299292,1.673791,1.659875,0.207875,0.18575,0.043416,3.562832,3.770707,0,,,195
projscalar1_abs,projabs,honest_hetero,eval_059,checkpoint_specific,99.0,1.5,16,64,192,148378,148408,2147,32,96,149459,149474,299160,299224,1.669916,1.747791,0.281375,0.185,0.047667,3.650374,3.931749,0,,,195
projscalar1_abs,projabs,honest_hetero,eval_060,checkpoint_specific,99.0,1.5,16,64,192,117899,117952,2147,32,96,118980,119018,238225,238289,1.631083,1.676375,0.183583,0.161333,0.045708,3.514499,3.698082,0,,,195
projscalar1_abs,projabs,honest_hetero,eval_061,checkpoint_specific,99.0,1.5,16,64,192,94695,94729,2147,32,96,95776,95795,191798,191862,1.553333,1.591625,0.183625,0.14475,0.043708,3.333416,3.517041,0,,,195
projscalar1_abs,projabs,honest_hetero,eval_062,checkpoint_specific,99.0,1.5,16,64,192,102456,102420,2147,32,96,103537,103486,207250,207314,1.628417,1.533417,0.160292,0.152291,0.038542,3.352667,3.512959,0,,,195
projscalar1_abs,projabs,honest_hetero,eval_063,checkpoint_specific,99.0,1.5,16,64,192,86994,86997,2147,32,96,88075,88063,176365,176429,1.51475,1.615417,0.151,0.135333,0.03975,3.30525,3.45625,0,,,195
projscalar1_abs,projabs,honest_hetero,eval_064,checkpoint_specific,99.0,1.5,16,64,192,87050,87139,2147,32,96,88131,88205,176563,176627,1.662666,1.578666,0.2005,0.141666,0.056167,3.439165,3.639665,0,,,195
projscalar1_abs,projabs,honest_hetero,eval_065,checkpoint_specific,99.0,1.5,16,64,192,87006,87081,2147,32,96,88087,88147,176461,176525,1.516916,1.498333,0.1555,0.140208,0.042458,3.197915,3.353415,0,,,195
projscalar1_abs,projabs,honest_hetero,eval_066,checkpoint_specific,99.0,1.5,16,64,192,86979,87056,2147,32,96,88060,88122,176409,176473,1.576917,1.7075,0.17625,0.142417,0.056292,3.483126,3.659376,0,,,195
projscalar1_abs,projabs,honest_hetero,eval_067,checkpoint_specific,99.0,1.5,16,64,192,117832,117822,2147,32,96,118913,118888,238028,238092,1.608459,1.598834,0.168458,0.15275,0.042708,3.402751,3.571209,0,,,195
projscalar1_abs,projabs,honest_hetero,eval_068,checkpoint_specific,99.0,1.5,16,64,192,117851,117889,2147,32,96,118932,118955,238114,238178,1.611667,1.708167,0.210917,0.152709,0.049292,3.521835,3.732752,0,,,195
projscalar1_abs,projabs,honest_hetero,eval_069,checkpoint_specific,99.0,1.5,16,64,192,117788,117797,2147,32,96,118869,118863,237959,238023,1.766375,1.690625,0.170542,0.158041,0.042041,3.657082,3.827624,0,,,195
projscalar1_abs,projabs,honest_hetero,eval_070,checkpoint_specific,99.0,1.5,16,64,192,87086,87040,2147,32,96,88167,88106,176500,176564,1.527042,1.546291,0.14375,0.125,0.040417,3.23875,3.3825,0,,,195
projscalar1_abs,projabs,honest_hetero,eval_071,checkpoint_specific,99.0,1.5,16,64,192,102328,102442,2147,32,96,103409,103508,207144,207208,1.613833,1.514292,0.168917,0.149666,0.044041,3.321832,3.490749,0,,,195
projscalar1_abs,projabs,honest_hetero,eval_072,checkpoint_specific,99.0,1.5,16,64,192,110106,110082,2147,32,96,111187,111148,222562,222626,1.656333,1.590959,0.163041,0.148292,0.042834,3.438418,3.601459,0,,,195
projscalar1_abs,projabs,honest_hetero,eval_073,checkpoint_specific,99.0,1.5,16,64,192,94746,94742,2147,32,96,95827,95808,191862,191926,1.61525,1.687,0.2035,0.125375,0.045,3.472625,3.676125,0,,,195
projscalar1_abs,projabs,honest_hetero,eval_074,checkpoint_specific,99.0,1.5,16,64,192,94786,94770,2147,32,96,95867,95836,191930,191994,1.661958,1.61575,0.175584,0.126208,0.043167,3.447083,3.622667,0,,,195
projscalar1_abs,projabs,honest_hetero,eval_075,checkpoint_specific,99.0,1.5,16,64,192,94760,94677,2147,32,96,95841,95743,191811,191875,1.777333,1.803125,0.231125,0.14575,0.051625,3.777833,4.008958,0,,,195
projscalar1_abs,projabs,honest_hetero,eval_076,checkpoint_specific,99.0,1.5,16,64,192,94714,94651,2147,32,96,95795,95717,191739,191803,1.589166,1.5275,0.163292,0.1445,0.045041,3.306207,3.469499,0,,,195
projscalar1_abs,projabs,honest_hetero,eval_077,checkpoint_specific,99.0,1.5,16,64,192,125432,125450,2147,32,96,126513,126516,253256,253320,1.598416,1.877417,0.2395,0.156583,0.051209,3.683625,3.923125,0,,,195
projscalar1_abs,projabs,honest_hetero,eval_078,checkpoint_specific,99.0,1.5,16,64,192,125440,125481,2147,32,96,126521,126547,253295,253359,1.736375,1.761833,0.206875,0.155791,0.051334,3.705333,3.912208,0,,,195
projscalar1_abs,projabs,honest_hetero,eval_079,checkpoint_specific,99.0,1.5,16,64,192,125501,125437,2147,32,96,126582,126503,253312,253376,1.651792,1.689666,0.167333,0.13825,0.057167,3.536875,3.704208,0,,,195
projscalar1_abs,projabs,honest_hetero,eval_080,checkpoint_specific,99.0,1.5,16,64,192,94765,94814,2147,32,96,95846,95880,191953,192017,1.610542,1.501583,0.159,0.141834,0.041667,3.295626,3.454626,0,,,195
projscalar1_abs,projabs,honest_hetero,eval_081,checkpoint_specific,99.0,1.5,16,64,192,102392,102323,2147,32,96,103473,103389,207089,207153,1.640125,1.611291,0.156583,0.145459,0.043792,3.440667,3.59725,0,,,195
projscalar1_abs,projabs,honest_hetero,eval_082,checkpoint_specific,99.0,1.5,16,64,192,110110,110077,2147,32,96,111191,111143,222561,222625,1.75,1.65325,0.217292,0.150709,0.051,3.604959,3.822251,0,,,195
projscalar1_abs,projabs,honest_hetero,eval_083,checkpoint_specific,99.0,1.5,16,64,192,94755,94746,2147,32,96,95836,95812,191875,191939,1.578125,1.584125,0.183,0.172625,0.050417,3.385292,3.568292,0,,,195
projscalar1_abs,projabs,honest_hetero,eval_084,checkpoint_specific,99.0,1.5,16,64,192,94704,94772,2147,32,96,95785,95838,191853,191917,1.805542,1.757542,0.2055,0.144542,0.040125,3.747751,3.953251,1,prefill,C2,198
projscalar1_abs,projabs,honest_hetero,eval_085,checkpoint_specific,99.0,1.5,16,64,192,94719,94711,2147,32,96,95800,95777,191804,191868,1.5595,1.507916,0.155834,0.1425,0.042417,3.252333,3.408167,0,,,195
projscalar1_abs,projabs,honest_hetero,eval_086,checkpoint_specific,99.0,1.5,16,64,192,94602,94658,2147,32,96,95683,95724,191634,191698,1.557334,1.733292,0.221166,0.148667,0.047584,3.486877,3.708043,0,,,195
projscalar1_abs,projabs,honest_hetero,eval_087,checkpoint_specific,99.0,1.5,16,64,192,125505,125362,2147,32,96,126586,126428,253241,253305,1.669708,1.716334,0.177375,0.154667,0.043625,3.584334,3.761709,0,,,195
projscalar1_abs,projabs,honest_hetero,eval_088,checkpoint_specific,99.0,1.5,16,64,192,125399,125445,2147,32,96,126480,126511,253218,253282,1.663084,1.665417,0.191791,0.181875,0.048333,3.558709,3.7505,0,,,195
projscalar1_abs,projabs,honest_hetero,eval_089,checkpoint_specific,99.0,1.5,16,64,192,125488,125479,2147,32,96,126569,126545,253341,253405,1.811458,1.593417,0.179042,0.15,0.044041,3.598916,3.777958,0,,,195
projscalar1_abs,projabs,honest_hetero,eval_090,checkpoint_specific,99.0,1.5,16,64,192,94579,94653,2147,32,96,95660,95719,191606,191670,1.553625,1.553958,0.154875,0.126541,0.040917,3.275041,3.429916,0,,,195
projscalar1_abs,projabs,honest_hetero,eval_091,checkpoint_specific,99.0,1.5,16,64,192,94662,94583,2147,32,96,95743,95649,191619,191683,1.681958,1.673042,0.192292,0.128667,0.046459,3.530126,3.722418,0,,,195
projscalar1_abs,projabs,honest_hetero,eval_092,checkpoint_specific,99.0,1.5,16,64,192,102355,102324,2147,32,96,103436,103390,207053,207117,1.693542,1.622,0.253833,0.143125,0.044667,3.503334,3.757167,0,,,195
projscalar1_abs,projabs,honest_hetero,eval_093,checkpoint_specific,99.0,1.5,16,64,192,87002,87015,2147,32,96,88083,88081,176391,176455,1.755333,1.592084,0.195959,0.142125,0.049625,3.539167,3.735126,0,,,195
projscalar1_abs,projabs,honest_hetero,eval_094,checkpoint_specific,99.0,1.5,16,64,192,87089,87058,2147,32,96,88170,88124,176521,176585,1.536334,1.530167,0.155916,0.140917,0.043583,3.251001,3.406917,0,,,195
projscalar1_abs,projabs,honest_hetero,eval_095,checkpoint_specific,99.0,1.5,16,64,192,87039,86952,2147,32,96,88120,88018,176365,176429,1.515209,1.687792,0.228667,0.142792,0.055,3.400793,3.62946,0,,,195
projscalar1_abs,projabs,honest_hetero,eval_096,checkpoint_specific,99.0,1.5,16,64,192,87028,87127,2147,32,96,88109,88193,176529,176593,1.761958,1.583875,0.180084,0.144084,0.048333,3.53825,3.718334,0,,,195
projscalar1_abs,projabs,honest_hetero,eval_097,checkpoint_specific,99.0,1.5,16,64,192,117746,117750,2147,32,96,118827,118816,237870,237934,1.589542,1.666666,0.172083,0.137625,0.042375,3.436208,3.608291,0,,,195
projscalar1_abs,projabs,honest_hetero,eval_098,checkpoint_specific,99.0,1.5,16,64,192,117710,117759,2147,32,96,118791,118825,237843,237907,1.77075,1.566875,0.174209,0.151916,0.043958,3.533499,3.707708,0,,,195
projscalar1_abs,projabs,honest_hetero,eval_099,checkpoint_specific,99.0,1.5,16,64,192,117768,117780,2147,32,96,118849,118846,237922,237986,1.646541,1.573458,0.164125,0.147833,0.040417,3.408249,3.572374,0,,,195
projscalar1_abs,projabs,honest_hetero,eval_100,checkpoint_specific,99.0,1.5,16,64,192,87096,87059,2147,32,96,88177,88125,176529,176593,1.632875,1.632583,0.191,0.123375,0.04875,3.437583,3.628583,0,,,195
projscalar1_abs,projabs,honest_hetero,eval_101,checkpoint_specific,99.0,1.5,16,64,192,94646,94700,2147,32,96,95727,95766,191720,191784,1.673125,1.6245,0.184125,0.127208,0.048542,3.473375,3.6575,0,,,195
projscalar1_abs,projabs,honest_hetero,eval_102,checkpoint_specific,99.0,1.5,16,64,192,102334,102373,2147,32,96,103415,103439,207081,207145,1.996084,1.634583,0.206708,0.147625,0.048083,3.826375,4.033083,0,,,195
projscalar1_abs,projabs,honest_hetero,eval_103,checkpoint_specific,99.0,1.5,16,64,192,87159,87158,2147,32,96,88240,88224,176694,176758,1.517625,1.519084,0.155167,0.13725,0.03325,3.207209,3.362376,1,prefill,C2,198
projscalar1_abs,projabs,honest_hetero,eval_104,checkpoint_specific,99.0,1.5,16,64,192,87133,87146,2147,32,96,88214,88212,176653,176717,1.519042,1.755417,0.223375,0.142125,0.055,3.471584,3.694959,0,,,195
projscalar1_abs,projabs,honest_hetero,eval_105,checkpoint_specific,99.0,1.5,16,64,192,87165,87135,2147,32,96,88246,88201,176674,176738,1.770416,1.537583,0.179292,0.142375,0.04825,3.498624,3.677916,0,,,195
projscalar1_abs,projabs,honest_hetero,eval_106,checkpoint_specific,99.0,1.5,16,64,192,87088,87115,2147,32,96,88169,88181,176577,176641,1.519291,1.597167,0.148542,0.162792,0.043,3.32225,3.470792,0,,,195
projscalar1_abs,projabs,honest_hetero,eval_107,checkpoint_specific,99.0,1.5,16,64,192,117863,117810,2147,32,96,118944,118876,238047,238111,1.682916,1.553708,0.16425,0.151417,0.041458,3.429499,3.593749,0,,,195
projscalar1_abs,projabs,honest_hetero,eval_108,checkpoint_specific,99.0,1.5,16,64,192,117819,117838,2147,32,96,118900,118904,238031,238095,1.654084,1.572375,0.1765,0.16025,0.069458,3.456167,3.632667,0,,,195
projscalar1_abs,projabs,honest_hetero,eval_109,checkpoint_specific,99.0,1.5,16,64,192,117845,117828,2147,32,96,118926,118894,238047,238111,1.909667,1.640916,0.224334,0.153791,0.052,3.756374,3.980708,0,,,195
projscalar1_abs,projabs,honest_hetero,eval_110,checkpoint_specific,99.0,1.5,16,64,192,87157,87160,2147,32,96,88238,88226,176691,176755,1.521333,1.491125,0.158792,0.142792,0.039791,3.195041,3.353833,0,,,195
projscalar1_abs,projabs,honest_hetero,eval_111,checkpoint_specific,99.0,1.5,16,64,192,87009,87018,2147,32,96,88090,88084,176401,176465,1.655209,1.598083,0.171916,0.1405,0.052375,3.446167,3.618083,0,,,195
projscalar1_abs,projabs,honest_hetero,eval_112,checkpoint_specific,99.0,1.5,16,64,192,94736,94785,2147,32,96,95817,95851,191895,191959,1.518584,1.504292,0.153291,0.143,0.041375,3.207251,3.360542,0,,,195
projscalar1_abs,projabs,honest_hetero,eval_113,checkpoint_specific,99.0,1.5,16,64,192,79463,79413,2147,32,96,80544,80479,161250,161314,1.514333,1.637917,0.212042,0.14275,0.051333,3.346333,3.558375,0,,,195
projscalar1_abs,projabs,honest_hetero,eval_114,checkpoint_specific,99.0,1.5,16,64,192,79395,79398,2147,32,96,80476,80464,161167,161231,1.715625,1.536167,0.191292,0.142458,0.045583,3.439833,3.631125,0,,,195
projscalar1_abs,projabs,honest_hetero,eval_115,checkpoint_specific,99.0,1.5,16,64,192,79365,79342,2147,32,96,80446,80408,161081,161145,1.575625,1.67125,0.1955,0.142375,0.050041,3.439291,3.634791,0,,,195
projscalar1_abs,projabs,honest_hetero,eval_116,checkpoint_specific,99.0,1.5,16,64,192,79375,79427,2147,32,96,80456,80493,161176,161240,1.674084,1.531375,0.191709,0.141208,0.043542,3.390209,3.581918,0,,,195
projscalar1_abs,projabs,honest_hetero,eval_117,checkpoint_specific,99.0,1.5,16,64,192,110102,110094,2147,32,96,111183,111160,222570,222634,1.700917,1.563792,0.163334,0.149333,0.042584,3.456626,3.61996,0,,,195
projscalar1_abs,projabs,honest_hetero,eval_118,checkpoint_specific,99.0,1.5,16,64,192,110106,110064,2147,32,96,111187,111130,222544,222608,1.777917,1.639458,0.199167,0.148209,0.0475,3.613084,3.812251,0,,,195
projscalar1_abs,projabs,honest_hetero,eval_119,checkpoint_specific,99.0,1.5,16,64,192,110088,110108,2147,32,96,111169,111174,222570,222634,1.550625,1.689667,0.173417,0.152334,0.044166,3.436792,3.610209,0,,,195
projscalar1_abs,projabs,honest_hetero,eval_120,checkpoint_specific,99.0,1.5,16,64,192,79375,79443,2147,32,96,80456,80509,161192,161256,1.659959,1.597042,0.176583,0.137708,0.044125,3.438834,3.615417,0,,,195
projscalar1_abs,projabs,honest_hetero,eval_121,checkpoint_specific,99.0,1.5,16,64,192,125360,125386,2147,32,96,126441,126452,253120,253184,1.609666,1.595917,0.168042,0.153458,0.041375,3.400416,3.568458,0,,,195
projscalar1_abs,projabs,honest_hetero,eval_122,checkpoint_specific,99.0,1.5,16,64,192,133086,133104,2147,32,96,134167,134170,268567,268631,1.63,1.68275,0.272875,0.173292,0.037875,3.523917,3.796792,1,prefill,C2,198
projscalar1_abs,projabs,honest_hetero,eval_123,checkpoint_specific,99.0,1.5,16,64,192,117742,117705,2147,32,96,118823,118771,237821,237885,1.862209,1.645,0.211583,0.141458,0.050792,3.699459,3.911042,0,,,195
projscalar1_abs,projabs,honest_hetero,eval_124,checkpoint_specific,99.0,1.5,16,64,192,117797,117871,2147,32,96,118878,118937,238042,238106,1.7145,1.780041,0.236875,0.190792,0.056125,3.741458,3.978333,0,,,195
projscalar1_abs,projabs,honest_hetero,eval_125,checkpoint_specific,99.0,1.5,16,64,192,117678,117680,2147,32,96,118759,118746,237732,237796,1.73175,1.715625,0.171625,0.152542,0.044667,3.644584,3.816209,0,,,195
projscalar1_abs,projabs,honest_hetero,eval_126,checkpoint_specific,99.0,1.5,16,64,192,117703,117799,2147,32,96,118784,118865,237876,237940,1.603209,1.5775,0.162791,0.137125,0.039792,3.357626,3.520417,0,,,195
projscalar1_abs,projabs,honest_hetero,eval_127,checkpoint_specific,99.0,1.5,16,64,192,148369,148349,2147,32,96,149450,149415,299092,299156,1.969292,1.704291,0.278167,0.18875,0.049542,3.911875,4.190042,0,,,195
projscalar1_abs,projabs,honest_hetero,eval_128,checkpoint_specific,99.0,1.5,16,64,192,148295,148283,2147,32,96,149376,149349,298955,299019,1.701625,1.7715,0.222166,0.189209,0.035167,3.697501,3.919667,1,prefill,C2,198
projscalar1_abs,projabs,honest_hetero,eval_129,checkpoint_specific,99.0,1.5,16,64,192,148357,148312,2147,32,96,149438,149378,299043,299107,1.838666,1.72525,0.239917,0.18425,0.043958,3.792124,4.032041,0,,,195
projscalar1_abs,projabs,honest_hetero,eval_130,checkpoint_specific,99.0,1.5,16,64,192,117729,117825,2147,32,96,118810,118891,237928,237992,1.607667,1.546708,0.165917,0.18,0.040875,3.37525,3.541167,0,,,195
projscalar1_abs,projabs,honest_hetero,eval_131,checkpoint_specific,99.0,1.5,16,64,192,94707,94679,2147,32,96,95788,95745,191760,191824,1.851,1.666625,0.207584,0.140583,0.04725,3.705458,3.913042,0,,,195
projscalar1_abs,projabs,honest_hetero,eval_132,checkpoint_specific,99.0,1.5,16,64,192,102318,102344,2147,32,96,103399,103410,207036,207100,1.636333,1.650125,0.187583,0.140208,0.0425,3.469166,3.656749,0,,,195
projscalar1_abs,projabs,honest_hetero,eval_133,checkpoint_specific,99.0,1.5,16,64,192,87104,87095,2147,32,96,88185,88161,176573,176637,1.755625,1.659,0.204375,0.141833,0.047833,3.604291,3.808666,0,,,195
projscalar1_abs,projabs,honest_hetero,eval_134,checkpoint_specific,99.0,1.5,16,64,192,87047,87056,2147,32,96,88128,88122,176477,176541,1.625875,1.53575,0.161292,0.139208,0.041333,3.342166,3.503458,0,,,195
projscalar1_abs,projabs,honest_hetero,eval_135,checkpoint_specific,99.0,1.5,16,64,192,87130,86993,2147,32,96,88211,88059,176497,176561,1.531458,1.727875,0.19625,0.140667,0.048625,3.448625,3.644875,0,,,195
projscalar1_abs,projabs,honest_hetero,eval_136,checkpoint_specific,99.0,1.5,16,64,192,87043,87088,2147,32,96,88124,88154,176505,176569,1.658708,1.5345,0.164625,0.141208,0.044042,3.378458,3.543083,0,,,195
projscalar1_abs,projabs,honest_hetero,eval_137,checkpoint_specific,99.0,1.5,16,64,192,117784,117719,2147,32,96,118865,118785,237877,237941,1.641833,1.661834,0.160083,0.152292,0.044208,3.500167,3.66025,0,,,195
projscalar1_abs,projabs,honest_hetero,eval_138,checkpoint_specific,99.0,1.5,16,64,192,117790,117798,2147,32,96,118871,118864,237962,238026,1.710666,1.617166,0.189792,0.153792,0.046667,3.528291,3.718083,0,,,195
projscalar1_abs,projabs,honest_hetero,eval_139,checkpoint_specific,99.0,1.5,16,64,192,117857,117874,2147,32,96,118938,118940,238105,238169,1.661084,1.581834,0.172041,0.15225,0.043583,3.438751,3.610792,0,,,195
projscalar1_abs,projabs,honest_hetero,eval_140,checkpoint_specific,99.0,1.5,16,64,192,87125,87075,2147,32,96,88206,88141,176574,176638,1.746917,1.587916,0.189542,0.143542,0.047,3.525375,3.714917,0,,,195
projscalar1_abs,projabs,honest_hetero,eval_141,checkpoint_specific,99.0,1.5,16,64,192,94627,94617,2147,32,96,95708,95683,191618,191682,1.570208,1.563166,0.177625,0.143416,0.042375,3.319165,3.49679,0,,,195
projscalar1_abs,projabs,honest_hetero,eval_142,checkpoint_specific,99.0,1.5,16,64,192,102347,102410,2147,32,96,103428,103476,207131,207195,1.601166,1.731458,0.233791,0.150917,0.046625,3.530166,3.763957,0,,,195
projscalar1_abs,projabs,honest_hetero,eval_143,checkpoint_specific,99.0,1.5,16,64,192,87062,87113,2147,32,96,88143,88179,176549,176613,1.585709,1.515833,0.154833,0.139791,0.041875,3.283208,3.438041,0,,,195
projscalar1_abs,projabs,honest_hetero,eval_144,checkpoint_specific,99.0,1.5,16,64,192,87134,87139,2147,32,96,88215,88205,176647,176711,1.510333,1.593791,0.166458,0.127,0.050708,3.281832,3.44829,0,,,195
projscalar1_abs,projabs,honest_hetero,eval_145,checkpoint_specific,99.0,1.5,16,64,192,87012,86952,2147,32,96,88093,88018,176338,176402,1.643667,1.555792,0.183125,0.131041,0.044166,3.374666,3.557791,0,,,195
projscalar1_abs,projabs,honest_hetero,eval_146,checkpoint_specific,99.0,1.5,16,64,192,86994,87084,2147,32,96,88075,88150,176452,176516,2.146625,1.754291,0.177875,0.149334,0.044416,4.094666,4.272541,0,,,195
projscalar1_abs,projabs,honest_hetero,eval_147,checkpoint_specific,99.0,1.5,16,64,192,117804,117827,2147,32,96,118885,118893,238005,238069,1.70475,1.564375,0.172916,0.15125,0.043417,3.463792,3.636708,0,,,195
projscalar1_abs,projabs,honest_hetero,eval_148,checkpoint_specific,99.0,1.5,16,64,192,117769,117775,2147,32,96,118850,118841,237918,237982,1.591375,1.685792,0.189125,0.153459,0.047333,3.477959,3.667084,0,,,195
projscalar1_abs,projabs,honest_hetero,eval_149,checkpoint_specific,99.0,1.5,16,64,192,117863,117819,2147,32,96,118944,118885,238056,238120,1.869291,1.630458,0.183084,0.151333,0.043542,3.694624,3.877708,0,,,195
projscalar1_abs,projabs,honest_hetero,eval_150,checkpoint_specific,99.0,1.5,16,64,192,87074,87077,2147,32,96,88155,88143,176525,176589,1.505334,1.509875,0.152542,0.140417,0.041375,3.197001,3.349543,0,,,195
projscalar1_abs,projabs,honest_hetero,eval_151,checkpoint_specific,99.0,1.5,16,64,192,110042,110135,2147,32,96,111123,111201,222551,222615,1.668542,1.7725,0.190375,0.152792,0.045459,3.639293,3.829668,0,,,195
projscalar1_abs,projabs,honest_hetero,eval_152,checkpoint_specific,99.0,1.5,16,64,192,117815,117832,2147,32,96,118896,118898,238021,238085,1.605541,1.558833,0.16575,0.161125,0.038708,3.364207,3.529957,0,,,195
projscalar1_abs,projabs,honest_hetero,eval_153,checkpoint_specific,99.0,1.5,16,64,192,102461,102417,2147,32,96,103542,103483,207252,207316,1.575083,1.633667,0.168,0.129042,0.044542,3.382334,3.550334,0,,,195
projscalar1_abs,projabs,honest_hetero,eval_154,checkpoint_specific,99.0,1.5,16,64,192,102546,102552,2147,32,96,103627,103618,207472,207536,1.726958,1.781791,0.178875,0.148125,0.044125,3.700999,3.879874,0,,,195
projscalar1_abs,projabs,honest_hetero,eval_155,checkpoint_specific,99.0,1.5,16,64,192,102499,102403,2147,32,96,103580,103469,207276,207340,1.632292,1.9125,0.277584,0.1645,0.065875,3.775167,4.052751,0,,,195
projscalar1_abs,projabs,honest_hetero,eval_156,checkpoint_specific,99.0,1.5,16,64,192,102383,102452,2147,32,96,103464,103518,207209,207273,1.832792,1.664417,0.226291,0.130709,0.052208,3.680126,3.906417,0,,,195
projscalar1_abs,projabs,honest_hetero,eval_157,checkpoint_specific,99.0,1.5,16,64,192,133246,133180,2147,32,96,134327,134246,268800,268864,1.707125,1.86975,0.265042,0.17225,0.047125,3.79625,4.061292,0,,,195
projscalar1_abs,projabs,honest_hetero,eval_158,checkpoint_specific,99.0,1.5,16,64,192,133188,133159,2147,32,96,134269,134225,268721,268785,1.79175,1.659458,0.2195,0.186667,0.042125,3.68,3.8995,0,,,195
projscalar1_abs,projabs,honest_hetero,eval_159,checkpoint_specific,99.0,1.5,16,64,192,133226,133204,2147,32,96,134307,134270,268804,268868,1.706083,1.723917,0.2345,0.189,0.045958,3.664958,3.899458,0,,,195
projscalar1_abs,projabs,honest_hetero,eval_160,checkpoint_specific,99.0,1.5,16,64,192,102460,102561,2147,32,96,103541,103627,207395,207459,1.744625,1.59,0.17225,0.146875,0.043167,3.524667,3.696917,0,,,195
projscalar1_abs,projabs,honest_hetero,eval_161,checkpoint_specific,99.0,1.5,16,64,192,102324,102359,2147,32,96,103405,103425,207057,207121,1.551333,1.544125,0.165167,0.183,0.04275,3.321208,3.486375,0,,,195
projscalar1_abs,projabs,honest_hetero,eval_162,checkpoint_specific,99.0,1.5,16,64,192,110096,110073,2147,32,96,111177,111139,222543,222607,1.742083,1.676834,0.214417,0.152083,0.049125,3.620125,3.834542,0,,,195
projscalar1_abs,projabs,honest_hetero,eval_163,checkpoint_specific,99.0,1.5,16,64,192,94635,94753,2147,32,96,95716,95819,191762,191826,1.697417,1.583042,0.191333,0.144209,0.047292,3.47196,3.663293,0,,,195
projscalar1_abs,projabs,honest_hetero,eval_164,checkpoint_specific,99.0,1.5,16,64,192,94714,94714,2147,32,96,95795,95780,191802,191866,1.839709,1.827334,0.22625,0.147291,0.052917,3.867251,4.093501,0,,,195
projscalar1_abs,projabs,honest_hetero,eval_165,checkpoint_specific,99.0,1.5,16,64,192,94796,94710,2147,32,96,95877,95776,191880,191944,1.599334,1.576583,0.164208,0.135667,0.042,3.353584,3.517792,0,,,195
projscalar1_abs,projabs,honest_hetero,eval_166,checkpoint_specific,99.0,1.5,16,64,192,94765,94768,2147,32,96,95846,95834,191907,191971,1.622417,1.779584,0.210125,0.133167,0.050292,3.58546,3.795585,0,,,195
projscalar1_abs,projabs,honest_hetero,eval_167,checkpoint_specific,99.0,1.5,16,64,192,125478,125421,2147,32,96,126559,126487,253273,253337,1.760708,1.630875,0.179458,0.156083,0.042959,3.590625,3.770083,0,,,195
projscalar1_abs,projabs,honest_hetero,eval_168,checkpoint_specific,99.0,1.5,16,64,192,125440,125426,2147,32,96,126521,126492,253240,253304,1.659375,1.82025,0.19125,0.164458,0.05225,3.696333,3.887583,0,,,195
projscalar1_abs,projabs,honest_hetero,eval_169,checkpoint_specific,99.0,1.5,16,64,192,125542,125488,2147,32,96,126623,126554,253404,253468,1.728416,1.627917,0.184083,0.15625,0.044791,3.557374,3.741457,0,,,195
projscalar1_abs,projabs,honest_hetero,eval_170,checkpoint_specific,99.0,1.5,16,64,192,94695,94781,2147,32,96,95776,95847,191850,191914,1.535334,1.528166,0.149583,0.176292,0.048458,3.28825,3.437833,0,,,195
projscalar1_abs,projabs,honest_hetero,eval_171,checkpoint_specific,99.0,1.5,16,64,192,102420,102424,2147,32,96,103501,103490,207218,207282,1.722708,1.724709,0.214208,0.15075,0.048334,3.646501,3.860709,0,,,195
projscalar1_abs,projabs,honest_hetero,eval_172,checkpoint_specific,99.0,1.5,16,64,192,110128,110099,2147,32,96,111209,111165,222601,222665,1.664167,1.683375,0.188625,0.219291,0.057417,3.62425,3.812875,0,,,195
projscalar1_abs,projabs,honest_hetero,eval_173,checkpoint_specific,99.0,1.5,16,64,192,94759,94804,2147,32,96,95840,95870,191937,192001,1.763917,1.656208,0.2145,0.148125,0.049292,3.617542,3.832042,0,,,195
projscalar1_abs,projabs,honest_hetero,eval_174,checkpoint_specific,99.0,1.5,16,64,192,94784,94787,2147,32,96,95865,95853,191945,192009,1.55375,1.651542,0.160375,0.142583,0.051166,3.399041,3.559416,0,,,195
projscalar1_abs,projabs,honest_hetero,eval_175,checkpoint_specific,99.0,1.5,16,64,192,94807,94756,2147,32,96,95888,95822,191937,192001,1.789375,1.651583,0.202167,0.144792,0.0465,3.63225,3.834417,0,,,195
projscalar1_abs,projabs,honest_hetero,eval_176,checkpoint_specific,99.0,1.5,16,64,192,94799,94802,2147,32,96,95880,95868,191975,192039,1.557334,1.532125,0.151833,0.137083,0.040833,3.267375,3.419208,0,,,195
projscalar1_abs,projabs,honest_hetero,eval_177,checkpoint_specific,99.0,1.5,16,64,192,125542,125428,2147,32,96,126623,126494,253344,253408,1.667708,1.798083,0.201167,0.15525,0.0515,3.672541,3.873708,0,,,195
projscalar1_abs,projabs,honest_hetero,eval_178,checkpoint_specific,99.0,1.5,16,64,192,125412,125405,2147,32,96,126493,126471,253191,253255,1.653209,1.603167,0.165708,0.153167,0.041458,3.451001,3.616709,0,,,195
projscalar1_abs,projabs,honest_hetero,eval_179,checkpoint_specific,99.0,1.5,16,64,192,125554,125471,2147,32,96,126635,126537,253399,253463,1.605042,1.681792,0.175917,0.14325,0.050208,3.480292,3.656209,0,,,195
projscalar1_abs,projabs,honest_hetero,eval_180,checkpoint_specific,99.0,1.5,16,64,192,94779,94765,2147,32,96,95860,95831,191918,191982,1.624625,1.6165,0.168583,0.145417,0.043708,3.43025,3.598833,0,,,195
projscalar1_abs,projabs,honest_hetero,eval_181,checkpoint_specific,99.0,1.5,16,64,192,102235,102309,2147,32,96,103316,103375,206918,206982,1.573792,1.575,0.14975,0.129375,0.038125,3.316292,3.466042,0,,,195
projscalar1_abs,projabs,honest_hetero,eval_182,checkpoint_specific,99.0,1.5,16,64,192,109944,109895,2147,32,96,111025,110961,222213,222277,1.669584,1.646959,0.17175,0.147667,0.042667,3.506877,3.678627,0,,,195
projscalar1_abs,projabs,honest_hetero,eval_183,checkpoint_specific,99.0,1.5,16,64,192,94673,94722,2147,32,96,95754,95788,191772,191836,1.55475,1.5535,0.156875,0.142792,0.0325,3.283542,3.440417,1,prefill,C2,198
projscalar1_abs,projabs,honest_hetero,eval_184,checkpoint_specific,99.0,1.5,16,64,192,94605,94570,2147,32,96,95686,95636,191549,191613,1.574125,1.624375,0.205542,0.145208,0.048166,3.391874,3.597416,0,,,195
projscalar1_abs,projabs,honest_hetero,eval_185,checkpoint_specific,99.0,1.5,16,64,192,94771,94672,2147,32,96,95852,95738,191817,191881,1.628625,1.603042,0.194375,0.148541,0.047875,3.428083,3.622458,0,,,195
projscalar1_abs,projabs,honest_hetero,eval_186,checkpoint_specific,99.0,1.5,16,64,192,94585,94661,2147,32,96,95666,95727,191620,191684,1.655708,2.069917,0.269292,0.146916,0.054542,3.927083,4.196375,0,,,195
projscalar1_abs,projabs,honest_hetero,eval_187,checkpoint_specific,99.0,1.5,16,64,192,125332,125291,2147,32,96,126413,126357,252997,253061,1.692583,1.627417,0.218375,0.156625,0.043125,3.51975,3.738125,0,,,195
projscalar1_abs,projabs,honest_hetero,eval_188,checkpoint_specific,99.0,1.5,16,64,192,125345,125342,2147,32,96,126426,126408,253061,253125,1.619875,1.743875,0.208541,0.157417,0.05275,3.573917,3.782458,0,,,195
projscalar1_abs,projabs,honest_hetero,eval_189,checkpoint_specific,99.0,1.5,16,64,192,125415,125401,2147,32,96,126496,126467,253190,253254,1.886125,1.636875,0.197833,0.155583,0.044458,3.723041,3.920874,0,,,195
projscalar1_abs,projabs,honest_hetero,eval_190,checkpoint_specific,99.0,1.5,16,64,192,94678,94685,2147,32,96,95759,95751,191737,191801,1.531459,1.596959,0.166375,0.147917,0.044625,3.32096,3.487335,0,,,195
projscalar1_abs,projabs,honest_hetero,eval_191,checkpoint_specific,99.0,1.5,16,64,192,102330,102365,2147,32,96,103411,103431,207069,207133,1.659875,1.604083,0.188416,0.147458,0.04625,3.457666,3.646082,0,,,195
projscalar1_abs,projabs,honest_hetero,eval_192,checkpoint_specific,99.0,1.5,16,64,192,109995,109963,2147,32,96,111076,111029,222332,222396,1.630792,1.573459,0.183458,0.15,0.043666,3.397917,3.581375,0,,,195
projscalar1_abs,projabs,honest_hetero,eval_193,checkpoint_specific,99.0,1.5,16,64,192,94705,94729,2147,32,96,95786,95795,191808,191872,1.706333,1.672875,0.193875,0.139917,0.049167,3.568292,3.762167,0,,,195
projscalar1_abs,projabs,honest_hetero,eval_194,checkpoint_specific,99.0,1.5,16,64,192,94633,94732,2147,32,96,95714,95798,191739,191803,1.61325,1.629625,0.185417,0.128125,0.044042,3.415042,3.600459,0,,,195
projscalar1_abs,projabs,honest_hetero,eval_195,checkpoint_specific,99.0,1.5,16,64,192,94653,94608,2147,32,96,95734,95674,191635,191699,1.936125,1.692542,0.225541,0.147875,0.049333,3.825875,4.051416,0,,,195
projscalar1_abs,projabs,honest_hetero,eval_196,checkpoint_specific,99.0,1.5,16,64,192,94622,94721,2147,32,96,95703,95787,191717,191781,1.606459,1.517125,0.15825,0.14225,0.041834,3.307668,3.465918,0,,,195
projscalar1_abs,projabs,honest_hetero,eval_197,checkpoint_specific,99.0,1.5,16,64,192,125376,125292,2147,32,96,126457,126358,253042,253106,1.604708,1.77875,0.216791,0.154125,0.051625,3.589208,3.805999,0,,,195
projscalar1_abs,projabs,honest_hetero,eval_198,checkpoint_specific,99.0,1.5,16,64,192,125279,125348,2147,32,96,126360,126414,253001,253065,1.815542,1.625166,0.17375,0.15375,0.042542,3.637,3.81075,0,,,195
projscalar1_abs,projabs,honest_hetero,eval_199,checkpoint_specific,99.0,1.5,16,64,192,125448,125330,2147,32,96,126529,126396,253152,253216,1.602208,1.668459,0.160041,0.168167,0.038417,3.477251,3.637292,0,,,195
projscalar1_abs,projabs,honest_hetero,eval_200,checkpoint_specific,99.0,1.5,16,64,192,94688,94667,2147,32,96,95769,95733,191729,191793,1.647875,1.540209,0.157333,0.155083,0.041292,3.384459,3.541792,0,,,195
projscalar1_abs,projabs,tamper,eval_001,checkpoint_specific,99.0,1.5,16,64,192,125387,125387,2132,32,96,126453,126453,253134,253198,1.591375,1.557667,0.157917,0.149667,0.030334,3.329043,3.48696,1,prefill,C2,196
projscalar1_abs,projabs,tamper,eval_002,checkpoint_specific,99.0,1.5,16,64,192,133175,133175,2132,32,96,134241,134241,268710,268774,1.73875,1.588667,0.231208,0.18525,0.033292,3.545959,3.777167,1,prefill,C2,196
projscalar1_abs,projabs,tamper,eval_003,checkpoint_specific,99.0,1.5,16,64,192,117824,117824,2132,32,96,118890,118890,238008,238072,1.592166,1.568792,0.176791,0.168917,0.036708,3.366583,3.543374,1,prefill,C2,196
projscalar1_abs,projabs,tamper,eval_004,checkpoint_specific,99.0,1.5,16,64,192,117850,117850,2132,32,96,118916,118916,238060,238124,1.696875,1.57075,0.173541,0.151083,0.033708,3.452416,3.625957,1,prefill,C2,196
projscalar1_abs,projabs,tamper,eval_005,checkpoint_specific,99.0,1.5,16,64,192,117819,117819,2132,32,96,118885,118885,237998,238062,1.552875,1.483084,0.15875,0.150625,0.031416,3.218,3.37675,1,prefill,C2,196
projscalar1_abs,projabs,tamper,eval_006,checkpoint_specific,99.0,1.5,16,64,192,117847,117847,2132,32,96,118913,118913,238054,238118,1.597875,1.791625,0.187459,0.151666,0.035542,3.576708,3.764167,1,prefill,C2,196
projscalar1_abs,projabs,tamper,eval_007,checkpoint_specific,99.0,1.5,16,64,192,148372,148372,2132,32,96,149438,149438,299104,299168,1.67175,1.586958,0.211291,0.185125,0.031875,3.475708,3.686999,1,prefill,C2,196
projscalar1_abs,projabs,tamper,eval_008,checkpoint_specific,99.0,1.5,16,64,192,148442,148442,2132,32,96,149508,149508,299244,299308,1.713708,1.792208,0.242375,0.18575,0.041708,3.733374,3.975749,1,prefill,C2,196
projscalar1_abs,projabs,tamper,eval_009,checkpoint_specific,99.0,1.5,16,64,192,148502,148502,2132,32,96,149568,149568,299364,299428,1.69275,1.694042,0.207417,0.184625,0.032458,3.603875,3.811292,1,prefill,C2,196
projscalar1_abs,projabs,tamper,eval_010,checkpoint_specific,99.0,1.5,16,64,192,117752,117752,2132,32,96,118818,118818,237864,237928,1.60475,1.668209,0.189166,0.153375,0.03625,3.462584,3.65175,1,prefill,C2,196
projscalar1_abs,projabs,tamper,eval_011,checkpoint_specific,99.0,1.5,16,64,192,94634,94634,2132,32,96,95700,95700,191628,191692,1.601125,1.579917,0.1605,0.143291,0.032625,3.356958,3.517458,1,prefill,C2,196
projscalar1_abs,projabs,tamper,eval_012,checkpoint_specific,99.0,1.5,16,64,192,102368,102368,2132,32,96,103434,103434,207096,207160,1.559542,1.706458,0.164959,0.145875,0.033417,3.445292,3.610251,1,prefill,C2,196
projscalar1_abs,projabs,tamper,eval_013,checkpoint_specific,99.0,1.5,16,64,192,86927,86927,2132,32,96,87993,87993,176214,176278,1.614042,1.496,0.161416,0.142667,0.03475,3.287459,3.448875,1,prefill,C2,196
projscalar1_abs,projabs,tamper,eval_014,checkpoint_specific,99.0,1.5,16,64,192,87044,87044,2132,32,96,88110,88110,176448,176512,1.514667,1.460709,0.149833,0.140708,0.032375,3.148459,3.298292,1,prefill,C2,196
projscalar1_abs,projabs,tamper,eval_015,checkpoint_specific,99.0,1.5,16,64,192,87024,87024,2132,32,96,88090,88090,176408,176472,1.638,1.73375,0.185833,0.143959,0.036625,3.552334,3.738167,1,prefill,C2,196
projscalar1_abs,projabs,tamper,eval_016,checkpoint_specific,99.0,1.5,16,64,192,87017,87017,2132,32,96,88083,88083,176394,176458,1.56775,1.548041,0.169541,0.132291,0.035292,3.283374,3.452915,1,prefill,C2,196
projscalar1_abs,projabs,tamper,eval_017,checkpoint_specific,99.0,1.5,16,64,192,117702,117702,2132,32,96,118768,118768,237764,237828,1.942875,1.802708,0.191959,0.15425,0.042791,3.942624,4.134583,1,prefill,C2,196
projscalar1_abs,projabs,tamper,eval_018,checkpoint_specific,99.0,1.5,16,64,192,117777,117777,2132,32,96,118843,118843,237914,237978,1.708,1.705084,0.190875,0.154375,0.037417,3.604876,3.795751,1,prefill,C2,196
projscalar1_abs,projabs,tamper,eval_019,checkpoint_specific,99.0,1.5,16,64,192,117794,117794,2132,32,96,118860,118860,237948,238012,1.799208,1.803708,0.185375,0.138541,0.034458,3.775915,3.96129,1,prefill,C2,196
projscalar1_abs,projabs,tamper,eval_020,checkpoint_specific,99.0,1.5,16,64,192,87013,87013,2132,32,96,88079,88079,176386,176450,1.690917,1.609042,0.158791,0.126542,0.037084,3.463585,3.622376,1,prefill,C2,196
projscalar1_abs,projabs,tamper,eval_021,checkpoint_specific,99.0,1.5,16,64,192,102278,102278,2132,32,96,103344,103344,206916,206980,2.037167,2.0205,0.207416,0.152167,0.040458,4.250292,4.457708,1,prefill,C2,196
projscalar1_abs,projabs,tamper,eval_022,checkpoint_specific,99.0,1.5,16,64,192,109959,109959,2132,32,96,111025,111025,222278,222342,1.672625,1.563917,0.166458,0.147375,0.033459,3.417376,3.583834,1,prefill,C2,196
projscalar1_abs,projabs,tamper,eval_023,checkpoint_specific,99.0,1.5,16,64,192,94688,94688,2132,32,96,95754,95754,191736,191800,1.562541,2.158208,0.197666,0.155,0.0385,3.914249,4.111915,1,prefill,C2,196
projscalar1_abs,projabs,tamper,eval_024,checkpoint_specific,99.0,1.5,16,64,192,94655,94655,2132,32,96,95721,95721,191670,191734,1.665042,1.580917,0.152875,0.133,0.034417,3.413376,3.566251,1,prefill,C2,196
projscalar1_abs,projabs,tamper,eval_025,checkpoint_specific,99.0,1.5,16,64,192,94608,94608,2132,32,96,95674,95674,191576,191640,1.657041,1.604,0.188375,0.143708,0.036166,3.440915,3.62929,1,prefill,C2,196
projscalar1_abs,projabs,tamper,eval_026,checkpoint_specific,99.0,1.5,16,64,192,94641,94641,2132,32,96,95707,95707,191642,191706,1.598,1.683417,0.155458,0.144542,0.032792,3.458751,3.614209,1,prefill,C2,196
projscalar1_abs,projabs,tamper,eval_027,checkpoint_specific,99.0,1.5,16,64,192,125318,125318,2132,32,96,126384,126384,252996,253060,1.599958,1.681666,0.2085,0.158875,0.043875,3.484374,3.692874,1,prefill,C2,196
projscalar1_abs,projabs,tamper,eval_028,checkpoint_specific,99.0,1.5,16,64,192,125330,125330,2132,32,96,126396,126396,253020,253084,1.660792,1.51025,0.176292,0.154,0.0345,3.359542,3.535834,1,prefill,C2,196
projscalar1_abs,projabs,tamper,eval_029,checkpoint_specific,99.0,1.5,16,64,192,125406,125406,2132,32,96,126472,126472,253172,253236,1.684333,1.579375,0.157167,0.1515,0.033292,3.4485,3.605667,1,prefill,C2,196
projscalar1_abs,projabs,tamper,eval_030,checkpoint_specific,99.0,1.5,16,64,192,94632,94632,2132,32,96,95698,95698,191624,191688,1.801875,1.529042,0.180917,0.145625,0.036209,3.512751,3.693668,1,prefill,C2,196
projscalar1_abs,projabs,tamper,eval_031,checkpoint_specific,99.0,1.5,16,64,192,109933,109933,2132,32,96,110999,110999,222226,222290,1.572833,1.535375,0.161833,0.14875,0.03275,3.289708,3.451541,1,prefill,C2,196
projscalar1_abs,projabs,tamper,eval_032,checkpoint_specific,99.0,1.5,16,64,192,117742,117742,2132,32,96,118808,118808,237844,237908,1.824875,1.726,0.190166,0.150541,0.035958,3.737374,3.92754,1,prefill,C2,196
projscalar1_abs,projabs,tamper,eval_033,checkpoint_specific,99.0,1.5,16,64,192,102412,102412,2132,32,96,103478,103478,207184,207248,1.651334,1.61425,0.161375,0.132,0.030375,3.427959,3.589334,1,prefill,C2,196
projscalar1_abs,projabs,tamper,eval_034,checkpoint_specific,99.0,1.5,16,64,192,102360,102360,2132,32,96,103426,103426,207080,207144,2.017625,1.691208,0.189584,0.146459,0.036583,3.891875,4.081459,1,prefill,C2,196
projscalar1_abs,projabs,tamper,eval_035,checkpoint_specific,99.0,1.5,16,64,192,102369,102369,2132,32,96,103435,103435,207098,207162,1.623833,1.472834,0.155334,0.144458,0.032042,3.273167,3.428501,1,prefill,C2,196
projscalar1_abs,projabs,tamper,eval_036,checkpoint_specific,99.0,1.5,16,64,192,102345,102345,2132,32,96,103411,103411,207050,207114,1.525375,1.84675,0.187791,0.158542,0.0345,3.565167,3.752958,1,prefill,C2,196
projscalar1_abs,projabs,tamper,eval_037,checkpoint_specific,99.0,1.5,16,64,192,133072,133072,2132,32,96,134138,134138,268504,268568,1.634709,1.712917,0.252334,0.183708,0.036208,3.567542,3.819876,1,prefill,C2,196
projscalar1_abs,projabs,tamper,eval_038,checkpoint_specific,99.0,1.5,16,64,192,133104,133104,2132,32,96,134170,134170,268568,268632,1.6935,1.676583,0.242291,0.179833,0.034083,3.583999,3.82629,1,prefill,C2,196
projscalar1_abs,projabs,tamper,eval_039,checkpoint_specific,99.0,1.5,16,64,192,133130,133130,2132,32,96,134196,134196,268620,268684,1.639333,1.572917,0.2025,0.180625,0.03275,3.425625,3.628125,1,prefill,C2,196
projscalar1_abs,projabs,tamper,eval_040,checkpoint_specific,99.0,1.5,16,64,192,102351,102351,2132,32,96,103417,103417,207062,207126,1.521083,1.582833,0.190917,0.133,0.034541,3.271457,3.462374,1,prefill,C2,196
projscalar1_abs,projabs,tamper,eval_041,checkpoint_specific,99.0,1.5,16,64,192,117781,117781,2132,32,96,118847,118847,237922,237986,1.742958,1.601875,0.215125,0.146209,0.036833,3.527875,3.743,1,prefill,C2,196
projscalar1_abs,projabs,tamper,eval_042,checkpoint_specific,99.0,1.5,16,64,192,125483,125483,2132,32,96,126549,126549,253326,253390,1.691167,3.053042,0.215792,0.157375,0.042125,4.943709,5.159501,1,prefill,C2,196
projscalar1_abs,projabs,tamper,eval_043,checkpoint_specific,99.0,1.5,16,64,192,110095,110095,2132,32,96,111161,111161,222550,222614,1.673291,1.537375,0.163792,0.149334,0.03625,3.39625,3.560042,1,prefill,C2,196
projscalar1_abs,projabs,tamper,eval_044,checkpoint_specific,99.0,1.5,16,64,192,110045,110045,2132,32,96,111111,111111,222450,222514,1.630333,1.780416,0.207375,0.14675,0.042375,3.599874,3.807249,1,prefill,C2,196
projscalar1_abs,projabs,tamper,eval_045,checkpoint_specific,99.0,1.5,16,64,192,110039,110039,2132,32,96,111105,111105,222438,222502,1.718458,1.670416,0.1595,0.14825,0.032083,3.569207,3.728707,1,prefill,C2,196
projscalar1_abs,projabs,tamper,eval_046,checkpoint_specific,99.0,1.5,16,64,192,110089,110089,2132,32,96,111155,111155,222538,222602,1.621708,1.606375,0.179208,0.151083,0.035791,3.414957,3.594165,1,prefill,C2,196
projscalar1_abs,projabs,tamper,eval_047,checkpoint_specific,99.0,1.5,16,64,192,140708,140708,2132,32,96,141774,141774,283776,283840,1.714083,1.576084,0.212125,0.174959,0.029042,3.494168,3.706293,1,prefill,C2,196
projscalar1_abs,projabs,tamper,eval_048,checkpoint_specific,99.0,1.5,16,64,192,140709,140709,2132,32,96,141775,141775,283778,283842,1.686417,1.669,0.28125,0.183291,0.031792,3.5705,3.85175,1,prefill,C2,196
projscalar1_abs,projabs,tamper,eval_049,checkpoint_specific,99.0,1.5,16,64,192,140782,140782,2132,32,96,141848,141848,283924,283988,1.854209,1.761083,0.246292,0.187916,0.036375,3.839583,4.085875,1,prefill,C2,196
projscalar1_abs,projabs,tamper,eval_050,checkpoint_specific,99.0,1.5,16,64,192,110109,110109,2132,32,96,111175,111175,222578,222642,1.656334,1.711875,0.366291,0.13625,0.042709,3.547168,3.913459,1,prefill,C2,196
projscalar1_abs,projabs,tamper,eval_051,checkpoint_specific,99.0,1.5,16,64,192,125473,125473,2132,32,96,126539,126539,253306,253370,1.890708,1.565375,0.193,0.156042,0.036167,3.648292,3.841292,1,prefill,C2,196
projscalar1_abs,projabs,tamper,eval_052,checkpoint_specific,99.0,1.5,16,64,192,133158,133158,2132,32,96,134224,134224,268676,268740,1.59225,1.566292,0.209166,0.1675,0.028333,3.354375,3.563541,1,prefill,C2,196
projscalar1_abs,projabs,tamper,eval_053,checkpoint_specific,99.0,1.5,16,64,192,117930,117930,2132,32,96,118996,118996,238220,238284,1.916667,1.639916,0.191917,0.150417,0.035333,3.742333,3.93425,1,prefill,C2,196
projscalar1_abs,projabs,tamper,eval_054,checkpoint_specific,99.0,1.5,16,64,192,117955,117955,2132,32,96,119021,119021,238270,238334,1.588917,1.506083,0.159375,0.135,0.027833,3.257833,3.417208,1,prefill,C2,196
projscalar1_abs,projabs,tamper,eval_055,checkpoint_specific,99.0,1.5,16,64,192,117827,117827,2132,32,96,118893,118893,238014,238078,1.680417,1.63025,0.17025,0.16,0.034166,3.504833,3.675083,1,prefill,C2,196
projscalar1_abs,projabs,tamper,eval_056,checkpoint_specific,99.0,1.5,16,64,192,117845,117845,2132,32,96,118911,118911,238050,238114,1.580042,1.568166,0.167334,0.151292,0.033125,3.332625,3.499959,1,prefill,C2,196
projscalar1_abs,projabs,tamper,eval_057,checkpoint_specific,99.0,1.5,16,64,192,148278,148278,2132,32,96,149344,149344,298916,298980,1.937208,1.747791,0.234125,0.185416,0.033791,3.904206,4.138331,1,prefill,C2,196
projscalar1_abs,projabs,tamper,eval_058,checkpoint_specific,99.0,1.5,16,64,192,148424,148424,2132,32,96,149490,149490,299208,299272,1.61375,1.576959,0.194083,0.183458,0.031125,3.405292,3.599375,1,prefill,C2,196
projscalar1_abs,projabs,tamper,eval_059,checkpoint_specific,99.0,1.5,16,64,192,148408,148408,2132,32,96,149474,149474,299176,299240,1.6735,1.816083,0.257208,0.191875,0.033875,3.715333,3.972541,1,prefill,C2,196
projscalar1_abs,projabs,tamper,eval_060,checkpoint_specific,99.0,1.5,16,64,192,117952,117952,2132,32,96,119018,119018,238264,238328,1.589958,1.598958,0.166625,0.151167,0.039625,3.379708,3.546333,1,prefill,C2,196
projscalar1_abs,projabs,tamper,eval_061,checkpoint_specific,99.0,1.5,16,64,192,94729,94729,2132,32,96,95795,95795,191818,191882,1.506,1.558083,0.170042,0.145084,0.0355,3.244667,3.414709,1,prefill,C2,196
projscalar1_abs,projabs,tamper,eval_062,checkpoint_specific,99.0,1.5,16,64,192,102420,102420,2132,32,96,103486,103486,207200,207264,1.667417,1.750291,0.193083,0.153458,0.036667,3.607833,3.800916,1,prefill,C2,196
projscalar1_abs,projabs,tamper,eval_063,checkpoint_specific,99.0,1.5,16,64,192,86997,86997,2132,32,96,88063,88063,176354,176418,1.634084,1.749791,0.189916,0.181917,0.032834,3.598626,3.788542,1,prefill,C2,196
projscalar1_abs,projabs,tamper,eval_064,checkpoint_specific,99.0,1.5,16,64,192,87139,87139,2132,32,96,88205,88205,176638,176702,1.627292,1.455,0.1545,0.139833,0.032584,3.254709,3.409209,1,prefill,C2,196
projscalar1_abs,projabs,tamper,eval_065,checkpoint_specific,99.0,1.5,16,64,192,87081,87081,2132,32,96,88147,88147,176522,176586,1.476958,1.57425,0.153417,0.138084,0.031875,3.221167,3.374584,1,prefill,C2,196
projscalar1_abs,projabs,tamper,eval_066,checkpoint_specific,99.0,1.5,16,64,192,87056,87056,2132,32,96,88122,88122,176472,176536,1.729583,1.512375,0.1725,0.142875,0.03575,3.420583,3.593083,1,prefill,C2,196
projscalar1_abs,projabs,tamper,eval_067,checkpoint_specific,99.0,1.5,16,64,192,117822,117822,2132,32,96,118888,118888,238004,238068,1.6395,1.533541,0.164625,0.152167,0.0355,3.360708,3.525333,1,prefill,C2,196
projscalar1_abs,projabs,tamper,eval_068,checkpoint_specific,99.0,1.5,16,64,192,117889,117889,2132,32,96,118955,118955,238138,238202,1.648833,1.853333,0.183333,0.165125,0.042875,3.710166,3.893499,1,prefill,C2,196
projscalar1_abs,projabs,tamper,eval_069,checkpoint_specific,99.0,1.5,16,64,192,117797,117797,2132,32,96,118863,118863,237954,238018,1.595917,1.544958,0.160583,0.152708,0.032625,3.326208,3.486791,1,prefill,C2,196
projscalar1_abs,projabs,tamper,eval_070,checkpoint_specific,99.0,1.5,16,64,192,87040,87040,2132,32,96,88106,88106,176440,176504,1.5375,1.617458,0.162166,0.124875,0.034167,3.314,3.476166,1,prefill,C2,196
projscalar1_abs,projabs,tamper,eval_071,checkpoint_specific,99.0,1.5,16,64,192,102442,102442,2132,32,96,103508,103508,207244,207308,1.802083,1.548667,0.17875,0.150125,0.034417,3.535292,3.714042,1,prefill,C2,196
projscalar1_abs,projabs,tamper,eval_072,checkpoint_specific,99.0,1.5,16,64,192,110082,110082,2132,32,96,111148,111148,222524,222588,1.630875,1.852625,0.180666,0.148709,0.035834,3.668043,3.848709,1,prefill,C2,196
projscalar1_abs,projabs,tamper,eval_073,checkpoint_specific,99.0,1.5,16,64,192,94742,94742,2132,32,96,95808,95808,191844,191908,1.631833,1.52,0.159375,0.142958,0.033834,3.328625,3.488,1,prefill,C2,196
projscalar1_abs,projabs,tamper,eval_074,checkpoint_specific,99.0,1.5,16,64,192,94770,94770,2132,32,96,95836,95836,191900,191964,1.742125,1.633375,0.157875,0.128208,0.034833,3.538541,3.696416,1,prefill,C2,196
projscalar1_abs,projabs,tamper,eval_075,checkpoint_specific,99.0,1.5,16,64,192,94677,94677,2132,32,96,95743,95743,191714,191778,1.706625,1.508875,0.167583,0.144166,0.027542,3.387208,3.554791,1,prefill,C2,196
projscalar1_abs,projabs,tamper,eval_076,checkpoint_specific,99.0,1.5,16,64,192,94651,94651,2132,32,96,95717,95717,191662,191726,1.62375,1.597958,0.156125,0.14075,0.036792,3.39925,3.555375,1,prefill,C2,196
projscalar1_abs,projabs,tamper,eval_077,checkpoint_specific,99.0,1.5,16,64,192,125450,125450,2132,32,96,126516,126516,253260,253324,1.705791,1.693792,0.174958,0.154,0.032375,3.585958,3.760916,1,prefill,C2,196
projscalar1_abs,projabs,tamper,eval_078,checkpoint_specific,99.0,1.5,16,64,192,125481,125481,2132,32,96,126547,126547,253322,253386,1.609292,1.546875,0.165709,0.138667,0.031125,3.325959,3.491668,1,prefill,C2,196
projscalar1_abs,projabs,tamper,eval_079,checkpoint_specific,99.0,1.5,16,64,192,125437,125437,2132,32,96,126503,126503,253234,253298,1.948792,1.942458,0.187625,0.139375,0.034083,4.064708,4.252333,1,prefill,C2,196
projscalar1_abs,projabs,tamper,eval_080,checkpoint_specific,99.0,1.5,16,64,192,94814,94814,2132,32,96,95880,95880,191988,192052,1.640792,1.598,0.161,0.129875,0.03175,3.400417,3.561417,1,prefill,C2,196
projscalar1_abs,projabs,tamper,eval_081,checkpoint_specific,99.0,1.5,16,64,192,102323,102323,2132,32,96,103389,103389,207006,207070,3.716917,2.447291,0.271792,0.1685,0.053417,6.386125,6.657917,1,prefill,C2,196
projscalar1_abs,projabs,tamper,eval_082,checkpoint_specific,99.0,1.5,16,64,192,110077,110077,2132,32,96,111143,111143,222514,222578,2.7395,3.647708,0.306875,0.20775,0.045542,6.6405,6.947375,1,prefill,C2,196
projscalar1_abs,projabs,tamper,eval_083,checkpoint_specific,99.0,1.5,16,64,192,94746,94746,2132,32,96,95812,95812,191852,191916,3.114917,3.22025,0.584167,0.482959,0.049416,6.867542,7.451709,1,prefill,C2,196
projscalar1_abs,projabs,tamper,eval_084,checkpoint_specific,99.0,1.5,16,64,192,94772,94772,2132,32,96,95838,95838,191904,191968,4.166417,3.598916,0.409792,0.349792,0.051417,8.166542,8.576334,1,prefill,C2,196
projscalar1_abs,projabs,tamper,eval_085,checkpoint_specific,99.0,1.5,16,64,192,94711,94711,2132,32,96,95777,95777,191782,191846,6.4025,2.460833,0.248542,0.171708,0.052875,9.087916,9.336458,1,prefill,C2,196
projscalar1_abs,projabs,tamper,eval_086,checkpoint_specific,99.0,1.5,16,64,192,94658,94658,2132,32,96,95724,95724,191676,191740,2.561541,2.473417,0.203666,0.273708,0.060584,5.36925,5.572916,1,prefill,C2,196
projscalar1_abs,projabs,tamper,eval_087,checkpoint_specific,99.0,1.5,16,64,192,125362,125362,2132,32,96,126428,126428,253084,253148,2.058625,1.999708,0.222917,0.149292,0.041125,4.24875,4.471667,1,prefill,C2,196
projscalar1_abs,projabs,tamper,eval_088,checkpoint_specific,99.0,1.5,16,64,192,125445,125445,2132,32,96,126511,126511,253250,253314,1.970375,1.80075,0.1975,0.150834,0.039542,3.961501,4.159001,1,prefill,C2,196
projscalar1_abs,projabs,tamper,eval_089,checkpoint_specific,99.0,1.5,16,64,192,125479,125479,2132,32,96,126545,126545,253318,253382,2.081125,2.518791,0.58775,0.2005,0.060292,4.860708,5.448458,1,prefill,C2,196
projscalar1_abs,projabs,tamper,eval_090,checkpoint_specific,99.0,1.5,16,64,192,94653,94653,2132,32,96,95719,95719,191666,191730,2.319583,2.086917,0.219209,0.172833,0.046,4.625333,4.844542,1,prefill,C2,196
projscalar1_abs,projabs,tamper,eval_091,checkpoint_specific,99.0,1.5,16,64,192,94583,94583,2132,32,96,95649,95649,191526,191590,2.284458,1.800583,0.192708,0.146916,0.038833,4.27079,4.463498,1,prefill,C2,196
projscalar1_abs,projabs,tamper,eval_092,checkpoint_specific,99.0,1.5,16,64,192,102324,102324,2132,32,96,103390,103390,207008,207072,1.650167,1.558083,0.161666,0.152459,0.032625,3.393334,3.555,1,prefill,C2,196
projscalar1_abs,projabs,tamper,eval_093,checkpoint_specific,99.0,1.5,16,64,192,87015,87015,2132,32,96,88081,88081,176390,176454,1.725041,1.71825,0.265959,0.1485,0.041541,3.633332,3.899291,1,prefill,C2,196
projscalar1_abs,projabs,tamper,eval_094,checkpoint_specific,99.0,1.5,16,64,192,87058,87058,2132,32,96,88124,88124,176476,176540,1.5505,1.471417,0.156209,0.142334,0.0345,3.198751,3.35496,1,prefill,C2,196
projscalar1_abs,projabs,tamper,eval_095,checkpoint_specific,99.0,1.5,16,64,192,86952,86952,2132,32,96,88018,88018,176264,176328,1.584958,1.571125,0.17775,0.142875,0.036833,3.335791,3.513541,1,prefill,C2,196
projscalar1_abs,projabs,tamper,eval_096,checkpoint_specific,99.0,1.5,16,64,192,87127,87127,2132,32,96,88193,88193,176614,176678,1.539667,1.595667,0.152,0.137708,0.033459,3.306501,3.458501,1,prefill,C2,196
projscalar1_abs,projabs,tamper,eval_097,checkpoint_specific,99.0,1.5,16,64,192,117750,117750,2132,32,96,118816,118816,237860,237924,1.591792,1.723959,0.192083,0.154667,0.037833,3.508251,3.700334,1,prefill,C2,196
projscalar1_abs,projabs,tamper,eval_098,checkpoint_specific,99.0,1.5,16,64,192,117759,117759,2132,32,96,118825,118825,237878,237942,1.725417,1.573334,0.162334,0.149958,0.032625,3.481334,3.643668,1,prefill,C2,196
projscalar1_abs,projabs,tamper,eval_099,checkpoint_specific,99.0,1.5,16,64,192,117780,117780,2132,32,96,118846,118846,237920,237984,1.650917,1.782541,0.166167,0.204916,0.033458,3.671832,3.837999,1,prefill,C2,196
projscalar1_abs,projabs,tamper,eval_100,checkpoint_specific,99.0,1.5,16,64,192,87059,87059,2132,32,96,88125,88125,176478,176542,1.631458,1.438667,0.16075,0.141209,0.032875,3.244209,3.404959,1,prefill,C2,196
projscalar1_abs,projabs,tamper,eval_101,checkpoint_specific,99.0,1.5,16,64,192,94700,94700,2132,32,96,95766,95766,191760,191824,1.5285,1.471042,0.150375,0.137042,0.031958,3.168542,3.318917,1,prefill,C2,196
projscalar1_abs,projabs,tamper,eval_102,checkpoint_specific,99.0,1.5,16,64,192,102373,102373,2132,32,96,103439,103439,207106,207170,1.682834,1.660459,0.169625,0.128709,0.0315,3.503502,3.673127,1,prefill,C2,196
projscalar1_abs,projabs,tamper,eval_103,checkpoint_specific,99.0,1.5,16,64,192,87158,87158,2132,32,96,88224,88224,176676,176740,1.677666,1.571291,0.158833,0.122834,0.029792,3.401583,3.560416,1,prefill,C2,196
projscalar1_abs,projabs,tamper,eval_104,checkpoint_specific,99.0,1.5,16,64,192,87146,87146,2132,32,96,88212,88212,176652,176716,1.81625,1.767333,0.184041,0.142,0.0365,3.762083,3.946124,1,prefill,C2,196
projscalar1_abs,projabs,tamper,eval_105,checkpoint_specific,99.0,1.5,16,64,192,87135,87135,2132,32,96,88201,88201,176630,176694,1.572292,1.513459,0.155417,0.143583,0.0325,3.261834,3.417251,1,prefill,C2,196
projscalar1_abs,projabs,tamper,eval_106,checkpoint_specific,99.0,1.5,16,64,192,87115,87115,2132,32,96,88181,88181,176590,176654,1.562,1.767583,0.211334,0.137,0.04175,3.508333,3.719667,1,prefill,C2,196
projscalar1_abs,projabs,tamper,eval_107,checkpoint_specific,99.0,1.5,16,64,192,117810,117810,2132,32,96,118876,118876,237980,238044,1.666333,1.559542,0.166625,0.151833,0.032834,3.410542,3.577167,1,prefill,C2,196
projscalar1_abs,projabs,tamper,eval_108,checkpoint_specific,99.0,1.5,16,64,192,117838,117838,2132,32,96,118904,118904,238036,238100,1.749458,1.742,0.190333,0.167541,0.035625,3.694624,3.884957,1,prefill,C2,196
projscalar1_abs,projabs,tamper,eval_109,checkpoint_specific,99.0,1.5,16,64,192,117828,117828,2132,32,96,118894,118894,238016,238080,1.627916,1.525792,0.158209,0.150334,0.032208,3.33625,3.494459,1,prefill,C2,196
projscalar1_abs,projabs,tamper,eval_110,checkpoint_specific,99.0,1.5,16,64,192,87160,87160,2132,32,96,88226,88226,176680,176744,1.5325,1.492708,0.296292,0.172167,0.0705,3.267875,3.564167,1,prefill,C2,196
projscalar1_abs,projabs,tamper,eval_111,checkpoint_specific,99.0,1.5,16,64,192,87018,87018,2132,32,96,88084,88084,176396,176460,1.621,1.511542,0.173084,0.142542,0.03475,3.309834,3.482918,1,prefill,C2,196
projscalar1_abs,projabs,tamper,eval_112,checkpoint_specific,99.0,1.5,16,64,192,94785,94785,2132,32,96,95851,95851,191930,191994,1.582625,1.629875,0.1735,0.1945,0.042209,3.449209,3.622709,1,prefill,C2,196
projscalar1_abs,projabs,tamper,eval_113,checkpoint_specific,99.0,1.5,16,64,192,79413,79413,2132,32,96,80479,80479,161186,161250,1.96025,1.736667,0.1905,0.142292,0.037291,3.8765,4.067,1,prefill,C2,196
projscalar1_abs,projabs,tamper,eval_114,checkpoint_specific,99.0,1.5,16,64,192,79398,79398,2132,32,96,80464,80464,161156,161220,1.524083,1.545,0.146,0.132959,0.032916,3.234958,3.380958,1,prefill,C2,196
projscalar1_abs,projabs,tamper,eval_115,checkpoint_specific,99.0,1.5,16,64,192,79342,79342,2132,32,96,80408,80408,161044,161108,1.636333,1.656833,0.176459,0.139833,0.035875,3.468874,3.645333,1,prefill,C2,196
projscalar1_abs,projabs,tamper,eval_116,checkpoint_specific,99.0,1.5,16,64,192,79427,79427,2132,32,96,80493,80493,161214,161278,1.484458,1.590375,0.14775,0.137042,0.032084,3.243959,3.391709,1,prefill,C2,196
projscalar1_abs,projabs,tamper,eval_117,checkpoint_specific,99.0,1.5,16,64,192,110094,110094,2132,32,96,111160,111160,222548,222612,1.601167,1.632208,0.180375,0.149542,0.034417,3.417334,3.597709,1,prefill,C2,196
projscalar1_abs,projabs,tamper,eval_118,checkpoint_specific,99.0,1.5,16,64,192,110064,110064,2132,32,96,111130,111130,222488,222552,1.617167,1.610375,0.160166,0.150542,0.031708,3.409792,3.569958,1,prefill,C2,196
projscalar1_abs,projabs,tamper,eval_119,checkpoint_specific,99.0,1.5,16,64,192,110108,110108,2132,32,96,111174,111174,222576,222640,1.552708,1.77675,0.19375,0.154958,0.044417,3.528833,3.722583,1,prefill,C2,196
projscalar1_abs,projabs,tamper,eval_120,checkpoint_specific,99.0,1.5,16,64,192,79443,79443,2132,32,96,80509,80509,161246,161310,1.595708,1.438208,0.150959,0.139,0.032666,3.205582,3.356541,1,prefill,C2,196
projscalar1_abs,projabs,tamper,eval_121,checkpoint_specific,99.0,1.5,16,64,192,125386,125386,2132,32,96,126452,126452,253132,253196,1.636708,1.63175,0.180583,0.159417,0.035417,3.463292,3.643875,1,prefill,C2,196
projscalar1_abs,projabs,tamper,eval_122,checkpoint_specific,99.0,1.5,16,64,192,133104,133104,2132,32,96,134170,134170,268568,268632,1.743542,1.781833,0.235375,0.189084,0.035708,3.750167,3.985542,1,prefill,C2,196
projscalar1_abs,projabs,tamper,eval_123,checkpoint_specific,99.0,1.5,16,64,192,117705,117705,2132,32,96,118771,118771,237770,237834,1.569083,1.570042,0.165916,0.151917,0.044084,3.335126,3.501042,1,prefill,C2,196
projscalar1_abs,projabs,tamper,eval_124,checkpoint_specific,99.0,1.5,16,64,192,117871,117871,2132,32,96,118937,118937,238102,238166,1.721458,1.661459,0.179833,0.152541,0.034792,3.57025,3.750083,1,prefill,C2,196
projscalar1_abs,projabs,tamper,eval_125,checkpoint_specific,99.0,1.5,16,64,192,117680,117680,2132,32,96,118746,118746,237720,237784,1.660708,1.56375,0.159833,0.150208,0.031958,3.406624,3.566457,1,prefill,C2,196
projscalar1_abs,projabs,tamper,eval_126,checkpoint_specific,99.0,1.5,16,64,192,117799,117799,2132,32,96,118865,118865,237958,238022,1.648708,1.599584,0.172083,0.151917,0.033208,3.433417,3.6055,1,prefill,C2,196
projscalar1_abs,projabs,tamper,eval_127,checkpoint_specific,99.0,1.5,16,64,192,148349,148349,2132,32,96,149415,149415,299058,299122,1.638,1.590625,0.211708,0.187292,0.031834,3.447751,3.659459,1,prefill,C2,196
projscalar1_abs,projabs,tamper,eval_128,checkpoint_specific,99.0,1.5,16,64,192,148283,148283,2132,32,96,149349,149349,298926,298990,1.861584,1.777709,0.229583,0.185084,0.033958,3.858335,4.087918,1,prefill,C2,196
projscalar1_abs,projabs,tamper,eval_129,checkpoint_specific,99.0,1.5,16,64,192,148312,148312,2132,32,96,149378,149378,298984,299048,1.671,1.594666,0.209583,0.186958,0.032875,3.485499,3.695082,1,prefill,C2,196
projscalar1_abs,projabs,tamper,eval_130,checkpoint_specific,99.0,1.5,16,64,192,117825,117825,2132,32,96,118891,118891,238010,238074,1.687708,1.655334,0.177375,0.15825,0.037583,3.538875,3.71625,1,prefill,C2,196
projscalar1_abs,projabs,tamper,eval_131,checkpoint_specific,99.0,1.5,16,64,192,94679,94679,2132,32,96,95745,95745,191718,191782,1.602959,1.523375,0.163125,0.144167,0.032542,3.303043,3.466168,1,prefill,C2,196
projscalar1_abs,projabs,tamper,eval_132,checkpoint_specific,99.0,1.5,16,64,192,102344,102344,2132,32,96,103410,103410,207048,207112,1.571125,1.555583,0.15425,0.132542,0.03675,3.296,3.45025,1,prefill,C2,196
projscalar1_abs,projabs,tamper,eval_133,checkpoint_specific,99.0,1.5,16,64,192,87095,87095,2132,32,96,88161,88161,176550,176614,1.612209,1.477792,0.1545,0.140125,0.031542,3.261668,3.416168,1,prefill,C2,196
projscalar1_abs,projabs,tamper,eval_134,checkpoint_specific,99.0,1.5,16,64,192,87056,87056,2132,32,96,88122,88122,176472,176536,1.58025,1.526666,0.151166,0.136125,0.031625,3.274666,3.425832,1,prefill,C2,196
projscalar1_abs,projabs,tamper,eval_135,checkpoint_specific,99.0,1.5,16,64,192,86993,86993,2132,32,96,88059,88059,176346,176410,1.598417,1.572584,0.169208,0.14125,0.038708,3.350959,3.520167,1,prefill,C2,196
projscalar1_abs,projabs,tamper,eval_136,checkpoint_specific,99.0,1.5,16,64,192,87088,87088,2132,32,96,88154,88154,176536,176600,1.523625,1.467791,0.146875,0.14375,0.031875,3.167041,3.313916,1,prefill,C2,196
projscalar1_abs,projabs,tamper,eval_137,checkpoint_specific,99.0,1.5,16,64,192,117719,117719,2132,32,96,118785,118785,237798,237862,1.73,1.707625,0.187542,0.153666,0.042542,3.633833,3.821375,1,prefill,C2,196
projscalar1_abs,projabs,tamper,eval_138,checkpoint_specific,99.0,1.5,16,64,192,117798,117798,2132,32,96,118864,118864,237956,238020,1.654125,1.545792,0.16475,0.152375,0.033166,3.385458,3.550208,1,prefill,C2,196
projscalar1_abs,projabs,tamper,eval_139,checkpoint_specific,99.0,1.5,16,64,192,117874,117874,2132,32,96,118940,118940,238108,238172,1.580042,1.655875,0.1745,0.166209,0.032083,3.434209,3.608709,1,prefill,C2,196
projscalar1_abs,projabs,tamper,eval_140,checkpoint_specific,99.0,1.5,16,64,192,87075,87075,2132,32,96,88141,88141,176510,176574,1.664542,1.538375,0.158083,0.139375,0.027625,3.369917,3.528,1,prefill,C2,196
projscalar1_abs,projabs,tamper,eval_141,checkpoint_specific,99.0,1.5,16,64,192,94617,94617,2132,32,96,95683,95683,191594,191658,1.5655,1.4915,0.1415,0.12625,0.030167,3.213417,3.354917,1,prefill,C2,196
projscalar1_abs,projabs,tamper,eval_142,checkpoint_specific,99.0,1.5,16,64,192,102410,102410,2132,32,96,103476,103476,207180,207244,1.739,1.613792,0.189792,0.148791,0.035333,3.536916,3.726708,1,prefill,C2,196
projscalar1_abs,projabs,tamper,eval_143,checkpoint_specific,99.0,1.5,16,64,192,87113,87113,2132,32,96,88179,88179,176586,176650,1.658583,1.67175,0.170375,0.1255,0.034417,3.49025,3.660625,1,prefill,C2,196
projscalar1_abs,projabs,tamper,eval_144,checkpoint_specific,99.0,1.5,16,64,192,87139,87139,2132,32,96,88205,88205,176638,176702,1.681375,1.659584,0.175709,0.13525,0.033,3.509209,3.684918,1,prefill,C2,196
projscalar1_abs,projabs,tamper,eval_145,checkpoint_specific,99.0,1.5,16,64,192,86952,86952,2132,32,96,88018,88018,176264,176328,1.574042,1.4575,0.152958,0.140792,0.032042,3.204376,3.357334,1,prefill,C2,196
projscalar1_abs,projabs,tamper,eval_146,checkpoint_specific,99.0,1.5,16,64,192,87084,87084,2132,32,96,88150,88150,176528,176592,2.057375,1.743292,0.188209,0.142792,0.037167,3.980626,4.168835,1,prefill,C2,196
projscalar1_abs,projabs,tamper,eval_147,checkpoint_specific,99.0,1.5,16,64,192,117827,117827,2132,32,96,118893,118893,238014,238078,1.623541,1.534209,0.159167,0.154792,0.03275,3.345292,3.504459,1,prefill,C2,196
projscalar1_abs,projabs,tamper,eval_148,checkpoint_specific,99.0,1.5,16,64,192,117775,117775,2132,32,96,118841,118841,237910,237974,1.687375,1.73275,0.1965,0.151167,0.035709,3.607001,3.803501,1,prefill,C2,196
projscalar1_abs,projabs,tamper,eval_149,checkpoint_specific,99.0,1.5,16,64,192,117819,117819,2132,32,96,118885,118885,237998,238062,1.598583,1.541875,0.15875,0.150333,0.032167,3.322958,3.481708,1,prefill,C2,196
projscalar1_abs,projabs,tamper,eval_150,checkpoint_specific,99.0,1.5,16,64,192,87077,87077,2132,32,96,88143,88143,176514,176578,1.521167,1.640542,0.183125,0.129667,0.036833,3.328209,3.511334,1,prefill,C2,196
projscalar1_abs,projabs,tamper,eval_151,checkpoint_specific,99.0,1.5,16,64,192,110135,110135,2132,32,96,111201,111201,222630,222694,1.738125,1.753041,0.186583,0.153292,0.037167,3.681625,3.868208,1,prefill,C2,196
projscalar1_abs,projabs,tamper,eval_152,checkpoint_specific,99.0,1.5,16,64,192,117832,117832,2132,32,96,118898,118898,238024,238088,1.689167,1.698541,0.295375,0.153209,0.045834,3.586751,3.882126,1,prefill,C2,196
projscalar1_abs,projabs,tamper,eval_153,checkpoint_specific,99.0,1.5,16,64,192,102417,102417,2132,32,96,103483,103483,207194,207258,1.772708,1.510209,0.202625,0.152416,0.035709,3.471042,3.673667,1,prefill,C2,196
projscalar1_abs,projabs,tamper,eval_154,checkpoint_specific,99.0,1.5,16,64,192,102552,102552,2132,32,96,103618,103618,207464,207528,1.613209,1.660833,0.267042,0.144625,0.040708,3.459375,3.726417,1,prefill,C2,196
projscalar1_abs,projabs,tamper,eval_155,checkpoint_specific,99.0,1.5,16,64,192,102403,102403,2132,32,96,103469,103469,207166,207230,1.787625,1.541083,0.175833,0.148833,0.034625,3.512166,3.687999,1,prefill,C2,196
projscalar1_abs,projabs,tamper,eval_156,checkpoint_specific,99.0,1.5,16,64,192,102452,102452,2132,32,96,103518,103518,207264,207328,1.568958,1.543917,0.155333,0.148792,0.028542,3.290209,3.445542,1,prefill,C2,196
projscalar1_abs,projabs,tamper,eval_157,checkpoint_specific,99.0,1.5,16,64,192,133180,133180,2132,32,96,134246,134246,268720,268784,1.79025,1.722542,0.235875,0.182708,0.035542,3.731042,3.966917,1,prefill,C2,196
projscalar1_abs,projabs,tamper,eval_158,checkpoint_specific,99.0,1.5,16,64,192,133159,133159,2132,32,96,134225,134225,268678,268742,1.629,1.585916,0.193417,0.1785,0.034041,3.427457,3.620874,1,prefill,C2,196
projscalar1_abs,projabs,tamper,eval_159,checkpoint_specific,99.0,1.5,16,64,192,133204,133204,2132,32,96,134270,134270,268768,268832,1.82475,1.721083,0.218875,0.217583,0.088166,3.851582,4.070457,1,prefill,C2,196
projscalar1_abs,projabs,tamper,eval_160,checkpoint_specific,99.0,1.5,16,64,192,102561,102561,2132,32,96,103627,103627,207482,207546,1.658833,1.581583,0.168167,0.128625,0.030625,3.399666,3.567833,1,prefill,C2,196
projscalar1_abs,projabs,tamper,eval_161,checkpoint_specific,99.0,1.5,16,64,192,102359,102359,2132,32,96,103425,103425,207078,207142,1.948584,1.756459,0.188667,0.147125,0.037458,3.889626,4.078293,1,prefill,C2,196
projscalar1_abs,projabs,tamper,eval_162,checkpoint_specific,99.0,1.5,16,64,192,110073,110073,2132,32,96,111139,111139,222506,222570,1.585916,1.625833,0.16,0.14925,0.032458,3.393457,3.553457,1,prefill,C2,196
projscalar1_abs,projabs,tamper,eval_163,checkpoint_specific,99.0,1.5,16,64,192,94753,94753,2132,32,96,95819,95819,191866,191930,1.686541,1.702834,0.190958,0.145458,0.038375,3.573208,3.764166,1,prefill,C2,196
projscalar1_abs,projabs,tamper,eval_164,checkpoint_specific,99.0,1.5,16,64,192,94714,94714,2132,32,96,95780,95780,191788,191852,1.591625,1.494792,0.153291,0.142375,0.033,3.261792,3.415083,1,prefill,C2,196
projscalar1_abs,projabs,tamper,eval_165,checkpoint_specific,99.0,1.5,16,64,192,94710,94710,2132,32,96,95776,95776,191780,191844,1.554042,1.739875,0.18775,0.149125,0.036791,3.479833,3.667583,1,prefill,C2,196
projscalar1_abs,projabs,tamper,eval_166,checkpoint_specific,99.0,1.5,16,64,192,94768,94768,2132,32,96,95834,95834,191896,191960,1.62175,1.505833,0.15525,0.15525,0.033167,3.316,3.47125,1,prefill,C2,196
projscalar1_abs,projabs,tamper,eval_167,checkpoint_specific,99.0,1.5,16,64,192,125421,125421,2132,32,96,126487,126487,253202,253266,1.601625,1.622041,0.177167,0.142125,0.03275,3.398541,3.575708,1,prefill,C2,196
projscalar1_abs,projabs,tamper,eval_168,checkpoint_specific,99.0,1.5,16,64,192,125426,125426,2132,32,96,126492,126492,253212,253276,1.754666,1.712209,0.169291,0.156417,0.032417,3.655709,3.825,1,prefill,C2,196
projscalar1_abs,projabs,tamper,eval_169,checkpoint_specific,99.0,1.5,16,64,192,125488,125488,2132,32,96,126554,126554,253336,253400,1.601667,1.596167,0.151833,0.136084,0.027834,3.361752,3.513585,1,prefill,C2,196
projscalar1_abs,projabs,tamper,eval_170,checkpoint_specific,99.0,1.5,16,64,192,94781,94781,2132,32,96,95847,95847,191922,191986,1.643333,1.588584,0.157542,0.141791,0.031709,3.405417,3.562959,1,prefill,C2,196
projscalar1_abs,projabs,tamper,eval_171,checkpoint_specific,99.0,1.5,16,64,192,102424,102424,2132,32,96,103490,103490,207208,207272,1.563875,1.63425,0.155625,0.149417,0.031875,3.379417,3.535042,1,prefill,C2,196
projscalar1_abs,projabs,tamper,eval_172,checkpoint_specific,99.0,1.5,16,64,192,110099,110099,2132,32,96,111165,111165,222558,222622,1.725875,1.646334,0.183209,0.149375,0.035084,3.556668,3.739877,1,prefill,C2,196
projscalar1_abs,projabs,tamper,eval_173,checkpoint_specific,99.0,1.5,16,64,192,94804,94804,2132,32,96,95870,95870,191968,192032,1.624916,1.615083,0.184833,0.14725,0.037083,3.424332,3.609165,1,prefill,C2,196
projscalar1_abs,projabs,tamper,eval_174,checkpoint_specific,99.0,1.5,16,64,192,94787,94787,2132,32,96,95853,95853,191934,191998,1.871583,1.847125,0.19825,0.144959,0.038625,3.902292,4.100542,1,prefill,C2,196
projscalar1_abs,projabs,tamper,eval_175,checkpoint_specific,99.0,1.5,16,64,192,94756,94756,2132,32,96,95822,95822,191872,191936,1.592166,1.55375,0.150292,0.139875,0.033083,3.318874,3.469166,1,prefill,C2,196
projscalar1_abs,projabs,tamper,eval_176,checkpoint_specific,99.0,1.5,16,64,192,94802,94802,2132,32,96,95868,95868,191964,192028,1.606959,1.748875,0.188667,0.145083,0.036416,3.537333,3.726,1,prefill,C2,196
projscalar1_abs,projabs,tamper,eval_177,checkpoint_specific,99.0,1.5,16,64,192,125428,125428,2132,32,96,126494,126494,253216,253280,1.788958,1.603042,0.169209,0.154583,0.033041,3.579624,3.748833,1,prefill,C2,196
projscalar1_abs,projabs,tamper,eval_178,checkpoint_specific,99.0,1.5,16,64,192,125405,125405,2132,32,96,126471,126471,253170,253234,1.643708,1.698833,0.198459,0.164125,0.039334,3.546,3.744459,1,prefill,C2,196
projscalar1_abs,projabs,tamper,eval_179,checkpoint_specific,99.0,1.5,16,64,192,125471,125471,2132,32,96,126537,126537,253302,253366,1.658334,1.549916,0.162459,0.149542,0.032041,3.389833,3.552292,1,prefill,C2,196
projscalar1_abs,projabs,tamper,eval_180,checkpoint_specific,99.0,1.5,16,64,192,94765,94765,2132,32,96,95831,95831,191890,191954,1.590833,1.575583,0.153792,0.129708,0.030667,3.326791,3.480583,1,prefill,C2,196
projscalar1_abs,projabs,tamper,eval_181,checkpoint_specific,99.0,1.5,16,64,192,102309,102309,2132,32,96,103375,103375,206978,207042,1.701,1.609834,0.168959,0.144041,0.033625,3.4885,3.657459,1,prefill,C2,196
projscalar1_abs,projabs,tamper,eval_182,checkpoint_specific,99.0,1.5,16,64,192,109895,109895,2132,32,96,110961,110961,222150,222214,1.683541,1.642458,0.165209,0.209542,0.034583,3.570124,3.735333,1,prefill,C2,196
projscalar1_abs,projabs,tamper,eval_183,checkpoint_specific,99.0,1.5,16,64,192,94722,94722,2132,32,96,95788,95788,191804,191868,2.067167,1.550333,0.177167,0.144208,0.035083,3.796791,3.973958,1,prefill,C2,196
projscalar1_abs,projabs,tamper,eval_184,checkpoint_specific,99.0,1.5,16,64,192,94570,94570,2132,32,96,95636,95636,191500,191564,1.5875,1.483875,0.14975,0.142459,0.03175,3.245584,3.395334,1,prefill,C2,196
projscalar1_abs,projabs,tamper,eval_185,checkpoint_specific,99.0,1.5,16,64,192,94672,94672,2132,32,96,95738,95738,191704,191768,1.66175,1.694125,0.178959,0.234084,0.033125,3.623084,3.802043,1,prefill,C2,196
projscalar1_abs,projabs,tamper,eval_186,checkpoint_specific,99.0,1.5,16,64,192,94661,94661,2132,32,96,95727,95727,191682,191746,1.536625,1.458167,0.150375,0.141583,0.032125,3.1685,3.318875,1,prefill,C2,196
projscalar1_abs,projabs,tamper,eval_187,checkpoint_specific,99.0,1.5,16,64,192,125291,125291,2132,32,96,126357,126357,252942,253006,1.662625,1.659,0.176541,0.1545,0.033417,3.509542,3.686083,1,prefill,C2,196
projscalar1_abs,projabs,tamper,eval_188,checkpoint_specific,99.0,1.5,16,64,192,125342,125342,2132,32,96,126408,126408,253044,253108,1.662583,1.594208,0.174917,0.292709,0.034666,3.584166,3.759083,1,prefill,C2,196
projscalar1_abs,projabs,tamper,eval_189,checkpoint_specific,99.0,1.5,16,64,192,125401,125401,2132,32,96,126467,126467,253162,253226,1.620458,1.704208,0.2,0.158291,0.037125,3.520082,3.720082,1,prefill,C2,196
projscalar1_abs,projabs,tamper,eval_190,checkpoint_specific,99.0,1.5,16,64,192,94685,94685,2132,32,96,95751,95751,191730,191794,1.687791,1.628958,0.154709,0.136166,0.034166,3.487081,3.64179,1,prefill,C2,196
projscalar1_abs,projabs,tamper,eval_191,checkpoint_specific,99.0,1.5,16,64,192,102365,102365,2132,32,96,103431,103431,207090,207154,1.595875,1.904541,0.179542,0.145375,0.036917,3.682708,3.86225,1,prefill,C2,196
projscalar1_abs,projabs,tamper,eval_192,checkpoint_specific,99.0,1.5,16,64,192,109963,109963,2132,32,96,111029,111029,222286,222350,1.753667,1.534875,0.165416,0.1475,0.027167,3.463209,3.628625,1,prefill,C2,196
projscalar1_abs,projabs,tamper,eval_193,checkpoint_specific,99.0,1.5,16,64,192,94729,94729,2132,32,96,95795,95795,191818,191882,1.547416,1.571083,0.1435,0.127417,0.029542,3.275458,3.418958,1,prefill,C2,196
projscalar1_abs,projabs,tamper,eval_194,checkpoint_specific,99.0,1.5,16,64,192,94732,94732,2132,32,96,95798,95798,191824,191888,1.755042,1.618917,0.179125,0.145542,0.03475,3.554251,3.733376,1,prefill,C2,196
projscalar1_abs,projabs,tamper,eval_195,checkpoint_specific,99.0,1.5,16,64,192,94608,94608,2132,32,96,95674,95674,191576,191640,1.514292,1.505542,0.154459,0.142375,0.031291,3.1935,3.347959,1,prefill,C2,196
projscalar1_abs,projabs,tamper,eval_196,checkpoint_specific,99.0,1.5,16,64,192,94721,94721,2132,32,96,95787,95787,191802,191866,1.61425,1.648042,0.175333,0.153958,0.0365,3.45275,3.628083,1,prefill,C2,196
projscalar1_abs,projabs,tamper,eval_197,checkpoint_specific,99.0,1.5,16,64,192,125292,125292,2132,32,96,126358,126358,252944,253008,1.779167,1.720958,0.1885,0.153708,0.034875,3.688708,3.877208,1,prefill,C2,196
projscalar1_abs,projabs,tamper,eval_198,checkpoint_specific,99.0,1.5,16,64,192,125348,125348,2132,32,96,126414,126414,253056,253120,1.736,1.7445,0.227542,0.182708,0.038792,3.702,3.929542,1,prefill,C2,196
projscalar1_abs,projabs,tamper,eval_199,checkpoint_specific,99.0,1.5,16,64,192,125330,125330,2132,32,96,126396,126396,253020,253084,1.735,1.725458,0.180417,0.160292,0.035667,3.656417,3.836834,1,prefill,C2,196
projscalar1_abs,projabs,tamper,eval_200,checkpoint_specific,99.0,1.5,16,64,192,94667,94667,2132,32,96,95733,95733,191694,191758,2.221958,1.932375,0.191584,0.145458,0.035959,4.33575,4.527334,1,prefill,C2,196
projcos4,projcos,honest_homo,eval_001,checkpoint_specific,99.0,1.5,64,256,768,125387,125387,2132,32,96,126453,126453,253124,253188,1.710459,1.667083,0.243583,0.1945,0.046958,3.619,3.862583,0,,,186
projcos4,projcos,honest_homo,eval_002,checkpoint_specific,99.0,1.5,64,256,768,133175,133175,2132,32,96,134241,134241,268700,268764,1.631875,1.6635,0.276791,0.249333,0.043042,3.58775,3.864541,0,,,186
projcos4,projcos,honest_homo,eval_003,checkpoint_specific,99.0,1.5,64,256,768,117824,117824,2132,32,96,118890,118890,237998,238062,1.675459,1.636459,0.242708,0.192916,0.049042,3.553876,3.796584,0,,,186
projcos4,projcos,honest_homo,eval_004,checkpoint_specific,99.0,1.5,64,256,768,117850,117850,2132,32,96,118916,118916,238050,238114,1.579708,1.584542,0.210542,0.180416,0.044708,3.389374,3.599916,0,,,186
projcos4,projcos,honest_homo,eval_005,checkpoint_specific,99.0,1.5,64,256,768,117819,117819,2132,32,96,118885,118885,237988,238052,1.72425,1.643292,0.252042,0.192375,0.04825,3.608167,3.860209,0,,,186
projcos4,projcos,honest_homo,eval_006,checkpoint_specific,99.0,1.5,64,256,768,117847,117847,2132,32,96,118913,118913,238044,238108,1.676375,1.572917,0.218708,0.176917,0.043625,3.469834,3.688542,0,,,186
projcos4,projcos,honest_homo,eval_007,checkpoint_specific,99.0,1.5,64,256,768,148372,148372,2132,32,96,149438,149438,299094,299158,1.776875,1.689959,0.272166,0.222459,0.0425,3.731793,4.003959,0,,,186
projcos4,projcos,honest_homo,eval_008,checkpoint_specific,99.0,1.5,64,256,768,148442,148442,2132,32,96,149508,149508,299234,299298,1.709458,1.655041,0.245542,0.245625,0.038292,3.648416,3.893958,0,,,186
projcos4,projcos,honest_homo,eval_009,checkpoint_specific,99.0,1.5,64,256,768,148502,148502,2132,32,96,149568,149568,299354,299418,1.780459,1.697833,0.306459,0.224291,0.047,3.749583,4.056042,0,,,186
projcos4,projcos,honest_homo,eval_010,checkpoint_specific,99.0,1.5,64,256,768,117752,117752,2132,32,96,118818,118818,237854,237918,1.691084,1.620959,0.228416,0.196417,0.047042,3.555502,3.783918,0,,,186
projcos4,projcos,honest_homo,eval_011,checkpoint_specific,99.0,1.5,64,256,768,94634,94634,2132,32,96,95700,95700,191618,191682,1.614292,1.680792,0.248125,0.193917,0.05125,3.540251,3.788376,0,,,186
projcos4,projcos,honest_homo,eval_012,checkpoint_specific,99.0,1.5,64,256,768,102368,102368,2132,32,96,103434,103434,207086,207150,1.588083,1.521875,0.202875,0.184458,0.043292,3.337708,3.540583,0,,,186
projcos4,projcos,honest_homo,eval_013,checkpoint_specific,99.0,1.5,64,256,768,86927,86927,2132,32,96,87993,87993,176204,176268,1.6055,1.6805,0.260167,0.178833,0.04925,3.514083,3.77425,0,,,186
projcos4,projcos,honest_homo,eval_014,checkpoint_specific,99.0,1.5,64,256,768,87044,87044,2132,32,96,88110,88110,176438,176502,1.581958,1.477667,0.198375,0.177416,0.043375,3.280416,3.478791,0,,,186
projcos4,projcos,honest_homo,eval_015,checkpoint_specific,99.0,1.5,64,256,768,87024,87024,2132,32,96,88090,88090,176398,176462,1.4815,1.517417,0.183333,0.162416,0.03925,3.200583,3.383916,0,,,186
projcos4,projcos,honest_homo,eval_016,checkpoint_specific,99.0,1.5,64,256,768,87017,87017,2132,32,96,88083,88083,176384,176448,1.749666,1.5475,0.214041,0.182084,0.044625,3.523875,3.737916,0,,,186
projcos4,projcos,honest_homo,eval_017,checkpoint_specific,99.0,1.5,64,256,768,117702,117702,2132,32,96,118768,118768,237754,237818,1.593209,1.5535,0.209666,0.190291,0.04275,3.37975,3.589416,0,,,186
projcos4,projcos,honest_homo,eval_018,checkpoint_specific,99.0,1.5,64,256,768,117777,117777,2132,32,96,118843,118843,237904,237968,1.720875,1.668375,0.247875,0.174583,0.04875,3.612583,3.860458,0,,,186
projcos4,projcos,honest_homo,eval_019,checkpoint_specific,99.0,1.5,64,256,768,117794,117794,2132,32,96,118860,118860,237938,238002,1.814375,1.708917,0.259333,0.191333,0.052709,3.767334,4.026667,0,,,186
projcos4,projcos,honest_homo,eval_020,checkpoint_specific,99.0,1.5,64,256,768,87013,87013,2132,32,96,88079,88079,176376,176440,1.95825,1.659709,0.244584,0.178875,0.049709,3.846543,4.091127,0,,,186
projcos4,projcos,honest_homo,eval_021,checkpoint_specific,99.0,1.5,64,256,768,102278,102278,2132,32,96,103344,103344,206906,206970,1.525625,1.5135,0.222375,0.185167,0.043375,3.267667,3.490042,0,,,186
projcos4,projcos,honest_homo,eval_022,checkpoint_specific,99.0,1.5,64,256,768,109959,109959,2132,32,96,111025,111025,222268,222332,1.758,1.760042,0.273292,0.190625,0.053584,3.762251,4.035543,0,,,186
projcos4,projcos,honest_homo,eval_023,checkpoint_specific,99.0,1.5,64,256,768,94688,94688,2132,32,96,95754,95754,191726,191790,1.541958,1.523333,0.200416,0.180458,0.045375,3.291124,3.49154,0,,,186
projcos4,projcos,honest_homo,eval_024,checkpoint_specific,99.0,1.5,64,256,768,94655,94655,2132,32,96,95721,95721,191660,191724,1.57825,1.699,0.225417,0.212041,0.045875,3.535166,3.760583,0,,,186
projcos4,projcos,honest_homo,eval_025,checkpoint_specific,99.0,1.5,64,256,768,94608,94608,2132,32,96,95674,95674,191566,191630,1.597,1.480208,0.207833,0.185292,0.041875,3.304375,3.512208,0,,,186
projcos4,projcos,honest_homo,eval_026,checkpoint_specific,99.0,1.5,64,256,768,94641,94641,2132,32,96,95707,95707,191632,191696,1.541833,1.594042,0.197875,0.179167,0.046125,3.361167,3.559042,0,,,186
projcos4,projcos,honest_homo,eval_027,checkpoint_specific,99.0,1.5,64,256,768,125318,125318,2132,32,96,126384,126384,252986,253050,1.799333,1.679416,0.258458,0.194791,0.047209,3.720749,3.979207,0,,,186
projcos4,projcos,honest_homo,eval_028,checkpoint_specific,99.0,1.5,64,256,768,125330,125330,2132,32,96,126396,126396,253010,253074,1.633334,1.933208,0.265,0.198125,0.043917,3.808584,4.073584,0,,,186
projcos4,projcos,honest_homo,eval_029,checkpoint_specific,99.0,1.5,64,256,768,125406,125406,2132,32,96,126472,126472,253162,253226,1.767625,1.577583,0.213916,0.191459,0.047917,3.584584,3.7985,0,,,186
projcos4,projcos,honest_homo,eval_030,checkpoint_specific,99.0,1.5,64,256,768,94632,94632,2132,32,96,95698,95698,191614,191678,1.626792,1.570458,0.208917,0.182083,0.045,3.424333,3.63325,0,,,186
projcos4,projcos,honest_homo,eval_031,checkpoint_specific,99.0,1.5,64,256,768,109933,109933,2132,32,96,110999,110999,222216,222280,1.800792,1.595125,0.252084,0.1875,0.051667,3.635084,3.887168,0,,,186
projcos4,projcos,honest_homo,eval_032,checkpoint_specific,99.0,1.5,64,256,768,117742,117742,2132,32,96,118808,118808,237834,237898,1.543375,1.587958,0.212208,0.188916,0.043584,3.363833,3.576041,0,,,186
projcos4,projcos,honest_homo,eval_033,checkpoint_specific,99.0,1.5,64,256,768,102412,102412,2132,32,96,103478,103478,207174,207238,1.643583,1.7515,0.27875,0.186542,0.053791,3.635416,3.914166,0,,,186
projcos4,projcos,honest_homo,eval_034,checkpoint_specific,99.0,1.5,64,256,768,102360,102360,2132,32,96,103426,103426,207070,207134,1.576084,1.492708,0.204417,0.183541,0.04225,3.294583,3.499,0,,,186
projcos4,projcos,honest_homo,eval_035,checkpoint_specific,99.0,1.5,64,256,768,102369,102369,2132,32,96,103435,103435,207088,207152,1.562416,1.616833,0.251,0.178041,0.052583,3.409873,3.660873,0,,,186
projcos4,projcos,honest_homo,eval_036,checkpoint_specific,99.0,1.5,64,256,768,102345,102345,2132,32,96,103411,103411,207040,207104,1.742958,1.585333,0.253375,0.185292,0.052416,3.565999,3.819374,0,,,186
projcos4,projcos,honest_homo,eval_037,checkpoint_specific,99.0,1.5,64,256,768,133072,133072,2132,32,96,134138,134138,268494,268558,1.725459,2.039875,0.35375,0.228125,0.062125,4.055584,4.409334,0,,,186
projcos4,projcos,honest_homo,eval_038,checkpoint_specific,99.0,1.5,64,256,768,133104,133104,2132,32,96,134170,134170,268558,268622,1.709041,1.665125,0.265417,0.216042,0.044166,3.634374,3.899791,0,,,186
projcos4,projcos,honest_homo,eval_039,checkpoint_specific,99.0,1.5,64,256,768,133130,133130,2132,32,96,134196,134196,268610,268674,1.632,1.768291,0.322583,0.220209,0.047958,3.668458,3.991041,0,,,186
projcos4,projcos,honest_homo,eval_040,checkpoint_specific,99.0,1.5,64,256,768,102351,102351,2132,32,96,103417,103417,207052,207116,1.69075,1.525417,0.206916,0.18225,0.0425,3.440917,3.647833,0,,,186
projcos4,projcos,honest_homo,eval_041,checkpoint_specific,99.0,1.5,64,256,768,117781,117781,2132,32,96,118847,118847,237912,237976,1.578083,1.691917,0.224583,0.190125,0.045208,3.505333,3.729916,0,,,186
projcos4,projcos,honest_homo,eval_042,checkpoint_specific,99.0,1.5,64,256,768,125483,125483,2132,32,96,126549,126549,253316,253380,1.717709,1.572417,0.212916,0.191958,0.043083,3.525167,3.738083,0,,,186
projcos4,projcos,honest_homo,eval_043,checkpoint_specific,99.0,1.5,64,256,768,110095,110095,2132,32,96,111161,111161,222540,222604,1.538459,1.560875,0.200875,0.188792,0.043167,3.331293,3.532168,0,,,186
projcos4,projcos,honest_homo,eval_044,checkpoint_specific,99.0,1.5,64,256,768,110045,110045,2132,32,96,111111,111111,222440,222504,1.683875,1.627958,0.237791,0.184834,0.047417,3.544084,3.781875,0,,,186
projcos4,projcos,honest_homo,eval_045,checkpoint_specific,99.0,1.5,64,256,768,110039,110039,2132,32,96,111105,111105,222428,222492,1.515083,1.508792,0.1955,0.184791,0.041292,3.249958,3.445458,0,,,186
projcos4,projcos,honest_homo,eval_046,checkpoint_specific,99.0,1.5,64,256,768,110089,110089,2132,32,96,111155,111155,222528,222592,1.622167,1.669167,0.232833,0.191333,0.044667,3.527334,3.760167,0,,,186
projcos4,projcos,honest_homo,eval_047,checkpoint_specific,99.0,1.5,64,256,768,140708,140708,2132,32,96,141774,141774,283766,283830,1.622375,1.609167,0.256833,0.221959,0.041333,3.494834,3.751667,0,,,186
projcos4,projcos,honest_homo,eval_048,checkpoint_specific,99.0,1.5,64,256,768,140709,140709,2132,32,96,141775,141775,283768,283832,1.807375,1.727667,0.285875,0.220417,0.051459,3.806918,4.092793,0,,,186
projcos4,projcos,honest_homo,eval_049,checkpoint_specific,99.0,1.5,64,256,768,140782,140782,2132,32,96,141848,141848,283914,283978,1.63,1.600125,0.244542,0.221292,0.041333,3.49275,3.737292,0,,,186
projcos4,projcos,honest_homo,eval_050,checkpoint_specific,99.0,1.5,64,256,768,110109,110109,2132,32,96,111175,111175,222568,222632,1.639584,1.613417,0.256791,0.19875,0.04775,3.499501,3.756292,0,,,186
projcos4,projcos,honest_homo,eval_051,checkpoint_specific,99.0,1.5,64,256,768,125473,125473,2132,32,96,126539,126539,253296,253360,1.678833,1.589458,0.214416,0.191417,0.042792,3.5025,3.716916,0,,,186
projcos4,projcos,honest_homo,eval_052,checkpoint_specific,99.0,1.5,64,256,768,133158,133158,2132,32,96,134224,134224,268666,268730,1.629833,1.616584,0.257125,0.26725,0.044667,3.558334,3.815459,0,,,186
projcos4,projcos,honest_homo,eval_053,checkpoint_specific,99.0,1.5,64,256,768,117930,117930,2132,32,96,118996,118996,238210,238274,1.798584,1.627333,0.215208,0.192125,0.041666,3.659708,3.874916,0,,,186
projcos4,projcos,honest_homo,eval_054,checkpoint_specific,99.0,1.5,64,256,768,117955,117955,2132,32,96,119021,119021,238260,238324,1.595625,1.565542,0.214125,0.198333,0.044041,3.403541,3.617666,0,,,186
projcos4,projcos,honest_homo,eval_055,checkpoint_specific,99.0,1.5,64,256,768,117827,117827,2132,32,96,118893,118893,238004,238068,1.673333,1.616167,0.208667,0.188416,0.041625,3.519541,3.728208,0,,,186
projcos4,projcos,honest_homo,eval_056,checkpoint_specific,99.0,1.5,64,256,768,117845,117845,2132,32,96,118911,118911,238040,238104,1.591459,1.576083,0.202333,0.184333,0.041333,3.393208,3.595541,0,,,186
projcos4,projcos,honest_homo,eval_057,checkpoint_specific,99.0,1.5,64,256,768,148278,148278,2132,32,96,149344,149344,298906,298970,1.773708,1.710333,0.290042,0.226042,0.046667,3.75675,4.046792,0,,,186
projcos4,projcos,honest_homo,eval_058,checkpoint_specific,99.0,1.5,64,256,768,148424,148424,2132,32,96,149490,149490,299198,299262,1.632041,1.596541,0.239917,0.221208,0.04225,3.49204,3.731957,0,,,186
projcos4,projcos,honest_homo,eval_059,checkpoint_specific,99.0,1.5,64,256,768,148408,148408,2132,32,96,149474,149474,299166,299230,1.727875,1.76175,0.270709,0.228083,0.044292,3.762,4.032709,0,,,186
projcos4,projcos,honest_homo,eval_060,checkpoint_specific,99.0,1.5,64,256,768,117952,117952,2132,32,96,119018,119018,238254,238318,1.593333,1.5315,0.203416,0.18675,0.041625,3.353208,3.556624,0,,,186
projcos4,projcos,honest_homo,eval_061,checkpoint_specific,99.0,1.5,64,256,768,94729,94729,2132,32,96,95795,95795,191808,191872,1.536875,1.611125,0.345292,0.18075,0.049208,3.377958,3.72325,0,,,186
projcos4,projcos,honest_homo,eval_062,checkpoint_specific,99.0,1.5,64,256,768,102420,102420,2132,32,96,103486,103486,207190,207254,1.741833,1.598167,0.210209,0.188959,0.044459,3.573418,3.783627,0,,,186
projcos4,projcos,honest_homo,eval_063,checkpoint_specific,99.0,1.5,64,256,768,86997,86997,2132,32,96,88063,88063,176344,176408,1.48425,1.52375,0.185459,0.200583,0.043,3.251583,3.437042,0,,,186
projcos4,projcos,honest_homo,eval_064,checkpoint_specific,99.0,1.5,64,256,768,87139,87139,2132,32,96,88205,88205,176628,176692,1.60875,1.501209,0.190667,0.176375,0.041042,3.327376,3.518043,0,,,186
projcos4,projcos,honest_homo,eval_065,checkpoint_specific,99.0,1.5,64,256,768,87081,87081,2132,32,96,88147,88147,176512,176576,1.506958,1.4975,0.187958,0.176584,0.0405,3.221542,3.4095,0,,,186
projcos4,projcos,honest_homo,eval_066,checkpoint_specific,99.0,1.5,64,256,768,87056,87056,2132,32,96,88122,88122,176462,176526,1.613458,1.572834,0.237833,0.175583,0.0495,3.411375,3.649208,0,,,186
projcos4,projcos,honest_homo,eval_067,checkpoint_specific,99.0,1.5,64,256,768,117822,117822,2132,32,96,118888,118888,237994,238058,1.693875,1.654916,0.320417,0.185459,0.046375,3.580625,3.901042,0,,,186
projcos4,projcos,honest_homo,eval_068,checkpoint_specific,99.0,1.5,64,256,768,117889,117889,2132,32,96,118955,118955,238128,238192,1.717417,1.803416,0.271208,0.177167,0.051209,3.749209,4.020417,0,,,186
projcos4,projcos,honest_homo,eval_069,checkpoint_specific,99.0,1.5,64,256,768,117797,117797,2132,32,96,118863,118863,237944,238008,1.677625,1.558833,0.218875,0.187375,0.044041,3.467874,3.686749,0,,,186
projcos4,projcos,honest_homo,eval_070,checkpoint_specific,99.0,1.5,64,256,768,87040,87040,2132,32,96,88106,88106,176430,176494,1.623292,2.034416,0.260375,0.178292,0.054917,3.890917,4.151292,0,,,186
projcos4,projcos,honest_homo,eval_071,checkpoint_specific,99.0,1.5,64,256,768,102442,102442,2132,32,96,103508,103508,207234,207298,1.623333,1.480125,0.207917,0.180583,0.040125,3.324166,3.532083,0,,,186
projcos4,projcos,honest_homo,eval_072,checkpoint_specific,99.0,1.5,64,256,768,110082,110082,2132,32,96,111148,111148,222514,222578,1.600958,1.635667,0.275584,0.193584,0.056541,3.48675,3.762334,0,,,186
projcos4,projcos,honest_homo,eval_073,checkpoint_specific,99.0,1.5,64,256,768,94742,94742,2132,32,96,95808,95808,191834,191898,1.666459,1.642,0.213458,0.181792,0.046166,3.536417,3.749875,0,,,186
projcos4,projcos,honest_homo,eval_074,checkpoint_specific,99.0,1.5,64,256,768,94770,94770,2132,32,96,95836,95836,191890,191954,1.515042,1.525333,0.195375,0.166209,0.046083,3.252667,3.448042,0,,,186
projcos4,projcos,honest_homo,eval_075,checkpoint_specific,99.0,1.5,64,256,768,94677,94677,2132,32,96,95743,95743,191704,191768,1.662958,1.605709,0.246083,0.183708,0.047417,3.499792,3.745875,0,,,186
projcos4,projcos,honest_homo,eval_076,checkpoint_specific,99.0,1.5,64,256,768,94651,94651,2132,32,96,95717,95717,191652,191716,1.602375,1.667,0.219791,0.202541,0.046542,3.518458,3.738249,0,,,186
projcos4,projcos,honest_homo,eval_077,checkpoint_specific,99.0,1.5,64,256,768,125450,125450,2132,32,96,126516,126516,253250,253314,2.017542,1.801625,0.258417,0.192083,0.050959,4.062209,4.320626,0,,,186
projcos4,projcos,honest_homo,eval_078,checkpoint_specific,99.0,1.5,64,256,768,125481,125481,2132,32,96,126547,126547,253312,253376,1.620583,1.609042,0.219958,0.190083,0.045,3.464708,3.684666,0,,,186
projcos4,projcos,honest_homo,eval_079,checkpoint_specific,99.0,1.5,64,256,768,125437,125437,2132,32,96,126503,126503,253224,253288,1.8465,1.716833,0.303125,0.195292,0.055458,3.814083,4.117208,0,,,186
projcos4,projcos,honest_homo,eval_080,checkpoint_specific,99.0,1.5,64,256,768,94814,94814,2132,32,96,95880,95880,191978,192042,1.547042,1.515708,0.203416,0.179292,0.042958,3.285,3.488416,0,,,186
projcos4,projcos,honest_homo,eval_081,checkpoint_specific,99.0,1.5,64,256,768,102323,102323,2132,32,96,103389,103389,206996,207060,1.612917,1.600792,0.216792,0.186916,0.045084,3.445709,3.662501,0,,,186
projcos4,projcos,honest_homo,eval_082,checkpoint_specific,99.0,1.5,64,256,768,110077,110077,2132,32,96,111143,111143,222504,222568,1.640959,1.568333,0.218958,0.186542,0.044167,3.440001,3.658959,0,,,186
projcos4,projcos,honest_homo,eval_083,checkpoint_specific,99.0,1.5,64,256,768,94746,94746,2132,32,96,95812,95812,191842,191906,1.552917,1.595417,0.245125,0.175292,0.052625,3.376251,3.621376,0,,,186
projcos4,projcos,honest_homo,eval_084,checkpoint_specific,99.0,1.5,64,256,768,94772,94772,2132,32,96,95838,95838,191894,191958,1.675041,1.615333,0.245334,0.205375,0.051833,3.547582,3.792916,0,,,186
projcos4,projcos,honest_homo,eval_085,checkpoint_specific,99.0,1.5,64,256,768,94711,94711,2132,32,96,95777,95777,191772,191836,1.770833,1.852291,0.281583,0.184959,0.05625,3.864333,4.145916,0,,,186
projcos4,projcos,honest_homo,eval_086,checkpoint_specific,99.0,1.5,64,256,768,94658,94658,2132,32,96,95724,95724,191666,191730,1.586458,1.468417,0.196916,0.183417,0.041417,3.279709,3.476625,0,,,186
projcos4,projcos,honest_homo,eval_087,checkpoint_specific,99.0,1.5,64,256,768,125362,125362,2132,32,96,126428,126428,253074,253138,1.579958,1.663042,0.246209,0.403208,0.054458,3.700666,3.946875,0,,,186
projcos4,projcos,honest_homo,eval_088,checkpoint_specific,99.0,1.5,64,256,768,125445,125445,2132,32,96,126511,126511,253240,253304,1.725292,1.57975,0.230708,0.191834,0.044,3.540876,3.771584,0,,,186
projcos4,projcos,honest_homo,eval_089,checkpoint_specific,99.0,1.5,64,256,768,125479,125479,2132,32,96,126545,126545,253308,253372,1.594792,1.573083,0.196875,0.179584,0.04025,3.387709,3.584584,0,,,186
projcos4,projcos,honest_homo,eval_090,checkpoint_specific,99.0,1.5,64,256,768,94653,94653,2132,32,96,95719,95719,191656,191720,1.610584,1.519959,0.245042,0.199917,0.044375,3.374835,3.619877,0,,,186
projcos4,projcos,honest_homo,eval_091,checkpoint_specific,99.0,1.5,64,256,768,94583,94583,2132,32,96,95649,95649,191516,191580,1.503125,1.4815,0.193458,0.180916,0.041709,3.20725,3.400708,0,,,186
projcos4,projcos,honest_homo,eval_092,checkpoint_specific,99.0,1.5,64,256,768,102324,102324,2132,32,96,103390,103390,206998,207062,1.557625,1.62825,0.252125,0.171917,0.047708,3.4055,3.657625,0,,,186
projcos4,projcos,honest_homo,eval_093,checkpoint_specific,99.0,1.5,64,256,768,87015,87015,2132,32,96,88081,88081,176380,176444,1.601833,1.524959,0.291584,0.177167,0.039417,3.343376,3.63496,0,,,186
projcos4,projcos,honest_homo,eval_094,checkpoint_specific,99.0,1.5,64,256,768,87058,87058,2132,32,96,88124,88124,176466,176530,1.550208,1.573625,0.20575,0.180625,0.050042,3.3545,3.56025,0,,,186
projcos4,projcos,honest_homo,eval_095,checkpoint_specific,99.0,1.5,64,256,768,86952,86952,2132,32,96,88018,88018,176254,176318,1.601,1.498666,0.198333,0.180125,0.043292,3.323083,3.521416,0,,,186
projcos4,projcos,honest_homo,eval_096,checkpoint_specific,99.0,1.5,64,256,768,87127,87127,2132,32,96,88193,88193,176604,176668,1.529625,1.5725,0.317792,0.178125,0.042375,3.322625,3.640417,0,,,186
projcos4,projcos,honest_homo,eval_097,checkpoint_specific,99.0,1.5,64,256,768,117750,117750,2132,32,96,118816,118816,237850,237914,1.718041,1.678709,0.26025,0.193584,0.050875,3.641209,3.901459,0,,,186
projcos4,projcos,honest_homo,eval_098,checkpoint_specific,99.0,1.5,64,256,768,117759,117759,2132,32,96,118825,118825,237868,237932,1.75,1.702459,0.2695,0.181292,0.051166,3.684917,3.954417,0,,,186
projcos4,projcos,honest_homo,eval_099,checkpoint_specific,99.0,1.5,64,256,768,117780,117780,2132,32,96,118846,118846,237910,237974,2.614042,1.790833,0.26825,0.189334,0.049708,4.643917,4.912167,0,,,186
projcos4,projcos,honest_homo,eval_100,checkpoint_specific,99.0,1.5,64,256,768,87059,87059,2132,32,96,88125,88125,176468,176532,1.496417,1.431375,0.191708,0.168292,0.041084,3.137168,3.328876,0,,,186
projcos4,projcos,honest_homo,eval_101,checkpoint_specific,99.0,1.5,64,256,768,94700,94700,2132,32,96,95766,95766,191750,191814,2.125291,1.646959,0.259792,0.181333,0.053375,4.006958,4.26675,0,,,186
projcos4,projcos,honest_homo,eval_102,checkpoint_specific,99.0,1.5,64,256,768,102373,102373,2132,32,96,103439,103439,207096,207160,1.57025,1.56475,0.204875,0.20625,0.050084,3.391334,3.596209,0,,,186
projcos4,projcos,honest_homo,eval_103,checkpoint_specific,99.0,1.5,64,256,768,87158,87158,2132,32,96,88224,88224,176666,176730,1.638041,1.571,0.240458,0.177209,0.046375,3.432625,3.673083,0,,,186
projcos4,projcos,honest_homo,eval_104,checkpoint_specific,99.0,1.5,64,256,768,87146,87146,2132,32,96,88212,88212,176642,176706,1.532625,1.561708,0.203917,0.18225,0.045792,3.322375,3.526292,0,,,186
projcos4,projcos,honest_homo,eval_105,checkpoint_specific,99.0,1.5,64,256,768,87135,87135,2132,32,96,88201,88201,176620,176684,1.650708,1.70925,0.274666,0.184375,0.051792,3.596125,3.870791,0,,,186
projcos4,projcos,honest_homo,eval_106,checkpoint_specific,99.0,1.5,64,256,768,87115,87115,2132,32,96,88181,88181,176580,176644,1.594458,1.539083,0.210666,0.2015,0.043708,3.378749,3.589415,0,,,186
projcos4,projcos,honest_homo,eval_107,checkpoint_specific,99.0,1.5,64,256,768,117810,117810,2132,32,96,118876,118876,237970,238034,1.752917,1.773292,0.295042,0.19375,0.068375,3.788334,4.083376,0,,,186
projcos4,projcos,honest_homo,eval_108,checkpoint_specific,99.0,1.5,64,256,768,117838,117838,2132,32,96,118904,118904,238026,238090,1.761958,1.561166,0.219208,0.182208,0.045125,3.550457,3.769665,0,,,186
projcos4,projcos,honest_homo,eval_109,checkpoint_specific,99.0,1.5,64,256,768,117828,117828,2132,32,96,118894,118894,238006,238070,1.615042,1.757208,0.263709,0.192125,0.057917,3.622292,3.886001,0,,,186
projcos4,projcos,honest_homo,eval_110,checkpoint_specific,99.0,1.5,64,256,768,87160,87160,2132,32,96,88226,88226,176670,176734,1.6255,1.498583,0.195291,0.275167,0.04,3.43925,3.634541,0,,,186
projcos4,projcos,honest_homo,eval_111,checkpoint_specific,99.0,1.5,64,256,768,87018,87018,2132,32,96,88084,88084,176386,176450,1.538708,1.516,0.196708,0.181334,0.043958,3.28,3.476708,0,,,186
projcos4,projcos,honest_homo,eval_112,checkpoint_specific,99.0,1.5,64,256,768,94785,94785,2132,32,96,95851,95851,191920,191984,1.59825,1.551333,0.232458,0.182583,0.048417,3.380583,3.613041,0,,,186
projcos4,projcos,honest_homo,eval_113,checkpoint_specific,99.0,1.5,64,256,768,79413,79413,2132,32,96,80479,80479,161176,161240,1.4185,1.419791,0.185917,0.182458,0.047,3.067749,3.253666,0,,,186
projcos4,projcos,honest_homo,eval_114,checkpoint_specific,99.0,1.5,64,256,768,79398,79398,2132,32,96,80464,80464,161146,161210,1.701625,1.612458,0.256167,0.177709,0.051,3.542792,3.798959,0,,,186
projcos4,projcos,honest_homo,eval_115,checkpoint_specific,99.0,1.5,64,256,768,79342,79342,2132,32,96,80408,80408,161034,161098,1.543834,1.542209,0.218459,0.157916,0.045334,3.289293,3.507752,0,,,186
projcos4,projcos,honest_homo,eval_116,checkpoint_specific,99.0,1.5,64,256,768,79427,79427,2132,32,96,80493,80493,161204,161268,1.684875,1.597292,0.256417,0.1815,0.052083,3.51575,3.772167,0,,,186
projcos4,projcos,honest_homo,eval_117,checkpoint_specific,99.0,1.5,64,256,768,110094,110094,2132,32,96,111160,111160,222538,222602,1.675459,1.50575,0.216666,0.1955,0.0415,3.418209,3.634875,0,,,186
projcos4,projcos,honest_homo,eval_118,checkpoint_specific,99.0,1.5,64,256,768,110064,110064,2132,32,96,111130,111130,222478,222542,1.555875,1.6655,0.251209,0.241167,0.070125,3.532667,3.783876,0,,,186
projcos4,projcos,honest_homo,eval_119,checkpoint_specific,99.0,1.5,64,256,768,110108,110108,2132,32,96,111174,111174,222566,222630,1.72225,1.579125,0.228125,0.272334,0.044166,3.617875,3.846,0,,,186
projcos4,projcos,honest_homo,eval_120,checkpoint_specific,99.0,1.5,64,256,768,79443,79443,2132,32,96,80509,80509,161236,161300,1.461084,1.428291,0.191792,0.170958,0.041667,3.102,3.293792,0,,,186
projcos4,projcos,honest_homo,eval_121,checkpoint_specific,99.0,1.5,64,256,768,125386,125386,2132,32,96,126452,126452,253122,253186,1.697333,1.548875,0.217291,0.18975,0.0415,3.477458,3.694749,0,,,186
projcos4,projcos,honest_homo,eval_122,checkpoint_specific,99.0,1.5,64,256,768,133104,133104,2132,32,96,134170,134170,268558,268622,1.569959,1.677417,0.263625,0.276125,0.038542,3.562043,3.825668,0,,,186
projcos4,projcos,honest_homo,eval_123,checkpoint_specific,99.0,1.5,64,256,768,117705,117705,2132,32,96,118771,118771,237760,237824,1.692167,1.548208,0.245041,0.187,0.046875,3.47425,3.719291,0,,,186
projcos4,projcos,honest_homo,eval_124,checkpoint_specific,99.0,1.5,64,256,768,117871,117871,2132,32,96,118937,118937,238092,238156,1.544583,1.536625,0.192709,0.184666,0.038625,3.304499,3.497208,0,,,186
projcos4,projcos,honest_homo,eval_125,checkpoint_specific,99.0,1.5,64,256,768,117680,117680,2132,32,96,118746,118746,237710,237774,1.6325,1.760792,0.23675,0.195667,0.0495,3.638459,3.875209,0,,,186
projcos4,projcos,honest_homo,eval_126,checkpoint_specific,99.0,1.5,64,256,768,117799,117799,2132,32,96,118865,118865,237948,238012,1.588542,1.514334,0.200959,0.191833,0.040875,3.335584,3.536543,0,,,186
projcos4,projcos,honest_homo,eval_127,checkpoint_specific,99.0,1.5,64,256,768,148349,148349,2132,32,96,149415,149415,299048,299112,1.643,1.742833,0.385292,0.24225,0.050333,3.678416,4.063708,0,,,186
projcos4,projcos,honest_homo,eval_128,checkpoint_specific,99.0,1.5,64,256,768,148283,148283,2132,32,96,149349,149349,298916,298980,1.75825,1.701792,0.249625,0.220333,0.047417,3.727792,3.977417,0,,,186
projcos4,projcos,honest_homo,eval_129,checkpoint_specific,99.0,1.5,64,256,768,148312,148312,2132,32,96,149378,149378,298974,299038,1.674917,1.671333,0.253167,0.255458,0.042333,3.644041,3.897208,0,,,186
projcos4,projcos,honest_homo,eval_130,checkpoint_specific,99.0,1.5,64,256,768,117825,117825,2132,32,96,118891,118891,238000,238064,1.696792,1.587667,0.216542,0.187542,0.047125,3.519126,3.735668,0,,,186
projcos4,projcos,honest_homo,eval_131,checkpoint_specific,99.0,1.5,64,256,768,94679,94679,2132,32,96,95745,95745,191708,191772,1.518916,1.500125,0.195833,0.1715,0.040042,3.230583,3.426416,0,,,186
projcos4,projcos,honest_homo,eval_132,checkpoint_specific,99.0,1.5,64,256,768,102344,102344,2132,32,96,103410,103410,207038,207102,1.682708,1.653083,0.239125,0.1675,0.046125,3.549416,3.788541,0,,,186
projcos4,projcos,honest_homo,eval_133,checkpoint_specific,99.0,1.5,64,256,768,87095,87095,2132,32,96,88161,88161,176540,176604,1.605917,1.536667,0.225375,0.166625,0.052542,3.361751,3.587126,0,,,186
projcos4,projcos,honest_homo,eval_134,checkpoint_specific,99.0,1.5,64,256,768,87056,87056,2132,32,96,88122,88122,176462,176526,1.812208,1.766,0.249083,0.177292,0.048375,3.803875,4.052958,0,,,186
projcos4,projcos,honest_homo,eval_135,checkpoint_specific,99.0,1.5,64,256,768,86993,86993,2132,32,96,88059,88059,176336,176400,1.507125,1.445542,0.196042,0.176666,0.041334,3.170667,3.366709,0,,,186
projcos4,projcos,honest_homo,eval_136,checkpoint_specific,99.0,1.5,64,256,768,87088,87088,2132,32,96,88154,88154,176526,176590,1.521584,1.653875,0.245416,0.180333,0.052167,3.407959,3.653375,0,,,186
projcos4,projcos,honest_homo,eval_137,checkpoint_specific,99.0,1.5,64,256,768,117719,117719,2132,32,96,118785,118785,237788,237852,1.649459,1.669792,0.232333,0.186042,0.046875,3.552168,3.784501,0,,,186
projcos4,projcos,honest_homo,eval_138,checkpoint_specific,99.0,1.5,64,256,768,117798,117798,2132,32,96,118864,118864,237946,238010,1.660333,1.805833,0.318583,0.194542,0.05925,3.719958,4.038541,0,,,186
projcos4,projcos,honest_homo,eval_139,checkpoint_specific,99.0,1.5,64,256,768,117874,117874,2132,32,96,118940,118940,238098,238162,1.748667,1.578333,0.213083,0.189083,0.044667,3.56075,3.773833,0,,,186
projcos4,projcos,honest_homo,eval_140,checkpoint_specific,99.0,1.5,64,256,768,87075,87075,2132,32,96,88141,88141,176500,176564,1.547334,1.620625,0.206958,0.280125,0.057333,3.505417,3.712375,0,,,186
projcos4,projcos,honest_homo,eval_141,checkpoint_specific,99.0,1.5,64,256,768,94617,94617,2132,32,96,95683,95683,191584,191648,1.737709,1.522792,0.214958,0.182125,0.044208,3.486834,3.701792,0,,,186
projcos4,projcos,honest_homo,eval_142,checkpoint_specific,99.0,1.5,64,256,768,102410,102410,2132,32,96,103476,103476,207170,207234,1.60025,1.5685,0.197292,0.17025,0.044083,3.383083,3.580375,0,,,186
projcos4,projcos,honest_homo,eval_143,checkpoint_specific,99.0,1.5,64,256,768,87113,87113,2132,32,96,88179,88179,176576,176640,1.775166,1.605875,0.21725,0.183334,0.043542,3.607917,3.825167,0,,,186
projcos4,projcos,honest_homo,eval_144,checkpoint_specific,99.0,1.5,64,256,768,87139,87139,2132,32,96,88205,88205,176628,176692,1.508291,1.48175,0.201209,0.188125,0.039667,3.217833,3.419042,0,,,186
projcos4,projcos,honest_homo,eval_145,checkpoint_specific,99.0,1.5,64,256,768,86952,86952,2132,32,96,88018,88018,176254,176318,1.560416,1.590292,0.223959,0.161208,0.049417,3.361333,3.585292,0,,,186
projcos4,projcos,honest_homo,eval_146,checkpoint_specific,99.0,1.5,64,256,768,87084,87084,2132,32,96,88150,88150,176518,176582,1.724333,1.527167,0.221667,0.185583,0.047375,3.484458,3.706125,0,,,186
projcos4,projcos,honest_homo,eval_147,checkpoint_specific,99.0,1.5,64,256,768,117827,117827,2132,32,96,118893,118893,238004,238068,1.671208,1.860792,0.282917,0.192458,0.0615,3.785958,4.068875,0,,,186
projcos4,projcos,honest_homo,eval_148,checkpoint_specific,99.0,1.5,64,256,768,117775,117775,2132,32,96,118841,118841,237900,237964,1.643334,1.510333,0.2405,0.189542,0.04175,3.384959,3.625459,0,,,186
projcos4,projcos,honest_homo,eval_149,checkpoint_specific,99.0,1.5,64,256,768,117819,117819,2132,32,96,118885,118885,237988,238052,1.702375,1.813459,0.264792,0.18925,0.052709,3.757793,4.022585,0,,,186
projcos4,projcos,honest_homo,eval_150,checkpoint_specific,99.0,1.5,64,256,768,87077,87077,2132,32,96,88143,88143,176504,176568,1.580334,1.452625,0.19425,0.17575,0.041958,3.250667,3.444917,0,,,186
projcos4,projcos,honest_homo,eval_151,checkpoint_specific,99.0,1.5,64,256,768,110135,110135,2132,32,96,111201,111201,222620,222684,1.534,1.549708,0.2035,0.186834,0.042875,3.313417,3.516917,0,,,186
projcos4,projcos,honest_homo,eval_152,checkpoint_specific,99.0,1.5,64,256,768,117832,117832,2132,32,96,118898,118898,238014,238078,1.763292,1.59975,0.209084,0.172875,0.040458,3.576375,3.785459,0,,,186
projcos4,projcos,honest_homo,eval_153,checkpoint_specific,99.0,1.5,64,256,768,102417,102417,2132,32,96,103483,103483,207184,207248,1.54025,1.500084,0.200167,0.181625,0.041208,3.263167,3.463334,0,,,186
projcos4,projcos,honest_homo,eval_154,checkpoint_specific,99.0,1.5,64,256,768,102552,102552,2132,32,96,103618,103618,207454,207518,1.647,1.683333,0.23675,0.166167,0.048334,3.544834,3.781584,0,,,186
projcos4,projcos,honest_homo,eval_155,checkpoint_specific,99.0,1.5,64,256,768,102403,102403,2132,32,96,103469,103469,207156,207220,1.706167,1.568792,0.239458,0.178583,0.04825,3.501792,3.74125,0,,,186
projcos4,projcos,honest_homo,eval_156,checkpoint_specific,99.0,1.5,64,256,768,102452,102452,2132,32,96,103518,103518,207254,207318,1.834834,1.77575,0.248459,0.188875,0.049875,3.849334,4.097793,0,,,186
projcos4,projcos,honest_homo,eval_157,checkpoint_specific,99.0,1.5,64,256,768,133180,133180,2132,32,96,134246,134246,268710,268774,1.63625,1.581917,0.256125,0.302958,0.04725,3.568375,3.8245,0,,,186
projcos4,projcos,honest_homo,eval_158,checkpoint_specific,99.0,1.5,64,256,768,133159,133159,2132,32,96,134225,134225,268668,268732,1.666333,1.8615,0.297625,0.228875,0.04475,3.801458,4.099083,0,,,186
projcos4,projcos,honest_homo,eval_159,checkpoint_specific,99.0,1.5,64,256,768,133204,133204,2132,32,96,134270,134270,268758,268822,1.650583,1.605917,0.234125,0.218375,0.041541,3.516416,3.750541,0,,,186
projcos4,projcos,honest_homo,eval_160,checkpoint_specific,99.0,1.5,64,256,768,102561,102561,2132,32,96,103627,103627,207472,207536,1.593125,1.7275,0.229541,0.1925,0.046125,3.55925,3.788791,0,,,186
projcos4,projcos,honest_homo,eval_161,checkpoint_specific,99.0,1.5,64,256,768,102359,102359,2132,32,96,103425,103425,207068,207132,1.663333,1.614375,0.203208,0.173583,0.043583,3.494874,3.698082,0,,,186
projcos4,projcos,honest_homo,eval_162,checkpoint_specific,99.0,1.5,64,256,768,110073,110073,2132,32,96,111139,111139,222496,222560,1.599417,1.625125,0.214917,0.181792,0.048791,3.455125,3.670042,0,,,186
projcos4,projcos,honest_homo,eval_163,checkpoint_specific,99.0,1.5,64,256,768,94753,94753,2132,32,96,95819,95819,191856,191920,1.683292,1.650042,0.245375,0.184209,0.047125,3.564668,3.810043,0,,,186
projcos4,projcos,honest_homo,eval_164,checkpoint_specific,99.0,1.5,64,256,768,94714,94714,2132,32,96,95780,95780,191778,191842,1.560959,1.542958,0.350459,0.18575,0.046459,3.336126,3.686585,0,,,186
projcos4,projcos,honest_homo,eval_165,checkpoint_specific,99.0,1.5,64,256,768,94710,94710,2132,32,96,95776,95776,191770,191834,1.644625,1.53575,0.203709,0.179958,0.043875,3.404208,3.607917,0,,,186
projcos4,projcos,honest_homo,eval_166,checkpoint_specific,99.0,1.5,64,256,768,94768,94768,2132,32,96,95834,95834,191886,191950,1.507958,1.667,0.213459,0.18775,0.043542,3.40625,3.619709,0,,,186
projcos4,projcos,honest_homo,eval_167,checkpoint_specific,99.0,1.5,64,256,768,125421,125421,2132,32,96,126487,126487,253192,253256,1.787291,1.752791,0.267417,0.2155,0.048583,3.804165,4.071582,0,,,186
projcos4,projcos,honest_homo,eval_168,checkpoint_specific,99.0,1.5,64,256,768,125426,125426,2132,32,96,126492,126492,253202,253266,1.698792,1.725833,0.224625,0.215166,0.042459,3.68225,3.906875,0,,,186
projcos4,projcos,honest_homo,eval_169,checkpoint_specific,99.0,1.5,64,256,768,125488,125488,2132,32,96,126554,126554,253326,253390,1.755958,1.764292,0.257125,0.199791,0.058375,3.778416,4.035541,0,,,186
projcos4,projcos,honest_homo,eval_170,checkpoint_specific,99.0,1.5,64,256,768,94781,94781,2132,32,96,95847,95847,191912,191976,1.657584,1.582042,0.207334,0.184916,0.041041,3.465583,3.672917,0,,,186
projcos4,projcos,honest_homo,eval_171,checkpoint_specific,99.0,1.5,64,256,768,102424,102424,2132,32,96,103490,103490,207198,207262,1.681208,1.707208,0.272042,0.196333,0.049917,3.634666,3.906708,0,,,186
projcos4,projcos,honest_homo,eval_172,checkpoint_specific,99.0,1.5,64,256,768,110099,110099,2132,32,96,111165,111165,222548,222612,1.912667,1.746,0.251125,0.210791,0.047084,3.916542,4.167667,0,,,186
projcos4,projcos,honest_homo,eval_173,checkpoint_specific,99.0,1.5,64,256,768,94804,94804,2132,32,96,95870,95870,191958,192022,1.621542,1.577625,0.216459,0.179125,0.044292,3.422584,3.639043,0,,,186
projcos4,projcos,honest_homo,eval_174,checkpoint_specific,99.0,1.5,64,256,768,94787,94787,2132,32,96,95853,95853,191924,191988,1.625708,1.645875,0.230417,0.200083,0.0505,3.522166,3.752583,0,,,186
projcos4,projcos,honest_homo,eval_175,checkpoint_specific,99.0,1.5,64,256,768,94756,94756,2132,32,96,95822,95822,191862,191926,1.791833,1.751417,0.262375,0.187042,0.05325,3.783542,4.045917,0,,,186
projcos4,projcos,honest_homo,eval_176,checkpoint_specific,99.0,1.5,64,256,768,94802,94802,2132,32,96,95868,95868,191954,192018,1.700625,1.646167,0.25475,0.179417,0.05075,3.576959,3.831709,0,,,186
projcos4,projcos,honest_homo,eval_177,checkpoint_specific,99.0,1.5,64,256,768,125428,125428,2132,32,96,126494,126494,253206,253270,1.683,1.924292,0.268334,0.200041,0.052708,3.860041,4.128375,0,,,186
projcos4,projcos,honest_homo,eval_178,checkpoint_specific,99.0,1.5,64,256,768,125405,125405,2132,32,96,126471,126471,253160,253224,1.775291,1.6275,0.218791,0.189875,0.044125,3.636791,3.855582,0,,,186
projcos4,projcos,honest_homo,eval_179,checkpoint_specific,99.0,1.5,64,256,768,125471,125471,2132,32,96,126537,126537,253292,253356,1.577833,1.549209,0.197416,0.245459,0.042083,3.414584,3.612,0,,,186
projcos4,projcos,honest_homo,eval_180,checkpoint_specific,99.0,1.5,64,256,768,94765,94765,2132,32,96,95831,95831,191880,191944,1.643583,1.537042,0.233792,0.181708,0.05025,3.412583,3.646375,0,,,186
projcos4,projcos,honest_homo,eval_181,checkpoint_specific,99.0,1.5,64,256,768,102309,102309,2132,32,96,103375,103375,206968,207032,1.515917,1.546417,0.212833,0.184541,0.052834,3.299709,3.512542,0,,,186
projcos4,projcos,honest_homo,eval_182,checkpoint_specific,99.0,1.5,64,256,768,109895,109895,2132,32,96,110961,110961,222140,222204,1.645125,1.613708,0.226417,0.185209,0.049125,3.493167,3.719584,0,,,186
projcos4,projcos,honest_homo,eval_183,checkpoint_specific,99.0,1.5,64,256,768,94722,94722,2132,32,96,95788,95788,191794,191858,1.4795,1.614833,0.199666,0.183584,0.042416,3.320333,3.519999,0,,,186
projcos4,projcos,honest_homo,eval_184,checkpoint_specific,99.0,1.5,64,256,768,94570,94570,2132,32,96,95636,95636,191490,191554,1.610917,1.621125,0.248542,0.180625,0.05075,3.463417,3.711959,0,,,186
projcos4,projcos,honest_homo,eval_185,checkpoint_specific,99.0,1.5,64,256,768,94672,94672,2132,32,96,95738,95738,191694,191758,1.59175,1.471916,0.194042,0.178791,0.042,3.284457,3.478499,0,,,186
projcos4,projcos,honest_homo,eval_186,checkpoint_specific,99.0,1.5,64,256,768,94661,94661,2132,32,96,95727,95727,191672,191736,1.513,1.588375,0.200042,0.185875,0.038709,3.325959,3.526001,0,,,186
projcos4,projcos,honest_homo,eval_187,checkpoint_specific,99.0,1.5,64,256,768,125291,125291,2132,32,96,126357,126357,252932,252996,1.695,1.556791,0.20375,0.189333,0.040583,3.481707,3.685457,0,,,186
projcos4,projcos,honest_homo,eval_188,checkpoint_specific,99.0,1.5,64,256,768,125342,125342,2132,32,96,126408,126408,253034,253098,1.554334,1.638583,0.22,0.2725,0.055125,3.520542,3.740542,0,,,186
projcos4,projcos,honest_homo,eval_189,checkpoint_specific,99.0,1.5,64,256,768,125401,125401,2132,32,96,126467,126467,253152,253216,1.777708,1.592208,0.222209,0.192959,0.044125,3.607,3.829209,0,,,186
projcos4,projcos,honest_homo,eval_190,checkpoint_specific,99.0,1.5,64,256,768,94685,94685,2132,32,96,95751,95751,191720,191784,1.567208,1.503417,0.192709,0.17275,0.041959,3.285334,3.478043,0,,,186
projcos4,projcos,honest_homo,eval_191,checkpoint_specific,99.0,1.5,64,256,768,102365,102365,2132,32,96,103431,103431,207080,207144,1.632625,1.598708,0.22275,0.18725,0.044125,3.462708,3.685458,0,,,186
projcos4,projcos,honest_homo,eval_192,checkpoint_specific,99.0,1.5,64,256,768,109963,109963,2132,32,96,111029,111029,222276,222340,1.54925,1.595167,0.204375,0.186458,0.043209,3.374084,3.578459,0,,,186
projcos4,projcos,honest_homo,eval_193,checkpoint_specific,99.0,1.5,64,256,768,94729,94729,2132,32,96,95795,95795,191808,191872,1.5345,1.610667,0.24125,0.1795,0.049292,3.373959,3.615209,0,,,186
projcos4,projcos,honest_homo,eval_194,checkpoint_specific,99.0,1.5,64,256,768,94732,94732,2132,32,96,95798,95798,191814,191878,1.57925,1.508959,0.194666,0.179042,0.043208,3.310459,3.505125,0,,,186
projcos4,projcos,honest_homo,eval_195,checkpoint_specific,99.0,1.5,64,256,768,94608,94608,2132,32,96,95674,95674,191566,191630,1.48225,1.623458,0.208958,0.1885,0.039834,3.334042,3.543,0,,,186
projcos4,projcos,honest_homo,eval_196,checkpoint_specific,99.0,1.5,64,256,768,94721,94721,2132,32,96,95787,95787,191792,191856,1.587,1.477792,0.194125,0.178708,0.041,3.2845,3.478625,0,,,186
projcos4,projcos,honest_homo,eval_197,checkpoint_specific,99.0,1.5,64,256,768,125292,125292,2132,32,96,126358,126358,252934,252998,1.682166,1.611583,0.224834,0.193792,0.047709,3.53525,3.760084,0,,,186
projcos4,projcos,honest_homo,eval_198,checkpoint_specific,99.0,1.5,64,256,768,125348,125348,2132,32,96,126414,126414,253046,253110,1.783125,1.70775,0.251041,0.192209,0.049083,3.732167,3.983208,0,,,186
projcos4,projcos,honest_homo,eval_199,checkpoint_specific,99.0,1.5,64,256,768,125330,125330,2132,32,96,126396,126396,253010,253074,1.652625,1.613375,0.213959,0.188833,0.042583,3.497416,3.711375,0,,,186
projcos4,projcos,honest_homo,eval_200,checkpoint_specific,99.0,1.5,64,256,768,94667,94667,2132,32,96,95733,95733,191684,191748,1.614208,1.654375,0.24075,0.180542,0.04725,3.496375,3.737125,0,,,186
projcos4,projcos,honest_hetero,eval_001,checkpoint_specific,99.0,1.5,64,256,768,125482,125387,2147,32,96,126563,126453,253236,253300,1.6485,1.606125,0.215375,0.192333,0.042584,3.489542,3.704917,0,,,188
projcos4,projcos,honest_hetero,eval_002,checkpoint_specific,99.0,1.5,64,256,768,133215,133175,2147,32,96,134296,134241,268757,268821,1.7555,1.781417,0.317041,0.225334,0.048458,3.810709,4.12775,0,,,188
projcos4,projcos,honest_hetero,eval_003,checkpoint_specific,99.0,1.5,64,256,768,117767,117824,2147,32,96,118848,118890,237958,238022,1.639375,1.6695,0.238667,0.182375,0.049917,3.541167,3.779834,0,,,188
projcos4,projcos,honest_hetero,eval_004,checkpoint_specific,99.0,1.5,64,256,768,117850,117850,2147,32,96,118931,118916,238067,238131,2.248208,2.105375,0.260084,0.188834,0.048292,4.590709,4.850793,0,,,188
projcos4,projcos,honest_hetero,eval_005,checkpoint_specific,99.0,1.5,64,256,768,117858,117819,2147,32,96,118939,118885,238044,238108,1.579375,1.541459,0.204708,0.186875,0.041667,3.349376,3.554084,0,,,188
projcos4,projcos,honest_hetero,eval_006,checkpoint_specific,99.0,1.5,64,256,768,117770,117847,2147,32,96,118851,118913,237984,238048,1.692334,1.872584,0.279791,0.195083,0.052541,3.812542,4.092333,0,,,188
projcos4,projcos,honest_hetero,eval_007,checkpoint_specific,99.0,1.5,64,256,768,148420,148372,2147,32,96,149501,149438,299159,299223,1.74075,1.65875,0.294042,0.230166,0.047,3.676666,3.970708,0,,,188
projcos4,projcos,honest_hetero,eval_008,checkpoint_specific,99.0,1.5,64,256,768,148457,148442,2147,32,96,149538,149508,299266,299330,1.937,1.791459,0.315417,0.228541,0.050792,4.007792,4.323209,0,,,188
projcos4,projcos,honest_hetero,eval_009,checkpoint_specific,99.0,1.5,64,256,768,148426,148502,2147,32,96,149507,149568,299295,299359,1.70175,1.669042,0.246416,0.223833,0.042417,3.637042,3.883458,0,,,188
projcos4,projcos,honest_hetero,eval_010,checkpoint_specific,99.0,1.5,64,256,768,117800,117752,2147,32,96,118881,118818,237919,237983,1.64725,1.728,0.266042,0.193541,0.048875,3.617666,3.883708,0,,,188
projcos4,projcos,honest_hetero,eval_011,checkpoint_specific,99.0,1.5,64,256,768,94626,94634,2147,32,96,95707,95700,191627,191691,1.53375,1.451041,0.193208,0.180708,0.041292,3.206791,3.399999,0,,,188
projcos4,projcos,honest_hetero,eval_012,checkpoint_specific,99.0,1.5,64,256,768,102352,102368,2147,32,96,103433,103434,207087,207151,1.690208,1.627084,0.241917,0.188709,0.053792,3.559793,3.80171,0,,,188
projcos4,projcos,honest_hetero,eval_013,checkpoint_specific,99.0,1.5,64,256,768,86922,86927,2147,32,96,88003,87993,176216,176280,1.553959,1.526333,0.207916,0.1805,0.04475,3.305542,3.513458,0,,,188
projcos4,projcos,honest_hetero,eval_014,checkpoint_specific,99.0,1.5,64,256,768,87105,87044,2147,32,96,88186,88110,176516,176580,1.504125,1.491416,0.186416,0.173667,0.041417,3.210625,3.397041,0,,,188
projcos4,projcos,honest_hetero,eval_015,checkpoint_specific,99.0,1.5,64,256,768,87073,87024,2147,32,96,88154,88090,176464,176528,1.99375,1.591,0.28975,0.189584,0.057083,3.831417,4.121167,0,,,188
projcos4,projcos,honest_hetero,eval_016,checkpoint_specific,99.0,1.5,64,256,768,87039,87017,2147,32,96,88120,88083,176423,176487,1.683125,1.555417,0.252875,0.164208,0.046208,3.448958,3.701833,0,,,188
projcos4,projcos,honest_hetero,eval_017,checkpoint_specific,99.0,1.5,64,256,768,117810,117702,2147,32,96,118891,118768,237879,237943,1.925958,1.746208,0.251541,0.189583,0.049792,3.911541,4.163082,0,,,188
projcos4,projcos,honest_hetero,eval_018,checkpoint_specific,99.0,1.5,64,256,768,117836,117777,2147,32,96,118917,118843,237980,238044,1.536542,1.531666,0.227625,0.18875,0.042333,3.299291,3.526916,0,,,188
projcos4,projcos,honest_hetero,eval_019,checkpoint_specific,99.0,1.5,64,256,768,117780,117794,2147,32,96,118861,118860,237941,238005,1.767542,1.680167,0.261625,0.185709,0.050208,3.683626,3.945251,0,,,188
projcos4,projcos,honest_hetero,eval_020,checkpoint_specific,99.0,1.5,64,256,768,87036,87013,2147,32,96,88117,88079,176416,176480,1.580333,1.580458,0.225792,0.184458,0.0495,3.394749,3.620541,0,,,188
projcos4,projcos,honest_hetero,eval_021,checkpoint_specific,99.0,1.5,64,256,768,102280,102278,2147,32,96,103361,103344,206925,206989,1.634791,1.6455,0.249292,0.18425,0.050084,3.514625,3.763917,0,,,188
projcos4,projcos,honest_hetero,eval_022,checkpoint_specific,99.0,1.5,64,256,768,110000,109959,2147,32,96,111081,111025,222326,222390,1.550708,1.524959,0.195125,0.181084,0.038708,3.295459,3.490584,0,,,188
projcos4,projcos,honest_hetero,eval_023,checkpoint_specific,99.0,1.5,64,256,768,94637,94688,2147,32,96,95718,95754,191692,191756,1.556416,1.716542,0.269584,0.185916,0.051791,3.510665,3.780249,0,,,188
projcos4,projcos,honest_hetero,eval_024,checkpoint_specific,99.0,1.5,64,256,768,94661,94655,2147,32,96,95742,95721,191683,191747,1.674542,1.612292,0.231917,0.180375,0.048708,3.515917,3.747834,0,,,188
projcos4,projcos,honest_hetero,eval_025,checkpoint_specific,99.0,1.5,64,256,768,94647,94608,2147,32,96,95728,95674,191622,191686,1.609625,1.762625,0.237458,0.180208,0.046458,3.598916,3.836374,0,,,188
projcos4,projcos,honest_hetero,eval_026,checkpoint_specific,99.0,1.5,64,256,768,94616,94641,2147,32,96,95697,95707,191624,191688,1.654125,1.658042,0.201292,0.180334,0.04275,3.535251,3.736543,0,,,188
projcos4,projcos,honest_hetero,eval_027,checkpoint_specific,99.0,1.5,64,256,768,125451,125318,2147,32,96,126532,126384,253136,253200,1.556584,1.623375,0.209541,0.196625,0.0435,3.420084,3.629625,0,,,188
projcos4,projcos,honest_hetero,eval_028,checkpoint_specific,99.0,1.5,64,256,768,125349,125330,2147,32,96,126430,126396,253046,253110,1.864709,1.669833,0.287667,0.195125,0.055084,3.784751,4.072418,0,,,188
projcos4,projcos,honest_hetero,eval_029,checkpoint_specific,99.0,1.5,64,256,768,125386,125406,2147,32,96,126467,126472,253159,253223,1.607917,1.672917,0.220959,0.187959,0.043917,3.51271,3.733669,0,,,188
projcos4,projcos,honest_hetero,eval_030,checkpoint_specific,99.0,1.5,64,256,768,94604,94632,2147,32,96,95685,95698,191603,191667,1.645458,1.5995,0.239125,0.180584,0.054583,3.480125,3.71925,0,,,188
projcos4,projcos,honest_hetero,eval_031,checkpoint_specific,99.0,1.5,64,256,768,109980,109933,2147,32,96,111061,110999,222280,222344,1.549833,1.543625,0.199375,0.184375,0.042542,3.320375,3.51975,0,,,188
projcos4,projcos,honest_hetero,eval_032,checkpoint_specific,99.0,1.5,64,256,768,117729,117742,2147,32,96,118810,118808,237838,237902,1.7355,1.751584,0.2765,0.192667,0.054333,3.734084,4.010584,0,,,188
projcos4,projcos,honest_hetero,eval_033,checkpoint_specific,99.0,1.5,64,256,768,102388,102412,2147,32,96,103469,103478,207167,207231,1.665042,1.615209,0.218583,0.174292,0.045417,3.49996,3.718543,0,,,188
projcos4,projcos,honest_hetero,eval_034,checkpoint_specific,99.0,1.5,64,256,768,102368,102360,2147,32,96,103449,103426,207095,207159,1.665333,1.871541,0.258708,0.197666,0.048875,3.783415,4.042123,0,,,188
projcos4,projcos,honest_hetero,eval_035,checkpoint_specific,99.0,1.5,64,256,768,102434,102369,2147,32,96,103515,103435,207170,207234,1.6655,1.5735,0.22675,0.182084,0.045166,3.46625,3.693,0,,,188
projcos4,projcos,honest_hetero,eval_036,checkpoint_specific,99.0,1.5,64,256,768,102317,102345,2147,32,96,103398,103411,207029,207093,1.552917,1.655916,0.2955,0.192916,0.061792,3.463541,3.759041,0,,,188
projcos4,projcos,honest_hetero,eval_037,checkpoint_specific,99.0,1.5,64,256,768,133104,133072,2147,32,96,134185,134138,268543,268607,1.778791,1.578708,0.261708,0.218083,0.042333,3.617915,3.879623,0,,,188
projcos4,projcos,honest_hetero,eval_038,checkpoint_specific,99.0,1.5,64,256,768,133066,133104,2147,32,96,134147,134170,268537,268601,1.669375,1.648208,0.235833,0.237917,0.04525,3.60075,3.836583,0,,,188
projcos4,projcos,honest_hetero,eval_039,checkpoint_specific,99.0,1.5,64,256,768,133119,133130,2147,32,96,134200,134196,268616,268680,1.757583,1.619042,0.300417,0.221083,0.044875,3.642583,3.943,0,,,188
projcos4,projcos,honest_hetero,eval_040,checkpoint_specific,99.0,1.5,64,256,768,102368,102351,2147,32,96,103449,103417,207086,207150,1.667083,1.660042,0.199625,0.209667,0.079,3.615792,3.815417,0,,,188
projcos4,projcos,honest_hetero,eval_041,checkpoint_specific,99.0,1.5,64,256,768,117762,117781,2147,32,96,118843,118847,237910,237974,1.7145,1.623875,0.242917,0.19025,0.047875,3.5765,3.819417,0,,,188
projcos4,projcos,honest_hetero,eval_042,checkpoint_specific,99.0,1.5,64,256,768,125510,125483,2147,32,96,126591,126549,253360,253424,1.707542,1.80025,0.363208,0.182916,0.052583,3.743291,4.106499,0,,,188
projcos4,projcos,honest_hetero,eval_043,checkpoint_specific,99.0,1.5,64,256,768,110101,110095,2147,32,96,111182,111161,222563,222627,1.993125,1.686417,0.253125,0.183917,0.052416,3.915875,4.169,0,,,188
projcos4,projcos,honest_hetero,eval_044,checkpoint_specific,99.0,1.5,64,256,768,110050,110045,2147,32,96,111131,111111,222462,222526,1.589209,1.582959,0.206333,0.218792,0.043459,3.434419,3.640752,0,,,188
projcos4,projcos,honest_hetero,eval_045,checkpoint_specific,99.0,1.5,64,256,768,110084,110039,2147,32,96,111165,111105,222490,222554,1.900083,1.668042,0.256792,0.186166,0.051084,3.805375,4.062167,0,,,188
projcos4,projcos,honest_hetero,eval_046,checkpoint_specific,99.0,1.5,64,256,768,110060,110089,2147,32,96,111141,111155,222516,222580,1.68675,1.54075,0.203291,0.182291,0.042334,3.452125,3.655416,0,,,188
projcos4,projcos,honest_hetero,eval_047,checkpoint_specific,99.0,1.5,64,256,768,140737,140708,2147,32,96,141818,141774,283812,283876,1.709291,1.724,0.284625,0.22225,0.043208,3.698749,3.983374,0,,,188
projcos4,projcos,honest_hetero,eval_048,checkpoint_specific,99.0,1.5,64,256,768,140700,140709,2147,32,96,141781,141775,283776,283840,1.607875,1.6105,0.236459,0.217667,0.040667,3.476709,3.713168,0,,,188
projcos4,projcos,honest_hetero,eval_049,checkpoint_specific,99.0,1.5,64,256,768,140812,140782,2147,32,96,141893,141848,283961,284025,1.920417,1.696416,0.29775,0.212542,0.046709,3.876084,4.173834,0,,,188
projcos4,projcos,honest_hetero,eval_050,checkpoint_specific,99.0,1.5,64,256,768,110079,110109,2147,32,96,111160,111175,222555,222619,1.590292,1.566,0.211792,0.185042,0.043875,3.385209,3.597001,0,,,188
projcos4,projcos,honest_hetero,eval_051,checkpoint_specific,99.0,1.5,64,256,768,125511,125473,2147,32,96,126592,126539,253351,253415,1.654583,1.683334,0.227542,0.322208,0.043833,3.703958,3.9315,0,,,188
projcos4,projcos,honest_hetero,eval_052,checkpoint_specific,99.0,1.5,64,256,768,133274,133158,2147,32,96,134355,134224,268799,268863,1.6545,1.568416,0.247,0.220292,0.041,3.484208,3.731208,0,,,188
projcos4,projcos,honest_hetero,eval_053,checkpoint_specific,99.0,1.5,64,256,768,117973,117930,2147,32,96,119054,118996,238270,238334,1.575875,1.618042,0.252709,0.177666,0.04675,3.418333,3.671042,0,,,188
projcos4,projcos,honest_hetero,eval_054,checkpoint_specific,99.0,1.5,64,256,768,117920,117955,2147,32,96,119001,119021,238242,238306,1.69525,1.74475,0.236084,0.192834,0.048917,3.681751,3.917835,0,,,188
projcos4,projcos,honest_hetero,eval_055,checkpoint_specific,99.0,1.5,64,256,768,117861,117827,2147,32,96,118942,118893,238055,238119,1.714917,2.020916,0.273666,0.208208,0.059292,4.003333,4.276999,0,,,188
projcos4,projcos,honest_hetero,eval_056,checkpoint_specific,99.0,1.5,64,256,768,117893,117845,2147,32,96,118974,118911,238105,238169,1.72,1.629667,0.206417,0.198,0.046375,3.594042,3.800459,0,,,188
projcos4,projcos,honest_hetero,eval_057,checkpoint_specific,99.0,1.5,64,256,768,148351,148278,2147,32,96,149432,149344,298996,299060,1.768208,1.948459,0.321709,0.218542,0.053833,3.989042,4.310751,0,,,188
projcos4,projcos,honest_hetero,eval_058,checkpoint_specific,99.0,1.5,64,256,768,148430,148424,2147,32,96,149511,149490,299221,299285,1.756459,1.627125,0.257834,0.219791,0.042292,3.645667,3.903501,0,,,188
projcos4,projcos,honest_hetero,eval_059,checkpoint_specific,99.0,1.5,64,256,768,148378,148408,2147,32,96,149459,149474,299153,299217,1.621833,1.730791,0.306875,0.243542,0.048583,3.644749,3.951624,0,,,188
projcos4,projcos,honest_hetero,eval_060,checkpoint_specific,99.0,1.5,64,256,768,117899,117952,2147,32,96,118980,119018,238218,238282,1.877459,1.629292,0.225,0.189584,0.0445,3.740835,3.965835,0,,,188
projcos4,projcos,honest_hetero,eval_061,checkpoint_specific,99.0,1.5,64,256,768,94695,94729,2147,32,96,95776,95795,191791,191855,1.543,1.551084,0.201333,0.167917,0.042084,3.304085,3.505418,0,,,188
projcos4,projcos,honest_hetero,eval_062,checkpoint_specific,99.0,1.5,64,256,768,102456,102420,2147,32,96,103537,103486,207243,207307,1.723458,1.705292,0.240042,0.167709,0.04825,3.644709,3.884751,0,,,188
projcos4,projcos,honest_hetero,eval_063,checkpoint_specific,99.0,1.5,64,256,768,86994,86997,2147,32,96,88075,88063,176358,176422,1.715709,1.604,0.218083,0.163,0.043708,3.526417,3.7445,0,,,188
projcos4,projcos,honest_hetero,eval_064,checkpoint_specific,99.0,1.5,64,256,768,87050,87139,2147,32,96,88131,88205,176556,176620,1.897417,1.620959,0.242167,0.176917,0.048167,3.74346,3.985627,0,,,188
projcos4,projcos,honest_hetero,eval_065,checkpoint_specific,99.0,1.5,64,256,768,87006,87081,2147,32,96,88087,88147,176454,176518,1.50325,1.538375,0.337833,0.18775,0.039167,3.268542,3.606375,0,,,188
projcos4,projcos,honest_hetero,eval_066,checkpoint_specific,99.0,1.5,64,256,768,86979,87056,2147,32,96,88060,88122,176402,176466,1.675333,1.776292,0.2615,0.184625,0.054417,3.690667,3.952167,0,,,188
projcos4,projcos,honest_hetero,eval_067,checkpoint_specific,99.0,1.5,64,256,768,117832,117822,2147,32,96,118913,118888,238021,238085,1.669625,1.5785,0.208333,0.190833,0.043333,3.482291,3.690624,0,,,188
projcos4,projcos,honest_hetero,eval_068,checkpoint_specific,99.0,1.5,64,256,768,117851,117889,2147,32,96,118932,118955,238107,238171,1.653541,1.812791,0.246416,0.202417,0.047458,3.716207,3.962623,0,,,188
projcos4,projcos,honest_hetero,eval_069,checkpoint_specific,99.0,1.5,64,256,768,117788,117797,2147,32,96,118869,118863,237952,238016,1.688792,1.643834,0.215042,0.188584,0.048625,3.569835,3.784877,0,,,188
projcos4,projcos,honest_hetero,eval_070,checkpoint_specific,99.0,1.5,64,256,768,87086,87040,2147,32,96,88167,88106,176493,176557,1.580625,1.586833,0.246709,0.163208,0.048375,3.379041,3.62575,0,,,188
projcos4,projcos,honest_hetero,eval_071,checkpoint_specific,99.0,1.5,64,256,768,102328,102442,2147,32,96,103409,103508,207137,207201,1.729875,1.726916,0.258625,0.188916,0.055416,3.701123,3.959748,0,,,188
projcos4,projcos,honest_hetero,eval_072,checkpoint_specific,99.0,1.5,64,256,768,110106,110082,2147,32,96,111187,111148,222555,222619,1.675875,2.48175,0.338833,0.188709,0.055917,4.402251,4.741084,0,,,188
projcos4,projcos,honest_hetero,eval_073,checkpoint_specific,99.0,1.5,64,256,768,94746,94742,2147,32,96,95827,95808,191855,191919,1.699542,1.5595,0.212583,0.172417,0.085375,3.516834,3.729417,0,,,188
projcos4,projcos,honest_hetero,eval_074,checkpoint_specific,99.0,1.5,64,256,768,94786,94770,2147,32,96,95867,95836,191923,191987,1.704792,1.786834,0.275208,0.174875,0.057167,3.723668,3.998876,0,,,188
projcos4,projcos,honest_hetero,eval_075,checkpoint_specific,99.0,1.5,64,256,768,94760,94677,2147,32,96,95841,95743,191804,191868,1.68525,1.525542,0.196875,0.180458,0.042667,3.433917,3.630792,0,,,188
projcos4,projcos,honest_hetero,eval_076,checkpoint_specific,99.0,1.5,64,256,768,94714,94651,2147,32,96,95795,95717,191732,191796,1.543792,1.606916,0.182833,0.165917,0.040417,3.357042,3.539875,0,,,188
projcos4,projcos,honest_hetero,eval_077,checkpoint_specific,99.0,1.5,64,256,768,125432,125450,2147,32,96,126513,126516,253249,253313,1.762,1.648166,0.24125,0.194167,0.04725,3.651583,3.892833,0,,,188
projcos4,projcos,honest_hetero,eval_078,checkpoint_specific,99.0,1.5,64,256,768,125440,125481,2147,32,96,126521,126547,253288,253352,1.605833,1.623625,0.203167,0.18875,0.042541,3.460749,3.663916,0,,,188
projcos4,projcos,honest_hetero,eval_079,checkpoint_specific,99.0,1.5,64,256,768,125501,125437,2147,32,96,126582,126503,253305,253369,1.778541,1.864084,0.267291,0.195625,0.051458,3.889708,4.156999,0,,,188
projcos4,projcos,honest_hetero,eval_080,checkpoint_specific,99.0,1.5,64,256,768,94765,94814,2147,32,96,95846,95880,191946,192010,1.640708,1.620584,0.228042,0.166625,0.049167,3.477084,3.705126,0,,,188
projcos4,projcos,honest_hetero,eval_081,checkpoint_specific,99.0,1.5,64,256,768,102392,102323,2147,32,96,103473,103389,207082,207146,2.016625,1.7035,0.284792,0.188166,0.054542,3.962833,4.247625,0,,,188
projcos4,projcos,honest_hetero,eval_082,checkpoint_specific,99.0,1.5,64,256,768,110110,110077,2147,32,96,111191,111143,222554,222618,1.629625,1.710917,0.215416,0.18675,0.044583,3.571875,3.787291,0,,,188
projcos4,projcos,honest_hetero,eval_083,checkpoint_specific,99.0,1.5,64,256,768,94755,94746,2147,32,96,95836,95812,191868,191932,1.734583,1.734958,0.270458,0.183083,0.053959,3.706583,3.977041,0,,,188
projcos4,projcos,honest_hetero,eval_084,checkpoint_specific,99.0,1.5,64,256,768,94704,94772,2147,32,96,95785,95838,191843,191907,1.582625,1.563167,0.229875,0.180583,0.044208,3.370583,3.600458,0,,,188
projcos4,projcos,honest_hetero,eval_085,checkpoint_specific,99.0,1.5,64,256,768,94719,94711,2147,32,96,95800,95777,191800,191864,1.728834,1.670833,0.268542,0.179792,0.028083,3.607542,3.876084,1,prefill,C1,191
projcos4,projcos,honest_hetero,eval_086,checkpoint_specific,99.0,1.5,64,256,768,94602,94658,2147,32,96,95683,95724,191627,191691,1.574,1.487958,0.191708,0.17825,0.041459,3.281667,3.473375,0,,,188
projcos4,projcos,honest_hetero,eval_087,checkpoint_specific,99.0,1.5,64,256,768,125505,125362,2147,32,96,126586,126428,253234,253298,1.602334,1.776166,0.283292,0.193417,0.123417,3.695334,3.978626,0,,,188
projcos4,projcos,honest_hetero,eval_088,checkpoint_specific,99.0,1.5,64,256,768,125399,125445,2147,32,96,126480,126511,253211,253275,1.689041,1.621083,0.217292,0.191083,0.04225,3.543457,3.760749,0,,,188
projcos4,projcos,honest_hetero,eval_089,checkpoint_specific,99.0,1.5,64,256,768,125488,125479,2147,32,96,126569,126545,253334,253398,1.604875,1.671291,0.203708,0.229709,0.050583,3.556458,3.760166,0,,,188
projcos4,projcos,honest_hetero,eval_090,checkpoint_specific,99.0,1.5,64,256,768,94579,94653,2147,32,96,95660,95719,191599,191663,1.734375,1.535708,0.2775,0.184458,0.041375,3.495916,3.773416,0,,,188
projcos4,projcos,honest_hetero,eval_091,checkpoint_specific,99.0,1.5,64,256,768,94662,94583,2147,32,96,95743,95649,191612,191676,1.572125,1.537,0.195791,0.16775,0.040709,3.317584,3.513375,0,,,188
projcos4,projcos,honest_hetero,eval_092,checkpoint_specific,99.0,1.5,64,256,768,102355,102324,2147,32,96,103436,103390,207046,207110,1.685083,1.670125,0.245084,0.187583,0.054917,3.597708,3.842792,0,,,188
projcos4,projcos,honest_hetero,eval_093,checkpoint_specific,99.0,1.5,64,256,768,87002,87015,2147,32,96,88083,88081,176384,176448,1.617125,1.708792,0.249167,0.178083,0.049625,3.553625,3.802792,0,,,188
projcos4,projcos,honest_hetero,eval_094,checkpoint_specific,99.0,1.5,64,256,768,87089,87058,2147,32,96,88170,88124,176514,176578,1.96375,1.650834,0.26875,0.180334,0.051458,3.846376,4.115126,0,,,188
projcos4,projcos,honest_hetero,eval_095,checkpoint_specific,99.0,1.5,64,256,768,87039,86952,2147,32,96,88120,88018,176358,176422,1.512125,1.504208,0.187209,0.161208,0.042084,3.219625,3.406834,0,,,188
projcos4,projcos,honest_hetero,eval_096,checkpoint_specific,99.0,1.5,64,256,768,87028,87127,2147,32,96,88109,88193,176522,176586,1.649416,1.773416,0.266459,0.182625,0.0515,3.656957,3.923416,0,,,188
projcos4,projcos,honest_hetero,eval_097,checkpoint_specific,99.0,1.5,64,256,768,117746,117750,2147,32,96,118827,118816,237866,237930,1.724625,1.5305,0.215209,0.196791,0.022625,3.474541,3.68975,1,prefill,C1,191
projcos4,projcos,honest_hetero,eval_098,checkpoint_specific,99.0,1.5,64,256,768,117710,117759,2147,32,96,118791,118825,237836,237900,1.637167,1.747833,0.298,0.202166,0.065875,3.653041,3.951041,0,,,188
projcos4,projcos,honest_hetero,eval_099,checkpoint_specific,99.0,1.5,64,256,768,117768,117780,2147,32,96,118849,118846,237915,237979,1.714375,1.645292,0.216,0.188375,0.046,3.594042,3.810042,0,,,188
projcos4,projcos,honest_hetero,eval_100,checkpoint_specific,99.0,1.5,64,256,768,87096,87059,2147,32,96,88177,88125,176522,176586,1.510209,1.584875,0.250291,0.176833,0.05125,3.323167,3.573458,0,,,188
projcos4,projcos,honest_hetero,eval_101,checkpoint_specific,99.0,1.5,64,256,768,94646,94700,2147,32,96,95727,95766,191713,191777,1.647166,1.592583,0.214417,0.16775,0.042458,3.449957,3.664374,0,,,188
projcos4,projcos,honest_hetero,eval_102,checkpoint_specific,99.0,1.5,64,256,768,102334,102373,2147,32,96,103415,103439,207077,207141,1.640458,1.979083,0.240875,0.192208,0.026833,3.838582,4.079457,1,prefill,C1,191
projcos4,projcos,honest_hetero,eval_103,checkpoint_specific,99.0,1.5,64,256,768,87159,87158,2147,32,96,88240,88224,176684,176748,1.609875,1.515375,0.196125,0.176666,0.042916,3.344832,3.540957,0,,,188
projcos4,projcos,honest_hetero,eval_104,checkpoint_specific,99.0,1.5,64,256,768,87133,87146,2147,32,96,88214,88212,176646,176710,1.51025,1.512333,0.18775,0.171875,0.035667,3.230125,3.417875,0,,,188
projcos4,projcos,honest_hetero,eval_105,checkpoint_specific,99.0,1.5,64,256,768,87165,87135,2147,32,96,88246,88201,176667,176731,1.683625,1.593,0.231666,0.179084,0.046542,3.502251,3.733917,0,,,188
projcos4,projcos,honest_hetero,eval_106,checkpoint_specific,99.0,1.5,64,256,768,87088,87115,2147,32,96,88169,88181,176570,176634,1.539042,1.514375,0.188,0.178084,0.040625,3.272126,3.460126,0,,,188
projcos4,projcos,honest_hetero,eval_107,checkpoint_specific,99.0,1.5,64,256,768,117863,117810,2147,32,96,118944,118876,238040,238104,1.610417,1.655917,0.306917,0.213041,0.052542,3.531917,3.838834,0,,,188
projcos4,projcos,honest_hetero,eval_108,checkpoint_specific,99.0,1.5,64,256,768,117819,117838,2147,32,96,118900,118904,238024,238088,1.788375,1.579667,0.219667,0.1895,0.045584,3.603126,3.822793,0,,,188
projcos4,projcos,honest_hetero,eval_109,checkpoint_specific,99.0,1.5,64,256,768,117845,117828,2147,32,96,118926,118894,238040,238104,1.579292,1.76525,0.266875,0.191916,0.052833,3.589291,3.856166,0,,,188
projcos4,projcos,honest_hetero,eval_110,checkpoint_specific,99.0,1.5,64,256,768,87157,87160,2147,32,96,88238,88226,176684,176748,1.675208,1.615,0.22425,0.170167,0.044083,3.504458,3.728708,0,,,188
projcos4,projcos,honest_hetero,eval_111,checkpoint_specific,99.0,1.5,64,256,768,87009,87018,2147,32,96,88090,88084,176394,176458,1.721625,2.023834,0.305542,0.1815,0.055958,3.982917,4.288459,0,,,188
projcos4,projcos,honest_hetero,eval_112,checkpoint_specific,99.0,1.5,64,256,768,94736,94785,2147,32,96,95817,95851,191888,191952,1.713917,1.518917,0.199833,0.179542,0.044625,3.457001,3.656834,0,,,188
projcos4,projcos,honest_hetero,eval_113,checkpoint_specific,99.0,1.5,64,256,768,79463,79413,2147,32,96,80544,80479,161243,161307,1.5035,1.508708,0.357583,0.164792,0.046291,3.223291,3.580874,0,,,188
projcos4,projcos,honest_hetero,eval_114,checkpoint_specific,99.0,1.5,64,256,768,79395,79398,2147,32,96,80476,80464,161160,161224,1.851,1.530375,0.260083,0.176292,0.051833,3.6095,3.869583,0,,,188
projcos4,projcos,honest_hetero,eval_115,checkpoint_specific,99.0,1.5,64,256,768,79365,79342,2147,32,96,80446,80408,161074,161138,1.49825,1.46925,0.185708,0.162375,0.040625,3.1705,3.356208,0,,,188
projcos4,projcos,honest_hetero,eval_116,checkpoint_specific,99.0,1.5,64,256,768,79375,79427,2147,32,96,80456,80493,161169,161233,1.577458,1.509458,0.201042,0.174625,0.042584,3.304125,3.505167,0,,,188
projcos4,projcos,honest_hetero,eval_117,checkpoint_specific,99.0,1.5,64,256,768,110102,110094,2147,32,96,111183,111160,222563,222627,1.6405,1.567709,0.223833,0.1785,0.046792,3.433501,3.657334,0,,,188
projcos4,projcos,honest_hetero,eval_118,checkpoint_specific,99.0,1.5,64,256,768,110106,110064,2147,32,96,111187,111130,222537,222601,1.671083,1.63325,0.244667,0.186458,0.048084,3.538875,3.783542,0,,,188
projcos4,projcos,honest_hetero,eval_119,checkpoint_specific,99.0,1.5,64,256,768,110088,110108,2147,32,96,111169,111174,222563,222627,1.561334,1.613791,0.22175,0.187125,0.127,3.48925,3.711,0,,,188
projcos4,projcos,honest_hetero,eval_120,checkpoint_specific,99.0,1.5,64,256,768,79375,79443,2147,32,96,80456,80509,161185,161249,1.526833,1.564583,0.231458,0.190875,0.044,3.326291,3.557749,0,,,188
projcos4,projcos,honest_hetero,eval_121,checkpoint_specific,99.0,1.5,64,256,768,125360,125386,2147,32,96,126441,126452,253113,253177,1.662958,1.567667,0.206666,0.190916,0.04225,3.463791,3.670457,0,,,188
projcos4,projcos,honest_hetero,eval_122,checkpoint_specific,99.0,1.5,64,256,768,133086,133104,2147,32,96,134167,134170,268557,268621,1.60925,1.704834,0.285917,0.237791,0.045542,3.597417,3.883334,0,,,188
projcos4,projcos,honest_hetero,eval_123,checkpoint_specific,99.0,1.5,64,256,768,117742,117705,2147,32,96,118823,118771,237814,237878,1.718375,1.554458,0.220917,0.187792,0.043459,3.504084,3.725001,0,,,188
projcos4,projcos,honest_hetero,eval_124,checkpoint_specific,99.0,1.5,64,256,768,117797,117871,2147,32,96,118878,118937,238035,238099,1.603167,1.57175,0.202208,0.173917,0.039334,3.388168,3.590376,0,,,188
projcos4,projcos,honest_hetero,eval_125,checkpoint_specific,99.0,1.5,64,256,768,117678,117680,2147,32,96,118759,118746,237725,237789,1.686833,1.707208,0.22775,0.189417,0.046666,3.630124,3.857874,0,,,188
projcos4,projcos,honest_hetero,eval_126,checkpoint_specific,99.0,1.5,64,256,768,117703,117799,2147,32,96,118784,118865,237869,237933,1.577042,1.537791,0.207,0.182667,0.040667,3.338167,3.545167,0,,,188
projcos4,projcos,honest_hetero,eval_127,checkpoint_specific,99.0,1.5,64,256,768,148369,148349,2147,32,96,149450,149415,299085,299149,1.749,1.716709,0.347041,0.225666,0.047458,3.738833,4.085874,0,,,188
projcos4,projcos,honest_hetero,eval_128,checkpoint_specific,99.0,1.5,64,256,768,148295,148283,2147,32,96,149376,149349,298945,299009,1.687875,1.748958,0.245541,0.227459,0.041916,3.706208,3.951749,0,,,188
projcos4,projcos,honest_hetero,eval_129,checkpoint_specific,99.0,1.5,64,256,768,148357,148312,2147,32,96,149438,149378,299039,299103,1.776042,1.732334,0.276792,0.228541,0.034292,3.771209,4.048001,1,prefill,C2,191
projcos4,projcos,honest_hetero,eval_130,checkpoint_specific,99.0,1.5,64,256,768,117729,117825,2147,32,96,118810,118891,237921,237985,1.576042,1.559417,0.2015,0.187084,0.041458,3.364001,3.565501,0,,,188
projcos4,projcos,honest_hetero,eval_131,checkpoint_specific,99.0,1.5,64,256,768,94707,94679,2147,32,96,95788,95745,191753,191817,1.646375,1.625958,0.257542,0.181875,0.050708,3.504916,3.762458,0,,,188
projcos4,projcos,honest_hetero,eval_132,checkpoint_specific,99.0,1.5,64,256,768,102318,102344,2147,32,96,103399,103410,207029,207093,1.596625,1.508542,0.200333,0.182083,0.041917,3.329167,3.5295,0,,,188
projcos4,projcos,honest_hetero,eval_133,checkpoint_specific,99.0,1.5,64,256,768,87104,87095,2147,32,96,88185,88161,176566,176630,1.504125,1.547166,0.184,0.159916,0.040083,3.25129,3.43529,0,,,188
projcos4,projcos,honest_hetero,eval_134,checkpoint_specific,99.0,1.5,64,256,768,87047,87056,2147,32,96,88128,88122,176470,176534,1.675542,1.540708,0.194208,0.179125,0.041958,3.437333,3.631541,0,,,188
projcos4,projcos,honest_hetero,eval_135,checkpoint_specific,99.0,1.5,64,256,768,87130,86993,2147,32,96,88211,88059,176490,176554,1.48175,1.477458,0.187083,0.176334,0.040958,3.1765,3.363583,0,,,188
projcos4,projcos,honest_hetero,eval_136,checkpoint_specific,99.0,1.5,64,256,768,87043,87088,2147,32,96,88124,88154,176498,176562,1.649792,1.620042,0.2745,0.191708,0.050583,3.512125,3.786625,0,,,188
projcos4,projcos,honest_hetero,eval_137,checkpoint_specific,99.0,1.5,64,256,768,117784,117719,2147,32,96,118865,118785,237870,237934,1.705,1.607167,0.225583,0.192583,0.047334,3.552084,3.777667,0,,,188
projcos4,projcos,honest_hetero,eval_138,checkpoint_specific,99.0,1.5,64,256,768,117790,117798,2147,32,96,118871,118864,237955,238019,1.652291,1.664167,0.22175,0.187041,0.043208,3.546707,3.768457,0,,,188
projcos4,projcos,honest_hetero,eval_139,checkpoint_specific,99.0,1.5,64,256,768,117857,117874,2147,32,96,118938,118940,238098,238162,1.5805,1.615042,0.214791,0.1905,0.043625,3.429667,3.644458,0,,,188
projcos4,projcos,honest_hetero,eval_140,checkpoint_specific,99.0,1.5,64,256,768,87125,87075,2147,32,96,88206,88141,176567,176631,1.569416,1.68175,0.257084,0.179708,0.053833,3.484707,3.741791,0,,,188
projcos4,projcos,honest_hetero,eval_141,checkpoint_specific,99.0,1.5,64,256,768,94627,94617,2147,32,96,95708,95683,191611,191675,1.659958,1.555292,0.221,0.174542,0.049667,3.439459,3.660459,0,,,188
projcos4,projcos,honest_hetero,eval_142,checkpoint_specific,99.0,1.5,64,256,768,102347,102410,2147,32,96,103428,103476,207124,207188,1.676667,1.884625,0.252708,0.193958,0.061541,3.816791,4.069499,0,,,188
projcos4,projcos,honest_hetero,eval_143,checkpoint_specific,99.0,1.5,64,256,768,87062,87113,2147,32,96,88143,88179,176542,176606,1.762083,1.465125,0.196833,0.18,0.044625,3.451833,3.648666,0,,,188
projcos4,projcos,honest_hetero,eval_144,checkpoint_specific,99.0,1.5,64,256,768,87134,87139,2147,32,96,88215,88205,176640,176704,1.485041,1.506875,0.210917,0.177875,0.043459,3.21325,3.424167,0,,,188
projcos4,projcos,honest_hetero,eval_145,checkpoint_specific,99.0,1.5,64,256,768,87012,86952,2147,32,96,88093,88018,176331,176395,1.6955,1.551834,0.254833,0.179792,0.052208,3.479334,3.734167,0,,,188
projcos4,projcos,honest_hetero,eval_146,checkpoint_specific,99.0,1.5,64,256,768,86994,87084,2147,32,96,88075,88150,176445,176509,1.667875,1.491917,0.192125,0.176416,0.041875,3.378083,3.570208,0,,,188
projcos4,projcos,honest_hetero,eval_147,checkpoint_specific,99.0,1.5,64,256,768,117804,117827,2147,32,96,118885,118893,237998,238062,1.646834,1.695625,0.225875,0.198709,0.043875,3.585043,3.810918,0,,,188
projcos4,projcos,honest_hetero,eval_148,checkpoint_specific,99.0,1.5,64,256,768,117769,117775,2147,32,96,118850,118841,237911,237975,1.598291,1.624041,0.282459,0.202375,0.043583,3.46829,3.750749,0,,,188
projcos4,projcos,honest_hetero,eval_149,checkpoint_specific,99.0,1.5,64,256,768,117863,117819,2147,32,96,118944,118885,238049,238113,1.73825,1.731208,0.243625,0.179125,0.052625,3.701208,3.944833,0,,,188
projcos4,projcos,honest_hetero,eval_150,checkpoint_specific,99.0,1.5,64,256,768,87074,87077,2147,32,96,88155,88143,176518,176582,1.607791,1.54975,0.222708,0.218375,0.048,3.423916,3.646624,0,,,188
projcos4,projcos,honest_hetero,eval_151,checkpoint_specific,99.0,1.5,64,256,768,110042,110135,2147,32,96,111123,111201,222544,222608,2.070667,1.872083,0.265167,0.180208,0.050875,4.173833,4.439,0,,,188
projcos4,projcos,honest_hetero,eval_152,checkpoint_specific,99.0,1.5,64,256,768,117815,117832,2147,32,96,118896,118898,238014,238078,1.607334,1.593125,0.216292,0.190708,0.04375,3.434917,3.651209,0,,,188
projcos4,projcos,honest_hetero,eval_153,checkpoint_specific,99.0,1.5,64,256,768,102461,102417,2147,32,96,103542,103483,207245,207309,1.592792,1.725042,0.280541,0.183875,0.051125,3.552834,3.833375,0,,,188
projcos4,projcos,honest_hetero,eval_154,checkpoint_specific,99.0,1.5,64,256,768,102546,102552,2147,32,96,103627,103618,207465,207529,1.626708,1.657542,0.223708,0.185333,0.048375,3.517958,3.741666,0,,,188
projcos4,projcos,honest_hetero,eval_155,checkpoint_specific,99.0,1.5,64,256,768,102499,102403,2147,32,96,103580,103469,207269,207333,1.568958,1.583292,0.208875,0.183542,0.044292,3.380084,3.588959,0,,,188
projcos4,projcos,honest_hetero,eval_156,checkpoint_specific,99.0,1.5,64,256,768,102383,102452,2147,32,96,103464,103518,207202,207266,1.644,1.530584,0.196833,0.187542,0.0415,3.403626,3.600459,0,,,188
projcos4,projcos,honest_hetero,eval_157,checkpoint_specific,99.0,1.5,64,256,768,133246,133180,2147,32,96,134327,134246,268793,268857,1.615166,1.706375,0.251541,0.231625,0.04,3.593166,3.844707,0,,,188
projcos4,projcos,honest_hetero,eval_158,checkpoint_specific,99.0,1.5,64,256,768,133188,133159,2147,32,96,134269,134225,268714,268778,1.776917,1.6895,0.297584,0.219375,0.047167,3.732959,4.030543,0,,,188
projcos4,projcos,honest_hetero,eval_159,checkpoint_specific,99.0,1.5,64,256,768,133226,133204,2147,32,96,134307,134270,268797,268861,1.590333,1.580917,0.235083,0.214834,0.038625,3.424709,3.659792,0,,,188
projcos4,projcos,honest_hetero,eval_160,checkpoint_specific,99.0,1.5,64,256,768,102460,102561,2147,32,96,103541,103627,207388,207452,1.766375,1.633083,0.228084,0.185916,0.044125,3.629499,3.857583,0,,,188
projcos4,projcos,honest_hetero,eval_161,checkpoint_specific,99.0,1.5,64,256,768,102324,102359,2147,32,96,103405,103425,207050,207114,1.535958,1.544417,0.192459,0.181708,0.041334,3.303417,3.495876,0,,,188
projcos4,projcos,honest_hetero,eval_162,checkpoint_specific,99.0,1.5,64,256,768,110096,110073,2147,32,96,111177,111139,222536,222600,1.656625,1.680542,0.26525,0.174625,0.054042,3.565834,3.831084,0,,,188
projcos4,projcos,honest_hetero,eval_163,checkpoint_specific,99.0,1.5,64,256,768,94635,94753,2147,32,96,95716,95819,191755,191819,1.764708,1.6305,0.244375,0.18175,0.052666,3.629624,3.873999,0,,,188
projcos4,projcos,honest_hetero,eval_164,checkpoint_specific,99.0,1.5,64,256,768,94714,94714,2147,32,96,95795,95780,191795,191859,1.6925,1.976,0.291542,0.189916,0.051959,3.910375,4.201917,0,,,188
projcos4,projcos,honest_hetero,eval_165,checkpoint_specific,99.0,1.5,64,256,768,94796,94710,2147,32,96,95877,95776,191873,191937,1.58975,1.502042,0.197375,0.180875,0.043,3.315667,3.513042,0,,,188
projcos4,projcos,honest_hetero,eval_166,checkpoint_specific,99.0,1.5,64,256,768,94765,94768,2147,32,96,95846,95834,191900,191964,1.639292,1.704042,0.321666,0.186042,0.056833,3.586209,3.907875,0,,,188
projcos4,projcos,honest_hetero,eval_167,checkpoint_specific,99.0,1.5,64,256,768,125478,125421,2147,32,96,126559,126487,253266,253330,1.845291,1.605167,0.221625,0.192291,0.044916,3.687665,3.90929,0,,,188
projcos4,projcos,honest_hetero,eval_168,checkpoint_specific,99.0,1.5,64,256,768,125440,125426,2147,32,96,126521,126492,253233,253297,1.596792,1.779792,0.230834,0.207709,0.0545,3.638793,3.869627,0,,,188
projcos4,projcos,honest_hetero,eval_169,checkpoint_specific,99.0,1.5,64,256,768,125542,125488,2147,32,96,126623,126554,253397,253461,1.707583,1.608,0.207125,0.192,0.042125,3.549708,3.756833,0,,,188
projcos4,projcos,honest_hetero,eval_170,checkpoint_specific,99.0,1.5,64,256,768,94695,94781,2147,32,96,95776,95847,191843,191907,1.550416,1.567625,0.193875,0.166917,0.04225,3.327208,3.521083,0,,,188
projcos4,projcos,honest_hetero,eval_171,checkpoint_specific,99.0,1.5,64,256,768,102420,102424,2147,32,96,103501,103490,207211,207275,1.692334,1.834583,0.257875,0.187542,0.050333,3.764792,4.022667,0,,,188
projcos4,projcos,honest_hetero,eval_172,checkpoint_specific,99.0,1.5,64,256,768,110128,110099,2147,32,96,111209,111165,222594,222658,1.654209,1.632041,0.240084,0.1715,0.060834,3.518584,3.758668,0,,,188
projcos4,projcos,honest_hetero,eval_173,checkpoint_specific,99.0,1.5,64,256,768,94759,94804,2147,32,96,95840,95870,191930,191994,1.963375,1.68025,0.261875,0.181167,0.087416,3.912208,4.174083,0,,,188
projcos4,projcos,honest_hetero,eval_174,checkpoint_specific,99.0,1.5,64,256,768,94784,94787,2147,32,96,95865,95853,191938,192002,1.571708,1.5885,0.207834,0.187708,0.042084,3.39,3.597834,0,,,188
projcos4,projcos,honest_hetero,eval_175,checkpoint_specific,99.0,1.5,64,256,768,94807,94756,2147,32,96,95888,95822,191930,191994,1.757,1.619584,0.235667,0.180416,0.048083,3.605083,3.84075,0,,,188
projcos4,projcos,honest_hetero,eval_176,checkpoint_specific,99.0,1.5,64,256,768,94799,94802,2147,32,96,95880,95868,191968,192032,1.559333,1.567,0.206292,0.18225,0.04275,3.351333,3.557625,0,,,188
projcos4,projcos,honest_hetero,eval_177,checkpoint_specific,99.0,1.5,64,256,768,125542,125428,2147,32,96,126623,126494,253337,253401,1.862416,1.748584,0.295333,0.202916,0.05325,3.867166,4.162499,0,,,188
projcos4,projcos,honest_hetero,eval_178,checkpoint_specific,99.0,1.5,64,256,768,125412,125405,2147,32,96,126493,126471,253184,253248,1.685708,1.58775,0.208416,0.191584,0.042916,3.507958,3.716374,0,,,188
projcos4,projcos,honest_hetero,eval_179,checkpoint_specific,99.0,1.5,64,256,768,125554,125471,2147,32,96,126635,126537,253392,253456,1.651042,1.736958,0.264208,0.193833,0.062125,3.643958,3.908166,0,,,188
projcos4,projcos,honest_hetero,eval_180,checkpoint_specific,99.0,1.5,64,256,768,94779,94765,2147,32,96,95860,95831,191911,191975,1.776458,1.613291,0.220666,0.166542,0.047584,3.603875,3.824541,0,,,188
projcos4,projcos,honest_hetero,eval_181,checkpoint_specific,99.0,1.5,64,256,768,102235,102309,2147,32,96,103316,103375,206911,206975,2.358584,1.762542,0.267083,0.184,0.049708,4.354834,4.621917,0,,,188
projcos4,projcos,honest_hetero,eval_182,checkpoint_specific,99.0,1.5,64,256,768,109944,109895,2147,32,96,111025,110961,222206,222270,1.619958,1.64975,0.233625,0.19125,0.047208,3.508166,3.741791,0,,,188
projcos4,projcos,honest_hetero,eval_183,checkpoint_specific,99.0,1.5,64,256,768,94673,94722,2147,32,96,95754,95788,191762,191826,1.620916,1.630875,0.236333,0.179667,0.048958,3.480416,3.716749,0,,,188
projcos4,projcos,honest_hetero,eval_184,checkpoint_specific,99.0,1.5,64,256,768,94605,94570,2147,32,96,95686,95636,191542,191606,1.637666,1.539209,0.20575,0.181458,0.045834,3.404167,3.609917,0,,,188
projcos4,projcos,honest_hetero,eval_185,checkpoint_specific,99.0,1.5,64,256,768,94771,94672,2147,32,96,95852,95738,191810,191874,1.527458,1.657792,0.203,0.185917,0.047875,3.419042,3.622042,0,,,188
projcos4,projcos,honest_hetero,eval_186,checkpoint_specific,99.0,1.5,64,256,768,94585,94661,2147,32,96,95666,95727,191613,191677,1.65475,1.566792,0.204375,0.179708,0.042834,3.444084,3.648459,0,,,188
projcos4,projcos,honest_hetero,eval_187,checkpoint_specific,99.0,1.5,64,256,768,125332,125291,2147,32,96,126413,126357,252990,253054,1.6805,1.610583,0.225834,0.195583,0.046333,3.532999,3.758833,0,,,188
projcos4,projcos,honest_hetero,eval_188,checkpoint_specific,99.0,1.5,64,256,768,125345,125342,2147,32,96,126426,126408,253054,253118,1.727916,1.795,0.22725,0.183375,0.043375,3.749666,3.976916,0,,,188
projcos4,projcos,honest_hetero,eval_189,checkpoint_specific,99.0,1.5,64,256,768,125415,125401,2147,32,96,126496,126467,253183,253247,1.684291,1.658292,0.227125,0.198541,0.045542,3.586666,3.813791,0,,,188
projcos4,projcos,honest_hetero,eval_190,checkpoint_specific,99.0,1.5,64,256,768,94678,94685,2147,32,96,95759,95751,191730,191794,1.629125,1.613458,0.2115,0.1855,0.045333,3.473416,3.684916,0,,,188
projcos4,projcos,honest_hetero,eval_191,checkpoint_specific,99.0,1.5,64,256,768,102330,102365,2147,32,96,103411,103431,207062,207126,1.551166,1.672541,0.208,0.184416,0.044042,3.452165,3.660165,0,,,188
projcos4,projcos,honest_hetero,eval_192,checkpoint_specific,99.0,1.5,64,256,768,109995,109963,2147,32,96,111076,111029,222325,222389,1.621,1.604792,0.213709,0.185,0.045959,3.456751,3.67046,0,,,188
projcos4,projcos,honest_hetero,eval_193,checkpoint_specific,99.0,1.5,64,256,768,94705,94729,2147,32,96,95786,95795,191801,191865,1.558542,1.545625,0.189583,0.188,0.041458,3.333625,3.523208,0,,,188
projcos4,projcos,honest_hetero,eval_194,checkpoint_specific,99.0,1.5,64,256,768,94633,94732,2147,32,96,95714,95798,191732,191796,1.614417,1.707208,0.218916,0.192125,0.044833,3.558583,3.777499,0,,,188
projcos4,projcos,honest_hetero,eval_195,checkpoint_specific,99.0,1.5,64,256,768,94653,94608,2147,32,96,95734,95674,191628,191692,1.606583,1.538792,0.194792,0.180042,0.041125,3.366542,3.561334,0,,,188
projcos4,projcos,honest_hetero,eval_196,checkpoint_specific,99.0,1.5,64,256,768,94622,94721,2147,32,96,95703,95787,191710,191774,1.55025,1.538208,0.191292,0.2125,0.039208,3.340166,3.531458,0,,,188
projcos4,projcos,honest_hetero,eval_197,checkpoint_specific,99.0,1.5,64,256,768,125376,125292,2147,32,96,126457,126358,253035,253099,1.8055,1.62525,0.227583,0.192708,0.044167,3.667625,3.895208,0,,,188
projcos4,projcos,honest_hetero,eval_198,checkpoint_specific,99.0,1.5,64,256,768,125279,125348,2147,32,96,126360,126414,252994,253058,1.635459,1.595084,0.207042,0.19425,0.04125,3.466043,3.673085,0,,,188
projcos4,projcos,honest_hetero,eval_199,checkpoint_specific,99.0,1.5,64,256,768,125448,125330,2147,32,96,126529,126396,253145,253209,1.754542,1.736208,0.23725,0.193333,0.044417,3.7285,3.96575,0,,,188
projcos4,projcos,honest_hetero,eval_200,checkpoint_specific,99.0,1.5,64,256,768,94688,94667,2147,32,96,95769,95733,191722,191786,1.628375,1.575375,0.223292,0.199,0.044166,3.446916,3.670208,0,,,188
projcos4,projcos,tamper,eval_001,checkpoint_specific,99.0,1.5,64,256,768,125387,125387,2132,32,96,126453,126453,253127,253191,1.71925,1.66075,0.207,0.177541,0.031541,3.589082,3.796082,1,prefill,C2,189
projcos4,projcos,tamper,eval_002,checkpoint_specific,99.0,1.5,64,256,768,133175,133175,2132,32,96,134241,134241,268703,268767,1.727042,1.672166,0.356584,0.235792,0.033417,3.668417,4.025001,1,prefill,C2,189
projcos4,projcos,tamper,eval_003,checkpoint_specific,99.0,1.5,64,256,768,117824,117824,2132,32,96,118890,118890,238001,238065,1.69475,1.667791,0.212334,0.188541,0.030084,3.581166,3.7935,1,prefill,C2,189
projcos4,projcos,tamper,eval_004,checkpoint_specific,99.0,1.5,64,256,768,117850,117850,2132,32,96,118916,118916,238053,238117,1.588625,1.526416,0.203541,0.204417,0.029834,3.349292,3.552833,1,prefill,C2,189
projcos4,projcos,tamper,eval_005,checkpoint_specific,99.0,1.5,64,256,768,117819,117819,2132,32,96,118885,118885,237991,238055,1.632292,1.789709,0.221208,0.189625,0.036042,3.647668,3.868876,1,prefill,C2,189
projcos4,projcos,tamper,eval_006,checkpoint_specific,99.0,1.5,64,256,768,117847,117847,2132,32,96,118913,118913,238047,238111,1.606709,1.514542,0.198458,0.188125,0.032083,3.341459,3.539917,1,prefill,C2,189
projcos4,projcos,tamper,eval_007,checkpoint_specific,99.0,1.5,64,256,768,148372,148372,2132,32,96,149438,149438,299097,299161,1.714833,1.732792,0.263916,0.243917,0.03375,3.725292,3.989208,1,prefill,C2,189
projcos4,projcos,tamper,eval_008,checkpoint_specific,99.0,1.5,64,256,768,148442,148442,2132,32,96,149508,149508,299237,299301,1.768708,1.723958,0.260375,0.224083,0.033875,3.750624,4.010999,1,prefill,C2,189
projcos4,projcos,tamper,eval_009,checkpoint_specific,99.0,1.5,64,256,768,148502,148502,2132,32,96,149568,149568,299357,299421,1.707292,1.735958,0.263166,0.222708,0.037459,3.703417,3.966583,1,prefill,C2,189
projcos4,projcos,tamper,eval_010,checkpoint_specific,99.0,1.5,64,256,768,117752,117752,2132,32,96,118818,118818,237857,237921,1.754542,1.637208,0.204417,0.179625,0.033625,3.605,3.809417,1,prefill,C2,189
projcos4,projcos,tamper,eval_011,checkpoint_specific,99.0,1.5,64,256,768,94634,94634,2132,32,96,95700,95700,191621,191685,1.725334,1.62175,0.222833,0.195084,0.03375,3.575918,3.798751,1,prefill,C2,189
projcos4,projcos,tamper,eval_012,checkpoint_specific,99.0,1.5,64,256,768,102368,102368,2132,32,96,103434,103434,207089,207153,1.632458,1.510333,0.195917,0.182,0.03225,3.357041,3.552958,1,prefill,C2,189
projcos4,projcos,tamper,eval_013,checkpoint_specific,99.0,1.5,64,256,768,86927,86927,2132,32,96,87993,87993,176207,176271,1.529167,1.548083,0.183625,0.162083,0.029542,3.268875,3.4525,1,prefill,C2,189
projcos4,projcos,tamper,eval_014,checkpoint_specific,99.0,1.5,64,256,768,87044,87044,2132,32,96,88110,88110,176441,176505,1.697333,1.474083,0.209667,0.185209,0.03375,3.390375,3.600042,1,prefill,C2,189
projcos4,projcos,tamper,eval_015,checkpoint_specific,99.0,1.5,64,256,768,87024,87024,2132,32,96,88090,88090,176401,176465,1.493792,1.461167,0.185959,0.164833,0.036417,3.156209,3.342168,1,prefill,C2,189
projcos4,projcos,tamper,eval_016,checkpoint_specific,99.0,1.5,64,256,768,87017,87017,2132,32,96,88083,88083,176387,176451,1.629417,1.608542,0.203667,0.18125,0.033541,3.45275,3.656417,1,prefill,C2,189
projcos4,projcos,tamper,eval_017,checkpoint_specific,99.0,1.5,64,256,768,117702,117702,2132,32,96,118768,118768,237757,237821,1.692417,1.551458,0.203333,0.198666,0.030292,3.472833,3.676166,1,prefill,C2,189
projcos4,projcos,tamper,eval_018,checkpoint_specific,99.0,1.5,64,256,768,117777,117777,2132,32,96,118843,118843,237907,237971,1.647958,1.641916,0.215375,0.19175,0.033333,3.514957,3.730332,1,prefill,C2,189
projcos4,projcos,tamper,eval_019,checkpoint_specific,99.0,1.5,64,256,768,117794,117794,2132,32,96,118860,118860,237941,238005,1.718917,1.657917,0.284958,0.184333,0.033167,3.594334,3.879292,1,prefill,C2,189
projcos4,projcos,tamper,eval_020,checkpoint_specific,99.0,1.5,64,256,768,87013,87013,2132,32,96,88079,88079,176379,176443,1.577084,1.577125,0.205,0.180666,0.032708,3.367583,3.572583,1,prefill,C2,189
projcos4,projcos,tamper,eval_021,checkpoint_specific,99.0,1.5,64,256,768,102278,102278,2132,32,96,103344,103344,206909,206973,1.581375,1.4855,0.195458,0.183791,0.032458,3.283124,3.478582,1,prefill,C2,189
projcos4,projcos,tamper,eval_022,checkpoint_specific,99.0,1.5,64,256,768,109959,109959,2132,32,96,111025,111025,222271,222335,1.606209,1.667208,0.20025,0.185625,0.033,3.492042,3.692292,1,prefill,C2,189
projcos4,projcos,tamper,eval_023,checkpoint_specific,99.0,1.5,64,256,768,94688,94688,2132,32,96,95754,95754,191729,191793,1.556834,1.484667,0.191417,0.178667,0.031333,3.251501,3.442918,1,prefill,C2,189
projcos4,projcos,tamper,eval_024,checkpoint_specific,99.0,1.5,64,256,768,94655,94655,2132,32,96,95721,95721,191663,191727,1.518792,1.505167,0.185292,0.164208,0.027875,3.216042,3.401334,1,prefill,C2,189
projcos4,projcos,tamper,eval_025,checkpoint_specific,99.0,1.5,64,256,768,94608,94608,2132,32,96,95674,95674,191569,191633,1.693875,1.748792,0.21075,0.179958,0.03375,3.656375,3.867125,1,prefill,C2,189
projcos4,projcos,tamper,eval_026,checkpoint_specific,99.0,1.5,64,256,768,94641,94641,2132,32,96,95707,95707,191635,191699,1.553875,1.509541,0.196041,0.180459,0.031875,3.27575,3.471791,1,prefill,C2,189
projcos4,projcos,tamper,eval_027,checkpoint_specific,99.0,1.5,64,256,768,125318,125318,2132,32,96,126384,126384,252989,253053,1.687291,1.668709,0.222917,0.195,0.033583,3.584583,3.8075,1,prefill,C2,189
projcos4,projcos,tamper,eval_028,checkpoint_specific,99.0,1.5,64,256,768,125330,125330,2132,32,96,126396,126396,253013,253077,1.648791,1.716584,0.222458,0.193333,0.032375,3.591083,3.813541,1,prefill,C2,189
projcos4,projcos,tamper,eval_029,checkpoint_specific,99.0,1.5,64,256,768,125406,125406,2132,32,96,126472,126472,253165,253229,1.717916,1.675792,0.211792,0.190625,0.039583,3.623916,3.835708,1,prefill,C2,189
projcos4,projcos,tamper,eval_030,checkpoint_specific,99.0,1.5,64,256,768,94632,94632,2132,32,96,95698,95698,191617,191681,1.570333,1.49925,0.191916,0.181,0.031583,3.282166,3.474082,1,prefill,C2,189
projcos4,projcos,tamper,eval_031,checkpoint_specific,99.0,1.5,64,256,768,109933,109933,2132,32,96,110999,110999,222219,222283,1.586875,1.710083,0.2305,0.192791,0.037875,3.527624,3.758124,1,prefill,C2,189
projcos4,projcos,tamper,eval_032,checkpoint_specific,99.0,1.5,64,256,768,117742,117742,2132,32,96,118808,118808,237837,237901,1.629625,1.597542,0.200167,0.220875,0.034709,3.482751,3.682918,1,prefill,C2,189
projcos4,projcos,tamper,eval_033,checkpoint_specific,99.0,1.5,64,256,768,102412,102412,2132,32,96,103478,103478,207177,207241,1.533375,1.560542,0.199,0.190792,0.033833,3.318542,3.517542,1,prefill,C2,189
projcos4,projcos,tamper,eval_034,checkpoint_specific,99.0,1.5,64,256,768,102360,102360,2132,32,96,103426,103426,207073,207137,1.56275,1.534833,0.195417,0.183334,0.031708,3.312625,3.508042,1,prefill,C2,189
projcos4,projcos,tamper,eval_035,checkpoint_specific,99.0,1.5,64,256,768,102369,102369,2132,32,96,103435,103435,207091,207155,1.60975,1.58125,0.203167,0.169833,0.030792,3.391625,3.594792,1,prefill,C2,189
projcos4,projcos,tamper,eval_036,checkpoint_specific,99.0,1.5,64,256,768,102345,102345,2132,32,96,103411,103411,207043,207107,1.616209,1.545708,0.193583,0.18575,0.033125,3.380792,3.574375,1,prefill,C2,189
projcos4,projcos,tamper,eval_037,checkpoint_specific,99.0,1.5,64,256,768,133072,133072,2132,32,96,134138,134138,268497,268561,1.695125,1.756375,0.2675,0.231375,0.036875,3.71975,3.98725,1,prefill,C2,189
projcos4,projcos,tamper,eval_038,checkpoint_specific,99.0,1.5,64,256,768,133104,133104,2132,32,96,134170,134170,268561,268625,1.738167,1.643791,0.250208,0.224792,0.031875,3.638625,3.888833,1,prefill,C2,189
projcos4,projcos,tamper,eval_039,checkpoint_specific,99.0,1.5,64,256,768,133130,133130,2132,32,96,134196,134196,268613,268677,1.620875,1.58325,0.22775,0.217917,0.031542,3.453584,3.681334,1,prefill,C2,189
projcos4,projcos,tamper,eval_040,checkpoint_specific,99.0,1.5,64,256,768,102351,102351,2132,32,96,103417,103417,207055,207119,1.778917,1.589375,0.200583,0.183167,0.032542,3.584001,3.784584,1,prefill,C2,189
projcos4,projcos,tamper,eval_041,checkpoint_specific,99.0,1.5,64,256,768,117781,117781,2132,32,96,118847,118847,237915,237979,1.575583,1.525167,0.19775,0.188542,0.0315,3.320792,3.518542,1,prefill,C2,189
projcos4,projcos,tamper,eval_042,checkpoint_specific,99.0,1.5,64,256,768,125483,125483,2132,32,96,126549,126549,253319,253383,1.667292,1.689541,0.230541,0.1985,0.034417,3.58975,3.820291,1,prefill,C2,189
projcos4,projcos,tamper,eval_043,checkpoint_specific,99.0,1.5,64,256,768,110095,110095,2132,32,96,111161,111161,222543,222607,1.629416,1.511875,0.199417,0.186375,0.032792,3.360458,3.559875,1,prefill,C2,189
projcos4,projcos,tamper,eval_044,checkpoint_specific,99.0,1.5,64,256,768,110045,110045,2132,32,96,111111,111111,222443,222507,1.57275,1.600792,0.202625,0.18575,0.032917,3.392209,3.594834,1,prefill,C2,189
projcos4,projcos,tamper,eval_045,checkpoint_specific,99.0,1.5,64,256,768,110039,110039,2132,32,96,111105,111105,222431,222495,1.590542,1.602417,0.199083,0.185709,0.032292,3.41096,3.610043,1,prefill,C2,189
projcos4,projcos,tamper,eval_046,checkpoint_specific,99.0,1.5,64,256,768,110089,110089,2132,32,96,111155,111155,222531,222595,1.667959,1.595916,0.219291,0.202375,0.032834,3.499084,3.718375,1,prefill,C2,189
projcos4,projcos,tamper,eval_047,checkpoint_specific,99.0,1.5,64,256,768,140708,140708,2132,32,96,141774,141774,283769,283833,1.759792,1.582083,0.251875,0.222125,0.031333,3.595333,3.847208,1,prefill,C2,189
projcos4,projcos,tamper,eval_048,checkpoint_specific,99.0,1.5,64,256,768,140709,140709,2132,32,96,141775,141775,283771,283835,1.690208,1.764416,0.267292,0.227959,0.03675,3.719333,3.986625,1,prefill,C2,189
projcos4,projcos,tamper,eval_049,checkpoint_specific,99.0,1.5,64,256,768,140782,140782,2132,32,96,141848,141848,283917,283981,1.754,1.684917,0.269833,0.225875,0.031541,3.696333,3.966166,1,prefill,C2,189
projcos4,projcos,tamper,eval_050,checkpoint_specific,99.0,1.5,64,256,768,110109,110109,2132,32,96,111175,111175,222571,222635,1.670625,1.603708,0.211958,0.192375,0.034583,3.501291,3.713249,1,prefill,C2,189
projcos4,projcos,tamper,eval_051,checkpoint_specific,99.0,1.5,64,256,768,125473,125473,2132,32,96,126539,126539,253299,253363,1.783875,1.720875,0.208,0.191209,0.032042,3.728001,3.936001,1,prefill,C2,189
projcos4,projcos,tamper,eval_052,checkpoint_specific,99.0,1.5,64,256,768,133158,133158,2132,32,96,134224,134224,268669,268733,1.622542,1.574833,0.247375,0.212084,0.029084,3.438543,3.685918,1,prefill,C2,189
projcos4,projcos,tamper,eval_053,checkpoint_specific,99.0,1.5,64,256,768,117930,117930,2132,32,96,118996,118996,238213,238277,1.654667,1.561208,0.209125,0.18975,0.0325,3.438125,3.64725,1,prefill,C2,189
projcos4,projcos,tamper,eval_054,checkpoint_specific,99.0,1.5,64,256,768,117955,117955,2132,32,96,119021,119021,238263,238327,1.658625,1.5795,0.205167,0.190416,0.033375,3.461916,3.667083,1,prefill,C2,189
projcos4,projcos,tamper,eval_055,checkpoint_specific,99.0,1.5,64,256,768,117827,117827,2132,32,96,118893,118893,238007,238071,1.667042,1.714709,0.206833,0.191458,0.032875,3.606084,3.812917,1,prefill,C2,189
projcos4,projcos,tamper,eval_056,checkpoint_specific,99.0,1.5,64,256,768,117845,117845,2132,32,96,118911,118911,238043,238107,1.574958,1.523792,0.195792,0.188208,0.034417,3.321375,3.517167,1,prefill,C2,189
projcos4,projcos,tamper,eval_057,checkpoint_specific,99.0,1.5,64,256,768,148278,148278,2132,32,96,149344,149344,298909,298973,1.739334,1.680292,0.258125,0.222625,0.032125,3.674376,3.932501,1,prefill,C2,189
projcos4,projcos,tamper,eval_058,checkpoint_specific,99.0,1.5,64,256,768,148424,148424,2132,32,96,149490,149490,299201,299265,1.708708,1.62925,0.23975,0.223125,0.0315,3.592583,3.832333,1,prefill,C2,189
projcos4,projcos,tamper,eval_059,checkpoint_specific,99.0,1.5,64,256,768,148408,148408,2132,32,96,149474,149474,299169,299233,1.690125,1.76125,0.254334,0.226959,0.032,3.710334,3.964668,1,prefill,C2,189
projcos4,projcos,tamper,eval_060,checkpoint_specific,99.0,1.5,64,256,768,117952,117952,2132,32,96,119018,119018,238257,238321,1.604292,1.572917,0.201583,0.188917,0.032,3.398126,3.599709,1,prefill,C2,189
projcos4,projcos,tamper,eval_061,checkpoint_specific,99.0,1.5,64,256,768,94729,94729,2132,32,96,95795,95795,191811,191875,1.525792,1.54725,0.207458,0.178959,0.032375,3.284376,3.491834,1,prefill,C2,189
projcos4,projcos,tamper,eval_062,checkpoint_specific,99.0,1.5,64,256,768,102420,102420,2132,32,96,103486,103486,207193,207257,1.548791,1.492584,0.199042,0.183166,0.031833,3.256374,3.455416,1,prefill,C2,189
projcos4,projcos,tamper,eval_063,checkpoint_specific,99.0,1.5,64,256,768,86997,86997,2132,32,96,88063,88063,176347,176411,1.584,1.542917,0.194042,0.182292,0.032334,3.341543,3.535585,1,prefill,C2,189
projcos4,projcos,tamper,eval_064,checkpoint_specific,99.0,1.5,64,256,768,87139,87139,2132,32,96,88205,88205,176631,176695,1.622292,1.493709,0.190334,0.177916,0.031584,3.325501,3.515835,1,prefill,C2,189
projcos4,projcos,tamper,eval_065,checkpoint_specific,99.0,1.5,64,256,768,87081,87081,2132,32,96,88147,88147,176515,176579,1.512708,1.468375,0.184542,0.175416,0.036583,3.193082,3.377624,1,prefill,C2,189
projcos4,projcos,tamper,eval_066,checkpoint_specific,99.0,1.5,64,256,768,87056,87056,2132,32,96,88122,88122,176465,176529,1.726333,1.5425,0.207958,0.1785,0.035875,3.483208,3.691166,1,prefill,C2,189
projcos4,projcos,tamper,eval_067,checkpoint_specific,99.0,1.5,64,256,768,117822,117822,2132,32,96,118888,118888,237997,238061,1.594333,1.546875,0.201833,0.1895,0.03225,3.362958,3.564791,1,prefill,C2,189
projcos4,projcos,tamper,eval_068,checkpoint_specific,99.0,1.5,64,256,768,117889,117889,2132,32,96,118955,118955,238131,238195,1.633125,1.70025,0.227417,0.192041,0.036542,3.561958,3.789375,1,prefill,C2,189
projcos4,projcos,tamper,eval_069,checkpoint_specific,99.0,1.5,64,256,768,117797,117797,2132,32,96,118863,118863,237947,238011,1.666125,1.546625,0.201375,0.188792,0.03375,3.435292,3.636667,1,prefill,C2,189
projcos4,projcos,tamper,eval_070,checkpoint_specific,99.0,1.5,64,256,768,87040,87040,2132,32,96,88106,88106,176433,176497,1.535625,1.58,0.201042,0.177334,0.033042,3.326001,3.527043,1,prefill,C2,189
projcos4,projcos,tamper,eval_071,checkpoint_specific,99.0,1.5,64,256,768,102442,102442,2132,32,96,103508,103508,207237,207301,1.574,1.610208,0.198042,0.19,0.032333,3.406541,3.604583,1,prefill,C2,189
projcos4,projcos,tamper,eval_072,checkpoint_specific,99.0,1.5,64,256,768,110082,110082,2132,32,96,111148,111148,222517,222581,1.554958,1.59475,0.188875,0.174917,0.029667,3.354292,3.543167,1,prefill,C2,189
projcos4,projcos,tamper,eval_073,checkpoint_specific,99.0,1.5,64,256,768,94742,94742,2132,32,96,95808,95808,191837,191901,1.708083,1.529625,0.1945,0.181292,0.032417,3.451417,3.645917,1,prefill,C2,189
projcos4,projcos,tamper,eval_074,checkpoint_specific,99.0,1.5,64,256,768,94770,94770,2132,32,96,95836,95836,191893,191957,1.519459,1.600375,0.197583,0.188791,0.030791,3.339416,3.536999,1,prefill,C2,189
projcos4,projcos,tamper,eval_075,checkpoint_specific,99.0,1.5,64,256,768,94677,94677,2132,32,96,95743,95743,191707,191771,1.610167,1.480916,0.196792,0.179625,0.03175,3.302458,3.49925,1,prefill,C2,189
projcos4,projcos,tamper,eval_076,checkpoint_specific,99.0,1.5,64,256,768,94651,94651,2132,32,96,95717,95717,191655,191719,1.511333,1.494333,0.193,0.179167,0.03175,3.216583,3.409583,1,prefill,C2,189
projcos4,projcos,tamper,eval_077,checkpoint_specific,99.0,1.5,64,256,768,125450,125450,2132,32,96,126516,126516,253253,253317,1.648917,1.804666,0.220708,0.210083,0.031459,3.695125,3.915833,1,prefill,C2,189
projcos4,projcos,tamper,eval_078,checkpoint_specific,99.0,1.5,64,256,768,125481,125481,2132,32,96,126547,126547,253315,253379,1.639125,1.6165,0.203083,0.188959,0.031459,3.476043,3.679126,1,prefill,C2,189
projcos4,projcos,tamper,eval_079,checkpoint_specific,99.0,1.5,64,256,768,125437,125437,2132,32,96,126503,126503,253227,253291,1.652667,1.670125,0.201042,0.17675,0.029833,3.529375,3.730417,1,prefill,C2,189
projcos4,projcos,tamper,eval_080,checkpoint_specific,99.0,1.5,64,256,768,94814,94814,2132,32,96,95880,95880,191981,192045,1.689459,1.683666,0.217791,0.171208,0.032667,3.577,3.794791,1,prefill,C2,189
projcos4,projcos,tamper,eval_081,checkpoint_specific,99.0,1.5,64,256,768,102323,102323,2132,32,96,103389,103389,206999,207063,1.62875,1.611375,0.210917,0.201417,0.033458,3.475,3.685917,1,prefill,C2,189
projcos4,projcos,tamper,eval_082,checkpoint_specific,99.0,1.5,64,256,768,110077,110077,2132,32,96,111143,111143,222507,222571,1.671875,1.561583,0.199958,0.192,0.032666,3.458124,3.658082,1,prefill,C2,189
projcos4,projcos,tamper,eval_083,checkpoint_specific,99.0,1.5,64,256,768,94746,94746,2132,32,96,95812,95812,191845,191909,1.660958,1.606375,0.237125,0.196709,0.038291,3.502333,3.739458,1,prefill,C2,189
projcos4,projcos,tamper,eval_084,checkpoint_specific,99.0,1.5,64,256,768,94772,94772,2132,32,96,95838,95838,191897,191961,1.610584,1.544208,0.199291,0.1845,0.034167,3.373459,3.57275,1,prefill,C2,189
projcos4,projcos,tamper,eval_085,checkpoint_specific,99.0,1.5,64,256,768,94711,94711,2132,32,96,95777,95777,191775,191839,1.603958,1.536333,0.186292,0.184708,0.029125,3.354124,3.540416,1,prefill,C2,189
projcos4,projcos,tamper,eval_086,checkpoint_specific,99.0,1.5,64,256,768,94658,94658,2132,32,96,95724,95724,191669,191733,1.715166,1.6485,0.198,0.1865,0.032,3.582166,3.780166,1,prefill,C2,189
projcos4,projcos,tamper,eval_087,checkpoint_specific,99.0,1.5,64,256,768,125362,125362,2132,32,96,126428,126428,253077,253141,1.579917,1.54875,0.20125,0.187917,0.035208,3.351792,3.553042,1,prefill,C2,189
projcos4,projcos,tamper,eval_088,checkpoint_specific,99.0,1.5,64,256,768,125445,125445,2132,32,96,126511,126511,253243,253307,1.769041,1.680583,0.207458,0.180708,0.0335,3.663832,3.87129,1,prefill,C2,189
projcos4,projcos,tamper,eval_089,checkpoint_specific,99.0,1.5,64,256,768,125479,125479,2132,32,96,126545,126545,253311,253375,1.774334,2.16825,0.226584,0.180833,0.036125,4.159542,4.386126,1,prefill,C2,189
projcos4,projcos,tamper,eval_090,checkpoint_specific,99.0,1.5,64,256,768,94653,94653,2132,32,96,95719,95719,191659,191723,1.718375,1.517667,0.204292,0.182292,0.034458,3.452792,3.657084,1,prefill,C2,189
projcos4,projcos,tamper,eval_091,checkpoint_specific,99.0,1.5,64,256,768,94583,94583,2132,32,96,95649,95649,191519,191583,1.576625,1.538916,0.220708,0.178792,0.031959,3.326292,3.547,1,prefill,C2,189
projcos4,projcos,tamper,eval_092,checkpoint_specific,99.0,1.5,64,256,768,102324,102324,2132,32,96,103390,103390,207001,207065,1.618417,1.682833,0.215625,0.185042,0.035541,3.521833,3.737458,1,prefill,C2,189
projcos4,projcos,tamper,eval_093,checkpoint_specific,99.0,1.5,64,256,768,87015,87015,2132,32,96,88081,88081,176383,176447,1.539709,1.502417,0.184625,0.16875,0.032208,3.243084,3.427709,1,prefill,C2,189
projcos4,projcos,tamper,eval_094,checkpoint_specific,99.0,1.5,64,256,768,87058,87058,2132,32,96,88124,88124,176469,176533,1.570125,1.684125,0.229708,0.189333,0.034333,3.477916,3.707624,1,prefill,C2,189
projcos4,projcos,tamper,eval_095,checkpoint_specific,99.0,1.5,64,256,768,86952,86952,2132,32,96,88018,88018,176257,176321,1.610709,1.483916,0.18825,0.167667,0.031125,3.293417,3.481667,1,prefill,C2,189
projcos4,projcos,tamper,eval_096,checkpoint_specific,99.0,1.5,64,256,768,87127,87127,2132,32,96,88193,88193,176607,176671,1.551167,1.551,0.179708,0.177542,0.031958,3.311667,3.491375,1,prefill,C2,189
projcos4,projcos,tamper,eval_097,checkpoint_specific,99.0,1.5,64,256,768,117750,117750,2132,32,96,118816,118816,237853,237917,1.716834,1.809458,0.215458,0.192666,0.033625,3.752583,3.968041,1,prefill,C2,189
projcos4,projcos,tamper,eval_098,checkpoint_specific,99.0,1.5,64,256,768,117759,117759,2132,32,96,118825,118825,237871,237935,1.689375,1.590208,0.212833,0.177667,0.030958,3.488208,3.701041,1,prefill,C2,189
projcos4,projcos,tamper,eval_099,checkpoint_specific,99.0,1.5,64,256,768,117780,117780,2132,32,96,118846,118846,237913,237977,1.709292,1.593375,0.205708,0.183458,0.032834,3.518959,3.724667,1,prefill,C2,189
projcos4,projcos,tamper,eval_100,checkpoint_specific,99.0,1.5,64,256,768,87059,87059,2132,32,96,88125,88125,176471,176535,1.606125,1.529958,0.192708,0.182,0.040791,3.358874,3.551582,1,prefill,C2,189
projcos4,projcos,tamper,eval_101,checkpoint_specific,99.0,1.5,64,256,768,94700,94700,2132,32,96,95766,95766,191753,191817,1.659292,1.594125,0.212375,0.182042,0.035875,3.471334,3.683709,1,prefill,C2,189
projcos4,projcos,tamper,eval_102,checkpoint_specific,99.0,1.5,64,256,768,102373,102373,2132,32,96,103439,103439,207099,207163,1.582417,1.550834,0.210166,0.185333,0.03575,3.354334,3.5645,1,prefill,C2,189
projcos4,projcos,tamper,eval_103,checkpoint_specific,99.0,1.5,64,256,768,87158,87158,2132,32,96,88224,88224,176669,176733,1.580041,1.681792,0.204375,0.181083,0.036583,3.479499,3.683874,1,prefill,C2,189
projcos4,projcos,tamper,eval_104,checkpoint_specific,99.0,1.5,64,256,768,87146,87146,2132,32,96,88212,88212,176645,176709,1.5565,1.460542,0.186709,0.173542,0.029542,3.220126,3.406835,1,prefill,C2,189
projcos4,projcos,tamper,eval_105,checkpoint_specific,99.0,1.5,64,256,768,87135,87135,2132,32,96,88201,88201,176623,176687,1.561041,1.675125,0.190625,0.18225,0.033541,3.451957,3.642582,1,prefill,C2,189
projcos4,projcos,tamper,eval_106,checkpoint_specific,99.0,1.5,64,256,768,87115,87115,2132,32,96,88181,88181,176583,176647,1.62825,1.65625,0.208292,0.180417,0.03375,3.498667,3.706959,1,prefill,C2,189
projcos4,projcos,tamper,eval_107,checkpoint_specific,99.0,1.5,64,256,768,117810,117810,2132,32,96,118876,118876,237973,238037,1.747708,1.659708,0.225166,0.1985,0.035458,3.641374,3.86654,1,prefill,C2,189
projcos4,projcos,tamper,eval_108,checkpoint_specific,99.0,1.5,64,256,768,117838,117838,2132,32,96,118904,118904,238029,238093,1.693833,1.592666,0.20325,0.18925,0.03225,3.507999,3.711249,1,prefill,C2,189
projcos4,projcos,tamper,eval_109,checkpoint_specific,99.0,1.5,64,256,768,117828,117828,2132,32,96,118894,118894,238009,238073,1.704292,1.621125,0.2295,0.178792,0.033542,3.537751,3.767251,1,prefill,C2,189
projcos4,projcos,tamper,eval_110,checkpoint_specific,99.0,1.5,64,256,768,87160,87160,2132,32,96,88226,88226,176673,176737,1.611625,1.473625,0.195375,0.177208,0.032292,3.29475,3.490125,1,prefill,C2,189
projcos4,projcos,tamper,eval_111,checkpoint_specific,99.0,1.5,64,256,768,87018,87018,2132,32,96,88084,88084,176389,176453,1.524125,1.510333,0.184458,0.170584,0.0315,3.236542,3.421,1,prefill,C2,189
projcos4,projcos,tamper,eval_112,checkpoint_specific,99.0,1.5,64,256,768,94785,94785,2132,32,96,95851,95851,191923,191987,1.740584,1.590791,0.214583,0.179167,0.033292,3.543834,3.758417,1,prefill,C2,189
projcos4,projcos,tamper,eval_113,checkpoint_specific,99.0,1.5,64,256,768,79413,79413,2132,32,96,80479,80479,161179,161243,1.511125,1.525334,0.1845,0.16875,0.031541,3.23675,3.42125,1,prefill,C2,189
projcos4,projcos,tamper,eval_114,checkpoint_specific,99.0,1.5,64,256,768,79398,79398,2132,32,96,80464,80464,161149,161213,1.546958,1.677417,0.202666,0.178417,0.033917,3.436709,3.639375,1,prefill,C2,189
projcos4,projcos,tamper,eval_115,checkpoint_specific,99.0,1.5,64,256,768,79342,79342,2132,32,96,80408,80408,161037,161101,1.635167,1.442958,0.1885,0.176209,0.03225,3.286584,3.475084,1,prefill,C2,189
projcos4,projcos,tamper,eval_116,checkpoint_specific,99.0,1.5,64,256,768,79427,79427,2132,32,96,80493,80493,161207,161271,1.50875,1.517834,0.186541,0.164083,0.0285,3.219167,3.405708,1,prefill,C2,189
projcos4,projcos,tamper,eval_117,checkpoint_specific,99.0,1.5,64,256,768,110094,110094,2132,32,96,111160,111160,222541,222605,1.730542,1.594167,0.202208,0.187167,0.032875,3.544751,3.746959,1,prefill,C2,189
projcos4,projcos,tamper,eval_118,checkpoint_specific,99.0,1.5,64,256,768,110064,110064,2132,32,96,111130,111130,222481,222545,1.690166,1.612291,0.198,0.184459,0.035208,3.522124,3.720124,1,prefill,C2,189
projcos4,projcos,tamper,eval_119,checkpoint_specific,99.0,1.5,64,256,768,110108,110108,2132,32,96,111174,111174,222569,222633,1.660667,1.591584,0.24825,0.193208,0.035791,3.48125,3.7295,1,prefill,C2,189
projcos4,projcos,tamper,eval_120,checkpoint_specific,99.0,1.5,64,256,768,79443,79443,2132,32,96,80509,80509,161239,161303,1.592875,1.4945,0.20425,0.257417,0.035916,3.380708,3.584958,1,prefill,C2,189
projcos4,projcos,tamper,eval_121,checkpoint_specific,99.0,1.5,64,256,768,125386,125386,2132,32,96,126452,126452,253125,253189,1.777833,1.685959,0.214791,0.191709,0.033209,3.68871,3.903501,1,prefill,C2,189
projcos4,projcos,tamper,eval_122,checkpoint_specific,99.0,1.5,64,256,768,133104,133104,2132,32,96,134170,134170,268561,268625,1.629625,1.630083,0.251875,0.225875,0.032583,3.518166,3.770041,1,prefill,C2,189
projcos4,projcos,tamper,eval_123,checkpoint_specific,99.0,1.5,64,256,768,117705,117705,2132,32,96,118771,118771,237763,237827,1.717708,1.699333,0.208416,0.194167,0.032208,3.643416,3.851832,1,prefill,C2,189
projcos4,projcos,tamper,eval_124,checkpoint_specific,99.0,1.5,64,256,768,117871,117871,2132,32,96,118937,118937,238095,238159,1.585375,1.529875,0.197375,0.188291,0.031375,3.334916,3.532291,1,prefill,C2,189
projcos4,projcos,tamper,eval_125,checkpoint_specific,99.0,1.5,64,256,768,117680,117680,2132,32,96,118746,118746,237713,237777,1.661958,1.700709,0.210875,0.188208,0.033791,3.584666,3.795541,1,prefill,C2,189
projcos4,projcos,tamper,eval_126,checkpoint_specific,99.0,1.5,64,256,768,117799,117799,2132,32,96,118865,118865,237951,238015,1.679375,1.584167,0.199416,0.188375,0.035583,3.4875,3.686916,1,prefill,C2,189
projcos4,projcos,tamper,eval_127,checkpoint_specific,99.0,1.5,64,256,768,148349,148349,2132,32,96,149415,149415,299051,299115,1.743625,1.761541,0.266791,0.227,0.032583,3.764749,4.03154,1,prefill,C2,189
projcos4,projcos,tamper,eval_128,checkpoint_specific,99.0,1.5,64,256,768,148283,148283,2132,32,96,149349,149349,298919,298983,1.775125,1.695917,0.249709,0.229625,0.028333,3.729,3.978709,1,prefill,C2,189
projcos4,projcos,tamper,eval_129,checkpoint_specific,99.0,1.5,64,256,768,148312,148312,2132,32,96,149378,149378,298977,299041,1.841208,1.808709,0.267708,0.298125,0.036459,3.984501,4.252209,1,prefill,C2,189
projcos4,projcos,tamper,eval_130,checkpoint_specific,99.0,1.5,64,256,768,117825,117825,2132,32,96,118891,118891,238003,238067,1.675333,1.549333,0.210666,0.190542,0.033,3.448208,3.658874,1,prefill,C2,189
projcos4,projcos,tamper,eval_131,checkpoint_specific,99.0,1.5,64,256,768,94679,94679,2132,32,96,95745,95745,191711,191775,1.581792,1.603584,0.243625,0.187417,0.033958,3.406751,3.650376,1,prefill,C2,189
projcos4,projcos,tamper,eval_132,checkpoint_specific,99.0,1.5,64,256,768,102344,102344,2132,32,96,103410,103410,207041,207105,1.603833,1.554875,0.194208,0.182208,0.035167,3.376083,3.570291,1,prefill,C2,189
projcos4,projcos,tamper,eval_133,checkpoint_specific,99.0,1.5,64,256,768,87095,87095,2132,32,96,88161,88161,176543,176607,1.519209,1.527958,0.17975,0.174583,0.029375,3.251125,3.430875,1,prefill,C2,189
projcos4,projcos,tamper,eval_134,checkpoint_specific,99.0,1.5,64,256,768,87056,87056,2132,32,96,88122,88122,176465,176529,1.678459,1.541667,0.269208,0.186875,0.031792,3.438793,3.708001,1,prefill,C2,189
projcos4,projcos,tamper,eval_135,checkpoint_specific,99.0,1.5,64,256,768,86993,86993,2132,32,96,88059,88059,176339,176403,1.57275,1.501792,0.201708,0.17775,0.032584,3.284876,3.486584,1,prefill,C2,189
projcos4,projcos,tamper,eval_136,checkpoint_specific,99.0,1.5,64,256,768,87088,87088,2132,32,96,88154,88154,176529,176593,1.652334,1.672583,0.213417,0.179542,0.034833,3.539292,3.752709,1,prefill,C2,189
projcos4,projcos,tamper,eval_137,checkpoint_specific,99.0,1.5,64,256,768,117719,117719,2132,32,96,118785,118785,237791,237855,1.613792,1.62225,0.199833,0.2165,0.030625,3.483167,3.683,1,prefill,C2,189
projcos4,projcos,tamper,eval_138,checkpoint_specific,99.0,1.5,64,256,768,117798,117798,2132,32,96,118864,118864,237949,238013,1.682875,1.682417,0.206166,0.194875,0.033667,3.593834,3.8,1,prefill,C2,189
projcos4,projcos,tamper,eval_139,checkpoint_specific,99.0,1.5,64,256,768,117874,117874,2132,32,96,118940,118940,238101,238165,1.5825,1.537917,0.199958,0.187541,0.031542,3.3395,3.539458,1,prefill,C2,189
projcos4,projcos,tamper,eval_140,checkpoint_specific,99.0,1.5,64,256,768,87075,87075,2132,32,96,88141,88141,176503,176567,1.523959,1.872541,0.22425,0.18275,0.034333,3.613583,3.837833,1,prefill,C2,189
projcos4,projcos,tamper,eval_141,checkpoint_specific,99.0,1.5,64,256,768,94617,94617,2132,32,96,95683,95683,191587,191651,1.643958,1.551292,0.210708,0.181209,0.032584,3.409043,3.619751,1,prefill,C2,189
projcos4,projcos,tamper,eval_142,checkpoint_specific,99.0,1.5,64,256,768,102410,102410,2132,32,96,103476,103476,207173,207237,1.649292,1.633625,0.24675,0.195625,0.039125,3.517667,3.764417,1,prefill,C2,189
projcos4,projcos,tamper,eval_143,checkpoint_specific,99.0,1.5,64,256,768,87113,87113,2132,32,96,88179,88179,176579,176643,1.662292,1.569625,0.200834,0.179334,0.033084,3.444335,3.645169,1,prefill,C2,189
projcos4,projcos,tamper,eval_144,checkpoint_specific,99.0,1.5,64,256,768,87139,87139,2132,32,96,88205,88205,176631,176695,1.569708,1.503792,0.186292,0.180709,0.032458,3.286667,3.472959,1,prefill,C2,189
projcos4,projcos,tamper,eval_145,checkpoint_specific,99.0,1.5,64,256,768,86952,86952,2132,32,96,88018,88018,176257,176321,1.684292,1.577583,0.208542,0.169458,0.032625,3.463958,3.6725,1,prefill,C2,189
projcos4,projcos,tamper,eval_146,checkpoint_specific,99.0,1.5,64,256,768,87084,87084,2132,32,96,88150,88150,176521,176585,1.636292,1.606958,0.196625,0.170875,0.033125,3.44725,3.643875,1,prefill,C2,189
projcos4,projcos,tamper,eval_147,checkpoint_specific,99.0,1.5,64,256,768,117827,117827,2132,32,96,118893,118893,238007,238071,1.715625,1.624292,0.209208,0.189334,0.03325,3.562501,3.771709,1,prefill,C2,189
projcos4,projcos,tamper,eval_148,checkpoint_specific,99.0,1.5,64,256,768,117775,117775,2132,32,96,118841,118841,237903,237967,1.584042,1.605709,0.200208,0.187375,0.031916,3.409042,3.60925,1,prefill,C2,189
projcos4,projcos,tamper,eval_149,checkpoint_specific,99.0,1.5,64,256,768,117819,117819,2132,32,96,118885,118885,237991,238055,1.742709,1.588,0.207416,0.189666,0.032375,3.55275,3.760166,1,prefill,C2,189
projcos4,projcos,tamper,eval_150,checkpoint_specific,99.0,1.5,64,256,768,87077,87077,2132,32,96,88143,88143,176507,176571,1.522084,1.464167,0.189542,0.176916,0.0315,3.194667,3.384209,1,prefill,C2,189
projcos4,projcos,tamper,eval_151,checkpoint_specific,99.0,1.5,64,256,768,110135,110135,2132,32,96,111201,111201,222623,222687,1.642209,1.7115,0.231583,0.191708,0.042459,3.587876,3.819459,1,prefill,C2,189
projcos4,projcos,tamper,eval_152,checkpoint_specific,99.0,1.5,64,256,768,117832,117832,2132,32,96,118898,118898,238017,238081,1.658584,1.573,0.205083,0.1935,0.032959,3.458043,3.663126,1,prefill,C2,189
projcos4,projcos,tamper,eval_153,checkpoint_specific,99.0,1.5,64,256,768,102417,102417,2132,32,96,103483,103483,207187,207251,1.565125,1.6825,0.215583,0.185083,0.035625,3.468333,3.683916,1,prefill,C2,189
projcos4,projcos,tamper,eval_154,checkpoint_specific,99.0,1.5,64,256,768,102552,102552,2132,32,96,103618,103618,207457,207521,1.639625,1.535334,0.191625,0.184583,0.0295,3.389042,3.580667,1,prefill,C2,189
projcos4,projcos,tamper,eval_155,checkpoint_specific,99.0,1.5,64,256,768,102403,102403,2132,32,96,103469,103469,207159,207223,1.645417,1.58025,0.234041,0.18825,0.038083,3.452,3.686041,1,prefill,C2,189
projcos4,projcos,tamper,eval_156,checkpoint_specific,99.0,1.5,64,256,768,102452,102452,2132,32,96,103518,103518,207257,207321,1.636958,1.518833,0.19025,0.181958,0.032,3.369749,3.559999,1,prefill,C2,189
projcos4,projcos,tamper,eval_157,checkpoint_specific,99.0,1.5,64,256,768,133180,133180,2132,32,96,134246,134246,268713,268777,1.643542,1.612,0.263209,0.369792,0.032584,3.657918,3.921127,1,prefill,C2,189
projcos4,projcos,tamper,eval_158,checkpoint_specific,99.0,1.5,64,256,768,133159,133159,2132,32,96,134225,134225,268671,268735,1.743792,1.690875,0.247041,0.219958,0.032666,3.687291,3.934332,1,prefill,C2,189
projcos4,projcos,tamper,eval_159,checkpoint_specific,99.0,1.5,64,256,768,133204,133204,2132,32,96,134270,134270,268761,268825,1.724917,1.63,0.242375,0.205333,0.029958,3.590208,3.832583,1,prefill,C2,189
projcos4,projcos,tamper,eval_160,checkpoint_specific,99.0,1.5,64,256,768,102561,102561,2132,32,96,103627,103627,207475,207539,1.68425,1.750375,0.225375,0.184833,0.037792,3.65725,3.882625,1,prefill,C2,189
projcos4,projcos,tamper,eval_161,checkpoint_specific,99.0,1.5,64,256,768,102359,102359,2132,32,96,103425,103425,207071,207135,1.565209,1.49125,0.197292,0.182417,0.033667,3.272543,3.469835,1,prefill,C2,189
projcos4,projcos,tamper,eval_162,checkpoint_specific,99.0,1.5,64,256,768,110073,110073,2132,32,96,111139,111139,222499,222563,1.609833,1.554125,0.213167,0.190875,0.034833,3.389666,3.602833,1,prefill,C2,189
projcos4,projcos,tamper,eval_163,checkpoint_specific,99.0,1.5,64,256,768,94753,94753,2132,32,96,95819,95819,191859,191923,1.565042,1.589291,0.197292,0.180416,0.032417,3.367166,3.564458,1,prefill,C2,189
projcos4,projcos,tamper,eval_164,checkpoint_specific,99.0,1.5,64,256,768,94714,94714,2132,32,96,95780,95780,191781,191845,1.632541,1.627041,0.203541,0.18275,0.032709,3.475041,3.678582,1,prefill,C2,189
projcos4,projcos,tamper,eval_165,checkpoint_specific,99.0,1.5,64,256,768,94710,94710,2132,32,96,95776,95776,191773,191837,1.547917,1.488125,0.186708,0.179125,0.031458,3.246625,3.433333,1,prefill,C2,189
projcos4,projcos,tamper,eval_166,checkpoint_specific,99.0,1.5,64,256,768,94768,94768,2132,32,96,95834,95834,191889,191953,1.567792,1.609583,0.192625,0.166167,0.030416,3.373958,3.566583,1,prefill,C2,189
projcos4,projcos,tamper,eval_167,checkpoint_specific,99.0,1.5,64,256,768,125421,125421,2132,32,96,126487,126487,253195,253259,1.748333,1.7075,0.203041,0.178834,0.030542,3.665209,3.86825,1,prefill,C2,189
projcos4,projcos,tamper,eval_168,checkpoint_specific,99.0,1.5,64,256,768,125426,125426,2132,32,96,126492,126492,253205,253269,1.689417,1.654708,0.204375,0.186667,0.032084,3.562876,3.767251,1,prefill,C2,189
projcos4,projcos,tamper,eval_169,checkpoint_specific,99.0,1.5,64,256,768,125488,125488,2132,32,96,126554,126554,253329,253393,1.794375,1.621625,0.2175,0.192667,0.034959,3.643626,3.861126,1,prefill,C2,189
projcos4,projcos,tamper,eval_170,checkpoint_specific,99.0,1.5,64,256,768,94781,94781,2132,32,96,95847,95847,191915,191979,1.547917,1.525167,0.190959,0.165,0.032167,3.270251,3.46121,1,prefill,C2,189
projcos4,projcos,tamper,eval_171,checkpoint_specific,99.0,1.5,64,256,768,102424,102424,2132,32,96,103490,103490,207201,207265,1.590125,1.56025,0.207416,0.18375,0.0335,3.367625,3.575041,1,prefill,C2,189
projcos4,projcos,tamper,eval_172,checkpoint_specific,99.0,1.5,64,256,768,110099,110099,2132,32,96,111165,111165,222551,222615,1.669208,1.559875,0.200167,0.184875,0.036792,3.45075,3.650917,1,prefill,C2,189
projcos4,projcos,tamper,eval_173,checkpoint_specific,99.0,1.5,64,256,768,94804,94804,2132,32,96,95870,95870,191961,192025,1.648833,1.601584,0.212208,0.187125,0.034042,3.471584,3.683792,1,prefill,C2,189
projcos4,projcos,tamper,eval_174,checkpoint_specific,99.0,1.5,64,256,768,94787,94787,2132,32,96,95853,95853,191927,191991,1.552667,1.570542,0.199291,0.190625,0.033833,3.347667,3.546958,1,prefill,C2,189
projcos4,projcos,tamper,eval_175,checkpoint_specific,99.0,1.5,64,256,768,94756,94756,2132,32,96,95822,95822,191865,191929,1.751542,1.619042,0.192542,0.165791,0.030709,3.567084,3.759626,1,prefill,C2,189
projcos4,projcos,tamper,eval_176,checkpoint_specific,99.0,1.5,64,256,768,94802,94802,2132,32,96,95868,95868,191957,192021,1.6565,1.993625,0.294167,0.332167,0.045292,4.027584,4.321751,1,prefill,C2,189
projcos4,projcos,tamper,eval_177,checkpoint_specific,99.0,1.5,64,256,768,125428,125428,2132,32,96,126494,126494,253209,253273,1.866375,1.811792,0.238583,0.193583,0.036958,3.908708,4.147291,1,prefill,C2,189
projcos4,projcos,tamper,eval_178,checkpoint_specific,99.0,1.5,64,256,768,125405,125405,2132,32,96,126471,126471,253163,253227,1.604291,1.507334,0.201041,0.190667,0.032125,3.334417,3.535458,1,prefill,C2,189
projcos4,projcos,tamper,eval_179,checkpoint_specific,99.0,1.5,64,256,768,125471,125471,2132,32,96,126537,126537,253295,253359,1.615292,1.67,0.219083,0.192208,0.034833,3.512333,3.731416,1,prefill,C2,189
projcos4,projcos,tamper,eval_180,checkpoint_specific,99.0,1.5,64,256,768,94765,94765,2132,32,96,95831,95831,191883,191947,1.541,1.62325,0.215792,0.187292,0.034458,3.386,3.601792,1,prefill,C2,189
projcos4,projcos,tamper,eval_181,checkpoint_specific,99.0,1.5,64,256,768,102309,102309,2132,32,96,103375,103375,206971,207035,1.653458,1.621041,0.219083,0.195542,0.036167,3.506208,3.725291,1,prefill,C2,189
projcos4,projcos,tamper,eval_182,checkpoint_specific,99.0,1.5,64,256,768,109895,109895,2132,32,96,110961,110961,222143,222207,1.637166,1.592459,0.208667,0.186375,0.032,3.448,3.656667,1,prefill,C2,189
projcos4,projcos,tamper,eval_183,checkpoint_specific,99.0,1.5,64,256,768,94722,94722,2132,32,96,95788,95788,191797,191861,1.545417,1.618416,0.207458,0.178125,0.038333,3.380291,3.587749,1,prefill,C2,189
projcos4,projcos,tamper,eval_184,checkpoint_specific,99.0,1.5,64,256,768,94570,94570,2132,32,96,95636,95636,191493,191557,1.566375,1.512583,0.203208,0.171125,0.033167,3.28325,3.486458,1,prefill,C2,189
projcos4,projcos,tamper,eval_185,checkpoint_specific,99.0,1.5,64,256,768,94672,94672,2132,32,96,95738,95738,191697,191761,1.613708,1.558084,0.196333,0.16475,0.032916,3.369458,3.565791,1,prefill,C2,189
projcos4,projcos,tamper,eval_186,checkpoint_specific,99.0,1.5,64,256,768,94661,94661,2132,32,96,95727,95727,191675,191739,2.031542,1.6205,0.236709,0.187083,0.040375,3.8795,4.116209,1,prefill,C2,189
projcos4,projcos,tamper,eval_187,checkpoint_specific,99.0,1.5,64,256,768,125291,125291,2132,32,96,126357,126357,252935,252999,1.6005,1.582,0.209209,0.189916,0.030791,3.403207,3.612416,1,prefill,C2,189
projcos4,projcos,tamper,eval_188,checkpoint_specific,99.0,1.5,64,256,768,125342,125342,2132,32,96,126408,126408,253037,253101,1.803,1.677042,0.243166,0.193083,0.034417,3.707542,3.950708,1,prefill,C2,189
projcos4,projcos,tamper,eval_189,checkpoint_specific,99.0,1.5,64,256,768,125401,125401,2132,32,96,126467,126467,253155,253219,1.727875,1.621791,0.218625,0.19975,0.033709,3.583125,3.80175,1,prefill,C2,189
projcos4,projcos,tamper,eval_190,checkpoint_specific,99.0,1.5,64,256,768,94685,94685,2132,32,96,95751,95751,191723,191787,1.668791,1.6205,0.21025,0.182208,0.034333,3.505832,3.716082,1,prefill,C2,189
projcos4,projcos,tamper,eval_191,checkpoint_specific,99.0,1.5,64,256,768,102365,102365,2132,32,96,103431,103431,207083,207147,1.561,1.534625,0.200125,0.184375,0.03325,3.31325,3.513375,1,prefill,C2,189
projcos4,projcos,tamper,eval_192,checkpoint_specific,99.0,1.5,64,256,768,109963,109963,2132,32,96,111029,111029,222279,222343,1.723917,1.697833,0.248125,0.194708,0.040459,3.656917,3.905042,1,prefill,C2,189
projcos4,projcos,tamper,eval_193,checkpoint_specific,99.0,1.5,64,256,768,94729,94729,2132,32,96,95795,95795,191811,191875,1.522084,1.427083,0.194875,0.179792,0.032916,3.161875,3.35675,1,prefill,C2,189
projcos4,projcos,tamper,eval_194,checkpoint_specific,99.0,1.5,64,256,768,94732,94732,2132,32,96,95798,95798,191817,191881,1.538958,1.681542,0.201292,0.275167,0.033959,3.529626,3.730918,1,prefill,C2,189
projcos4,projcos,tamper,eval_195,checkpoint_specific,99.0,1.5,64,256,768,94608,94608,2132,32,96,95674,95674,191569,191633,1.540083,1.451417,0.186834,0.177875,0.03125,3.200625,3.387459,1,prefill,C2,189
projcos4,projcos,tamper,eval_196,checkpoint_specific,99.0,1.5,64,256,768,94721,94721,2132,32,96,95787,95787,191795,191859,1.48225,1.46675,0.223166,0.180375,0.032,3.161375,3.384541,1,prefill,C2,189
projcos4,projcos,tamper,eval_197,checkpoint_specific,99.0,1.5,64,256,768,125292,125292,2132,32,96,126358,126358,252937,253001,1.712875,1.58475,0.217542,0.267625,0.033,3.59825,3.815792,1,prefill,C2,189
projcos4,projcos,tamper,eval_198,checkpoint_specific,99.0,1.5,64,256,768,125348,125348,2132,32,96,126414,126414,253049,253113,1.596917,1.52,0.195375,0.174417,0.0285,3.319834,3.515209,1,prefill,C2,189
projcos4,projcos,tamper,eval_199,checkpoint_specific,99.0,1.5,64,256,768,125330,125330,2132,32,96,126396,126396,253013,253077,1.703041,1.641666,0.21425,0.196208,0.034125,3.57504,3.78929,1,prefill,C2,189
projcos4,projcos,tamper,eval_200,checkpoint_specific,99.0,1.5,64,256,768,94667,94667,2132,32,96,95733,95733,191687,191751,1.6,1.496,0.200834,0.181708,0.032209,3.309917,3.510751,1,prefill,C2,189
projcos16,projcos,honest_homo,eval_001,checkpoint_specific,99.0,1.5,256,1024,3072,125387,125387,2132,32,96,126453,126453,253125,253189,1.691958,1.683333,0.399583,0.313625,0.052042,3.740958,4.140541,0,,,187
projcos16,projcos,honest_homo,eval_002,checkpoint_specific,99.0,1.5,256,1024,3072,133175,133175,2132,32,96,134241,134241,268701,268765,1.637084,1.549334,0.367916,0.339667,0.040958,3.567043,3.934959,0,,,187
projcos16,projcos,honest_homo,eval_003,checkpoint_specific,99.0,1.5,256,1024,3072,117824,117824,2132,32,96,118890,118890,237999,238063,1.740708,1.701875,0.363792,0.322625,0.049375,3.814583,4.178375,0,,,187
projcos16,projcos,honest_homo,eval_004,checkpoint_specific,99.0,1.5,256,1024,3072,117850,117850,2132,32,96,118916,118916,238051,238115,1.718125,1.680584,0.389625,0.317125,0.049,3.764834,4.154459,0,,,187
projcos16,projcos,honest_homo,eval_005,checkpoint_specific,99.0,1.5,256,1024,3072,117819,117819,2132,32,96,118885,118885,237989,238053,1.796208,1.787792,0.4115,0.434,0.052209,4.070209,4.481709,0,,,187
projcos16,projcos,honest_homo,eval_006,checkpoint_specific,99.0,1.5,256,1024,3072,117847,117847,2132,32,96,118913,118913,238045,238109,1.697166,1.633542,0.3685,0.311792,0.046541,3.689041,4.057541,0,,,187
projcos16,projcos,honest_homo,eval_007,checkpoint_specific,99.0,1.5,256,1024,3072,148372,148372,2132,32,96,149438,149438,299095,299159,1.747542,1.784125,0.39675,0.360959,0.050417,3.943043,4.339793,0,,,187
projcos16,projcos,honest_homo,eval_008,checkpoint_specific,99.0,1.5,256,1024,3072,148442,148442,2132,32,96,149508,149508,299235,299299,1.65525,1.821334,0.399833,0.355417,0.045083,3.877084,4.276917,0,,,187
projcos16,projcos,honest_homo,eval_009,checkpoint_specific,99.0,1.5,256,1024,3072,148502,148502,2132,32,96,149568,149568,299355,299419,1.757542,1.665083,0.406292,0.394083,0.045709,3.862417,4.268709,0,,,187
projcos16,projcos,honest_homo,eval_010,checkpoint_specific,99.0,1.5,256,1024,3072,117752,117752,2132,32,96,118818,118818,237855,237919,1.557916,1.507,0.327334,0.31775,0.037583,3.420249,3.747583,0,,,187
projcos16,projcos,honest_homo,eval_011,checkpoint_specific,99.0,1.5,256,1024,3072,94634,94634,2132,32,96,95700,95700,191619,191683,1.621375,1.585,0.370458,0.316625,0.048625,3.571625,3.942083,0,,,187
projcos16,projcos,honest_homo,eval_012,checkpoint_specific,99.0,1.5,256,1024,3072,102368,102368,2132,32,96,103434,103434,207087,207151,1.499083,1.573042,0.333167,0.305875,0.050917,3.428917,3.762084,0,,,187
projcos16,projcos,honest_homo,eval_013,checkpoint_specific,99.0,1.5,256,1024,3072,86927,86927,2132,32,96,87993,87993,176205,176269,1.533708,1.698375,0.352708,0.301292,0.0485,3.581875,3.934583,0,,,187
projcos16,projcos,honest_homo,eval_014,checkpoint_specific,99.0,1.5,256,1024,3072,87044,87044,2132,32,96,88110,88110,176439,176503,1.538417,1.462458,0.315708,0.299667,0.04225,3.342792,3.6585,0,,,187
projcos16,projcos,honest_homo,eval_015,checkpoint_specific,99.0,1.5,256,1024,3072,87024,87024,2132,32,96,88090,88090,176399,176463,1.500875,1.558333,0.347042,0.320375,0.046166,3.425749,3.772791,0,,,187
projcos16,projcos,honest_homo,eval_016,checkpoint_specific,99.0,1.5,256,1024,3072,87017,87017,2132,32,96,88083,88083,176385,176449,1.539791,1.523542,0.319083,0.298708,0.043,3.405041,3.724124,0,,,187
projcos16,projcos,honest_homo,eval_017,checkpoint_specific,99.0,1.5,256,1024,3072,117702,117702,2132,32,96,118768,118768,237755,237819,1.586959,1.562875,0.337167,0.304125,0.044375,3.498334,3.835501,0,,,187
projcos16,projcos,honest_homo,eval_018,checkpoint_specific,99.0,1.5,256,1024,3072,117777,117777,2132,32,96,118843,118843,237905,237969,1.687375,1.632667,0.353667,0.302458,0.043917,3.666417,4.020084,0,,,187
projcos16,projcos,honest_homo,eval_019,checkpoint_specific,99.0,1.5,256,1024,3072,117794,117794,2132,32,96,118860,118860,237939,238003,1.777292,1.62975,0.366292,0.348167,0.051,3.806209,4.172501,0,,,187
projcos16,projcos,honest_homo,eval_020,checkpoint_specific,99.0,1.5,256,1024,3072,87013,87013,2132,32,96,88079,88079,176377,176441,1.603667,1.482042,0.313875,0.29625,0.042083,3.424042,3.737917,0,,,187
projcos16,projcos,honest_homo,eval_021,checkpoint_specific,99.0,1.5,256,1024,3072,102278,102278,2132,32,96,103344,103344,206907,206971,1.535916,1.544625,0.328667,0.301916,0.0415,3.423957,3.752624,0,,,187
projcos16,projcos,honest_homo,eval_022,checkpoint_specific,99.0,1.5,256,1024,3072,109959,109959,2132,32,96,111025,111025,222269,222333,1.794833,1.600542,0.342209,0.306708,0.042709,3.744792,4.087001,0,,,187
projcos16,projcos,honest_homo,eval_023,checkpoint_specific,99.0,1.5,256,1024,3072,94688,94688,2132,32,96,95754,95754,191727,191791,1.509416,1.492042,0.322959,0.304833,0.039083,3.345374,3.668333,0,,,187
projcos16,projcos,honest_homo,eval_024,checkpoint_specific,99.0,1.5,256,1024,3072,94655,94655,2132,32,96,95721,95721,191661,191725,1.644625,1.625583,0.337,0.301625,0.045958,3.617791,3.954791,0,,,187
projcos16,projcos,honest_homo,eval_025,checkpoint_specific,99.0,1.5,256,1024,3072,94608,94608,2132,32,96,95674,95674,191567,191631,1.612667,1.467375,0.336333,0.311917,0.041625,3.433584,3.769917,0,,,187
projcos16,projcos,honest_homo,eval_026,checkpoint_specific,99.0,1.5,256,1024,3072,94641,94641,2132,32,96,95707,95707,191633,191697,1.553459,1.569833,0.328583,0.293625,0.041792,3.458709,3.787292,0,,,187
projcos16,projcos,honest_homo,eval_027,checkpoint_specific,99.0,1.5,256,1024,3072,125318,125318,2132,32,96,126384,126384,252987,253051,1.7285,1.669,0.431834,0.321792,0.047916,3.767208,4.199042,0,,,187
projcos16,projcos,honest_homo,eval_028,checkpoint_specific,99.0,1.5,256,1024,3072,125330,125330,2132,32,96,126396,126396,253011,253075,1.715875,1.727458,0.387709,0.316333,0.0485,3.808166,4.195875,0,,,187
projcos16,projcos,honest_homo,eval_029,checkpoint_specific,99.0,1.5,256,1024,3072,125406,125406,2132,32,96,126472,126472,253163,253227,1.617625,1.608375,0.3305,0.314084,0.041792,3.581876,3.912376,0,,,187
projcos16,projcos,honest_homo,eval_030,checkpoint_specific,99.0,1.5,256,1024,3072,94632,94632,2132,32,96,95698,95698,191615,191679,1.604791,1.5805,0.330584,0.2985,0.042667,3.526458,3.857042,0,,,187
projcos16,projcos,honest_homo,eval_031,checkpoint_specific,99.0,1.5,256,1024,3072,109933,109933,2132,32,96,110999,110999,222217,222281,1.597042,1.543417,0.327375,0.317458,0.044708,3.502625,3.83,0,,,187
projcos16,projcos,honest_homo,eval_032,checkpoint_specific,99.0,1.5,256,1024,3072,117742,117742,2132,32,96,118808,118808,237835,237899,1.678375,1.699,0.378875,0.315542,0.05325,3.746167,4.125042,0,,,187
projcos16,projcos,honest_homo,eval_033,checkpoint_specific,99.0,1.5,256,1024,3072,102412,102412,2132,32,96,103478,103478,207175,207239,1.648042,1.550667,0.321875,0.304334,0.042,3.545043,3.866918,0,,,187
projcos16,projcos,honest_homo,eval_034,checkpoint_specific,99.0,1.5,256,1024,3072,102360,102360,2132,32,96,103426,103426,207071,207135,1.570667,1.600459,0.339958,0.299292,0.043084,3.513502,3.85346,0,,,187
projcos16,projcos,honest_homo,eval_035,checkpoint_specific,99.0,1.5,256,1024,3072,102369,102369,2132,32,96,103435,103435,207089,207153,1.695084,1.625917,0.364584,0.30025,0.047625,3.668876,4.03346,0,,,187
projcos16,projcos,honest_homo,eval_036,checkpoint_specific,99.0,1.5,256,1024,3072,102345,102345,2132,32,96,103411,103411,207041,207105,1.727375,1.681541,0.359833,0.328208,0.044375,3.781499,4.141332,0,,,187
projcos16,projcos,honest_homo,eval_037,checkpoint_specific,99.0,1.5,256,1024,3072,133072,133072,2132,32,96,134138,134138,268495,268559,1.64225,1.560875,0.385417,0.337625,0.042416,3.583166,3.968583,0,,,187
projcos16,projcos,honest_homo,eval_038,checkpoint_specific,99.0,1.5,256,1024,3072,133104,133104,2132,32,96,134170,134170,268559,268623,1.644458,1.76775,0.425334,0.355208,0.048542,3.815958,4.241292,0,,,187
projcos16,projcos,honest_homo,eval_039,checkpoint_specific,99.0,1.5,256,1024,3072,133130,133130,2132,32,96,134196,134196,268611,268675,1.655208,1.631542,0.365375,0.340541,0.043541,3.670832,4.036207,0,,,187
projcos16,projcos,honest_homo,eval_040,checkpoint_specific,99.0,1.5,256,1024,3072,102351,102351,2132,32,96,103417,103417,207053,207117,1.572584,1.616375,0.354625,0.378709,0.0465,3.614168,3.968793,0,,,187
projcos16,projcos,honest_homo,eval_041,checkpoint_specific,99.0,1.5,256,1024,3072,117781,117781,2132,32,96,118847,118847,237913,237977,1.746542,1.568541,0.341334,0.310417,0.043292,3.668792,4.010126,0,,,187
projcos16,projcos,honest_homo,eval_042,checkpoint_specific,99.0,1.5,256,1024,3072,125483,125483,2132,32,96,126549,126549,253317,253381,1.597208,1.67125,0.341125,0.316542,0.0455,3.6305,3.971625,0,,,187
projcos16,projcos,honest_homo,eval_043,checkpoint_specific,99.0,1.5,256,1024,3072,110095,110095,2132,32,96,111161,111161,222541,222605,1.642333,1.59425,0.340125,0.301834,0.043042,3.581459,3.921584,0,,,187
projcos16,projcos,honest_homo,eval_044,checkpoint_specific,99.0,1.5,256,1024,3072,110045,110045,2132,32,96,111111,111111,222441,222505,1.750542,1.609792,0.350417,0.337916,0.051083,3.749333,4.09975,0,,,187
projcos16,projcos,honest_homo,eval_045,checkpoint_specific,99.0,1.5,256,1024,3072,110039,110039,2132,32,96,111105,111105,222429,222493,1.699375,1.571542,0.33225,0.308333,0.044958,3.624208,3.956458,0,,,187
projcos16,projcos,honest_homo,eval_046,checkpoint_specific,99.0,1.5,256,1024,3072,110089,110089,2132,32,96,111155,111155,222529,222593,1.566084,1.592709,0.489417,0.322667,0.053833,3.535293,4.02471,0,,,187
projcos16,projcos,honest_homo,eval_047,checkpoint_specific,99.0,1.5,256,1024,3072,140708,140708,2132,32,96,141774,141774,283767,283831,1.774958,1.59575,0.381708,0.359292,0.044125,3.774125,4.155833,0,,,187
projcos16,projcos,honest_homo,eval_048,checkpoint_specific,99.0,1.5,256,1024,3072,140709,140709,2132,32,96,141775,141775,283769,283833,1.621375,1.638375,0.367083,0.339083,0.071375,3.670208,4.037291,0,,,187
projcos16,projcos,honest_homo,eval_049,checkpoint_specific,99.0,1.5,256,1024,3072,140782,140782,2132,32,96,141848,141848,283915,283979,1.8,1.681625,0.411291,0.35025,0.044833,3.876708,4.287999,0,,,187
projcos16,projcos,honest_homo,eval_050,checkpoint_specific,99.0,1.5,256,1024,3072,110109,110109,2132,32,96,111175,111175,222569,222633,1.549625,1.547959,0.333708,0.374792,0.059666,3.532042,3.86575,0,,,187
projcos16,projcos,honest_homo,eval_051,checkpoint_specific,99.0,1.5,256,1024,3072,125473,125473,2132,32,96,126539,126539,253297,253361,1.769375,1.606791,0.348667,0.314833,0.043875,3.734874,4.083541,0,,,187
projcos16,projcos,honest_homo,eval_052,checkpoint_specific,99.0,1.5,256,1024,3072,133158,133158,2132,32,96,134224,134224,268667,268731,1.679459,1.6215,0.38725,0.348666,0.040875,3.6905,4.07775,0,,,187
projcos16,projcos,honest_homo,eval_053,checkpoint_specific,99.0,1.5,256,1024,3072,117930,117930,2132,32,96,118996,118996,238211,238275,1.707625,1.541208,0.341667,0.306667,0.052042,3.607542,3.949209,0,,,187
projcos16,projcos,honest_homo,eval_054,checkpoint_specific,99.0,1.5,256,1024,3072,117955,117955,2132,32,96,119021,119021,238261,238325,1.606042,1.604209,0.386917,0.311958,0.042625,3.564834,3.951751,0,,,187
projcos16,projcos,honest_homo,eval_055,checkpoint_specific,99.0,1.5,256,1024,3072,117827,117827,2132,32,96,118893,118893,238005,238069,1.717958,1.642791,0.368083,0.312416,0.045208,3.718373,4.086456,0,,,187
projcos16,projcos,honest_homo,eval_056,checkpoint_specific,99.0,1.5,256,1024,3072,117845,117845,2132,32,96,118911,118911,238041,238105,1.721875,1.712667,0.368333,0.508125,0.048,3.990667,4.359,0,,,187
projcos16,projcos,honest_homo,eval_057,checkpoint_specific,99.0,1.5,256,1024,3072,148278,148278,2132,32,96,149344,149344,298907,298971,2.000458,1.703083,0.406333,0.346667,0.043375,4.093583,4.499916,0,,,187
projcos16,projcos,honest_homo,eval_058,checkpoint_specific,99.0,1.5,256,1024,3072,148424,148424,2132,32,96,149490,149490,299199,299263,1.644583,1.69225,0.419958,0.360917,0.056917,3.754667,4.174625,0,,,187
projcos16,projcos,honest_homo,eval_059,checkpoint_specific,99.0,1.5,256,1024,3072,148408,148408,2132,32,96,149474,149474,299167,299231,1.788417,1.624709,0.374417,0.470459,0.042583,3.926168,4.300585,0,,,187
projcos16,projcos,honest_homo,eval_060,checkpoint_specific,99.0,1.5,256,1024,3072,117952,117952,2132,32,96,119018,119018,238255,238319,1.599458,1.611209,0.334416,0.349,0.046792,3.606459,3.940875,0,,,187
projcos16,projcos,honest_homo,eval_061,checkpoint_specific,99.0,1.5,256,1024,3072,94729,94729,2132,32,96,95795,95795,191809,191873,1.677333,1.552334,0.325417,0.310625,0.043875,3.584167,3.909584,0,,,187
projcos16,projcos,honest_homo,eval_062,checkpoint_specific,99.0,1.5,256,1024,3072,102420,102420,2132,32,96,103486,103486,207191,207255,1.523208,1.632166,0.327792,0.304042,0.043708,3.503124,3.830916,0,,,187
projcos16,projcos,honest_homo,eval_063,checkpoint_specific,99.0,1.5,256,1024,3072,86997,86997,2132,32,96,88063,88063,176345,176409,1.674334,1.491125,0.374084,0.295584,0.043,3.504043,3.878127,0,,,187
projcos16,projcos,honest_homo,eval_064,checkpoint_specific,99.0,1.5,256,1024,3072,87139,87139,2132,32,96,88205,88205,176629,176693,1.503791,1.466625,0.313917,0.295,0.03925,3.304666,3.618583,0,,,187
projcos16,projcos,honest_homo,eval_065,checkpoint_specific,99.0,1.5,256,1024,3072,87081,87081,2132,32,96,88147,88147,176513,176577,1.599917,1.614833,0.331166,0.296666,0.0435,3.554916,3.886082,0,,,187
projcos16,projcos,honest_homo,eval_066,checkpoint_specific,99.0,1.5,256,1024,3072,87056,87056,2132,32,96,88122,88122,176463,176527,1.5375,1.473209,0.306416,0.291959,0.046166,3.348834,3.65525,0,,,187
projcos16,projcos,honest_homo,eval_067,checkpoint_specific,99.0,1.5,256,1024,3072,117822,117822,2132,32,96,118888,118888,237995,238059,1.661917,1.7085,0.365333,0.306334,0.0475,3.724251,4.089584,0,,,187
projcos16,projcos,honest_homo,eval_068,checkpoint_specific,99.0,1.5,256,1024,3072,117889,117889,2132,32,96,118955,118955,238129,238193,1.815083,1.674041,0.3565,0.3075,0.046042,3.842666,4.199166,0,,,187
projcos16,projcos,honest_homo,eval_069,checkpoint_specific,99.0,1.5,256,1024,3072,117797,117797,2132,32,96,118863,118863,237945,238009,2.238125,2.119459,0.393375,0.31225,0.051375,4.721209,5.114584,0,,,187
projcos16,projcos,honest_homo,eval_070,checkpoint_specific,99.0,1.5,256,1024,3072,87040,87040,2132,32,96,88106,88106,176431,176495,1.557458,1.5375,0.353791,0.416959,0.056375,3.568292,3.922083,0,,,187
projcos16,projcos,honest_homo,eval_071,checkpoint_specific,99.0,1.5,256,1024,3072,102442,102442,2132,32,96,103508,103508,207235,207299,1.90475,1.63325,0.368417,0.305917,0.053292,3.897209,4.265626,0,,,187
projcos16,projcos,honest_homo,eval_072,checkpoint_specific,99.0,1.5,256,1024,3072,110082,110082,2132,32,96,111148,111148,222515,222579,1.560875,1.55025,0.318583,0.302,0.042666,3.455791,3.774374,0,,,187
projcos16,projcos,honest_homo,eval_073,checkpoint_specific,99.0,1.5,256,1024,3072,94742,94742,2132,32,96,95808,95808,191835,191899,1.620625,1.570833,0.3385,0.299958,0.044333,3.535749,3.874249,0,,,187
projcos16,projcos,honest_homo,eval_074,checkpoint_specific,99.0,1.5,256,1024,3072,94770,94770,2132,32,96,95836,95836,191891,191955,1.552709,1.506583,0.3165,0.305208,0.041042,3.405542,3.722042,0,,,187
projcos16,projcos,honest_homo,eval_075,checkpoint_specific,99.0,1.5,256,1024,3072,94677,94677,2132,32,96,95743,95743,191705,191769,1.621,1.6345,0.3595,0.292666,0.046417,3.594583,3.954083,0,,,187
projcos16,projcos,honest_homo,eval_076,checkpoint_specific,99.0,1.5,256,1024,3072,94651,94651,2132,32,96,95717,95717,191653,191717,1.798834,1.620833,0.35175,0.301292,0.045959,3.766918,4.118668,0,,,187
projcos16,projcos,honest_homo,eval_077,checkpoint_specific,99.0,1.5,256,1024,3072,125450,125450,2132,32,96,126516,126516,253251,253315,1.707791,1.684875,0.352833,0.31675,0.044958,3.754374,4.107207,0,,,187
projcos16,projcos,honest_homo,eval_078,checkpoint_specific,99.0,1.5,256,1024,3072,125481,125481,2132,32,96,126547,126547,253313,253377,1.610458,1.627292,0.358667,0.441042,0.041333,3.720125,4.078792,0,,,187
projcos16,projcos,honest_homo,eval_079,checkpoint_specific,99.0,1.5,256,1024,3072,125437,125437,2132,32,96,126503,126503,253225,253289,1.741417,1.636334,0.380625,0.322125,0.048209,3.748085,4.12871,0,,,187
projcos16,projcos,honest_homo,eval_080,checkpoint_specific,99.0,1.5,256,1024,3072,94814,94814,2132,32,96,95880,95880,191979,192043,1.522709,1.490834,0.323875,0.308375,0.042125,3.364043,3.687918,0,,,187
projcos16,projcos,honest_homo,eval_081,checkpoint_specific,99.0,1.5,256,1024,3072,102323,102323,2132,32,96,103389,103389,206997,207061,1.631459,1.711417,0.363041,0.313875,0.045375,3.702126,4.065167,0,,,187
projcos16,projcos,honest_homo,eval_082,checkpoint_specific,99.0,1.5,256,1024,3072,110077,110077,2132,32,96,111143,111143,222505,222569,1.582167,1.536208,0.3275,0.311292,0.039542,3.469209,3.796709,0,,,187
projcos16,projcos,honest_homo,eval_083,checkpoint_specific,99.0,1.5,256,1024,3072,94746,94746,2132,32,96,95812,95812,191843,191907,1.545708,1.572333,0.344583,0.300375,0.050833,3.469249,3.813832,0,,,187
projcos16,projcos,honest_homo,eval_084,checkpoint_specific,99.0,1.5,256,1024,3072,94772,94772,2132,32,96,95838,95838,191895,191959,1.642,1.61975,0.317666,0.300834,0.04275,3.605334,3.923,0,,,187
projcos16,projcos,honest_homo,eval_085,checkpoint_specific,99.0,1.5,256,1024,3072,94711,94711,2132,32,96,95777,95777,191773,191837,1.535291,1.60125,0.355542,0.315917,0.044708,3.497166,3.852708,0,,,187
projcos16,projcos,honest_homo,eval_086,checkpoint_specific,99.0,1.5,256,1024,3072,94658,94658,2132,32,96,95724,95724,191667,191731,1.568208,1.509208,0.317459,0.305917,0.0415,3.424833,3.742292,0,,,187
projcos16,projcos,honest_homo,eval_087,checkpoint_specific,99.0,1.5,256,1024,3072,125362,125362,2132,32,96,126428,126428,253075,253139,1.699208,1.675833,0.389666,0.31625,0.049916,3.741207,4.130873,0,,,187
projcos16,projcos,honest_homo,eval_088,checkpoint_specific,99.0,1.5,256,1024,3072,125445,125445,2132,32,96,126511,126511,253241,253305,1.671584,1.59525,0.332333,0.312792,0.042875,3.622501,3.954834,0,,,187
projcos16,projcos,honest_homo,eval_089,checkpoint_specific,99.0,1.5,256,1024,3072,125479,125479,2132,32,96,126545,126545,253309,253373,1.628083,1.714833,0.376666,0.338292,0.045083,3.726291,4.102957,0,,,187
projcos16,projcos,honest_homo,eval_090,checkpoint_specific,99.0,1.5,256,1024,3072,94653,94653,2132,32,96,95719,95719,191657,191721,1.645291,1.504791,0.317,0.299167,0.041625,3.490874,3.807874,0,,,187
projcos16,projcos,honest_homo,eval_091,checkpoint_specific,99.0,1.5,256,1024,3072,94583,94583,2132,32,96,95649,95649,191517,191581,1.5115,1.540042,0.323667,0.296583,0.043292,3.391417,3.715084,0,,,187
projcos16,projcos,honest_homo,eval_092,checkpoint_specific,99.0,1.5,256,1024,3072,102324,102324,2132,32,96,103390,103390,206999,207063,1.611167,1.596334,0.343792,0.409084,0.042542,3.659127,4.002919,0,,,187
projcos16,projcos,honest_homo,eval_093,checkpoint_specific,99.0,1.5,256,1024,3072,87015,87015,2132,32,96,88081,88081,176381,176445,1.583417,1.555209,0.35275,0.319084,0.044833,3.502543,3.855293,0,,,187
projcos16,projcos,honest_homo,eval_094,checkpoint_specific,99.0,1.5,256,1024,3072,87058,87058,2132,32,96,88124,88124,176467,176531,1.725417,1.8335,0.395667,0.303833,0.052708,3.915458,4.311125,0,,,187
projcos16,projcos,honest_homo,eval_095,checkpoint_specific,99.0,1.5,256,1024,3072,86952,86952,2132,32,96,88018,88018,176255,176319,1.693084,1.8625,0.796834,0.521833,0.077625,4.155042,4.951876,0,,,187
projcos16,projcos,honest_homo,eval_096,checkpoint_specific,99.0,1.5,256,1024,3072,87127,87127,2132,32,96,88193,88193,176605,176669,2.033333,1.605459,0.363542,0.302208,0.048625,3.989625,4.353167,0,,,187
projcos16,projcos,honest_homo,eval_097,checkpoint_specific,99.0,1.5,256,1024,3072,117750,117750,2132,32,96,118816,118816,237851,237915,1.672209,1.667708,0.365917,0.411542,0.055083,3.806542,4.172459,0,,,187
projcos16,projcos,honest_homo,eval_098,checkpoint_specific,99.0,1.5,256,1024,3072,117759,117759,2132,32,96,118825,118825,237869,237933,1.814416,1.67125,0.3965,0.310166,0.064292,3.860124,4.256624,0,,,187
projcos16,projcos,honest_homo,eval_099,checkpoint_specific,99.0,1.5,256,1024,3072,117780,117780,2132,32,96,118846,118846,237911,237975,1.666208,1.6985,0.523291,0.315208,0.056458,3.736374,4.259665,0,,,187
projcos16,projcos,honest_homo,eval_100,checkpoint_specific,99.0,1.5,256,1024,3072,87059,87059,2132,32,96,88125,88125,176469,176533,1.763625,1.912958,0.37875,0.304625,0.056417,4.037625,4.416375,0,,,187
projcos16,projcos,honest_homo,eval_101,checkpoint_specific,99.0,1.5,256,1024,3072,94700,94700,2132,32,96,95766,95766,191751,191815,1.78825,1.917041,0.454459,0.313625,0.053375,4.072291,4.52675,0,,,187
projcos16,projcos,honest_homo,eval_102,checkpoint_specific,99.0,1.5,256,1024,3072,102373,102373,2132,32,96,103439,103439,207097,207161,1.665208,1.537541,0.338125,0.304417,0.04425,3.551416,3.889541,0,,,187
projcos16,projcos,honest_homo,eval_103,checkpoint_specific,99.0,1.5,256,1024,3072,87158,87158,2132,32,96,88224,88224,176667,176731,1.722083,1.761958,0.385375,0.298375,0.068125,3.850541,4.235916,0,,,187
projcos16,projcos,honest_homo,eval_104,checkpoint_specific,99.0,1.5,256,1024,3072,87146,87146,2132,32,96,88212,88212,176643,176707,1.628083,1.519167,0.369208,0.34325,0.043625,3.534125,3.903333,0,,,187
projcos16,projcos,honest_homo,eval_105,checkpoint_specific,99.0,1.5,256,1024,3072,87135,87135,2132,32,96,88201,88201,176621,176685,1.531542,1.6345,0.424666,0.361583,0.043208,3.570833,3.995499,0,,,187
projcos16,projcos,honest_homo,eval_106,checkpoint_specific,99.0,1.5,256,1024,3072,87115,87115,2132,32,96,88181,88181,176581,176645,1.540375,1.496084,0.370292,0.312667,0.042292,3.391418,3.76171,0,,,187
projcos16,projcos,honest_homo,eval_107,checkpoint_specific,99.0,1.5,256,1024,3072,117810,117810,2132,32,96,118876,118876,237971,238035,1.606458,1.709792,0.415375,0.311209,0.050291,3.67775,4.093125,0,,,187
projcos16,projcos,honest_homo,eval_108,checkpoint_specific,99.0,1.5,256,1024,3072,117838,117838,2132,32,96,118904,118904,238027,238091,1.666416,1.673375,0.324583,0.311292,0.044667,3.69575,4.020333,0,,,187
projcos16,projcos,honest_homo,eval_109,checkpoint_specific,99.0,1.5,256,1024,3072,117828,117828,2132,32,96,118894,118894,238007,238071,1.6435,1.702041,0.368125,0.331,0.049791,3.726332,4.094457,0,,,187
projcos16,projcos,honest_homo,eval_110,checkpoint_specific,99.0,1.5,256,1024,3072,87160,87160,2132,32,96,88226,88226,176671,176735,1.554375,1.472458,0.3165,0.295792,0.042625,3.36525,3.68175,0,,,187
projcos16,projcos,honest_homo,eval_111,checkpoint_specific,99.0,1.5,256,1024,3072,87018,87018,2132,32,96,88084,88084,176387,176451,1.615208,1.655666,0.386792,0.3215,0.064125,3.656499,4.043291,0,,,187
projcos16,projcos,honest_homo,eval_112,checkpoint_specific,99.0,1.5,256,1024,3072,94785,94785,2132,32,96,95851,95851,191921,191985,1.681125,1.534833,0.331666,0.30025,0.043333,3.559541,3.891207,0,,,187
projcos16,projcos,honest_homo,eval_113,checkpoint_specific,99.0,1.5,256,1024,3072,79413,79413,2132,32,96,80479,80479,161177,161241,1.51775,1.54775,0.315041,0.288916,0.042375,3.396791,3.711832,0,,,187
projcos16,projcos,honest_homo,eval_114,checkpoint_specific,99.0,1.5,256,1024,3072,79398,79398,2132,32,96,80464,80464,161147,161211,1.688666,1.508959,0.332209,0.297375,0.046667,3.541667,3.873876,0,,,187
projcos16,projcos,honest_homo,eval_115,checkpoint_specific,99.0,1.5,256,1024,3072,79342,79342,2132,32,96,80408,80408,161035,161099,1.492875,1.477875,0.311792,0.289084,0.041583,3.301417,3.613209,0,,,187
projcos16,projcos,honest_homo,eval_116,checkpoint_specific,99.0,1.5,256,1024,3072,79427,79427,2132,32,96,80493,80493,161205,161269,1.773583,1.630416,0.355625,0.410041,0.051083,3.865123,4.220748,0,,,187
projcos16,projcos,honest_homo,eval_117,checkpoint_specific,99.0,1.5,256,1024,3072,110094,110094,2132,32,96,111160,111160,222539,222603,1.606334,1.494917,0.335917,0.304833,0.041375,3.447459,3.783376,0,,,187
projcos16,projcos,honest_homo,eval_118,checkpoint_specific,99.0,1.5,256,1024,3072,110064,110064,2132,32,96,111130,111130,222479,222543,1.668959,1.670791,0.350541,0.307625,0.045417,3.692792,4.043333,0,,,187
projcos16,projcos,honest_homo,eval_119,checkpoint_specific,99.0,1.5,256,1024,3072,110108,110108,2132,32,96,111174,111174,222567,222631,1.580125,1.584667,0.322584,0.318541,0.041041,3.524374,3.846958,0,,,187
projcos16,projcos,honest_homo,eval_120,checkpoint_specific,99.0,1.5,256,1024,3072,79443,79443,2132,32,96,80509,80509,161237,161301,1.743166,1.570041,0.355125,0.294167,0.047542,3.654916,4.010041,0,,,187
projcos16,projcos,honest_homo,eval_121,checkpoint_specific,99.0,1.5,256,1024,3072,125386,125386,2132,32,96,126452,126452,253123,253187,1.663375,1.587625,0.334084,0.311917,0.042292,3.605209,3.939293,0,,,187
projcos16,projcos,honest_homo,eval_122,checkpoint_specific,99.0,1.5,256,1024,3072,133104,133104,2132,32,96,134170,134170,268559,268623,1.835791,1.7685,0.4345,0.343667,0.048417,3.996375,4.430875,0,,,187
projcos16,projcos,honest_homo,eval_123,checkpoint_specific,99.0,1.5,256,1024,3072,117705,117705,2132,32,96,118771,118771,237761,237825,1.554584,1.621375,0.333625,0.314,0.043084,3.533043,3.866668,0,,,187
projcos16,projcos,honest_homo,eval_124,checkpoint_specific,99.0,1.5,256,1024,3072,117871,117871,2132,32,96,118937,118937,238093,238157,1.787958,1.92825,0.388375,0.317958,0.050833,4.084999,4.473374,0,,,187
projcos16,projcos,honest_homo,eval_125,checkpoint_specific,99.0,1.5,256,1024,3072,117680,117680,2132,32,96,118746,118746,237711,237775,1.680333,1.6475,0.401209,0.319834,0.047375,3.695042,4.096251,0,,,187
projcos16,projcos,honest_homo,eval_126,checkpoint_specific,99.0,1.5,256,1024,3072,117799,117799,2132,32,96,118865,118865,237949,238013,2.089833,1.776834,0.397292,0.313833,0.055334,4.235834,4.633126,0,,,187
projcos16,projcos,honest_homo,eval_127,checkpoint_specific,99.0,1.5,256,1024,3072,148349,148349,2132,32,96,149415,149415,299049,299113,1.780834,1.662042,0.378709,0.353042,0.041,3.836918,4.215627,0,,,187
projcos16,projcos,honest_homo,eval_128,checkpoint_specific,99.0,1.5,256,1024,3072,148283,148283,2132,32,96,149349,149349,298917,298981,1.907,1.793292,0.445208,0.350125,0.052375,4.102792,4.548,0,,,187
projcos16,projcos,honest_homo,eval_129,checkpoint_specific,99.0,1.5,256,1024,3072,148312,148312,2132,32,96,149378,149378,298975,299039,1.782416,1.875041,0.425042,0.456458,0.050458,4.164373,4.589415,0,,,187
projcos16,projcos,honest_homo,eval_130,checkpoint_specific,99.0,1.5,256,1024,3072,117825,117825,2132,32,96,118891,118891,238001,238065,1.865958,1.579291,0.35975,0.314042,0.048667,3.807958,4.167708,0,,,187
projcos16,projcos,honest_homo,eval_131,checkpoint_specific,99.0,1.5,256,1024,3072,94679,94679,2132,32,96,95745,95745,191709,191773,1.55825,1.537916,0.418584,0.30325,0.048167,3.447583,3.866167,0,,,187
projcos16,projcos,honest_homo,eval_132,checkpoint_specific,99.0,1.5,256,1024,3072,102344,102344,2132,32,96,103410,103410,207039,207103,1.959166,1.579417,0.349041,0.311208,0.044833,3.894624,4.243665,0,,,187
projcos16,projcos,honest_homo,eval_133,checkpoint_specific,99.0,1.5,256,1024,3072,87095,87095,2132,32,96,88161,88161,176541,176605,1.554166,1.539792,0.320542,0.290625,0.043,3.427583,3.748125,0,,,187
projcos16,projcos,honest_homo,eval_134,checkpoint_specific,99.0,1.5,256,1024,3072,87056,87056,2132,32,96,88122,88122,176463,176527,1.651834,1.525584,0.365,0.301209,0.043125,3.521752,3.886752,0,,,187
projcos16,projcos,honest_homo,eval_135,checkpoint_specific,99.0,1.5,256,1024,3072,86993,86993,2132,32,96,88059,88059,176337,176401,1.589833,1.534875,0.3235,0.301083,0.047125,3.472916,3.796416,0,,,187
projcos16,projcos,honest_homo,eval_136,checkpoint_specific,99.0,1.5,256,1024,3072,87088,87088,2132,32,96,88154,88154,176527,176591,1.707,1.590375,0.395958,0.292584,0.054667,3.644626,4.040584,0,,,187
projcos16,projcos,honest_homo,eval_137,checkpoint_specific,99.0,1.5,256,1024,3072,117719,117719,2132,32,96,118785,118785,237789,237853,1.71025,1.681625,0.473375,0.400667,0.056375,3.848917,4.322292,0,,,187
projcos16,projcos,honest_homo,eval_138,checkpoint_specific,99.0,1.5,256,1024,3072,117798,117798,2132,32,96,118864,118864,237947,238011,1.934625,1.611542,0.371167,0.309875,0.047667,3.903709,4.274876,0,,,187
projcos16,projcos,honest_homo,eval_139,checkpoint_specific,99.0,1.5,256,1024,3072,117874,117874,2132,32,96,118940,118940,238099,238163,1.596208,1.603916,0.332584,0.31475,0.042917,3.557791,3.890375,0,,,187
projcos16,projcos,honest_homo,eval_140,checkpoint_specific,99.0,1.5,256,1024,3072,87075,87075,2132,32,96,88141,88141,176501,176565,1.814834,1.646083,0.361,0.296875,0.048875,3.806667,4.167667,0,,,187
projcos16,projcos,honest_homo,eval_141,checkpoint_specific,99.0,1.5,256,1024,3072,94617,94617,2132,32,96,95683,95683,191585,191649,1.50275,1.48875,0.315875,0.3035,0.039584,3.334584,3.650459,0,,,187
projcos16,projcos,honest_homo,eval_142,checkpoint_specific,99.0,1.5,256,1024,3072,102410,102410,2132,32,96,103476,103476,207171,207235,1.627792,1.577958,0.351375,0.306875,0.049167,3.561792,3.913167,0,,,187
projcos16,projcos,honest_homo,eval_143,checkpoint_specific,99.0,1.5,256,1024,3072,87113,87113,2132,32,96,88179,88179,176577,176641,1.611875,1.627375,0.326833,0.302083,0.043875,3.585208,3.912041,0,,,187
projcos16,projcos,honest_homo,eval_144,checkpoint_specific,99.0,1.5,256,1024,3072,87139,87139,2132,32,96,88205,88205,176629,176693,1.6665,1.622625,0.374375,0.293833,0.048584,3.631542,4.005917,0,,,187
projcos16,projcos,honest_homo,eval_145,checkpoint_specific,99.0,1.5,256,1024,3072,86952,86952,2132,32,96,88018,88018,176255,176319,1.587083,1.54575,0.38325,0.297833,0.048208,3.478874,3.862124,0,,,187
projcos16,projcos,honest_homo,eval_146,checkpoint_specific,99.0,1.5,256,1024,3072,87084,87084,2132,32,96,88150,88150,176519,176583,1.891666,1.65975,0.360667,0.31125,0.050042,3.912708,4.273375,0,,,187
projcos16,projcos,honest_homo,eval_147,checkpoint_specific,99.0,1.5,256,1024,3072,117827,117827,2132,32,96,118893,118893,238005,238069,1.580625,1.535375,0.339,0.313958,0.04325,3.473208,3.812208,0,,,187
projcos16,projcos,honest_homo,eval_148,checkpoint_specific,99.0,1.5,256,1024,3072,117775,117775,2132,32,96,118841,118841,237901,237965,1.703083,1.790667,0.421125,0.312833,0.054,3.860583,4.281708,0,,,187
projcos16,projcos,honest_homo,eval_149,checkpoint_specific,99.0,1.5,256,1024,3072,117819,117819,2132,32,96,118885,118885,237989,238053,1.653833,1.565834,0.334042,0.312416,0.042291,3.574374,3.908416,0,,,187
projcos16,projcos,honest_homo,eval_150,checkpoint_specific,99.0,1.5,256,1024,3072,87077,87077,2132,32,96,88143,88143,176505,176569,1.595958,1.610958,0.375833,0.300208,0.049084,3.556208,3.932041,0,,,187
projcos16,projcos,honest_homo,eval_151,checkpoint_specific,99.0,1.5,256,1024,3072,110135,110135,2132,32,96,111201,111201,222621,222685,1.638875,1.575167,0.331042,0.311125,0.043375,3.568542,3.899584,0,,,187
projcos16,projcos,honest_homo,eval_152,checkpoint_specific,99.0,1.5,256,1024,3072,117832,117832,2132,32,96,118898,118898,238015,238079,1.642541,1.721333,0.377375,0.327125,0.050667,3.741666,4.119041,0,,,187
projcos16,projcos,honest_homo,eval_153,checkpoint_specific,99.0,1.5,256,1024,3072,102417,102417,2132,32,96,103483,103483,207185,207249,1.654375,1.509625,0.326875,0.30425,0.043333,3.511583,3.838458,0,,,187
projcos16,projcos,honest_homo,eval_154,checkpoint_specific,99.0,1.5,256,1024,3072,102552,102552,2132,32,96,103618,103618,207455,207519,1.683375,1.634833,0.361042,0.357125,0.048958,3.724291,4.085333,0,,,187
projcos16,projcos,honest_homo,eval_155,checkpoint_specific,99.0,1.5,256,1024,3072,102403,102403,2132,32,96,103469,103469,207157,207221,1.64675,1.527417,0.329542,0.31125,0.042375,3.527792,3.857334,0,,,187
projcos16,projcos,honest_homo,eval_156,checkpoint_specific,99.0,1.5,256,1024,3072,102452,102452,2132,32,96,103518,103518,207255,207319,1.589416,1.69525,0.39625,0.406375,0.05525,3.746291,4.142541,0,,,187
projcos16,projcos,honest_homo,eval_157,checkpoint_specific,99.0,1.5,256,1024,3072,133180,133180,2132,32,96,134246,134246,268711,268775,1.87425,1.730291,0.4265,0.345125,0.046042,3.995708,4.422208,0,,,187
projcos16,projcos,honest_homo,eval_158,checkpoint_specific,99.0,1.5,256,1024,3072,133159,133159,2132,32,96,134225,134225,268669,268733,1.81875,1.950125,0.440625,0.3435,0.048625,4.161,4.601625,0,,,187
projcos16,projcos,honest_homo,eval_159,checkpoint_specific,99.0,1.5,256,1024,3072,133204,133204,2132,32,96,134270,134270,268759,268823,1.667583,1.722416,0.365416,0.344333,0.042958,3.77729,4.142706,0,,,187
projcos16,projcos,honest_homo,eval_160,checkpoint_specific,99.0,1.5,256,1024,3072,102561,102561,2132,32,96,103627,103627,207473,207537,1.655333,1.777459,0.41225,0.328291,0.057541,3.818624,4.230874,0,,,187
projcos16,projcos,honest_homo,eval_161,checkpoint_specific,99.0,1.5,256,1024,3072,102359,102359,2132,32,96,103425,103425,207069,207133,1.640333,1.522542,0.322,0.303625,0.04275,3.50925,3.83125,0,,,187
projcos16,projcos,honest_homo,eval_162,checkpoint_specific,99.0,1.5,256,1024,3072,110073,110073,2132,32,96,111139,111139,222497,222561,1.708375,1.671,0.384167,0.316041,0.058041,3.753457,4.137624,0,,,187
projcos16,projcos,honest_homo,eval_163,checkpoint_specific,99.0,1.5,256,1024,3072,94753,94753,2132,32,96,95819,95819,191857,191921,1.588709,1.533833,0.319917,0.299292,0.043333,3.465167,3.785084,0,,,187
projcos16,projcos,honest_homo,eval_164,checkpoint_specific,99.0,1.5,256,1024,3072,94714,94714,2132,32,96,95780,95780,191779,191843,1.57925,1.65675,0.478833,0.311208,0.055834,3.603042,4.081875,0,,,187
projcos16,projcos,honest_homo,eval_165,checkpoint_specific,99.0,1.5,256,1024,3072,94710,94710,2132,32,96,95776,95776,191771,191835,1.673792,1.5845,0.344417,0.295542,0.046667,3.600501,3.944918,0,,,187
projcos16,projcos,honest_homo,eval_166,checkpoint_specific,99.0,1.5,256,1024,3072,94768,94768,2132,32,96,95834,95834,191887,191951,2.0675,2.07775,0.408708,0.305042,0.055125,4.505417,4.914125,0,,,187
projcos16,projcos,honest_homo,eval_167,checkpoint_specific,99.0,1.5,256,1024,3072,125421,125421,2132,32,96,126487,126487,253193,253257,1.77425,1.635166,0.343209,0.329417,0.045166,3.783999,4.127208,0,,,187
projcos16,projcos,honest_homo,eval_168,checkpoint_specific,99.0,1.5,256,1024,3072,125426,125426,2132,32,96,126492,126492,253203,253267,1.810125,1.742875,0.41625,0.319375,0.051958,3.924333,4.340583,0,,,187
projcos16,projcos,honest_homo,eval_169,checkpoint_specific,99.0,1.5,256,1024,3072,125488,125488,2132,32,96,126554,126554,253327,253391,1.627458,1.565333,0.329708,0.418792,0.039041,3.650624,3.980332,0,,,187
projcos16,projcos,honest_homo,eval_170,checkpoint_specific,99.0,1.5,256,1024,3072,94781,94781,2132,32,96,95847,95847,191913,191977,1.65,1.674292,0.358084,0.299208,0.055125,3.678625,4.036709,0,,,187
projcos16,projcos,honest_homo,eval_171,checkpoint_specific,99.0,1.5,256,1024,3072,102424,102424,2132,32,96,103490,103490,207199,207263,1.599208,1.495,0.329209,0.303333,0.042584,3.440125,3.769334,0,,,187
projcos16,projcos,honest_homo,eval_172,checkpoint_specific,99.0,1.5,256,1024,3072,110099,110099,2132,32,96,111165,111165,222549,222613,1.589125,1.887375,0.40275,0.311084,0.051125,3.838709,4.241459,0,,,187
projcos16,projcos,honest_homo,eval_173,checkpoint_specific,99.0,1.5,256,1024,3072,94804,94804,2132,32,96,95870,95870,191959,192023,1.659292,1.62075,0.35775,0.293458,0.0465,3.62,3.97775,0,,,187
projcos16,projcos,honest_homo,eval_174,checkpoint_specific,99.0,1.5,256,1024,3072,94787,94787,2132,32,96,95853,95853,191925,191989,1.730166,1.928583,0.407708,0.302666,0.05025,4.011665,4.419373,0,,,187
projcos16,projcos,honest_homo,eval_175,checkpoint_specific,99.0,1.5,256,1024,3072,94756,94756,2132,32,96,95822,95822,191863,191927,1.605709,1.534958,0.320542,0.300083,0.048708,3.489458,3.81,0,,,187
projcos16,projcos,honest_homo,eval_176,checkpoint_specific,99.0,1.5,256,1024,3072,94802,94802,2132,32,96,95868,95868,191955,192019,1.565167,1.765542,0.404916,0.31525,0.063792,3.709751,4.114667,0,,,187
projcos16,projcos,honest_homo,eval_177,checkpoint_specific,99.0,1.5,256,1024,3072,125428,125428,2132,32,96,126494,126494,253207,253271,1.695958,1.582334,0.33575,0.314875,0.044375,3.637542,3.973292,0,,,187
projcos16,projcos,honest_homo,eval_178,checkpoint_specific,99.0,1.5,256,1024,3072,125405,125405,2132,32,96,126471,126471,253161,253225,1.764541,1.664334,0.359292,0.330209,0.048375,3.807459,4.166751,0,,,187
projcos16,projcos,honest_homo,eval_179,checkpoint_specific,99.0,1.5,256,1024,3072,125471,125471,2132,32,96,126537,126537,253293,253357,1.672,1.58125,0.334792,0.319541,0.043792,3.616583,3.951375,0,,,187
projcos16,projcos,honest_homo,eval_180,checkpoint_specific,99.0,1.5,256,1024,3072,94765,94765,2132,32,96,95831,95831,191881,191945,1.573625,1.853542,0.380125,0.307,0.058833,3.793,4.173125,0,,,187
projcos16,projcos,honest_homo,eval_181,checkpoint_specific,99.0,1.5,256,1024,3072,102309,102309,2132,32,96,103375,103375,206969,207033,1.70275,1.61425,0.366416,0.302,0.0465,3.6655,4.031916,0,,,187
projcos16,projcos,honest_homo,eval_182,checkpoint_specific,99.0,1.5,256,1024,3072,109895,109895,2132,32,96,110961,110961,222141,222205,1.913125,1.788584,0.437625,0.317167,0.049791,4.068667,4.506292,0,,,187
projcos16,projcos,honest_homo,eval_183,checkpoint_specific,99.0,1.5,256,1024,3072,94722,94722,2132,32,96,95788,95788,191795,191859,1.682334,1.4955,0.318708,0.299792,0.042583,3.520209,3.838917,0,,,187
projcos16,projcos,honest_homo,eval_184,checkpoint_specific,99.0,1.5,256,1024,3072,94570,94570,2132,32,96,95636,95636,191491,191555,1.637375,1.692833,0.365416,0.303958,0.049875,3.684041,4.049457,0,,,187
projcos16,projcos,honest_homo,eval_185,checkpoint_specific,99.0,1.5,256,1024,3072,94672,94672,2132,32,96,95738,95738,191695,191759,1.681125,1.558666,0.340667,0.302792,0.048375,3.590958,3.931625,0,,,187
projcos16,projcos,honest_homo,eval_186,checkpoint_specific,99.0,1.5,256,1024,3072,94661,94661,2132,32,96,95727,95727,191673,191737,1.70725,1.629583,0.353791,0.309,0.0445,3.690333,4.044124,0,,,187
projcos16,projcos,honest_homo,eval_187,checkpoint_specific,99.0,1.5,256,1024,3072,125291,125291,2132,32,96,126357,126357,252933,252997,1.65875,1.597,0.365292,0.314625,0.042958,3.613333,3.978625,0,,,187
projcos16,projcos,honest_homo,eval_188,checkpoint_specific,99.0,1.5,256,1024,3072,125342,125342,2132,32,96,126408,126408,253035,253099,1.625334,1.818709,0.383167,0.313458,0.051125,3.808626,4.191793,0,,,187
projcos16,projcos,honest_homo,eval_189,checkpoint_specific,99.0,1.5,256,1024,3072,125401,125401,2132,32,96,126467,126467,253153,253217,1.715917,1.603084,0.329916,0.3155,0.04175,3.676251,4.006167,0,,,187
projcos16,projcos,honest_homo,eval_190,checkpoint_specific,99.0,1.5,256,1024,3072,94685,94685,2132,32,96,95751,95751,191721,191785,1.610292,1.660291,0.35475,0.309,0.045125,3.624708,3.979458,0,,,187
projcos16,projcos,honest_homo,eval_191,checkpoint_specific,99.0,1.5,256,1024,3072,102365,102365,2132,32,96,103431,103431,207081,207145,1.601125,1.637084,0.333208,0.305292,0.04475,3.588251,3.921459,0,,,187
projcos16,projcos,honest_homo,eval_192,checkpoint_specific,99.0,1.5,256,1024,3072,109963,109963,2132,32,96,111029,111029,222277,222341,1.627166,1.63575,0.383,0.311375,0.049417,3.623708,4.006708,0,,,187
projcos16,projcos,honest_homo,eval_193,checkpoint_specific,99.0,1.5,256,1024,3072,94729,94729,2132,32,96,95795,95795,191809,191873,1.616167,1.5135,0.316,0.298292,0.041333,3.469292,3.785292,0,,,187
projcos16,projcos,honest_homo,eval_194,checkpoint_specific,99.0,1.5,256,1024,3072,94732,94732,2132,32,96,95798,95798,191815,191879,1.644875,1.611083,0.348042,0.321125,0.056417,3.6335,3.981542,0,,,187
projcos16,projcos,honest_homo,eval_195,checkpoint_specific,99.0,1.5,256,1024,3072,94608,94608,2132,32,96,95674,95674,191567,191631,1.611792,1.53275,0.313417,0.298125,0.041333,3.484,3.797417,0,,,187
projcos16,projcos,honest_homo,eval_196,checkpoint_specific,99.0,1.5,256,1024,3072,94721,94721,2132,32,96,95787,95787,191793,191857,1.545334,1.54625,0.414958,0.331042,0.04325,3.465876,3.880834,0,,,187
projcos16,projcos,honest_homo,eval_197,checkpoint_specific,99.0,1.5,256,1024,3072,125292,125292,2132,32,96,126358,126358,252935,252999,1.722958,1.666334,0.364791,0.31575,0.045792,3.750834,4.115625,0,,,187
projcos16,projcos,honest_homo,eval_198,checkpoint_specific,99.0,1.5,256,1024,3072,125348,125348,2132,32,96,126414,126414,253047,253111,1.616542,1.602167,0.328375,0.308916,0.040583,3.568208,3.896583,0,,,187
projcos16,projcos,honest_homo,eval_199,checkpoint_specific,99.0,1.5,256,1024,3072,125330,125330,2132,32,96,126396,126396,253011,253075,1.719375,1.710458,0.3515,0.317083,0.04775,3.794666,4.146166,0,,,187
projcos16,projcos,honest_homo,eval_200,checkpoint_specific,99.0,1.5,256,1024,3072,94667,94667,2132,32,96,95733,95733,191685,191749,1.550166,1.5605,0.327375,0.299416,0.049041,3.459123,3.786498,0,,,187
projcos16,projcos,honest_hetero,eval_001,checkpoint_specific,99.0,1.5,256,1024,3072,125482,125387,2147,32,96,126563,126453,253237,253301,1.7775,1.725625,0.400375,0.319833,0.051375,3.874333,4.274708,0,,,189
projcos16,projcos,honest_hetero,eval_002,checkpoint_specific,99.0,1.5,256,1024,3072,133215,133175,2147,32,96,134296,134241,268758,268822,1.793375,1.776375,0.588708,0.409,0.085334,4.064084,4.652792,0,,,189
projcos16,projcos,honest_hetero,eval_003,checkpoint_specific,99.0,1.5,256,1024,3072,117767,117824,2147,32,96,118848,118890,237962,238026,1.785042,1.631875,0.35425,0.312,0.0285,3.757417,4.111667,1,prefill,C1,192
projcos16,projcos,honest_hetero,eval_004,checkpoint_specific,99.0,1.5,256,1024,3072,117850,117850,2147,32,96,118931,118916,238068,238132,1.594,1.720917,0.370959,0.343416,0.052,3.710333,4.081292,0,,,189
projcos16,projcos,honest_hetero,eval_005,checkpoint_specific,99.0,1.5,256,1024,3072,117858,117819,2147,32,96,118939,118885,238048,238112,1.712083,1.606375,0.324167,0.310292,0.045042,3.673792,3.997959,1,prefill,C3,192
projcos16,projcos,honest_hetero,eval_006,checkpoint_specific,99.0,1.5,256,1024,3072,117770,117847,2147,32,96,118851,118913,237985,238049,1.59125,1.6255,0.330625,0.305792,0.040625,3.563167,3.893792,0,,,189
projcos16,projcos,honest_hetero,eval_007,checkpoint_specific,99.0,1.5,256,1024,3072,148420,148372,2147,32,96,149501,149438,299160,299224,1.811834,1.674167,0.384542,0.344125,0.046541,3.876667,4.261209,0,,,189
projcos16,projcos,honest_hetero,eval_008,checkpoint_specific,99.0,1.5,256,1024,3072,148457,148442,2147,32,96,149538,149508,299267,299331,1.683459,1.707916,0.464792,0.358958,0.050584,3.800917,4.265709,0,,,189
projcos16,projcos,honest_hetero,eval_009,checkpoint_specific,99.0,1.5,256,1024,3072,148426,148502,2147,32,96,149507,149568,299296,299360,1.811833,1.713709,0.512125,0.365458,0.047875,3.938875,4.451,0,,,189
projcos16,projcos,honest_hetero,eval_010,checkpoint_specific,99.0,1.5,256,1024,3072,117800,117752,2147,32,96,118881,118818,237920,237984,1.669125,1.816625,0.438083,0.33175,0.052,3.8695,4.307583,0,,,189
projcos16,projcos,honest_hetero,eval_011,checkpoint_specific,99.0,1.5,256,1024,3072,94626,94634,2147,32,96,95707,95700,191628,191692,1.731417,1.516334,0.334584,0.307333,0.043125,3.598209,3.932793,0,,,189
projcos16,projcos,honest_hetero,eval_012,checkpoint_specific,99.0,1.5,256,1024,3072,102352,102368,2147,32,96,103433,103434,207088,207152,1.572542,1.855667,0.404959,0.311083,0.058459,3.797751,4.20271,0,,,189
projcos16,projcos,honest_hetero,eval_013,checkpoint_specific,99.0,1.5,256,1024,3072,86922,86927,2147,32,96,88003,87993,176217,176281,1.601166,1.472958,0.316958,0.296791,0.043625,3.41454,3.731498,0,,,189
projcos16,projcos,honest_hetero,eval_014,checkpoint_specific,99.0,1.5,256,1024,3072,87105,87044,2147,32,96,88186,88110,176517,176581,1.49825,1.531875,0.311958,0.294042,0.041875,3.366042,3.678,0,,,189
projcos16,projcos,honest_hetero,eval_015,checkpoint_specific,99.0,1.5,256,1024,3072,87073,87024,2147,32,96,88154,88090,176465,176529,1.797958,1.580333,0.340041,0.298041,0.048459,3.724791,4.064832,0,,,189
projcos16,projcos,honest_hetero,eval_016,checkpoint_specific,99.0,1.5,256,1024,3072,87039,87017,2147,32,96,88120,88083,176424,176488,1.569917,1.509458,0.322958,0.300625,0.0455,3.4255,3.748458,0,,,189
projcos16,projcos,honest_hetero,eval_017,checkpoint_specific,99.0,1.5,256,1024,3072,117810,117702,2147,32,96,118891,118768,237880,237944,1.766291,1.724584,0.508709,0.332583,0.053917,3.877375,4.386084,0,,,189
projcos16,projcos,honest_hetero,eval_018,checkpoint_specific,99.0,1.5,256,1024,3072,117836,117777,2147,32,96,118917,118843,237981,238045,1.665042,1.660583,0.517916,0.414541,0.060708,3.800874,4.31879,0,,,189
projcos16,projcos,honest_hetero,eval_019,checkpoint_specific,99.0,1.5,256,1024,3072,117780,117794,2147,32,96,118861,118860,237942,238006,1.731333,1.581958,0.381208,0.334417,0.053875,3.701583,4.082791,0,,,189
projcos16,projcos,honest_hetero,eval_020,checkpoint_specific,99.0,1.5,256,1024,3072,87036,87013,2147,32,96,88117,88079,176417,176481,1.558209,1.5835,0.352042,0.43225,0.048166,3.622125,3.974167,0,,,189
projcos16,projcos,honest_hetero,eval_021,checkpoint_specific,99.0,1.5,256,1024,3072,102280,102278,2147,32,96,103361,103344,206926,206990,1.687875,1.525334,0.372375,0.302583,0.044916,3.560708,3.933083,0,,,189
projcos16,projcos,honest_hetero,eval_022,checkpoint_specific,99.0,1.5,256,1024,3072,110000,109959,2147,32,96,111081,111025,222327,222391,1.53225,1.599708,0.328708,0.324417,0.038916,3.495291,3.823999,0,,,189
projcos16,projcos,honest_hetero,eval_023,checkpoint_specific,99.0,1.5,256,1024,3072,94637,94688,2147,32,96,95718,95754,191693,191757,1.721584,1.581541,0.335292,0.3135,0.05,3.666625,4.001917,0,,,189
projcos16,projcos,honest_hetero,eval_024,checkpoint_specific,99.0,1.5,256,1024,3072,94661,94655,2147,32,96,95742,95721,191684,191748,1.523417,1.560042,0.324959,0.338166,0.039792,3.461417,3.786376,0,,,189
projcos16,projcos,honest_hetero,eval_025,checkpoint_specific,99.0,1.5,256,1024,3072,94647,94608,2147,32,96,95728,95674,191623,191687,1.938833,1.623459,0.368292,0.301875,0.049875,3.914042,4.282334,0,,,189
projcos16,projcos,honest_hetero,eval_026,checkpoint_specific,99.0,1.5,256,1024,3072,94616,94641,2147,32,96,95697,95707,191625,191689,1.671292,1.52775,0.333541,0.305958,0.0425,3.5475,3.881041,0,,,189
projcos16,projcos,honest_hetero,eval_027,checkpoint_specific,99.0,1.5,256,1024,3072,125451,125318,2147,32,96,126532,126384,253137,253201,1.742209,1.596209,0.350791,0.324375,0.044791,3.707584,4.058375,0,,,189
projcos16,projcos,honest_hetero,eval_028,checkpoint_specific,99.0,1.5,256,1024,3072,125349,125330,2147,32,96,126430,126396,253047,253111,1.604667,1.681417,0.353667,0.313833,0.04875,3.648667,4.002334,0,,,189
projcos16,projcos,honest_hetero,eval_029,checkpoint_specific,99.0,1.5,256,1024,3072,125386,125406,2147,32,96,126467,126472,253160,253224,1.849625,1.7115,0.406875,0.317084,0.049667,3.927876,4.334751,0,,,189
projcos16,projcos,honest_hetero,eval_030,checkpoint_specific,99.0,1.5,256,1024,3072,94604,94632,2147,32,96,95685,95698,191604,191668,1.608833,1.565917,0.351917,0.292417,0.048,3.515167,3.867084,0,,,189
projcos16,projcos,honest_hetero,eval_031,checkpoint_specific,99.0,1.5,256,1024,3072,109980,109933,2147,32,96,111061,110999,222281,222345,2.025375,1.71975,0.404125,0.311541,0.056125,4.112791,4.516916,0,,,189
projcos16,projcos,honest_hetero,eval_032,checkpoint_specific,99.0,1.5,256,1024,3072,117729,117742,2147,32,96,118810,118808,237839,237903,1.615583,1.585,0.335084,0.310166,0.043,3.553749,3.888833,0,,,189
projcos16,projcos,honest_hetero,eval_033,checkpoint_specific,99.0,1.5,256,1024,3072,102388,102412,2147,32,96,103469,103478,207171,207235,1.753666,1.601833,0.48375,0.308917,0.051167,3.715583,4.199333,1,prefill,C3,192
projcos16,projcos,honest_hetero,eval_034,checkpoint_specific,99.0,1.5,256,1024,3072,102368,102360,2147,32,96,103449,103426,207096,207160,1.58725,1.563209,0.325875,0.3035,0.045209,3.499168,3.825043,0,,,189
projcos16,projcos,honest_hetero,eval_035,checkpoint_specific,99.0,1.5,256,1024,3072,102434,102369,2147,32,96,103515,103435,207171,207235,1.611875,1.612,0.335125,0.311833,0.04425,3.579958,3.915083,0,,,189
projcos16,projcos,honest_hetero,eval_036,checkpoint_specific,99.0,1.5,256,1024,3072,102317,102345,2147,32,96,103398,103411,207033,207097,1.532959,1.565625,0.325875,0.322041,0.031542,3.452167,3.778042,1,prefill,C2,192
projcos16,projcos,honest_hetero,eval_037,checkpoint_specific,99.0,1.5,256,1024,3072,133104,133072,2147,32,96,134185,134138,268544,268608,1.709917,1.746833,0.435125,0.346333,0.049375,3.852458,4.287583,0,,,189
projcos16,projcos,honest_hetero,eval_038,checkpoint_specific,99.0,1.5,256,1024,3072,133066,133104,2147,32,96,134147,134170,268538,268602,1.686542,1.6005,0.358042,0.347875,0.041541,3.676458,4.0345,0,,,189
projcos16,projcos,honest_hetero,eval_039,checkpoint_specific,99.0,1.5,256,1024,3072,133119,133130,2147,32,96,134200,134196,268617,268681,1.79425,1.733875,0.406,0.339792,0.045417,3.913334,4.319334,0,,,189
projcos16,projcos,honest_hetero,eval_040,checkpoint_specific,99.0,1.5,256,1024,3072,102368,102351,2147,32,96,103449,103417,207087,207151,1.546209,1.508209,0.324958,0.304542,0.041917,3.400877,3.725835,0,,,189
projcos16,projcos,honest_hetero,eval_041,checkpoint_specific,99.0,1.5,256,1024,3072,117762,117781,2147,32,96,118843,118847,237911,237975,1.692208,1.608292,0.403291,0.31175,0.059458,3.671708,4.074999,0,,,189
projcos16,projcos,honest_hetero,eval_042,checkpoint_specific,99.0,1.5,256,1024,3072,125510,125483,2147,32,96,126591,126549,253361,253425,1.655375,1.555083,0.349417,0.315583,0.046333,3.572374,3.921791,0,,,189
projcos16,projcos,honest_hetero,eval_043,checkpoint_specific,99.0,1.5,256,1024,3072,110101,110095,2147,32,96,111182,111161,222564,222628,1.58875,1.652458,0.350666,0.311083,0.046833,3.599124,3.94979,0,,,189
projcos16,projcos,honest_hetero,eval_044,checkpoint_specific,99.0,1.5,256,1024,3072,110050,110045,2147,32,96,111131,111111,222463,222527,1.588375,1.595333,0.322083,0.306334,0.042042,3.532084,3.854167,0,,,189
projcos16,projcos,honest_hetero,eval_045,checkpoint_specific,99.0,1.5,256,1024,3072,110084,110039,2147,32,96,111165,111105,222491,222555,1.573875,1.735875,0.384833,0.309959,0.05325,3.672959,4.057792,0,,,189
projcos16,projcos,honest_hetero,eval_046,checkpoint_specific,99.0,1.5,256,1024,3072,110060,110089,2147,32,96,111141,111155,222517,222581,1.652292,1.558709,0.322625,0.31225,0.043417,3.566668,3.889293,0,,,189
projcos16,projcos,honest_hetero,eval_047,checkpoint_specific,99.0,1.5,256,1024,3072,140737,140708,2147,32,96,141818,141774,283813,283877,1.663375,1.836667,0.417917,0.34375,0.044709,3.888501,4.306418,0,,,189
projcos16,projcos,honest_hetero,eval_048,checkpoint_specific,99.0,1.5,256,1024,3072,140700,140709,2147,32,96,141781,141775,283777,283841,1.720417,1.582167,0.385542,0.343125,0.0435,3.689209,4.074751,0,,,189
projcos16,projcos,honest_hetero,eval_049,checkpoint_specific,99.0,1.5,256,1024,3072,140812,140782,2147,32,96,141893,141848,283962,284026,1.662208,1.826917,0.4465,0.347084,0.058708,3.894917,4.341417,0,,,189
projcos16,projcos,honest_hetero,eval_050,checkpoint_specific,99.0,1.5,256,1024,3072,110079,110109,2147,32,96,111160,111175,222556,222620,1.757084,1.575,0.367375,0.30725,0.047042,3.686376,4.053751,0,,,189
projcos16,projcos,honest_hetero,eval_051,checkpoint_specific,99.0,1.5,256,1024,3072,125511,125473,2147,32,96,126592,126539,253352,253416,1.713334,2.0625,0.41375,0.314375,0.057375,4.147584,4.561334,0,,,189
projcos16,projcos,honest_hetero,eval_052,checkpoint_specific,99.0,1.5,256,1024,3072,133274,133158,2147,32,96,134355,134224,268800,268864,1.593125,1.671209,0.377167,0.345084,0.043375,3.652793,4.02996,0,,,189
projcos16,projcos,honest_hetero,eval_053,checkpoint_specific,99.0,1.5,256,1024,3072,117973,117930,2147,32,96,119054,118996,238271,238335,1.714542,1.777667,0.406666,0.312666,0.050834,3.855709,4.262375,0,,,189
projcos16,projcos,honest_hetero,eval_054,checkpoint_specific,99.0,1.5,256,1024,3072,117920,117955,2147,32,96,119001,119021,238243,238307,1.598125,1.558917,0.32075,0.309083,0.041792,3.507917,3.828667,0,,,189
projcos16,projcos,honest_hetero,eval_055,checkpoint_specific,99.0,1.5,256,1024,3072,117861,117827,2147,32,96,118942,118893,238056,238120,1.72475,1.641708,0.366375,0.3205,0.045334,3.732292,4.098667,0,,,189
projcos16,projcos,honest_hetero,eval_056,checkpoint_specific,99.0,1.5,256,1024,3072,117893,117845,2147,32,96,118974,118911,238106,238170,1.624334,1.61875,0.357875,0.308791,0.047334,3.599209,3.957084,0,,,189
projcos16,projcos,honest_hetero,eval_057,checkpoint_specific,99.0,1.5,256,1024,3072,148351,148278,2147,32,96,149432,149344,298997,299061,1.734708,1.829208,0.469541,0.450625,0.047375,4.061916,4.531457,0,,,189
projcos16,projcos,honest_hetero,eval_058,checkpoint_specific,99.0,1.5,256,1024,3072,148430,148424,2147,32,96,149511,149490,299222,299286,1.776583,1.750166,0.423084,0.35475,0.047834,3.929333,4.352417,0,,,189
projcos16,projcos,honest_hetero,eval_059,checkpoint_specific,99.0,1.5,256,1024,3072,148378,148408,2147,32,96,149459,149474,299154,299218,2.032458,1.797333,0.4355,0.341125,0.050625,4.221541,4.657041,0,,,189
projcos16,projcos,honest_hetero,eval_060,checkpoint_specific,99.0,1.5,256,1024,3072,117899,117952,2147,32,96,118980,119018,238219,238283,1.685834,1.659375,0.341708,0.310041,0.04325,3.6985,4.040208,0,,,189
projcos16,projcos,honest_hetero,eval_061,checkpoint_specific,99.0,1.5,256,1024,3072,94695,94729,2147,32,96,95776,95795,191792,191856,1.773584,1.625333,0.387833,0.301375,0.052625,3.752917,4.14075,0,,,189
projcos16,projcos,honest_hetero,eval_062,checkpoint_specific,99.0,1.5,256,1024,3072,102456,102420,2147,32,96,103537,103486,207247,207311,1.526375,1.495375,0.329375,0.302166,0.018375,3.342291,3.671666,1,prefill,C1,192
projcos16,projcos,honest_hetero,eval_063,checkpoint_specific,99.0,1.5,256,1024,3072,86994,86997,2147,32,96,88075,88063,176362,176426,1.637333,1.550333,0.349584,0.306542,0.034792,3.529,3.878584,1,prefill,C2,192
projcos16,projcos,honest_hetero,eval_064,checkpoint_specific,99.0,1.5,256,1024,3072,87050,87139,2147,32,96,88131,88205,176557,176621,1.4625,1.428208,0.313291,0.298083,0.035542,3.224333,3.537624,0,,,189
projcos16,projcos,honest_hetero,eval_065,checkpoint_specific,99.0,1.5,256,1024,3072,87006,87081,2147,32,96,88087,88147,176455,176519,1.533291,1.602917,0.358458,0.295375,0.049125,3.480708,3.839166,0,,,189
projcos16,projcos,honest_hetero,eval_066,checkpoint_specific,99.0,1.5,256,1024,3072,86979,87056,2147,32,96,88060,88122,176406,176470,1.761625,1.507959,0.347167,0.304375,0.048666,3.622625,3.969792,1,prefill,C3,192
projcos16,projcos,honest_hetero,eval_067,checkpoint_specific,99.0,1.5,256,1024,3072,117832,117822,2147,32,96,118913,118888,238022,238086,1.62375,1.684625,0.356,0.337834,0.04725,3.693459,4.049459,0,,,189
projcos16,projcos,honest_hetero,eval_068,checkpoint_specific,99.0,1.5,256,1024,3072,117851,117889,2147,32,96,118932,118955,238111,238175,1.576834,1.577042,0.395584,0.330834,0.02275,3.50746,3.903044,1,prefill,C1,192
projcos16,projcos,honest_hetero,eval_069,checkpoint_specific,99.0,1.5,256,1024,3072,117788,117797,2147,32,96,118869,118863,237953,238017,1.552917,1.621458,0.357333,0.312833,0.055375,3.542583,3.899916,0,,,189
projcos16,projcos,honest_hetero,eval_070,checkpoint_specific,99.0,1.5,256,1024,3072,87086,87040,2147,32,96,88167,88106,176494,176558,1.611375,1.537375,0.336083,0.287791,0.043833,3.480374,3.816457,0,,,189
projcos16,projcos,honest_hetero,eval_071,checkpoint_specific,99.0,1.5,256,1024,3072,102328,102442,2147,32,96,103409,103508,207138,207202,1.698875,2.906041,0.420459,0.325125,0.05275,4.982791,5.40325,0,,,189
projcos16,projcos,honest_hetero,eval_072,checkpoint_specific,99.0,1.5,256,1024,3072,110106,110082,2147,32,96,111187,111148,222556,222620,1.6285,1.514833,0.343708,0.306292,0.043625,3.49325,3.836958,0,,,189
projcos16,projcos,honest_hetero,eval_073,checkpoint_specific,99.0,1.5,256,1024,3072,94746,94742,2147,32,96,95827,95808,191856,191920,1.524334,1.715792,0.422916,0.303791,0.05625,3.600167,4.023083,0,,,189
projcos16,projcos,honest_hetero,eval_074,checkpoint_specific,99.0,1.5,256,1024,3072,94786,94770,2147,32,96,95867,95836,191924,191988,1.708167,1.471042,0.325208,0.29775,0.042667,3.519626,3.844834,0,,,189
projcos16,projcos,honest_hetero,eval_075,checkpoint_specific,99.0,1.5,256,1024,3072,94760,94677,2147,32,96,95841,95743,191805,191869,1.495583,1.547083,0.321041,0.323666,0.04625,3.412582,3.733623,0,,,189
projcos16,projcos,honest_hetero,eval_076,checkpoint_specific,99.0,1.5,256,1024,3072,94714,94651,2147,32,96,95795,95717,191736,191800,1.587459,1.551792,0.435166,0.314959,0.045125,3.499335,3.934501,1,prefill,C3,192
projcos16,projcos,honest_hetero,eval_077,checkpoint_specific,99.0,1.5,256,1024,3072,125432,125450,2147,32,96,126513,126516,253250,253314,1.638666,1.675833,0.368375,0.335792,0.063792,3.714083,4.082458,0,,,189
projcos16,projcos,honest_hetero,eval_078,checkpoint_specific,99.0,1.5,256,1024,3072,125440,125481,2147,32,96,126521,126547,253289,253353,1.771792,1.673667,0.34975,0.3095,0.045083,3.800042,4.149792,0,,,189
projcos16,projcos,honest_hetero,eval_079,checkpoint_specific,99.0,1.5,256,1024,3072,125501,125437,2147,32,96,126582,126503,253306,253370,1.591,1.678417,0.387583,0.340375,0.050625,3.660417,4.048,0,,,189
projcos16,projcos,honest_hetero,eval_080,checkpoint_specific,99.0,1.5,256,1024,3072,94765,94814,2147,32,96,95846,95880,191947,192011,1.560292,1.466041,0.315333,0.3015,0.041584,3.369417,3.68475,0,,,189
projcos16,projcos,honest_hetero,eval_081,checkpoint_specific,99.0,1.5,256,1024,3072,102392,102323,2147,32,96,103473,103389,207083,207147,1.547583,1.4915,0.345917,0.34,0.047417,3.4265,3.772417,0,,,189
projcos16,projcos,honest_hetero,eval_082,checkpoint_specific,99.0,1.5,256,1024,3072,110110,110077,2147,32,96,111191,111143,222555,222619,1.778125,1.655333,0.392291,0.328166,0.05175,3.813374,4.205665,0,,,189
projcos16,projcos,honest_hetero,eval_083,checkpoint_specific,99.0,1.5,256,1024,3072,94755,94746,2147,32,96,95836,95812,191869,191933,1.572833,1.602,0.360083,0.505834,0.052917,3.733584,4.093667,0,,,189
projcos16,projcos,honest_hetero,eval_084,checkpoint_specific,99.0,1.5,256,1024,3072,94704,94772,2147,32,96,95785,95838,191844,191908,1.805916,1.549042,0.340958,0.30125,0.044292,3.7005,4.041458,0,,,189
projcos16,projcos,honest_hetero,eval_085,checkpoint_specific,99.0,1.5,256,1024,3072,94719,94711,2147,32,96,95800,95777,191798,191862,1.666959,1.590292,0.330333,0.298625,0.143708,3.699584,4.029917,0,,,189
projcos16,projcos,honest_hetero,eval_086,checkpoint_specific,99.0,1.5,256,1024,3072,94602,94658,2147,32,96,95683,95724,191628,191692,1.74725,1.654583,0.361458,0.293583,0.048125,3.743541,4.104999,0,,,189
projcos16,projcos,honest_hetero,eval_087,checkpoint_specific,99.0,1.5,256,1024,3072,125505,125362,2147,32,96,126586,126428,253238,253302,1.732458,1.833541,0.385125,0.491875,0.045875,4.103749,4.488874,1,prefill,C2,192
projcos16,projcos,honest_hetero,eval_088,checkpoint_specific,99.0,1.5,256,1024,3072,125399,125445,2147,32,96,126480,126511,253212,253276,1.755,1.696333,0.385708,0.316708,0.046875,3.814916,4.200624,0,,,189
projcos16,projcos,honest_hetero,eval_089,checkpoint_specific,99.0,1.5,256,1024,3072,125488,125479,2147,32,96,126569,126545,253335,253399,1.645417,1.602208,0.46025,0.34925,0.049417,3.646292,4.106542,0,,,189
projcos16,projcos,honest_hetero,eval_090,checkpoint_specific,99.0,1.5,256,1024,3072,94579,94653,2147,32,96,95660,95719,191600,191664,1.760166,1.581875,0.364584,0.306209,0.053583,3.701833,4.066417,0,,,189
projcos16,projcos,honest_hetero,eval_091,checkpoint_specific,99.0,1.5,256,1024,3072,94662,94583,2147,32,96,95743,95649,191616,191680,1.532291,1.542667,0.317334,0.297125,0.019667,3.39175,3.709084,1,prefill,C1,192
projcos16,projcos,honest_hetero,eval_092,checkpoint_specific,99.0,1.5,256,1024,3072,102355,102324,2147,32,96,103436,103390,207050,207114,1.771834,1.588709,0.348834,0.302291,0.026625,3.689459,4.038293,1,prefill,C1,192
projcos16,projcos,honest_hetero,eval_093,checkpoint_specific,99.0,1.5,256,1024,3072,87002,87015,2147,32,96,88083,88081,176385,176449,1.685208,1.4715,0.32875,0.303208,0.045375,3.505291,3.834041,0,,,189
projcos16,projcos,honest_hetero,eval_094,checkpoint_specific,99.0,1.5,256,1024,3072,87089,87058,2147,32,96,88170,88124,176515,176579,1.663417,1.604833,0.369166,0.297709,0.049042,3.615001,3.984167,0,,,189
projcos16,projcos,honest_hetero,eval_095,checkpoint_specific,99.0,1.5,256,1024,3072,87039,86952,2147,32,96,88120,88018,176359,176423,1.634458,1.695666,0.381459,0.517125,0.055333,3.902582,4.284041,0,,,189
projcos16,projcos,honest_hetero,eval_096,checkpoint_specific,99.0,1.5,256,1024,3072,87028,87127,2147,32,96,88109,88193,176526,176590,1.684,1.581583,0.338417,0.296792,0.050959,3.613334,3.951751,1,prefill,C3,192
projcos16,projcos,honest_hetero,eval_097,checkpoint_specific,99.0,1.5,256,1024,3072,117746,117750,2147,32,96,118827,118816,237864,237928,1.576917,1.567625,0.336041,0.312833,0.042542,3.499917,3.835958,0,,,189
projcos16,projcos,honest_hetero,eval_098,checkpoint_specific,99.0,1.5,256,1024,3072,117710,117759,2147,32,96,118791,118825,237840,237904,1.816,1.81175,0.414167,0.313541,0.032167,3.973458,4.387625,1,prefill,C1,192
projcos16,projcos,honest_hetero,eval_099,checkpoint_specific,99.0,1.5,256,1024,3072,117768,117780,2147,32,96,118849,118846,237919,237983,1.640208,1.637375,0.336875,0.31525,0.022,3.614833,3.951708,1,prefill,C1,192
projcos16,projcos,honest_hetero,eval_100,checkpoint_specific,99.0,1.5,256,1024,3072,87096,87059,2147,32,96,88177,88125,176523,176587,1.646542,1.567125,0.33575,0.300292,0.045,3.558959,3.894709,0,,,189
projcos16,projcos,honest_hetero,eval_101,checkpoint_specific,99.0,1.5,256,1024,3072,94646,94700,2147,32,96,95727,95766,191714,191778,1.631292,1.565334,0.33075,0.29725,0.043791,3.537667,3.868417,0,,,189
projcos16,projcos,honest_hetero,eval_102,checkpoint_specific,99.0,1.5,256,1024,3072,102334,102373,2147,32,96,103415,103439,207075,207139,1.71775,1.693791,0.375166,0.30425,0.04725,3.763041,4.138207,0,,,189
projcos16,projcos,honest_hetero,eval_103,checkpoint_specific,99.0,1.5,256,1024,3072,87159,87158,2147,32,96,88240,88224,176685,176749,1.576333,1.573583,0.368125,0.30825,0.050083,3.508249,3.876374,0,,,189
projcos16,projcos,honest_hetero,eval_104,checkpoint_specific,99.0,1.5,256,1024,3072,87133,87146,2147,32,96,88214,88212,176647,176711,1.9175,1.610667,0.381209,0.297833,0.050167,3.876167,4.257376,0,,,189
projcos16,projcos,honest_hetero,eval_105,checkpoint_specific,99.0,1.5,256,1024,3072,87165,87135,2147,32,96,88246,88201,176668,176732,1.502417,1.559709,0.322459,0.2905,0.041625,3.394251,3.71671,0,,,189
projcos16,projcos,honest_hetero,eval_106,checkpoint_specific,99.0,1.5,256,1024,3072,87088,87115,2147,32,96,88169,88181,176571,176635,1.626709,1.723917,0.391916,0.300167,0.049875,3.700668,4.092584,0,,,189
projcos16,projcos,honest_hetero,eval_107,checkpoint_specific,99.0,1.5,256,1024,3072,117863,117810,2147,32,96,118944,118876,238041,238105,1.617167,1.551875,0.328917,0.306708,0.042709,3.518459,3.847376,0,,,189
projcos16,projcos,honest_hetero,eval_108,checkpoint_specific,99.0,1.5,256,1024,3072,117819,117838,2147,32,96,118900,118904,238025,238089,1.640125,1.706625,0.365375,0.314625,0.046167,3.707542,4.072917,0,,,189
projcos16,projcos,honest_hetero,eval_109,checkpoint_specific,99.0,1.5,256,1024,3072,117845,117828,2147,32,96,118926,118894,238041,238105,1.76875,1.620375,0.36025,0.323292,0.048916,3.761333,4.121583,0,,,189
projcos16,projcos,honest_hetero,eval_110,checkpoint_specific,99.0,1.5,256,1024,3072,87157,87160,2147,32,96,88238,88226,176685,176749,1.556333,1.668125,0.375166,0.301416,0.052875,3.578749,3.953915,0,,,189
projcos16,projcos,honest_hetero,eval_111,checkpoint_specific,99.0,1.5,256,1024,3072,87009,87018,2147,32,96,88090,88084,176395,176459,1.662292,1.625834,0.431542,0.312583,0.049084,3.649793,4.081335,0,,,189
projcos16,projcos,honest_hetero,eval_112,checkpoint_specific,99.0,1.5,256,1024,3072,94736,94785,2147,32,96,95817,95851,191889,191953,1.71325,1.885375,0.397833,0.306083,0.05075,3.955458,4.353291,0,,,189
projcos16,projcos,honest_hetero,eval_113,checkpoint_specific,99.0,1.5,256,1024,3072,79463,79413,2147,32,96,80544,80479,161244,161308,1.554333,1.477875,0.315208,0.292708,0.042125,3.367041,3.682249,0,,,189
projcos16,projcos,honest_hetero,eval_114,checkpoint_specific,99.0,1.5,256,1024,3072,79395,79398,2147,32,96,80476,80464,161161,161225,1.5445,1.876083,0.367167,0.301208,0.052667,3.774458,4.141625,0,,,189
projcos16,projcos,honest_hetero,eval_115,checkpoint_specific,99.0,1.5,256,1024,3072,79365,79342,2147,32,96,80446,80408,161075,161139,1.559416,1.473292,0.306625,0.292875,0.041375,3.366958,3.673583,0,,,189
projcos16,projcos,honest_hetero,eval_116,checkpoint_specific,99.0,1.5,256,1024,3072,79375,79427,2147,32,96,80456,80493,161170,161234,1.499208,1.582416,0.313292,0.28975,0.043959,3.415333,3.728625,0,,,189
projcos16,projcos,honest_hetero,eval_117,checkpoint_specific,99.0,1.5,256,1024,3072,110102,110094,2147,32,96,111183,111160,222564,222628,1.6245,1.724792,0.350416,0.30775,0.046875,3.703917,4.054333,0,,,189
projcos16,projcos,honest_hetero,eval_118,checkpoint_specific,99.0,1.5,256,1024,3072,110106,110064,2147,32,96,111187,111130,222538,222602,1.61225,1.624875,0.369292,0.303458,0.049541,3.590124,3.959416,0,,,189
projcos16,projcos,honest_hetero,eval_119,checkpoint_specific,99.0,1.5,256,1024,3072,110088,110108,2147,32,96,111169,111174,222564,222628,1.7875,1.654,0.347291,0.302,0.046208,3.789708,4.136999,0,,,189
projcos16,projcos,honest_hetero,eval_120,checkpoint_specific,99.0,1.5,256,1024,3072,79375,79443,2147,32,96,80456,80509,161186,161250,1.694416,1.763041,0.41675,0.3175,0.053875,3.828832,4.245582,0,,,189
projcos16,projcos,honest_hetero,eval_121,checkpoint_specific,99.0,1.5,256,1024,3072,125360,125386,2147,32,96,126441,126452,253114,253178,1.756875,1.583625,0.344375,0.316292,0.043542,3.700334,4.044709,0,,,189
projcos16,projcos,honest_hetero,eval_122,checkpoint_specific,99.0,1.5,256,1024,3072,133086,133104,2147,32,96,134167,134170,268561,268625,1.647792,1.888167,0.458292,0.354958,0.049375,3.940292,4.398584,1,prefill,C3,192
projcos16,projcos,honest_hetero,eval_123,checkpoint_specific,99.0,1.5,256,1024,3072,117742,117705,2147,32,96,118823,118771,237818,237882,1.705333,1.559709,0.327542,0.307125,0.043375,3.615542,3.943084,1,prefill,C3,192
projcos16,projcos,honest_hetero,eval_124,checkpoint_specific,99.0,1.5,256,1024,3072,117797,117871,2147,32,96,118878,118937,238036,238100,1.556666,1.642084,0.355083,0.376208,0.048875,3.623833,3.978916,0,,,189
projcos16,projcos,honest_hetero,eval_125,checkpoint_specific,99.0,1.5,256,1024,3072,117678,117680,2147,32,96,118759,118746,237726,237790,1.682125,1.672917,0.341583,0.313125,0.04625,3.714417,4.056,0,,,189
projcos16,projcos,honest_hetero,eval_126,checkpoint_specific,99.0,1.5,256,1024,3072,117703,117799,2147,32,96,118784,118865,237873,237937,1.598375,1.699291,0.342458,0.3205,0.052708,3.670874,4.013332,1,prefill,C3,192
projcos16,projcos,honest_hetero,eval_127,checkpoint_specific,99.0,1.5,256,1024,3072,148369,148349,2147,32,96,149450,149415,299086,299150,1.799542,1.665,0.403167,0.345583,0.044167,3.854292,4.257459,0,,,189
projcos16,projcos,honest_hetero,eval_128,checkpoint_specific,99.0,1.5,256,1024,3072,148295,148283,2147,32,96,149376,149349,298946,299010,1.782917,1.757708,0.4125,0.373667,0.053583,3.967875,4.380375,0,,,189
projcos16,projcos,honest_hetero,eval_129,checkpoint_specific,99.0,1.5,256,1024,3072,148357,148312,2147,32,96,149438,149378,299040,299104,1.773833,1.676208,0.372166,0.342083,0.04325,3.835374,4.20754,1,prefill,C3,192
projcos16,projcos,honest_hetero,eval_130,checkpoint_specific,99.0,1.5,256,1024,3072,117729,117825,2147,32,96,118810,118891,237925,237989,1.611459,1.867583,0.43275,0.320708,0.054333,3.854083,4.286833,1,prefill,C3,192
projcos16,projcos,honest_hetero,eval_131,checkpoint_specific,99.0,1.5,256,1024,3072,94707,94679,2147,32,96,95788,95745,191754,191818,1.718334,1.611042,0.34675,0.300542,0.045875,3.675793,4.022543,0,,,189
projcos16,projcos,honest_hetero,eval_132,checkpoint_specific,99.0,1.5,256,1024,3072,102318,102344,2147,32,96,103399,103410,207030,207094,1.7395,1.997958,0.399958,0.327292,0.059459,4.124209,4.524167,0,,,189
projcos16,projcos,honest_hetero,eval_133,checkpoint_specific,99.0,1.5,256,1024,3072,87104,87095,2147,32,96,88185,88161,176567,176631,1.746208,1.514917,0.329583,0.302958,0.043666,3.607749,3.937332,0,,,189
projcos16,projcos,honest_hetero,eval_134,checkpoint_specific,99.0,1.5,256,1024,3072,87047,87056,2147,32,96,88128,88122,176471,176535,1.560167,1.793291,0.379042,0.299542,0.051125,3.704125,4.083167,0,,,189
projcos16,projcos,honest_hetero,eval_135,checkpoint_specific,99.0,1.5,256,1024,3072,87130,86993,2147,32,96,88211,88059,176491,176555,1.674083,1.543875,0.419042,0.300709,0.046125,3.564792,3.983834,0,,,189
projcos16,projcos,honest_hetero,eval_136,checkpoint_specific,99.0,1.5,256,1024,3072,87043,87088,2147,32,96,88124,88154,176499,176563,1.535583,1.598541,0.325541,0.366416,0.04575,3.54629,3.871831,0,,,189
projcos16,projcos,honest_hetero,eval_137,checkpoint_specific,99.0,1.5,256,1024,3072,117784,117719,2147,32,96,118865,118785,237871,237935,1.6565,1.624333,0.34575,0.3115,0.044541,3.636874,3.982624,0,,,189
projcos16,projcos,honest_hetero,eval_138,checkpoint_specific,99.0,1.5,256,1024,3072,117790,117798,2147,32,96,118871,118864,237956,238020,1.598291,1.79925,0.407833,0.317042,0.054042,3.768625,4.176458,0,,,189
projcos16,projcos,honest_hetero,eval_139,checkpoint_specific,99.0,1.5,256,1024,3072,117857,117874,2147,32,96,118938,118940,238099,238163,1.787584,1.673583,0.378625,0.322333,0.049125,3.832625,4.21125,0,,,189
projcos16,projcos,honest_hetero,eval_140,checkpoint_specific,99.0,1.5,256,1024,3072,87125,87075,2147,32,96,88206,88141,176568,176632,1.633417,1.895084,0.404625,0.353125,0.056333,3.937959,4.342584,0,,,189
projcos16,projcos,honest_hetero,eval_141,checkpoint_specific,99.0,1.5,256,1024,3072,94627,94617,2147,32,96,95708,95683,191612,191676,1.691417,1.511916,0.324791,0.299292,0.044375,3.547,3.871791,0,,,189
projcos16,projcos,honest_hetero,eval_142,checkpoint_specific,99.0,1.5,256,1024,3072,102347,102410,2147,32,96,103428,103476,207125,207189,1.570167,1.649125,0.376708,0.316917,0.056042,3.592251,3.968959,0,,,189
projcos16,projcos,honest_hetero,eval_143,checkpoint_specific,99.0,1.5,256,1024,3072,87062,87113,2147,32,96,88143,88179,176543,176607,1.633709,1.624,0.333375,0.301542,0.047875,3.607126,3.940501,0,,,189
projcos16,projcos,honest_hetero,eval_144,checkpoint_specific,99.0,1.5,256,1024,3072,87134,87139,2147,32,96,88215,88205,176641,176705,1.543625,1.574167,0.315834,0.326791,0.057166,3.501749,3.817583,0,,,189
projcos16,projcos,honest_hetero,eval_145,checkpoint_specific,99.0,1.5,256,1024,3072,87012,86952,2147,32,96,88093,88018,176332,176396,1.597208,1.49875,0.313625,0.300708,0.041542,3.438208,3.751833,0,,,189
projcos16,projcos,honest_hetero,eval_146,checkpoint_specific,99.0,1.5,256,1024,3072,86994,87084,2147,32,96,88075,88150,176446,176510,1.566625,1.724083,0.407833,0.308542,0.052,3.65125,4.059083,0,,,189
projcos16,projcos,honest_hetero,eval_147,checkpoint_specific,99.0,1.5,256,1024,3072,117804,117827,2147,32,96,118885,118893,237999,238063,1.701708,1.592416,0.331375,0.310166,0.05075,3.65504,3.986415,0,,,189
projcos16,projcos,honest_hetero,eval_148,checkpoint_specific,99.0,1.5,256,1024,3072,117769,117775,2147,32,96,118850,118841,237912,237976,1.595875,1.636292,0.335,0.304916,0.040583,3.577666,3.912666,0,,,189
projcos16,projcos,honest_hetero,eval_149,checkpoint_specific,99.0,1.5,256,1024,3072,117863,117819,2147,32,96,118944,118885,238050,238114,1.769208,1.652959,0.346375,0.311959,0.045083,3.779209,4.125584,0,,,189
projcos16,projcos,honest_hetero,eval_150,checkpoint_specific,99.0,1.5,256,1024,3072,87074,87077,2147,32,96,88155,88143,176519,176583,1.507875,1.509167,0.318333,0.29575,0.039833,3.352625,3.670958,0,,,189
projcos16,projcos,honest_hetero,eval_151,checkpoint_specific,99.0,1.5,256,1024,3072,110042,110135,2147,32,96,111123,111201,222545,222609,1.901041,1.667666,0.373541,0.33525,0.046792,3.950749,4.32429,0,,,189
projcos16,projcos,honest_hetero,eval_152,checkpoint_specific,99.0,1.5,256,1024,3072,117815,117832,2147,32,96,118896,118898,238015,238079,1.601583,1.583917,0.33275,0.303625,0.042666,3.531791,3.864541,0,,,189
projcos16,projcos,honest_hetero,eval_153,checkpoint_specific,99.0,1.5,256,1024,3072,102461,102417,2147,32,96,103542,103483,207246,207310,1.688375,1.592084,0.337417,0.30425,0.043708,3.628417,3.965834,0,,,189
projcos16,projcos,honest_hetero,eval_154,checkpoint_specific,99.0,1.5,256,1024,3072,102546,102552,2147,32,96,103627,103618,207466,207530,1.573917,1.629334,0.3255,0.315667,0.042916,3.561834,3.887334,0,,,189
projcos16,projcos,honest_hetero,eval_155,checkpoint_specific,99.0,1.5,256,1024,3072,102499,102403,2147,32,96,103580,103469,207270,207334,1.730584,1.66025,0.385666,0.305583,0.04925,3.745667,4.131333,0,,,189
projcos16,projcos,honest_hetero,eval_156,checkpoint_specific,99.0,1.5,256,1024,3072,102383,102452,2147,32,96,103464,103518,207206,207270,1.643958,1.639375,0.368333,0.295458,0.045583,3.624374,3.992707,1,prefill,C3,192
projcos16,projcos,honest_hetero,eval_157,checkpoint_specific,99.0,1.5,256,1024,3072,133246,133180,2147,32,96,134327,134246,268794,268858,2.5365,1.896041,0.443417,0.35475,0.051083,4.838374,5.281791,0,,,189
projcos16,projcos,honest_hetero,eval_158,checkpoint_specific,99.0,1.5,256,1024,3072,133188,133159,2147,32,96,134269,134225,268715,268779,1.673458,1.674458,0.397375,0.431833,0.058,3.837749,4.235124,0,,,189
projcos16,projcos,honest_hetero,eval_159,checkpoint_specific,99.0,1.5,256,1024,3072,133226,133204,2147,32,96,134307,134270,268798,268862,1.77425,1.741541,0.389333,0.35175,0.04375,3.911291,4.300624,0,,,189
projcos16,projcos,honest_hetero,eval_160,checkpoint_specific,99.0,1.5,256,1024,3072,102460,102561,2147,32,96,103541,103627,207389,207453,1.5785,1.594334,0.330542,0.301917,0.041417,3.516168,3.84671,0,,,189
projcos16,projcos,honest_hetero,eval_161,checkpoint_specific,99.0,1.5,256,1024,3072,102324,102359,2147,32,96,103405,103425,207051,207115,1.682,1.56825,0.334542,0.305916,0.044125,3.600291,3.934833,0,,,189
projcos16,projcos,honest_hetero,eval_162,checkpoint_specific,99.0,1.5,256,1024,3072,110096,110073,2147,32,96,111177,111139,222537,222601,1.55825,1.642875,0.330125,0.330042,0.044042,3.575209,3.905334,0,,,189
projcos16,projcos,honest_hetero,eval_163,checkpoint_specific,99.0,1.5,256,1024,3072,94635,94753,2147,32,96,95716,95819,191756,191820,1.621583,1.539833,0.344958,0.298333,0.044625,3.504374,3.849332,0,,,189
projcos16,projcos,honest_hetero,eval_164,checkpoint_specific,99.0,1.5,256,1024,3072,94714,94714,2147,32,96,95795,95780,191796,191860,1.529375,1.512791,0.322542,0.308584,0.038458,3.389208,3.71175,0,,,189
projcos16,projcos,honest_hetero,eval_165,checkpoint_specific,99.0,1.5,256,1024,3072,94796,94710,2147,32,96,95877,95776,191874,191938,1.745958,1.607709,0.35025,0.300833,0.045708,3.700208,4.050458,0,,,189
projcos16,projcos,honest_hetero,eval_166,checkpoint_specific,99.0,1.5,256,1024,3072,94765,94768,2147,32,96,95846,95834,191901,191965,1.521292,1.491333,0.31675,0.313333,0.046417,3.372375,3.689125,0,,,189
projcos16,projcos,honest_hetero,eval_167,checkpoint_specific,99.0,1.5,256,1024,3072,125478,125421,2147,32,96,126559,126487,253267,253331,1.685959,1.676458,0.383208,0.314416,0.048333,3.725166,4.108374,0,,,189
projcos16,projcos,honest_hetero,eval_168,checkpoint_specific,99.0,1.5,256,1024,3072,125440,125426,2147,32,96,126521,126492,253234,253298,1.709875,1.605709,0.344792,0.314792,0.04425,3.674626,4.019418,0,,,189
projcos16,projcos,honest_hetero,eval_169,checkpoint_specific,99.0,1.5,256,1024,3072,125542,125488,2147,32,96,126623,126554,253398,253462,1.704875,1.705708,0.351625,0.327917,0.043917,3.782417,4.134042,0,,,189
projcos16,projcos,honest_hetero,eval_170,checkpoint_specific,99.0,1.5,256,1024,3072,94695,94781,2147,32,96,95776,95847,191844,191908,1.546542,1.572042,0.335084,0.30925,0.043875,3.471709,3.806793,0,,,189
projcos16,projcos,honest_hetero,eval_171,checkpoint_specific,99.0,1.5,256,1024,3072,102420,102424,2147,32,96,103501,103490,207212,207276,1.603584,1.600667,0.338625,0.304875,0.043208,3.552334,3.890959,0,,,189
projcos16,projcos,honest_hetero,eval_172,checkpoint_specific,99.0,1.5,256,1024,3072,110128,110099,2147,32,96,111209,111165,222595,222659,1.594208,1.574208,0.325875,0.308583,0.039583,3.516582,3.842457,0,,,189
projcos16,projcos,honest_hetero,eval_173,checkpoint_specific,99.0,1.5,256,1024,3072,94759,94804,2147,32,96,95840,95870,191931,191995,1.646375,1.692791,0.343084,0.3095,0.04475,3.693416,4.0365,0,,,189
projcos16,projcos,honest_hetero,eval_174,checkpoint_specific,99.0,1.5,256,1024,3072,94784,94787,2147,32,96,95865,95853,191939,192003,1.560917,1.525709,0.318291,0.294208,0.03825,3.419084,3.737375,0,,,189
projcos16,projcos,honest_hetero,eval_175,checkpoint_specific,99.0,1.5,256,1024,3072,94807,94756,2147,32,96,95888,95822,191931,191995,1.599458,1.630375,0.34025,0.300834,0.044542,3.575209,3.915459,0,,,189
projcos16,projcos,honest_hetero,eval_176,checkpoint_specific,99.0,1.5,256,1024,3072,94799,94802,2147,32,96,95880,95868,191969,192033,1.570375,1.59875,0.31625,0.305542,0.041959,3.516626,3.832876,0,,,189
projcos16,projcos,honest_hetero,eval_177,checkpoint_specific,99.0,1.5,256,1024,3072,125542,125428,2147,32,96,126623,126494,253338,253402,1.671917,1.68175,0.380708,0.344458,0.0545,3.752625,4.133333,0,,,189
projcos16,projcos,honest_hetero,eval_178,checkpoint_specific,99.0,1.5,256,1024,3072,125412,125405,2147,32,96,126493,126471,253185,253249,1.740583,1.613125,0.338125,0.313916,0.043459,3.711083,4.049208,0,,,189
projcos16,projcos,honest_hetero,eval_179,checkpoint_specific,99.0,1.5,256,1024,3072,125554,125471,2147,32,96,126635,126537,253393,253457,1.685333,1.641917,0.341083,0.314375,0.04475,3.686375,4.027458,0,,,189
projcos16,projcos,honest_hetero,eval_180,checkpoint_specific,99.0,1.5,256,1024,3072,94779,94765,2147,32,96,95860,95831,191912,191976,1.662584,1.637542,0.348167,0.306083,0.046,3.652209,4.000376,0,,,189
projcos16,projcos,honest_hetero,eval_181,checkpoint_specific,99.0,1.5,256,1024,3072,102235,102309,2147,32,96,103316,103375,206912,206976,1.6435,1.599,0.345875,0.430625,0.048916,3.722041,4.067916,0,,,189
projcos16,projcos,honest_hetero,eval_182,checkpoint_specific,99.0,1.5,256,1024,3072,109944,109895,2147,32,96,111025,110961,222207,222271,1.708125,1.577292,0.332459,0.307916,0.043459,3.636792,3.969251,0,,,189
projcos16,projcos,honest_hetero,eval_183,checkpoint_specific,99.0,1.5,256,1024,3072,94673,94722,2147,32,96,95754,95788,191763,191827,1.564625,1.546542,0.331459,0.298458,0.04475,3.454375,3.785834,0,,,189
projcos16,projcos,honest_hetero,eval_184,checkpoint_specific,99.0,1.5,256,1024,3072,94605,94570,2147,32,96,95686,95636,191543,191607,1.640125,1.593042,0.335291,0.30925,0.0425,3.584917,3.920208,0,,,189
projcos16,projcos,honest_hetero,eval_185,checkpoint_specific,99.0,1.5,256,1024,3072,94771,94672,2147,32,96,95852,95738,191811,191875,1.530125,1.530041,0.308791,0.292084,0.038917,3.391167,3.699958,0,,,189
projcos16,projcos,honest_hetero,eval_186,checkpoint_specific,99.0,1.5,256,1024,3072,94585,94661,2147,32,96,95666,95727,191614,191678,1.64025,1.628833,0.330625,0.302625,0.04325,3.614958,3.945583,0,,,189
projcos16,projcos,honest_hetero,eval_187,checkpoint_specific,99.0,1.5,256,1024,3072,125332,125291,2147,32,96,126413,126357,252991,253055,1.6155,1.693,0.345375,0.31375,0.042292,3.664542,4.009917,0,,,189
projcos16,projcos,honest_hetero,eval_188,checkpoint_specific,99.0,1.5,256,1024,3072,125345,125342,2147,32,96,126426,126408,253058,253122,1.72575,1.737583,0.364875,0.30925,0.044583,3.817166,4.182041,1,prefill,C3,192
projcos16,projcos,honest_hetero,eval_189,checkpoint_specific,99.0,1.5,256,1024,3072,125415,125401,2147,32,96,126496,126467,253187,253251,1.67475,1.64325,0.357459,0.318125,0.043042,3.679167,4.036626,1,prefill,C3,192
projcos16,projcos,honest_hetero,eval_190,checkpoint_specific,99.0,1.5,256,1024,3072,94678,94685,2147,32,96,95759,95751,191731,191795,1.766,1.598917,0.351208,0.300375,0.046083,3.711375,4.062583,0,,,189
projcos16,projcos,honest_hetero,eval_191,checkpoint_specific,99.0,1.5,256,1024,3072,102330,102365,2147,32,96,103411,103431,207063,207127,1.586167,1.535167,0.338833,0.301875,0.042541,3.46575,3.804583,0,,,189
projcos16,projcos,honest_hetero,eval_192,checkpoint_specific,99.0,1.5,256,1024,3072,109995,109963,2147,32,96,111076,111029,222326,222390,1.637792,1.564916,0.33425,0.308209,0.04325,3.554167,3.888417,0,,,189
projcos16,projcos,honest_hetero,eval_193,checkpoint_specific,99.0,1.5,256,1024,3072,94705,94729,2147,32,96,95786,95795,191802,191866,1.646917,1.613,0.3395,0.302458,0.046917,3.609292,3.948792,0,,,189
projcos16,projcos,honest_hetero,eval_194,checkpoint_specific,99.0,1.5,256,1024,3072,94633,94732,2147,32,96,95714,95798,191733,191797,1.638792,1.626125,0.34525,0.323667,0.047125,3.635709,3.980959,0,,,189
projcos16,projcos,honest_hetero,eval_195,checkpoint_specific,99.0,1.5,256,1024,3072,94653,94608,2147,32,96,95734,95674,191629,191693,1.570209,1.612875,0.321333,0.2995,0.043291,3.525875,3.847208,0,,,189
projcos16,projcos,honest_hetero,eval_196,checkpoint_specific,99.0,1.5,256,1024,3072,94622,94721,2147,32,96,95703,95787,191711,191775,1.678042,1.681834,0.338084,0.293125,0.04275,3.695751,4.033835,0,,,189
projcos16,projcos,honest_hetero,eval_197,checkpoint_specific,99.0,1.5,256,1024,3072,125376,125292,2147,32,96,126457,126358,253036,253100,1.726416,1.718625,0.358125,0.318375,0.044333,3.807749,4.165874,0,,,189
projcos16,projcos,honest_hetero,eval_198,checkpoint_specific,99.0,1.5,256,1024,3072,125279,125348,2147,32,96,126360,126414,252995,253059,1.763083,1.848042,0.380791,0.331709,0.047208,3.990042,4.370833,0,,,189
projcos16,projcos,honest_hetero,eval_199,checkpoint_specific,99.0,1.5,256,1024,3072,125448,125330,2147,32,96,126529,126396,253146,253210,1.637083,1.582875,0.327291,0.311709,0.04125,3.572917,3.900208,0,,,189
projcos16,projcos,honest_hetero,eval_200,checkpoint_specific,99.0,1.5,256,1024,3072,94688,94667,2147,32,96,95769,95733,191726,191790,1.63925,1.75025,0.337417,0.29875,0.045083,3.733333,4.07075,1,prefill,C3,192
projcos16,projcos,tamper,eval_001,checkpoint_specific,99.0,1.5,256,1024,3072,125387,125387,2132,32,96,126453,126453,253128,253192,1.730209,1.529916,0.341875,0.315166,0.035291,3.610582,3.952457,1,prefill,C2,190
projcos16,projcos,tamper,eval_002,checkpoint_specific,99.0,1.5,256,1024,3072,133175,133175,2132,32,96,134241,134241,268704,268768,1.689791,1.7065,0.42625,0.392667,0.035625,3.824583,4.250833,1,prefill,C2,190
projcos16,projcos,tamper,eval_003,checkpoint_specific,99.0,1.5,256,1024,3072,117824,117824,2132,32,96,118890,118890,238002,238066,1.59325,1.579083,0.327834,0.316208,0.032083,3.520624,3.848458,1,prefill,C2,190
projcos16,projcos,tamper,eval_004,checkpoint_specific,99.0,1.5,256,1024,3072,117850,117850,2132,32,96,118916,118916,238054,238118,1.674125,1.555917,0.32375,0.312959,0.031833,3.574834,3.898584,1,prefill,C2,190
projcos16,projcos,tamper,eval_005,checkpoint_specific,99.0,1.5,256,1024,3072,117819,117819,2132,32,96,118885,118885,237992,238056,1.598375,1.581417,0.325458,0.321666,0.033083,3.534541,3.859999,1,prefill,C2,190
projcos16,projcos,tamper,eval_006,checkpoint_specific,99.0,1.5,256,1024,3072,117847,117847,2132,32,96,118913,118913,238048,238112,1.731792,1.621666,0.336458,0.32875,0.044709,3.726917,4.063375,1,prefill,C2,190
projcos16,projcos,tamper,eval_007,checkpoint_specific,99.0,1.5,256,1024,3072,148372,148372,2132,32,96,149438,149438,299098,299162,1.654541,1.598833,0.374667,0.345125,0.032458,3.630957,4.005624,1,prefill,C2,190
projcos16,projcos,tamper,eval_008,checkpoint_specific,99.0,1.5,256,1024,3072,148442,148442,2132,32,96,149508,149508,299238,299302,1.772708,1.671875,0.384583,0.458375,0.032417,3.935375,4.319958,1,prefill,C2,190
projcos16,projcos,tamper,eval_009,checkpoint_specific,99.0,1.5,256,1024,3072,148502,148502,2132,32,96,149568,149568,299358,299422,1.650333,1.612042,0.363333,0.342625,0.032292,3.637292,4.000625,1,prefill,C2,190
projcos16,projcos,tamper,eval_010,checkpoint_specific,99.0,1.5,256,1024,3072,117752,117752,2132,32,96,118818,118818,237858,237922,1.670875,1.70175,0.35275,0.318167,0.03725,3.728042,4.080792,1,prefill,C2,190
projcos16,projcos,tamper,eval_011,checkpoint_specific,99.0,1.5,256,1024,3072,94634,94634,2132,32,96,95700,95700,191622,191686,1.519625,1.517958,0.325792,0.302542,0.030084,3.370209,3.696001,1,prefill,C2,190
projcos16,projcos,tamper,eval_012,checkpoint_specific,99.0,1.5,256,1024,3072,102368,102368,2132,32,96,103434,103434,207090,207154,1.6465,1.597916,0.376792,0.313792,0.036583,3.594791,3.971583,1,prefill,C2,190
projcos16,projcos,tamper,eval_013,checkpoint_specific,99.0,1.5,256,1024,3072,86927,86927,2132,32,96,87993,87993,176208,176272,1.57,1.498917,0.310166,0.296834,0.032125,3.397876,3.708042,1,prefill,C2,190
projcos16,projcos,tamper,eval_014,checkpoint_specific,99.0,1.5,256,1024,3072,87044,87044,2132,32,96,88110,88110,176442,176506,1.548917,1.676917,0.32075,0.301,0.033208,3.560042,3.880792,1,prefill,C2,190
projcos16,projcos,tamper,eval_015,checkpoint_specific,99.0,1.5,256,1024,3072,87024,87024,2132,32,96,88090,88090,176402,176466,1.516917,1.5095,0.309791,0.296042,0.0325,3.354959,3.66475,1,prefill,C2,190
projcos16,projcos,tamper,eval_016,checkpoint_specific,99.0,1.5,256,1024,3072,87017,87017,2132,32,96,88083,88083,176388,176452,1.526542,1.583417,0.345917,0.295083,0.035959,3.441001,3.786918,1,prefill,C2,190
projcos16,projcos,tamper,eval_017,checkpoint_specific,99.0,1.5,256,1024,3072,117702,117702,2132,32,96,118768,118768,237758,237822,1.774,1.56225,0.339084,0.315333,0.033875,3.685458,4.024542,1,prefill,C2,190
projcos16,projcos,tamper,eval_018,checkpoint_specific,99.0,1.5,256,1024,3072,117777,117777,2132,32,96,118843,118843,237908,237972,1.588166,1.642375,0.368375,0.330542,0.03325,3.594333,3.962708,1,prefill,C2,190
projcos16,projcos,tamper,eval_019,checkpoint_specific,99.0,1.5,256,1024,3072,117794,117794,2132,32,96,118860,118860,237942,238006,1.655167,1.528667,0.317208,0.322292,0.032,3.538126,3.855334,1,prefill,C2,190
projcos16,projcos,tamper,eval_020,checkpoint_specific,99.0,1.5,256,1024,3072,87013,87013,2132,32,96,88079,88079,176380,176444,1.523208,1.512459,0.359917,0.31625,0.040459,3.392376,3.752293,1,prefill,C2,190
projcos16,projcos,tamper,eval_021,checkpoint_specific,99.0,1.5,256,1024,3072,102278,102278,2132,32,96,103344,103344,206910,206974,1.78625,1.601959,0.335542,0.311875,0.031417,3.731501,4.067043,1,prefill,C2,190
projcos16,projcos,tamper,eval_022,checkpoint_specific,99.0,1.5,256,1024,3072,109959,109959,2132,32,96,111025,111025,222272,222336,1.658334,1.68525,0.351209,0.355834,0.034042,3.73346,4.084669,1,prefill,C2,190
projcos16,projcos,tamper,eval_023,checkpoint_specific,99.0,1.5,256,1024,3072,94688,94688,2132,32,96,95754,95754,191730,191794,1.592875,1.4695,0.312166,0.298209,0.031958,3.392542,3.704708,1,prefill,C2,190
projcos16,projcos,tamper,eval_024,checkpoint_specific,99.0,1.5,256,1024,3072,94655,94655,2132,32,96,95721,95721,191664,191728,1.520583,1.530208,0.311667,0.295583,0.031375,3.377749,3.689416,1,prefill,C2,190
projcos16,projcos,tamper,eval_025,checkpoint_specific,99.0,1.5,256,1024,3072,94608,94608,2132,32,96,95674,95674,191570,191634,1.652666,1.524625,0.318958,0.301375,0.032708,3.511374,3.830332,1,prefill,C2,190
projcos16,projcos,tamper,eval_026,checkpoint_specific,99.0,1.5,256,1024,3072,94641,94641,2132,32,96,95707,95707,191636,191700,1.501417,1.459541,0.317791,0.292125,0.028667,3.28175,3.599541,1,prefill,C2,190
projcos16,projcos,tamper,eval_027,checkpoint_specific,99.0,1.5,256,1024,3072,125318,125318,2132,32,96,126384,126384,252990,253054,1.769209,1.655459,0.421542,0.315208,0.034,3.773876,4.195418,1,prefill,C2,190
projcos16,projcos,tamper,eval_028,checkpoint_specific,99.0,1.5,256,1024,3072,125330,125330,2132,32,96,126396,126396,253014,253078,1.59575,1.5815,0.326333,0.315667,0.029708,3.522625,3.848958,1,prefill,C2,190
projcos16,projcos,tamper,eval_029,checkpoint_specific,99.0,1.5,256,1024,3072,125406,125406,2132,32,96,126472,126472,253166,253230,1.698292,1.66575,0.335,0.305667,0.030416,3.700125,4.035125,1,prefill,C2,190
projcos16,projcos,tamper,eval_030,checkpoint_specific,99.0,1.5,256,1024,3072,94632,94632,2132,32,96,95698,95698,191618,191682,1.681833,1.76075,0.352625,0.314209,0.038792,3.795584,4.148209,1,prefill,C2,190
projcos16,projcos,tamper,eval_031,checkpoint_specific,99.0,1.5,256,1024,3072,109933,109933,2132,32,96,110999,110999,222220,222284,1.700917,1.587709,0.326125,0.306333,0.032125,3.627084,3.953209,1,prefill,C2,190
projcos16,projcos,tamper,eval_032,checkpoint_specific,99.0,1.5,256,1024,3072,117742,117742,2132,32,96,118808,118808,237838,237902,1.571,1.571666,0.322958,0.3185,0.03725,3.498416,3.821374,1,prefill,C2,190
projcos16,projcos,tamper,eval_033,checkpoint_specific,99.0,1.5,256,1024,3072,102412,102412,2132,32,96,103478,103478,207178,207242,1.752083,1.651458,0.350542,0.302708,0.035667,3.741916,4.092458,1,prefill,C2,190
projcos16,projcos,tamper,eval_034,checkpoint_specific,99.0,1.5,256,1024,3072,102360,102360,2132,32,96,103426,103426,207074,207138,1.639834,1.569084,0.329541,0.310209,0.031958,3.551085,3.880626,1,prefill,C2,190
projcos16,projcos,tamper,eval_035,checkpoint_specific,99.0,1.5,256,1024,3072,102369,102369,2132,32,96,103435,103435,207092,207156,1.697166,1.619542,0.336833,0.403875,0.033041,3.753624,4.090457,1,prefill,C2,190
projcos16,projcos,tamper,eval_036,checkpoint_specific,99.0,1.5,256,1024,3072,102345,102345,2132,32,96,103411,103411,207044,207108,1.538166,1.503834,0.310958,0.304541,0.028958,3.375499,3.686457,1,prefill,C2,190
projcos16,projcos,tamper,eval_037,checkpoint_specific,99.0,1.5,256,1024,3072,133072,133072,2132,32,96,134138,134138,268498,268562,1.704625,1.653834,0.38275,0.3415,0.033083,3.733042,4.115792,1,prefill,C2,190
projcos16,projcos,tamper,eval_038,checkpoint_specific,99.0,1.5,256,1024,3072,133104,133104,2132,32,96,134170,134170,268562,268626,1.608292,1.720458,0.376584,0.352666,0.03125,3.712666,4.08925,1,prefill,C2,190
projcos16,projcos,tamper,eval_039,checkpoint_specific,99.0,1.5,256,1024,3072,133130,133130,2132,32,96,134196,134196,268614,268678,1.750083,1.654042,0.37275,0.34325,0.034625,3.782,4.15475,1,prefill,C2,190
projcos16,projcos,tamper,eval_040,checkpoint_specific,99.0,1.5,256,1024,3072,102351,102351,2132,32,96,103417,103417,207056,207120,1.586584,1.571625,0.32825,0.305583,0.035125,3.498917,3.827167,1,prefill,C2,190
projcos16,projcos,tamper,eval_041,checkpoint_specific,99.0,1.5,256,1024,3072,117781,117781,2132,32,96,118847,118847,237916,237980,1.7965,1.616542,0.33575,0.303541,0.032917,3.7495,4.08525,1,prefill,C2,190
projcos16,projcos,tamper,eval_042,checkpoint_specific,99.0,1.5,256,1024,3072,125483,125483,2132,32,96,126549,126549,253320,253384,1.733375,1.62525,0.33725,0.310375,0.031208,3.700208,4.037458,1,prefill,C2,190
projcos16,projcos,tamper,eval_043,checkpoint_specific,99.0,1.5,256,1024,3072,110095,110095,2132,32,96,111161,111161,222544,222608,1.696,1.702875,0.352334,0.311292,0.035792,3.745959,4.098293,1,prefill,C2,190
projcos16,projcos,tamper,eval_044,checkpoint_specific,99.0,1.5,256,1024,3072,110045,110045,2132,32,96,111111,111111,222444,222508,1.610875,1.549542,0.322208,0.308,0.034292,3.502709,3.824917,1,prefill,C2,190
projcos16,projcos,tamper,eval_045,checkpoint_specific,99.0,1.5,256,1024,3072,110039,110039,2132,32,96,111105,111105,222432,222496,1.60475,1.546333,0.326083,0.306292,0.032083,3.489458,3.815541,1,prefill,C2,190
projcos16,projcos,tamper,eval_046,checkpoint_specific,99.0,1.5,256,1024,3072,110089,110089,2132,32,96,111155,111155,222532,222596,1.680916,1.571042,0.321167,0.315042,0.031125,3.598125,3.919292,1,prefill,C2,190
projcos16,projcos,tamper,eval_047,checkpoint_specific,99.0,1.5,256,1024,3072,140708,140708,2132,32,96,141774,141774,283770,283834,1.75575,1.632917,0.395125,0.352125,0.031417,3.772209,4.167334,1,prefill,C2,190
projcos16,projcos,tamper,eval_048,checkpoint_specific,99.0,1.5,256,1024,3072,140709,140709,2132,32,96,141775,141775,283772,283836,1.65025,1.649417,0.367875,0.341542,0.034375,3.675584,4.043459,1,prefill,C2,190
projcos16,projcos,tamper,eval_049,checkpoint_specific,99.0,1.5,256,1024,3072,140782,140782,2132,32,96,141848,141848,283918,283982,1.730375,1.590167,0.367875,0.339834,0.032375,3.692751,4.060626,1,prefill,C2,190
projcos16,projcos,tamper,eval_050,checkpoint_specific,99.0,1.5,256,1024,3072,110109,110109,2132,32,96,111175,111175,222572,222636,1.540834,1.502,0.324459,0.305042,0.035875,3.383751,3.70821,1,prefill,C2,190
projcos16,projcos,tamper,eval_051,checkpoint_specific,99.0,1.5,256,1024,3072,125473,125473,2132,32,96,126539,126539,253300,253364,1.712917,1.744791,0.353333,0.319583,0.03425,3.811541,4.164874,1,prefill,C2,190
projcos16,projcos,tamper,eval_052,checkpoint_specific,99.0,1.5,256,1024,3072,133158,133158,2132,32,96,134224,134224,268670,268734,1.611334,1.587125,0.366709,0.33925,0.031667,3.569376,3.936085,1,prefill,C2,190
projcos16,projcos,tamper,eval_053,checkpoint_specific,99.0,1.5,256,1024,3072,117930,117930,2132,32,96,118996,118996,238214,238278,1.640917,1.593458,0.33475,0.311167,0.034125,3.579667,3.914417,1,prefill,C2,190
projcos16,projcos,tamper,eval_054,checkpoint_specific,99.0,1.5,256,1024,3072,117955,117955,2132,32,96,119021,119021,238264,238328,1.689125,1.572667,0.319417,0.322292,0.033709,3.617793,3.93721,1,prefill,C2,190
projcos16,projcos,tamper,eval_055,checkpoint_specific,99.0,1.5,256,1024,3072,117827,117827,2132,32,96,118893,118893,238008,238072,1.671167,1.597375,0.333416,0.312417,0.032625,3.613584,3.947,1,prefill,C2,190
projcos16,projcos,tamper,eval_056,checkpoint_specific,99.0,1.5,256,1024,3072,117845,117845,2132,32,96,118911,118911,238044,238108,1.581166,1.564417,0.3295,0.32025,0.035375,3.501208,3.830708,1,prefill,C2,190
projcos16,projcos,tamper,eval_057,checkpoint_specific,99.0,1.5,256,1024,3072,148278,148278,2132,32,96,149344,149344,298910,298974,1.844333,1.629625,0.380125,0.347417,0.033083,3.854458,4.234583,1,prefill,C2,190
projcos16,projcos,tamper,eval_058,checkpoint_specific,99.0,1.5,256,1024,3072,148424,148424,2132,32,96,149490,149490,299202,299266,1.648084,1.618625,0.3685,0.374209,0.032167,3.673085,4.041585,1,prefill,C2,190
projcos16,projcos,tamper,eval_059,checkpoint_specific,99.0,1.5,256,1024,3072,148408,148408,2132,32,96,149474,149474,299170,299234,1.78925,1.754792,0.394417,0.342917,0.033625,3.920584,4.315001,1,prefill,C2,190
projcos16,projcos,tamper,eval_060,checkpoint_specific,99.0,1.5,256,1024,3072,117952,117952,2132,32,96,119018,119018,238258,238322,1.580583,1.581208,0.362833,0.327666,0.032125,3.521582,3.884415,1,prefill,C2,190
projcos16,projcos,tamper,eval_061,checkpoint_specific,99.0,1.5,256,1024,3072,94729,94729,2132,32,96,95795,95795,191812,191876,1.65425,1.66625,0.348125,0.295542,0.036417,3.652459,4.000584,1,prefill,C2,190
projcos16,projcos,tamper,eval_062,checkpoint_specific,99.0,1.5,256,1024,3072,102420,102420,2132,32,96,103486,103486,207194,207258,1.741666,1.593292,0.340625,0.306458,0.031084,3.6725,4.013125,1,prefill,C2,190
projcos16,projcos,tamper,eval_063,checkpoint_specific,99.0,1.5,256,1024,3072,86997,86997,2132,32,96,88063,88063,176348,176412,1.652667,1.592042,0.32675,0.298041,0.034083,3.576833,3.903583,1,prefill,C2,190
projcos16,projcos,tamper,eval_064,checkpoint_specific,99.0,1.5,256,1024,3072,87139,87139,2132,32,96,88205,88205,176632,176696,1.50525,1.456,0.303875,0.384542,0.0325,3.378292,3.682167,1,prefill,C2,190
projcos16,projcos,tamper,eval_065,checkpoint_specific,99.0,1.5,256,1024,3072,87081,87081,2132,32,96,88147,88147,176516,176580,1.646583,1.503709,0.364667,0.301834,0.033416,3.485542,3.850209,1,prefill,C2,190
projcos16,projcos,tamper,eval_066,checkpoint_specific,99.0,1.5,256,1024,3072,87056,87056,2132,32,96,88122,88122,176466,176530,1.53025,1.447667,0.304333,0.309292,0.0265,3.313709,3.618042,1,prefill,C2,190
projcos16,projcos,tamper,eval_067,checkpoint_specific,99.0,1.5,256,1024,3072,117822,117822,2132,32,96,118888,118888,237998,238062,1.640917,1.766792,0.336292,0.328833,0.03425,3.770792,4.107084,1,prefill,C2,190
projcos16,projcos,tamper,eval_068,checkpoint_specific,99.0,1.5,256,1024,3072,117889,117889,2132,32,96,118955,118955,238132,238196,1.6075,1.519334,0.318,0.312834,0.026792,3.46646,3.78446,1,prefill,C2,190
projcos16,projcos,tamper,eval_069,checkpoint_specific,99.0,1.5,256,1024,3072,117797,117797,2132,32,96,118863,118863,237948,238012,1.605917,1.687209,0.334917,0.309541,0.03425,3.636917,3.971834,1,prefill,C2,190
projcos16,projcos,tamper,eval_070,checkpoint_specific,99.0,1.5,256,1024,3072,87040,87040,2132,32,96,88106,88106,176434,176498,1.562167,1.47475,0.300917,0.299292,0.030459,3.366668,3.667585,1,prefill,C2,190
projcos16,projcos,tamper,eval_071,checkpoint_specific,99.0,1.5,256,1024,3072,102442,102442,2132,32,96,103508,103508,207238,207302,1.565083,1.598208,0.358708,0.337625,0.031125,3.532041,3.890749,1,prefill,C2,190
projcos16,projcos,tamper,eval_072,checkpoint_specific,99.0,1.5,256,1024,3072,110082,110082,2132,32,96,111148,111148,222518,222582,1.667458,1.551084,0.317833,0.306042,0.030709,3.555293,3.873126,1,prefill,C2,190
projcos16,projcos,tamper,eval_073,checkpoint_specific,99.0,1.5,256,1024,3072,94742,94742,2132,32,96,95808,95808,191838,191902,1.648,1.597917,0.323167,0.294958,0.031417,3.572292,3.895459,1,prefill,C2,190
projcos16,projcos,tamper,eval_074,checkpoint_specific,99.0,1.5,256,1024,3072,94770,94770,2132,32,96,95836,95836,191894,191958,1.653542,1.597583,0.318292,0.2985,0.030292,3.579917,3.898209,1,prefill,C2,190
projcos16,projcos,tamper,eval_075,checkpoint_specific,99.0,1.5,256,1024,3072,94677,94677,2132,32,96,95743,95743,191708,191772,2.204167,1.799959,0.362,0.314208,0.033792,4.352126,4.714126,1,prefill,C2,190
projcos16,projcos,tamper,eval_076,checkpoint_specific,99.0,1.5,256,1024,3072,94651,94651,2132,32,96,95717,95717,191656,191720,1.620209,1.521041,0.315125,0.29575,0.031125,3.468125,3.78325,1,prefill,C2,190
projcos16,projcos,tamper,eval_077,checkpoint_specific,99.0,1.5,256,1024,3072,125450,125450,2132,32,96,126516,126516,253254,253318,1.695292,1.722541,0.345166,0.313583,0.035208,3.766624,4.11179,1,prefill,C2,190
projcos16,projcos,tamper,eval_078,checkpoint_specific,99.0,1.5,256,1024,3072,125481,125481,2132,32,96,126547,126547,253316,253380,1.774208,1.611458,0.324084,0.309333,0.032375,3.727374,4.051458,1,prefill,C2,190
projcos16,projcos,tamper,eval_079,checkpoint_specific,99.0,1.5,256,1024,3072,125437,125437,2132,32,96,126503,126503,253228,253292,1.647083,1.670417,0.40775,0.323167,0.038791,3.679458,4.087208,1,prefill,C2,190
projcos16,projcos,tamper,eval_080,checkpoint_specific,99.0,1.5,256,1024,3072,94814,94814,2132,32,96,95880,95880,191982,192046,1.636875,1.574625,0.3215,0.359084,0.031959,3.602543,3.924043,1,prefill,C2,190
projcos16,projcos,tamper,eval_081,checkpoint_specific,99.0,1.5,256,1024,3072,102323,102323,2132,32,96,103389,103389,207000,207064,1.644542,1.650083,0.335584,0.307459,0.033708,3.635792,3.971376,1,prefill,C2,190
projcos16,projcos,tamper,eval_082,checkpoint_specific,99.0,1.5,256,1024,3072,110077,110077,2132,32,96,111143,111143,222508,222572,1.699875,1.5975,0.345,0.310292,0.033958,3.641625,3.986625,1,prefill,C2,190
projcos16,projcos,tamper,eval_083,checkpoint_specific,99.0,1.5,256,1024,3072,94746,94746,2132,32,96,95812,95812,191846,191910,1.584167,1.73275,0.353708,0.318459,0.044042,3.679418,4.033126,1,prefill,C2,190
projcos16,projcos,tamper,eval_084,checkpoint_specific,99.0,1.5,256,1024,3072,94772,94772,2132,32,96,95838,95838,191898,191962,1.592084,1.51325,0.309542,0.299666,0.034833,3.439833,3.749375,1,prefill,C2,190
projcos16,projcos,tamper,eval_085,checkpoint_specific,99.0,1.5,256,1024,3072,94711,94711,2132,32,96,95777,95777,191776,191840,1.556875,1.635834,0.328792,0.310167,0.038125,3.541001,3.869793,1,prefill,C2,190
projcos16,projcos,tamper,eval_086,checkpoint_specific,99.0,1.5,256,1024,3072,94658,94658,2132,32,96,95724,95724,191670,191734,1.688166,1.605167,0.332042,0.295125,0.038041,3.626499,3.958541,1,prefill,C2,190
projcos16,projcos,tamper,eval_087,checkpoint_specific,99.0,1.5,256,1024,3072,125362,125362,2132,32,96,126428,126428,253078,253142,1.708417,1.659709,0.420791,0.343791,0.041542,3.753459,4.17425,1,prefill,C2,190
projcos16,projcos,tamper,eval_088,checkpoint_specific,99.0,1.5,256,1024,3072,125445,125445,2132,32,96,126511,126511,253244,253308,1.730958,1.639083,0.333583,0.322458,0.03375,3.726249,4.059832,1,prefill,C2,190
projcos16,projcos,tamper,eval_089,checkpoint_specific,99.0,1.5,256,1024,3072,125479,125479,2132,32,96,126545,126545,253312,253376,1.621542,1.657459,0.333375,0.315083,0.03325,3.627334,3.960709,1,prefill,C2,190
projcos16,projcos,tamper,eval_090,checkpoint_specific,99.0,1.5,256,1024,3072,94653,94653,2132,32,96,95719,95719,191660,191724,1.621209,1.512833,0.311792,0.298583,0.031458,3.464083,3.775875,1,prefill,C2,190
projcos16,projcos,tamper,eval_091,checkpoint_specific,99.0,1.5,256,1024,3072,94583,94583,2132,32,96,95649,95649,191520,191584,1.520584,1.661292,0.346208,0.335916,0.039875,3.557667,3.903875,1,prefill,C2,190
projcos16,projcos,tamper,eval_092,checkpoint_specific,99.0,1.5,256,1024,3072,102324,102324,2132,32,96,103390,103390,207002,207066,1.651584,1.534542,0.317041,0.303,0.032417,3.521543,3.838584,1,prefill,C2,190
projcos16,projcos,tamper,eval_093,checkpoint_specific,99.0,1.5,256,1024,3072,87015,87015,2132,32,96,88081,88081,176384,176448,1.501708,1.491542,0.308375,0.364542,0.035834,3.393626,3.702001,1,prefill,C2,190
projcos16,projcos,tamper,eval_094,checkpoint_specific,99.0,1.5,256,1024,3072,87058,87058,2132,32,96,88124,88124,176470,176534,1.703875,1.552416,0.311541,0.299417,0.032667,3.588375,3.899916,1,prefill,C2,190
projcos16,projcos,tamper,eval_095,checkpoint_specific,99.0,1.5,256,1024,3072,86952,86952,2132,32,96,88018,88018,176258,176322,1.540916,1.496125,0.323959,0.299667,0.032709,3.369417,3.693376,1,prefill,C2,190
projcos16,projcos,tamper,eval_096,checkpoint_specific,99.0,1.5,256,1024,3072,87127,87127,2132,32,96,88193,88193,176608,176672,1.664417,1.510041,0.317167,0.295417,0.031708,3.501583,3.81875,1,prefill,C2,190
projcos16,projcos,tamper,eval_097,checkpoint_specific,99.0,1.5,256,1024,3072,117750,117750,2132,32,96,118816,118816,237854,237918,1.663334,1.568416,0.343292,0.327917,0.032334,3.592001,3.935293,1,prefill,C2,190
projcos16,projcos,tamper,eval_098,checkpoint_specific,99.0,1.5,256,1024,3072,117759,117759,2132,32,96,118825,118825,237872,237936,1.657958,1.556084,0.33425,0.30875,0.0325,3.555292,3.889542,1,prefill,C2,190
projcos16,projcos,tamper,eval_099,checkpoint_specific,99.0,1.5,256,1024,3072,117780,117780,2132,32,96,118846,118846,237914,237978,1.583041,1.541,0.43175,0.32275,0.032,3.478791,3.910541,1,prefill,C2,190
projcos16,projcos,tamper,eval_100,checkpoint_specific,99.0,1.5,256,1024,3072,87059,87059,2132,32,96,88125,88125,176472,176536,1.671542,1.550458,0.318041,0.302167,0.032334,3.556501,3.874542,1,prefill,C2,190
projcos16,projcos,tamper,eval_101,checkpoint_specific,99.0,1.5,256,1024,3072,94700,94700,2132,32,96,95766,95766,191754,191818,1.502375,1.491792,0.310791,0.308084,0.037208,3.339459,3.65025,1,prefill,C2,190
projcos16,projcos,tamper,eval_102,checkpoint_specific,99.0,1.5,256,1024,3072,102373,102373,2132,32,96,103439,103439,207100,207164,1.639667,1.616208,0.325458,0.309375,0.033042,3.598292,3.92375,1,prefill,C2,190
projcos16,projcos,tamper,eval_103,checkpoint_specific,99.0,1.5,256,1024,3072,87158,87158,2132,32,96,88224,88224,176670,176734,1.499833,1.45875,0.307708,0.297416,0.029416,3.285415,3.593123,1,prefill,C2,190
projcos16,projcos,tamper,eval_104,checkpoint_specific,99.0,1.5,256,1024,3072,87146,87146,2132,32,96,88212,88212,176646,176710,1.567625,1.575791,0.322375,0.302167,0.032584,3.478167,3.800542,1,prefill,C2,190
projcos16,projcos,tamper,eval_105,checkpoint_specific,99.0,1.5,256,1024,3072,87135,87135,2132,32,96,88201,88201,176624,176688,1.568584,1.482458,0.305208,0.294792,0.03175,3.377584,3.682792,1,prefill,C2,190
projcos16,projcos,tamper,eval_106,checkpoint_specific,99.0,1.5,256,1024,3072,87115,87115,2132,32,96,88181,88181,176584,176648,1.524125,1.594917,0.317875,0.307375,0.03225,3.458667,3.776542,1,prefill,C2,190
projcos16,projcos,tamper,eval_107,checkpoint_specific,99.0,1.5,256,1024,3072,117810,117810,2132,32,96,118876,118876,237974,238038,1.6525,1.583083,0.335792,0.400875,0.0325,3.668958,4.00475,1,prefill,C2,190
projcos16,projcos,tamper,eval_108,checkpoint_specific,99.0,1.5,256,1024,3072,117838,117838,2132,32,96,118904,118904,238030,238094,1.642708,1.654375,0.347041,0.336833,0.033916,3.667832,4.014873,1,prefill,C2,190
projcos16,projcos,tamper,eval_109,checkpoint_specific,99.0,1.5,256,1024,3072,117828,117828,2132,32,96,118894,118894,238010,238074,1.621917,1.564125,0.320709,0.309708,0.033084,3.528834,3.849543,1,prefill,C2,190
projcos16,projcos,tamper,eval_110,checkpoint_specific,99.0,1.5,256,1024,3072,87160,87160,2132,32,96,88226,88226,176674,176738,1.503584,1.651708,0.32025,0.297167,0.032791,3.48525,3.8055,1,prefill,C2,190
projcos16,projcos,tamper,eval_111,checkpoint_specific,99.0,1.5,256,1024,3072,87018,87018,2132,32,96,88084,88084,176390,176454,1.546167,1.455333,0.302583,0.296709,0.031333,3.329542,3.632125,1,prefill,C2,190
projcos16,projcos,tamper,eval_112,checkpoint_specific,99.0,1.5,256,1024,3072,94785,94785,2132,32,96,95851,95851,191924,191988,1.536875,1.566167,0.313584,0.325417,0.031084,3.459543,3.773127,1,prefill,C2,190
projcos16,projcos,tamper,eval_113,checkpoint_specific,99.0,1.5,256,1024,3072,79413,79413,2132,32,96,80479,80479,161180,161244,1.568042,1.5865,0.309459,0.295709,0.032458,3.482709,3.792168,1,prefill,C2,190
projcos16,projcos,tamper,eval_114,checkpoint_specific,99.0,1.5,256,1024,3072,79398,79398,2132,32,96,80464,80464,161150,161214,1.487125,1.478041,0.316708,0.297625,0.0285,3.291291,3.607999,1,prefill,C2,190
projcos16,projcos,tamper,eval_115,checkpoint_specific,99.0,1.5,256,1024,3072,79342,79342,2132,32,96,80408,80408,161038,161102,1.576125,1.505042,0.310208,0.293208,0.032083,3.406458,3.716666,1,prefill,C2,190
projcos16,projcos,tamper,eval_116,checkpoint_specific,99.0,1.5,256,1024,3072,79427,79427,2132,32,96,80493,80493,161208,161272,1.5825,1.477292,0.306541,0.287459,0.031625,3.378876,3.685417,1,prefill,C2,190
projcos16,projcos,tamper,eval_117,checkpoint_specific,99.0,1.5,256,1024,3072,110094,110094,2132,32,96,111160,111160,222542,222606,1.707041,1.64175,0.341833,0.312583,0.03625,3.697624,4.039457,1,prefill,C2,190
projcos16,projcos,tamper,eval_118,checkpoint_specific,99.0,1.5,256,1024,3072,110064,110064,2132,32,96,111130,111130,222482,222546,1.64425,1.532,0.326,0.33,0.032541,3.538791,3.864791,1,prefill,C2,190
projcos16,projcos,tamper,eval_119,checkpoint_specific,99.0,1.5,256,1024,3072,110108,110108,2132,32,96,111174,111174,222570,222634,1.692375,1.642291,0.328125,0.298166,0.030791,3.663623,3.991748,1,prefill,C2,190
projcos16,projcos,tamper,eval_120,checkpoint_specific,99.0,1.5,256,1024,3072,79443,79443,2132,32,96,80509,80509,161240,161304,1.60925,1.528583,0.318583,0.293792,0.033,3.464625,3.783208,1,prefill,C2,190
projcos16,projcos,tamper,eval_121,checkpoint_specific,99.0,1.5,256,1024,3072,125386,125386,2132,32,96,126452,126452,253126,253190,1.698166,1.888875,0.36275,0.3185,0.036917,3.942458,4.305208,1,prefill,C2,190
projcos16,projcos,tamper,eval_122,checkpoint_specific,99.0,1.5,256,1024,3072,133104,133104,2132,32,96,134170,134170,268562,268626,1.729,1.569625,0.370583,0.348334,0.030833,3.677792,4.048375,1,prefill,C2,190
projcos16,projcos,tamper,eval_123,checkpoint_specific,99.0,1.5,256,1024,3072,117705,117705,2132,32,96,118771,118771,237764,237828,1.687709,1.682292,0.34975,0.316208,0.034625,3.720834,4.070584,1,prefill,C2,190
projcos16,projcos,tamper,eval_124,checkpoint_specific,99.0,1.5,256,1024,3072,117871,117871,2132,32,96,118937,118937,238096,238160,1.740458,1.640542,0.331292,0.318417,0.031333,3.73075,4.062042,1,prefill,C2,190
projcos16,projcos,tamper,eval_125,checkpoint_specific,99.0,1.5,256,1024,3072,117680,117680,2132,32,96,118746,118746,237714,237778,1.768792,1.69575,0.339167,0.318416,0.03725,3.820208,4.159375,1,prefill,C2,190
projcos16,projcos,tamper,eval_126,checkpoint_specific,99.0,1.5,256,1024,3072,117799,117799,2132,32,96,118865,118865,237952,238016,1.635375,1.584,0.326166,0.429708,0.03225,3.681333,4.007499,1,prefill,C2,190
projcos16,projcos,tamper,eval_127,checkpoint_specific,99.0,1.5,256,1024,3072,148349,148349,2132,32,96,149415,149415,299052,299116,1.776375,1.695291,0.379291,0.344666,0.03275,3.849082,4.228373,1,prefill,C2,190
projcos16,projcos,tamper,eval_128,checkpoint_specific,99.0,1.5,256,1024,3072,148283,148283,2132,32,96,149349,149349,298920,298984,1.682375,1.67575,0.369208,0.354417,0.036958,3.7495,4.118708,1,prefill,C2,190
projcos16,projcos,tamper,eval_129,checkpoint_specific,99.0,1.5,256,1024,3072,148312,148312,2132,32,96,149378,149378,298978,299042,1.78775,1.727375,0.367333,0.339,0.031792,3.885917,4.25325,1,prefill,C2,190
projcos16,projcos,tamper,eval_130,checkpoint_specific,99.0,1.5,256,1024,3072,117825,117825,2132,32,96,118891,118891,238004,238068,1.58925,1.5565,0.368375,0.318167,0.033875,3.497792,3.866167,1,prefill,C2,190
projcos16,projcos,tamper,eval_131,checkpoint_specific,99.0,1.5,256,1024,3072,94679,94679,2132,32,96,95745,95745,191712,191776,1.64825,1.567916,0.323833,0.300417,0.032167,3.54875,3.872583,1,prefill,C2,190
projcos16,projcos,tamper,eval_132,checkpoint_specific,99.0,1.5,256,1024,3072,102344,102344,2132,32,96,103410,103410,207042,207106,1.648375,1.544708,0.320125,0.303958,0.031875,3.528916,3.849041,1,prefill,C2,190
projcos16,projcos,tamper,eval_133,checkpoint_specific,99.0,1.5,256,1024,3072,87095,87095,2132,32,96,88161,88161,176544,176608,1.649875,1.661,0.332917,0.300666,0.035458,3.646999,3.979916,1,prefill,C2,190
projcos16,projcos,tamper,eval_134,checkpoint_specific,99.0,1.5,256,1024,3072,87056,87056,2132,32,96,88122,88122,176466,176530,1.511,1.477333,0.314375,0.392708,0.03,3.411041,3.725416,1,prefill,C2,190
projcos16,projcos,tamper,eval_135,checkpoint_specific,99.0,1.5,256,1024,3072,86993,86993,2132,32,96,88059,88059,176340,176404,1.728583,1.580458,0.336125,0.290083,0.039209,3.638333,3.974458,1,prefill,C2,190
projcos16,projcos,tamper,eval_136,checkpoint_specific,99.0,1.5,256,1024,3072,87088,87088,2132,32,96,88154,88154,176530,176594,1.60125,1.536166,0.318709,0.301625,0.031167,3.470208,3.788917,1,prefill,C2,190
projcos16,projcos,tamper,eval_137,checkpoint_specific,99.0,1.5,256,1024,3072,117719,117719,2132,32,96,118785,118785,237792,237856,1.702041,1.745458,0.346042,0.312708,0.034208,3.794415,4.140457,1,prefill,C2,190
projcos16,projcos,tamper,eval_138,checkpoint_specific,99.0,1.5,256,1024,3072,117798,117798,2132,32,96,118864,118864,237950,238014,1.62825,1.538625,0.318209,0.308042,0.031625,3.506542,3.824751,1,prefill,C2,190
projcos16,projcos,tamper,eval_139,checkpoint_specific,99.0,1.5,256,1024,3072,117874,117874,2132,32,96,118940,118940,238102,238166,1.646666,1.606584,0.338459,0.314667,0.034209,3.602126,3.940585,1,prefill,C2,190
projcos16,projcos,tamper,eval_140,checkpoint_specific,99.0,1.5,256,1024,3072,87075,87075,2132,32,96,88141,88141,176504,176568,1.686125,1.51025,0.310542,0.29675,0.032584,3.525709,3.836251,1,prefill,C2,190
projcos16,projcos,tamper,eval_141,checkpoint_specific,99.0,1.5,256,1024,3072,94617,94617,2132,32,96,95683,95683,191588,191652,1.616833,1.631291,0.349333,0.305,0.037083,3.590207,3.93954,1,prefill,C2,190
projcos16,projcos,tamper,eval_142,checkpoint_specific,99.0,1.5,256,1024,3072,102410,102410,2132,32,96,103476,103476,207174,207238,1.597125,1.549833,0.327167,0.305084,0.034333,3.486375,3.813542,1,prefill,C2,190
projcos16,projcos,tamper,eval_143,checkpoint_specific,99.0,1.5,256,1024,3072,87113,87113,2132,32,96,88179,88179,176580,176644,1.681459,1.59,0.334375,0.309667,0.030834,3.61196,3.946335,1,prefill,C2,190
projcos16,projcos,tamper,eval_144,checkpoint_specific,99.0,1.5,256,1024,3072,87139,87139,2132,32,96,88205,88205,176632,176696,1.561,1.511,0.310833,0.298792,0.028834,3.399626,3.710459,1,prefill,C2,190
projcos16,projcos,tamper,eval_145,checkpoint_specific,99.0,1.5,256,1024,3072,86952,86952,2132,32,96,88018,88018,176258,176322,1.578916,1.599458,0.332,0.297125,0.041042,3.516541,3.848541,1,prefill,C2,190
projcos16,projcos,tamper,eval_146,checkpoint_specific,99.0,1.5,256,1024,3072,87084,87084,2132,32,96,88150,88150,176522,176586,1.551959,1.495292,0.304417,0.29575,0.031208,3.374209,3.678626,1,prefill,C2,190
projcos16,projcos,tamper,eval_147,checkpoint_specific,99.0,1.5,256,1024,3072,117827,117827,2132,32,96,118893,118893,238008,238072,1.578041,1.628667,0.338792,0.306417,0.035042,3.548167,3.886959,1,prefill,C2,190
projcos16,projcos,tamper,eval_148,checkpoint_specific,99.0,1.5,256,1024,3072,117775,117775,2132,32,96,118841,118841,237904,237968,1.656917,1.723125,0.335667,0.311833,0.032209,3.724084,4.059751,1,prefill,C2,190
projcos16,projcos,tamper,eval_149,checkpoint_specific,99.0,1.5,256,1024,3072,117819,117819,2132,32,96,118885,118885,237992,238056,1.610083,1.617667,0.3455,0.313666,0.036084,3.5775,3.923,1,prefill,C2,190
projcos16,projcos,tamper,eval_150,checkpoint_specific,99.0,1.5,256,1024,3072,87077,87077,2132,32,96,88143,88143,176508,176572,1.70925,1.537958,0.325416,0.3045,0.035,3.586708,3.912124,1,prefill,C2,190
projcos16,projcos,tamper,eval_151,checkpoint_specific,99.0,1.5,256,1024,3072,110135,110135,2132,32,96,111201,111201,222624,222688,1.702292,1.630667,0.33525,0.303542,0.036667,3.673168,4.008418,1,prefill,C2,190
projcos16,projcos,tamper,eval_152,checkpoint_specific,99.0,1.5,256,1024,3072,117832,117832,2132,32,96,118898,118898,238018,238082,1.687666,1.648208,0.34575,0.325833,0.036417,3.698124,4.043874,1,prefill,C2,190
projcos16,projcos,tamper,eval_153,checkpoint_specific,99.0,1.5,256,1024,3072,102417,102417,2132,32,96,103483,103483,207188,207252,1.646583,1.836,0.364708,0.436583,0.038708,3.957874,4.322582,1,prefill,C2,190
projcos16,projcos,tamper,eval_154,checkpoint_specific,99.0,1.5,256,1024,3072,102552,102552,2132,32,96,103618,103618,207458,207522,1.670708,1.538833,0.324791,0.307625,0.032083,3.549249,3.87404,1,prefill,C2,190
projcos16,projcos,tamper,eval_155,checkpoint_specific,99.0,1.5,256,1024,3072,102403,102403,2132,32,96,103469,103469,207160,207224,1.598,1.816833,0.37325,0.322667,0.041417,3.778917,4.152167,1,prefill,C2,190
projcos16,projcos,tamper,eval_156,checkpoint_specific,99.0,1.5,256,1024,3072,102452,102452,2132,32,96,103518,103518,207258,207322,1.729709,1.607,0.323792,0.303833,0.033583,3.674125,3.997917,1,prefill,C2,190
projcos16,projcos,tamper,eval_157,checkpoint_specific,99.0,1.5,256,1024,3072,133180,133180,2132,32,96,134246,134246,268714,268778,1.612084,1.726458,0.42075,0.402083,0.0355,3.776125,4.196875,1,prefill,C2,190
projcos16,projcos,tamper,eval_158,checkpoint_specific,99.0,1.5,256,1024,3072,133159,133159,2132,32,96,134225,134225,268672,268736,1.709625,1.58725,0.362208,0.342458,0.03175,3.671083,4.033291,1,prefill,C2,190
projcos16,projcos,tamper,eval_159,checkpoint_specific,99.0,1.5,256,1024,3072,133204,133204,2132,32,96,134270,134270,268762,268826,1.757125,1.750292,0.431625,0.343167,0.0355,3.886084,4.317709,1,prefill,C2,190
projcos16,projcos,tamper,eval_160,checkpoint_specific,99.0,1.5,256,1024,3072,102561,102561,2132,32,96,103627,103627,207476,207540,1.707959,1.618,0.345417,0.309459,0.03925,3.674668,4.020085,1,prefill,C2,190
projcos16,projcos,tamper,eval_161,checkpoint_specific,99.0,1.5,256,1024,3072,102359,102359,2132,32,96,103425,103425,207072,207136,1.722042,1.968209,0.344542,0.302041,0.037333,4.029625,4.374167,1,prefill,C2,190
projcos16,projcos,tamper,eval_162,checkpoint_specific,99.0,1.5,256,1024,3072,110073,110073,2132,32,96,111139,111139,222500,222564,1.672,1.550125,0.322916,0.307125,0.033167,3.562417,3.885333,1,prefill,C2,190
projcos16,projcos,tamper,eval_163,checkpoint_specific,99.0,1.5,256,1024,3072,94753,94753,2132,32,96,95819,95819,191860,191924,1.579375,1.7565,0.338541,0.302958,0.035,3.673833,4.012374,1,prefill,C2,190
projcos16,projcos,tamper,eval_164,checkpoint_specific,99.0,1.5,256,1024,3072,94714,94714,2132,32,96,95780,95780,191782,191846,1.709334,1.548958,0.3195,0.305708,0.0335,3.5975,3.917,1,prefill,C2,190
projcos16,projcos,tamper,eval_165,checkpoint_specific,99.0,1.5,256,1024,3072,94710,94710,2132,32,96,95776,95776,191774,191838,1.6215,1.600459,0.341167,0.302292,0.033292,3.557543,3.89871,1,prefill,C2,190
projcos16,projcos,tamper,eval_166,checkpoint_specific,99.0,1.5,256,1024,3072,94768,94768,2132,32,96,95834,95834,191890,191954,1.529917,1.491708,0.30825,0.296792,0.0315,3.349917,3.658167,1,prefill,C2,190
projcos16,projcos,tamper,eval_167,checkpoint_specific,99.0,1.5,256,1024,3072,125421,125421,2132,32,96,126487,126487,253196,253260,1.666042,1.683042,0.367,0.3095,0.037875,3.696459,4.063459,1,prefill,C2,190
projcos16,projcos,tamper,eval_168,checkpoint_specific,99.0,1.5,256,1024,3072,125426,125426,2132,32,96,126492,126492,253206,253270,1.76975,1.67025,0.340416,0.652583,0.068958,4.161541,4.501957,1,prefill,C2,190
projcos16,projcos,tamper,eval_169,checkpoint_specific,99.0,1.5,256,1024,3072,125488,125488,2132,32,96,126554,126554,253330,253394,2.035,1.81225,0.359208,0.318209,0.036166,4.201625,4.560833,1,prefill,C2,190
projcos16,projcos,tamper,eval_170,checkpoint_specific,99.0,1.5,256,1024,3072,94781,94781,2132,32,96,95847,95847,191916,191980,1.533875,1.508542,0.316833,0.312583,0.032542,3.387542,3.704375,1,prefill,C2,190
projcos16,projcos,tamper,eval_171,checkpoint_specific,99.0,1.5,256,1024,3072,102424,102424,2132,32,96,103490,103490,207202,207266,1.64975,1.627625,0.355042,0.30525,0.036792,3.619417,3.974459,1,prefill,C2,190
projcos16,projcos,tamper,eval_172,checkpoint_specific,99.0,1.5,256,1024,3072,110099,110099,2132,32,96,111165,111165,222552,222616,1.681958,1.534791,0.317625,0.30725,0.032417,3.556416,3.874041,1,prefill,C2,190
projcos16,projcos,tamper,eval_173,checkpoint_specific,99.0,1.5,256,1024,3072,94804,94804,2132,32,96,95870,95870,191962,192026,1.595459,1.66625,0.340167,0.296875,0.034958,3.593542,3.933709,1,prefill,C2,190
projcos16,projcos,tamper,eval_174,checkpoint_specific,99.0,1.5,256,1024,3072,94787,94787,2132,32,96,95853,95853,191928,191992,1.571666,1.478541,0.315959,0.321666,0.036125,3.407998,3.723957,1,prefill,C2,190
projcos16,projcos,tamper,eval_175,checkpoint_specific,99.0,1.5,256,1024,3072,94756,94756,2132,32,96,95822,95822,191866,191930,1.569166,1.634417,0.32275,0.292792,0.030792,3.527167,3.849917,1,prefill,C2,190
projcos16,projcos,tamper,eval_176,checkpoint_specific,99.0,1.5,256,1024,3072,94802,94802,2132,32,96,95868,95868,191958,192022,1.614625,1.632792,0.331,0.306084,0.035416,3.588917,3.919917,1,prefill,C2,190
projcos16,projcos,tamper,eval_177,checkpoint_specific,99.0,1.5,256,1024,3072,125428,125428,2132,32,96,126494,126494,253210,253274,1.644292,1.760375,0.360167,0.318708,0.035792,3.759167,4.119334,1,prefill,C2,190
projcos16,projcos,tamper,eval_178,checkpoint_specific,99.0,1.5,256,1024,3072,125405,125405,2132,32,96,126471,126471,253164,253228,1.650625,1.5955,0.325541,0.31175,0.031959,3.589834,3.915375,1,prefill,C2,190
projcos16,projcos,tamper,eval_179,checkpoint_specific,99.0,1.5,256,1024,3072,125471,125471,2132,32,96,126537,126537,253296,253360,1.633083,1.643666,0.335333,0.317292,0.03125,3.625291,3.960624,1,prefill,C2,190
projcos16,projcos,tamper,eval_180,checkpoint_specific,99.0,1.5,256,1024,3072,94765,94765,2132,32,96,95831,95831,191884,191948,1.8075,1.607791,0.354792,0.300209,0.039083,3.754583,4.109375,1,prefill,C2,190
projcos16,projcos,tamper,eval_181,checkpoint_specific,99.0,1.5,256,1024,3072,102309,102309,2132,32,96,103375,103375,206972,207036,1.685458,1.630042,0.3585,0.306917,0.034625,3.657042,4.015542,1,prefill,C2,190
projcos16,projcos,tamper,eval_182,checkpoint_specific,99.0,1.5,256,1024,3072,109895,109895,2132,32,96,110961,110961,222144,222208,1.614375,1.626292,0.321166,0.309583,0.032,3.58225,3.903416,1,prefill,C2,190
projcos16,projcos,tamper,eval_183,checkpoint_specific,99.0,1.5,256,1024,3072,94722,94722,2132,32,96,95788,95788,191798,191862,1.546875,1.604167,0.336375,0.303417,0.035708,3.490167,3.826542,1,prefill,C2,190
projcos16,projcos,tamper,eval_184,checkpoint_specific,99.0,1.5,256,1024,3072,94570,94570,2132,32,96,95636,95636,191494,191558,1.641375,1.500416,0.3175,0.301417,0.032208,3.475416,3.792916,1,prefill,C2,190
projcos16,projcos,tamper,eval_185,checkpoint_specific,99.0,1.5,256,1024,3072,94672,94672,2132,32,96,95738,95738,191698,191762,1.5545,1.66075,0.311917,0.303625,0.032416,3.551291,3.863208,1,prefill,C2,190
projcos16,projcos,tamper,eval_186,checkpoint_specific,99.0,1.5,256,1024,3072,94661,94661,2132,32,96,95727,95727,191676,191740,1.611583,1.629333,0.313958,0.302167,0.03325,3.576333,3.890291,1,prefill,C2,190
projcos16,projcos,tamper,eval_187,checkpoint_specific,99.0,1.5,256,1024,3072,125291,125291,2132,32,96,126357,126357,252936,253000,1.613875,1.644709,0.330042,0.311667,0.033083,3.603334,3.933376,1,prefill,C2,190
projcos16,projcos,tamper,eval_188,checkpoint_specific,99.0,1.5,256,1024,3072,125342,125342,2132,32,96,126408,126408,253038,253102,1.82975,1.687542,0.352666,0.310625,0.034416,3.862333,4.214999,1,prefill,C2,190
projcos16,projcos,tamper,eval_189,checkpoint_specific,99.0,1.5,256,1024,3072,125401,125401,2132,32,96,126467,126467,253156,253220,1.77925,1.68925,0.354875,0.331875,0.04625,3.846625,4.2015,1,prefill,C2,190
projcos16,projcos,tamper,eval_190,checkpoint_specific,99.0,1.5,256,1024,3072,94685,94685,2132,32,96,95751,95751,191724,191788,1.609208,1.540333,0.324708,0.298709,0.033792,3.482042,3.80675,1,prefill,C2,190
projcos16,projcos,tamper,eval_191,checkpoint_specific,99.0,1.5,256,1024,3072,102365,102365,2132,32,96,103431,103431,207084,207148,1.541417,1.617792,0.331417,0.304875,0.033041,3.497125,3.828542,1,prefill,C2,190
projcos16,projcos,tamper,eval_192,checkpoint_specific,99.0,1.5,256,1024,3072,109963,109963,2132,32,96,111029,111029,222280,222344,1.583541,1.520334,0.3165,0.307709,0.031417,3.443001,3.759501,1,prefill,C2,190
projcos16,projcos,tamper,eval_193,checkpoint_specific,99.0,1.5,256,1024,3072,94729,94729,2132,32,96,95795,95795,191812,191876,1.555667,1.607208,0.318916,0.299959,0.05175,3.514584,3.8335,1,prefill,C2,190
projcos16,projcos,tamper,eval_194,checkpoint_specific,99.0,1.5,256,1024,3072,94732,94732,2132,32,96,95798,95798,191818,191882,1.6535,1.508125,0.337083,0.300708,0.033791,3.496124,3.833207,1,prefill,C2,190
projcos16,projcos,tamper,eval_195,checkpoint_specific,99.0,1.5,256,1024,3072,94608,94608,2132,32,96,95674,95674,191570,191634,1.545041,1.551792,0.33425,0.295917,0.032042,3.424792,3.759042,1,prefill,C2,190
projcos16,projcos,tamper,eval_196,checkpoint_specific,99.0,1.5,256,1024,3072,94721,94721,2132,32,96,95787,95787,191796,191860,1.83975,1.652708,0.326792,0.296875,0.031958,3.821291,4.148083,1,prefill,C2,190
projcos16,projcos,tamper,eval_197,checkpoint_specific,99.0,1.5,256,1024,3072,125292,125292,2132,32,96,126358,126358,252938,253002,1.77575,1.68975,0.342334,0.31375,0.032334,3.811584,4.153918,1,prefill,C2,190
projcos16,projcos,tamper,eval_198,checkpoint_specific,99.0,1.5,256,1024,3072,125348,125348,2132,32,96,126414,126414,253050,253114,1.747375,1.597041,0.32725,0.315708,0.083834,3.743958,4.071208,1,prefill,C2,190
projcos16,projcos,tamper,eval_199,checkpoint_specific,99.0,1.5,256,1024,3072,125330,125330,2132,32,96,126396,126396,253014,253078,1.701084,1.6275,0.3695,0.326333,0.034625,3.689542,4.059042,1,prefill,C2,190
projcos16,projcos,tamper,eval_200,checkpoint_specific,99.0,1.5,256,1024,3072,94667,94667,2132,32,96,95733,95733,191688,191752,1.583666,1.579333,0.316208,0.301375,0.032375,3.496749,3.812957,1,prefill,C2,190
