prompt_id,checkpoint,n,q,rho,attack,support_size,selection_combined,statistic,test_rate,relative_l2,cosine_after_attack
eval_001,prefill__C1,16384,64,0.0,honest,0,,spike,0.00439453125,0.0,0.9999927276506787
eval_001,prefill__C1,16384,64,0.0,honest,0,,energy,0.00439453125,0.0,0.9999927276506787
eval_001,prefill__C1,16384,64,0.0,honest,0,,directional,0.00439453125,0.0,0.9999927276506787
eval_001,prefill__C1,16384,64,0.0,honest,0,,combined,0.00634765625,0.0,0.9999927276506787
eval_001,prefill__C1,16384,64,0.01,fixed_diffuse,16384,1.0,spike,0.00244140625,0.010000000000000004,0.999942643385097
eval_001,prefill__C1,16384,64,0.01,fixed_diffuse,16384,1.0,energy,1.0,0.010000000000000004,0.999942643385097
eval_001,prefill__C1,16384,64,0.01,fixed_diffuse,16384,1.0,directional,0.1845703125,0.010000000000000004,0.999942643385097
eval_001,prefill__C1,16384,64,0.01,fixed_diffuse,16384,1.0,combined,1.0,0.010000000000000004,0.999942643385097
eval_001,prefill__C1,16384,64,0.01,fixed_directional,16371,1.0,spike,0.00244140625,0.010000000000000009,0.9999432916304644
eval_001,prefill__C1,16384,64,0.01,fixed_directional,16371,1.0,energy,1.0,0.010000000000000009,0.9999432916304644
eval_001,prefill__C1,16384,64,0.01,fixed_directional,16371,1.0,directional,0.99755859375,0.010000000000000009,0.9999432916304644
eval_001,prefill__C1,16384,64,0.01,fixed_directional,16371,1.0,combined,1.0,0.010000000000000009,0.9999432916304644
eval_001,prefill__C1,16384,64,0.01,fixed_sparse16,16,0.078125,spike,0.0595703125,0.01,0.9999422445559634
eval_001,prefill__C1,16384,64,0.01,fixed_sparse16,16,0.078125,energy,0.0595703125,0.01,0.9999422445559634
eval_001,prefill__C1,16384,64,0.01,fixed_sparse16,16,0.078125,directional,0.05859375,0.01,0.9999422445559634
eval_001,prefill__C1,16384,64,0.01,fixed_sparse16,16,0.078125,combined,0.06103515625,0.01,0.9999422445559634
eval_001,prefill__C1,16384,64,0.01,adaptive_joint,16,0.04296875,spike,0.04052734375,0.009999999405562664,0.9999422370090076
eval_001,prefill__C1,16384,64,0.01,adaptive_joint,16,0.04296875,energy,0.04052734375,0.009999999405562664,0.9999422370090076
eval_001,prefill__C1,16384,64,0.01,adaptive_joint,16,0.04296875,directional,0.03662109375,0.009999999405562664,0.9999422370090076
eval_001,prefill__C1,16384,64,0.01,adaptive_joint,16,0.04296875,combined,0.04296875,0.009999999405562664,0.9999422370090076
eval_001,prefill__C1,16384,64,0.02,fixed_diffuse,16384,1.0,spike,0.013671875,0.020000000000000007,0.9997914728617174
eval_001,prefill__C1,16384,64,0.02,fixed_diffuse,16384,1.0,energy,1.0,0.020000000000000007,0.9997914728617174
eval_001,prefill__C1,16384,64,0.02,fixed_diffuse,16384,1.0,directional,0.51513671875,0.020000000000000007,0.9997914728617174
eval_001,prefill__C1,16384,64,0.02,fixed_diffuse,16384,1.0,combined,1.0,0.020000000000000007,0.9997914728617174
eval_001,prefill__C1,16384,64,0.02,fixed_directional,16371,1.0,spike,0.0126953125,0.020000000000000018,0.9997931136434115
eval_001,prefill__C1,16384,64,0.02,fixed_directional,16371,1.0,energy,1.0,0.020000000000000018,0.9997931136434115
eval_001,prefill__C1,16384,64,0.02,fixed_directional,16371,1.0,directional,1.0,0.020000000000000018,0.9997931136434115
eval_001,prefill__C1,16384,64,0.02,fixed_directional,16371,1.0,combined,1.0,0.020000000000000018,0.9997931136434115
eval_001,prefill__C1,16384,64,0.02,fixed_sparse16,16,0.0703125,spike,0.07080078125,0.02,0.9997902759975502
eval_001,prefill__C1,16384,64,0.02,fixed_sparse16,16,0.0703125,energy,0.07080078125,0.02,0.9997902759975502
eval_001,prefill__C1,16384,64,0.02,fixed_sparse16,16,0.0703125,directional,0.06884765625,0.02,0.9997902759975502
eval_001,prefill__C1,16384,64,0.02,fixed_sparse16,16,0.0703125,combined,0.072265625,0.02,0.9997902759975502
eval_001,prefill__C1,16384,64,0.02,adaptive_joint,16,0.07421875,spike,0.056640625,0.019999998192912607,0.9997906295118704
eval_001,prefill__C1,16384,64,0.02,adaptive_joint,16,0.07421875,energy,0.05712890625,0.019999998192912607,0.9997906295118704
eval_001,prefill__C1,16384,64,0.02,adaptive_joint,16,0.07421875,directional,0.05615234375,0.019999998192912607,0.9997906295118704
eval_001,prefill__C1,16384,64,0.02,adaptive_joint,16,0.07421875,combined,0.05859375,0.019999998192912607,0.9997906295118704
eval_001,prefill__C1,16384,64,0.05,fixed_diffuse,16384,1.0,spike,0.5517578125,0.05000000000000002,0.9987319856405827
eval_001,prefill__C1,16384,64,0.05,fixed_diffuse,16384,1.0,energy,1.0,0.05000000000000002,0.9987319856405827
eval_001,prefill__C1,16384,64,0.05,fixed_diffuse,16384,1.0,directional,0.77734375,0.05000000000000002,0.9987319856405827
eval_001,prefill__C1,16384,64,0.05,fixed_diffuse,16384,1.0,combined,1.0,0.05000000000000002,0.9987319856405827
eval_001,prefill__C1,16384,64,0.05,fixed_directional,16371,1.0,spike,0.4873046875,0.050000000000000044,0.9987412609462031
eval_001,prefill__C1,16384,64,0.05,fixed_directional,16371,1.0,energy,1.0,0.050000000000000044,0.9987412609462031
eval_001,prefill__C1,16384,64,0.05,fixed_directional,16371,1.0,directional,1.0,0.050000000000000044,0.9987412609462031
eval_001,prefill__C1,16384,64,0.05,fixed_directional,16371,1.0,combined,1.0,0.050000000000000044,0.9987412609462031
eval_001,prefill__C1,16384,64,0.05,fixed_sparse16,16,0.06640625,spike,0.06005859375,0.05,0.9987351854204151
eval_001,prefill__C1,16384,64,0.05,fixed_sparse16,16,0.06640625,energy,0.06005859375,0.05,0.9987351854204151
eval_001,prefill__C1,16384,64,0.05,fixed_sparse16,16,0.06640625,directional,0.06005859375,0.05,0.9987351854204151
eval_001,prefill__C1,16384,64,0.05,fixed_sparse16,16,0.06640625,combined,0.06201171875,0.05,0.9987351854204151
eval_001,prefill__C1,16384,64,0.05,adaptive_joint,16,0.076171875,spike,0.06396484375,0.05000000338884814,0.9987318269003773
eval_001,prefill__C1,16384,64,0.05,adaptive_joint,16,0.076171875,energy,0.06396484375,0.05000000338884814,0.9987318269003773
eval_001,prefill__C1,16384,64,0.05,adaptive_joint,16,0.076171875,directional,0.06298828125,0.05000000338884814,0.9987318269003773
eval_001,prefill__C1,16384,64,0.05,adaptive_joint,16,0.076171875,combined,0.06591796875,0.05000000338884814,0.9987318269003773
eval_001,prefill__C1,16384,128,0.0,honest,0,,spike,0.01171875,0.0,0.9999927276506787
eval_001,prefill__C1,16384,128,0.0,honest,0,,energy,0.01171875,0.0,0.9999927276506787
eval_001,prefill__C1,16384,128,0.0,honest,0,,directional,0.01171875,0.0,0.9999927276506787
eval_001,prefill__C1,16384,128,0.0,honest,0,,combined,0.01171875,0.0,0.9999927276506787
eval_001,prefill__C1,16384,128,0.01,fixed_diffuse,16384,0.001953125,spike,0.01171875,0.010000000000000004,0.999942291016197
eval_001,prefill__C1,16384,128,0.01,fixed_diffuse,16384,0.001953125,energy,0.01171875,0.010000000000000004,0.999942291016197
eval_001,prefill__C1,16384,128,0.01,fixed_diffuse,16384,0.001953125,directional,0.00927734375,0.010000000000000004,0.999942291016197
eval_001,prefill__C1,16384,128,0.01,fixed_diffuse,16384,0.001953125,combined,0.01171875,0.010000000000000004,0.999942291016197
eval_001,prefill__C1,16384,128,0.01,fixed_directional,16371,1.0,spike,0.01171875,0.010000000000000009,0.9999432916304644
eval_001,prefill__C1,16384,128,0.01,fixed_directional,16371,1.0,energy,0.01171875,0.010000000000000009,0.9999432916304644
eval_001,prefill__C1,16384,128,0.01,fixed_directional,16371,1.0,directional,1.0,0.010000000000000009,0.9999432916304644
eval_001,prefill__C1,16384,128,0.01,fixed_directional,16371,1.0,combined,1.0,0.010000000000000009,0.9999432916304644
eval_001,prefill__C1,16384,128,0.01,fixed_sparse16,16,0.001953125,spike,0.01171875,0.01,0.9999422326135301
eval_001,prefill__C1,16384,128,0.01,fixed_sparse16,16,0.001953125,energy,0.01171875,0.01,0.9999422326135301
eval_001,prefill__C1,16384,128,0.01,fixed_sparse16,16,0.001953125,directional,0.01220703125,0.01,0.9999422326135301
eval_001,prefill__C1,16384,128,0.01,fixed_sparse16,16,0.001953125,combined,0.0126953125,0.01,0.9999422326135301
eval_001,prefill__C1,16384,128,0.01,adaptive_joint,16384,0.001953125,spike,0.01171875,0.010000000521357109,0.9999424768448624
eval_001,prefill__C1,16384,128,0.01,adaptive_joint,16384,0.001953125,energy,0.01171875,0.010000000521357109,0.9999424768448624
eval_001,prefill__C1,16384,128,0.01,adaptive_joint,16384,0.001953125,directional,0.00830078125,0.010000000521357109,0.9999424768448624
eval_001,prefill__C1,16384,128,0.01,adaptive_joint,16384,0.001953125,combined,0.01171875,0.010000000521357109,0.9999424768448624
eval_001,prefill__C1,16384,128,0.02,fixed_diffuse,16384,0.03515625,spike,0.01171875,0.020000000000000007,0.9997909006052028
eval_001,prefill__C1,16384,128,0.02,fixed_diffuse,16384,0.03515625,energy,0.01171875,0.020000000000000007,0.9997909006052028
eval_001,prefill__C1,16384,128,0.02,fixed_diffuse,16384,0.03515625,directional,0.03955078125,0.020000000000000007,0.9997909006052028
eval_001,prefill__C1,16384,128,0.02,fixed_diffuse,16384,0.03515625,combined,0.04052734375,0.020000000000000007,0.9997909006052028
eval_001,prefill__C1,16384,128,0.02,fixed_directional,16371,1.0,spike,0.01171875,0.020000000000000018,0.9997931136434115
eval_001,prefill__C1,16384,128,0.02,fixed_directional,16371,1.0,energy,0.01171875,0.020000000000000018,0.9997931136434115
eval_001,prefill__C1,16384,128,0.02,fixed_directional,16371,1.0,directional,1.0,0.020000000000000018,0.9997931136434115
eval_001,prefill__C1,16384,128,0.02,fixed_directional,16371,1.0,combined,1.0,0.020000000000000018,0.9997931136434115
eval_001,prefill__C1,16384,128,0.02,fixed_sparse16,16,0.107421875,spike,0.12939453125,0.02,0.9997918474421935
eval_001,prefill__C1,16384,128,0.02,fixed_sparse16,16,0.107421875,energy,0.12939453125,0.02,0.9997918474421935
eval_001,prefill__C1,16384,128,0.02,fixed_sparse16,16,0.107421875,directional,0.12255859375,0.02,0.9997918474421935
eval_001,prefill__C1,16384,128,0.02,fixed_sparse16,16,0.107421875,combined,0.12939453125,0.02,0.9997918474421935
eval_001,prefill__C1,16384,128,0.02,adaptive_joint,16384,0.01953125,spike,0.01171875,0.020000001372178736,0.9997906035912401
eval_001,prefill__C1,16384,128,0.02,adaptive_joint,16384,0.01953125,energy,0.01171875,0.020000001372178736,0.9997906035912401
eval_001,prefill__C1,16384,128,0.02,adaptive_joint,16384,0.01953125,directional,0.02783203125,0.020000001372178736,0.9997906035912401
eval_001,prefill__C1,16384,128,0.02,adaptive_joint,16384,0.01953125,combined,0.0322265625,0.020000001372178736,0.9997906035912401
eval_001,prefill__C1,16384,128,0.05,fixed_diffuse,16384,1.0,spike,0.01171875,0.05000000000000002,0.9987322323020023
eval_001,prefill__C1,16384,128,0.05,fixed_diffuse,16384,1.0,energy,1.0,0.05000000000000002,0.9987322323020023
eval_001,prefill__C1,16384,128,0.05,fixed_diffuse,16384,1.0,directional,0.34814453125,0.05000000000000002,0.9987322323020023
eval_001,prefill__C1,16384,128,0.05,fixed_diffuse,16384,1.0,combined,1.0,0.05000000000000002,0.9987322323020023
eval_001,prefill__C1,16384,128,0.05,fixed_directional,16371,1.0,spike,0.01171875,0.050000000000000044,0.9987412609462031
eval_001,prefill__C1,16384,128,0.05,fixed_directional,16371,1.0,energy,1.0,0.050000000000000044,0.9987412609462031
eval_001,prefill__C1,16384,128,0.05,fixed_directional,16371,1.0,directional,1.0,0.050000000000000044,0.9987412609462031
eval_001,prefill__C1,16384,128,0.05,fixed_directional,16371,1.0,combined,1.0,0.050000000000000044,0.9987412609462031
eval_001,prefill__C1,16384,128,0.05,fixed_sparse16,16,0.119140625,spike,0.130859375,0.05000000000000001,0.9987314636298289
eval_001,prefill__C1,16384,128,0.05,fixed_sparse16,16,0.119140625,energy,0.130859375,0.05000000000000001,0.9987314636298289
eval_001,prefill__C1,16384,128,0.05,fixed_sparse16,16,0.119140625,directional,0.12890625,0.05000000000000001,0.9987314636298289
eval_001,prefill__C1,16384,128,0.05,fixed_sparse16,16,0.119140625,combined,0.130859375,0.05000000000000001,0.9987314636298289
eval_001,prefill__C1,16384,128,0.05,adaptive_joint,16,0.099609375,spike,0.09765625,0.04999999918559603,0.998738125318863
eval_001,prefill__C1,16384,128,0.05,adaptive_joint,16,0.099609375,energy,0.09814453125,0.04999999918559603,0.998738125318863
eval_001,prefill__C1,16384,128,0.05,adaptive_joint,16,0.099609375,directional,0.09814453125,0.04999999918559603,0.998738125318863
eval_001,prefill__C1,16384,128,0.05,adaptive_joint,16,0.099609375,combined,0.10009765625,0.04999999918559603,0.998738125318863
eval_001,prefill__C1,16384,256,0.0,honest,0,,spike,0.01220703125,0.0,0.9999927276506787
eval_001,prefill__C1,16384,256,0.0,honest,0,,energy,0.01220703125,0.0,0.9999927276506787
eval_001,prefill__C1,16384,256,0.0,honest,0,,directional,0.01220703125,0.0,0.9999927276506787
eval_001,prefill__C1,16384,256,0.0,honest,0,,combined,0.01220703125,0.0,0.9999927276506787
eval_001,prefill__C1,16384,256,0.01,fixed_diffuse,16384,0.013671875,spike,0.01220703125,0.010000000000000004,0.999942116830646
eval_001,prefill__C1,16384,256,0.01,fixed_diffuse,16384,0.013671875,energy,0.01220703125,0.010000000000000004,0.999942116830646
eval_001,prefill__C1,16384,256,0.01,fixed_diffuse,16384,0.013671875,directional,0.01171875,0.010000000000000004,0.999942116830646
eval_001,prefill__C1,16384,256,0.01,fixed_diffuse,16384,0.013671875,combined,0.0146484375,0.010000000000000004,0.999942116830646
eval_001,prefill__C1,16384,256,0.01,fixed_directional,16371,1.0,spike,0.01220703125,0.010000000000000009,0.9999432916304644
eval_001,prefill__C1,16384,256,0.01,fixed_directional,16371,1.0,energy,0.01220703125,0.010000000000000009,0.9999432916304644
eval_001,prefill__C1,16384,256,0.01,fixed_directional,16371,1.0,directional,1.0,0.010000000000000009,0.9999432916304644
eval_001,prefill__C1,16384,256,0.01,fixed_directional,16371,1.0,combined,1.0,0.010000000000000009,0.9999432916304644
eval_001,prefill__C1,16384,256,0.01,fixed_sparse16,16,0.0234375,spike,0.01220703125,0.01,0.9999421860450475
eval_001,prefill__C1,16384,256,0.01,fixed_sparse16,16,0.0234375,energy,0.0146484375,0.01,0.9999421860450475
eval_001,prefill__C1,16384,256,0.01,fixed_sparse16,16,0.0234375,directional,0.021484375,0.01,0.9999421860450475
eval_001,prefill__C1,16384,256,0.01,fixed_sparse16,16,0.0234375,combined,0.02587890625,0.01,0.9999421860450475
eval_001,prefill__C1,16384,256,0.01,adaptive_joint,256,0.01171875,spike,0.01220703125,0.009999999567121418,0.9999424024993295
eval_001,prefill__C1,16384,256,0.01,adaptive_joint,256,0.01171875,energy,0.01220703125,0.009999999567121418,0.9999424024993295
eval_001,prefill__C1,16384,256,0.01,adaptive_joint,256,0.01171875,directional,0.01123046875,0.009999999567121418,0.9999424024993295
eval_001,prefill__C1,16384,256,0.01,adaptive_joint,256,0.01171875,combined,0.01416015625,0.009999999567121418,0.9999424024993295
eval_001,prefill__C1,16384,256,0.02,fixed_diffuse,16384,0.1171875,spike,0.01220703125,0.020000000000000007,0.999791176809006
eval_001,prefill__C1,16384,256,0.02,fixed_diffuse,16384,0.1171875,energy,0.01220703125,0.020000000000000007,0.999791176809006
eval_001,prefill__C1,16384,256,0.02,fixed_diffuse,16384,0.1171875,directional,0.107421875,0.020000000000000007,0.999791176809006
eval_001,prefill__C1,16384,256,0.02,fixed_diffuse,16384,0.1171875,combined,0.11328125,0.020000000000000007,0.999791176809006
eval_001,prefill__C1,16384,256,0.02,fixed_directional,16371,1.0,spike,0.01220703125,0.020000000000000018,0.9997931136434115
eval_001,prefill__C1,16384,256,0.02,fixed_directional,16371,1.0,energy,0.01220703125,0.020000000000000018,0.9997931136434115
eval_001,prefill__C1,16384,256,0.02,fixed_directional,16371,1.0,directional,1.0,0.020000000000000018,0.9997931136434115
eval_001,prefill__C1,16384,256,0.02,fixed_directional,16371,1.0,combined,1.0,0.020000000000000018,0.9997931136434115
eval_001,prefill__C1,16384,256,0.02,fixed_sparse16,16,0.23046875,spike,0.244140625,0.02,0.9997913927259168
eval_001,prefill__C1,16384,256,0.02,fixed_sparse16,16,0.23046875,energy,0.244140625,0.02,0.9997913927259168
eval_001,prefill__C1,16384,256,0.02,fixed_sparse16,16,0.23046875,directional,0.21875,0.02,0.9997913927259168
eval_001,prefill__C1,16384,256,0.02,fixed_sparse16,16,0.23046875,combined,0.244140625,0.02,0.9997913927259168
eval_001,prefill__C1,16384,256,0.02,adaptive_joint,16384,0.099609375,spike,0.01220703125,0.019999996423903838,0.9997908210213896
eval_001,prefill__C1,16384,256,0.02,adaptive_joint,16384,0.099609375,energy,0.01220703125,0.019999996423903838,0.9997908210213896
eval_001,prefill__C1,16384,256,0.02,adaptive_joint,16384,0.099609375,directional,0.10302734375,0.019999996423903838,0.9997908210213896
eval_001,prefill__C1,16384,256,0.02,adaptive_joint,16384,0.099609375,combined,0.107421875,0.019999996423903838,0.9997908210213896
eval_001,prefill__C1,16384,256,0.05,fixed_diffuse,16384,1.0,spike,0.01220703125,0.05000000000000002,0.9987371684507692
eval_001,prefill__C1,16384,256,0.05,fixed_diffuse,16384,1.0,energy,1.0,0.05000000000000002,0.9987371684507692
eval_001,prefill__C1,16384,256,0.05,fixed_diffuse,16384,1.0,directional,0.513671875,0.05000000000000002,0.9987371684507692
eval_001,prefill__C1,16384,256,0.05,fixed_diffuse,16384,1.0,combined,1.0,0.05000000000000002,0.9987371684507692
eval_001,prefill__C1,16384,256,0.05,fixed_directional,16371,1.0,spike,0.01220703125,0.050000000000000044,0.9987412609462031
eval_001,prefill__C1,16384,256,0.05,fixed_directional,16371,1.0,energy,1.0,0.050000000000000044,0.9987412609462031
eval_001,prefill__C1,16384,256,0.05,fixed_directional,16371,1.0,directional,1.0,0.050000000000000044,0.9987412609462031
eval_001,prefill__C1,16384,256,0.05,fixed_directional,16371,1.0,combined,1.0,0.050000000000000044,0.9987412609462031
eval_001,prefill__C1,16384,256,0.05,fixed_sparse16,16,0.21875,spike,0.2275390625,0.05000000000000001,0.9987327043075919
eval_001,prefill__C1,16384,256,0.05,fixed_sparse16,16,0.21875,energy,0.2275390625,0.05000000000000001,0.9987327043075919
eval_001,prefill__C1,16384,256,0.05,fixed_sparse16,16,0.21875,directional,0.216796875,0.05000000000000001,0.9987327043075919
eval_001,prefill__C1,16384,256,0.05,fixed_sparse16,16,0.21875,combined,0.2275390625,0.05000000000000001,0.9987327043075919
eval_001,prefill__C1,16384,256,0.05,adaptive_joint,16,0.234375,spike,0.2021484375,0.05000000260646112,0.9987346533122429
eval_001,prefill__C1,16384,256,0.05,adaptive_joint,16,0.234375,energy,0.2021484375,0.05000000260646112,0.9987346533122429
eval_001,prefill__C1,16384,256,0.05,adaptive_joint,16,0.234375,directional,0.1943359375,0.05000000260646112,0.9987346533122429
eval_001,prefill__C1,16384,256,0.05,adaptive_joint,16,0.234375,combined,0.2021484375,0.05000000260646112,0.9987346533122429
eval_001,prefill__C1,16384,512,0.0,honest,0,,spike,0.03515625,0.0,0.9999927276506787
eval_001,prefill__C1,16384,512,0.0,honest,0,,energy,0.03515625,0.0,0.9999927276506787
eval_001,prefill__C1,16384,512,0.0,honest,0,,directional,0.0234375,0.0,0.9999927276506787
eval_001,prefill__C1,16384,512,0.0,honest,0,,combined,0.03515625,0.0,0.9999927276506787
eval_001,prefill__C1,16384,512,0.01,fixed_diffuse,16384,0.04296875,spike,0.03515625,0.010000000000000004,0.9999426211762481
eval_001,prefill__C1,16384,512,0.01,fixed_diffuse,16384,0.04296875,energy,0.03515625,0.010000000000000004,0.9999426211762481
eval_001,prefill__C1,16384,512,0.01,fixed_diffuse,16384,0.04296875,directional,0.0234375,0.010000000000000004,0.9999426211762481
eval_001,prefill__C1,16384,512,0.01,fixed_diffuse,16384,0.04296875,combined,0.0400390625,0.010000000000000004,0.9999426211762481
eval_001,prefill__C1,16384,512,0.01,fixed_directional,16371,1.0,spike,0.03515625,0.010000000000000009,0.9999432916304644
eval_001,prefill__C1,16384,512,0.01,fixed_directional,16371,1.0,energy,0.03515625,0.010000000000000009,0.9999432916304644
eval_001,prefill__C1,16384,512,0.01,fixed_directional,16371,1.0,directional,1.0,0.010000000000000009,0.9999432916304644
eval_001,prefill__C1,16384,512,0.01,fixed_directional,16371,1.0,combined,1.0,0.010000000000000009,0.9999432916304644
eval_001,prefill__C1,16384,512,0.01,fixed_sparse16,16,0.064453125,spike,0.03515625,0.01,0.9999422707758546
eval_001,prefill__C1,16384,512,0.01,fixed_sparse16,16,0.064453125,energy,0.03662109375,0.01,0.9999422707758546
eval_001,prefill__C1,16384,512,0.01,fixed_sparse16,16,0.064453125,directional,0.0419921875,0.01,0.9999422707758546
eval_001,prefill__C1,16384,512,0.01,fixed_sparse16,16,0.064453125,combined,0.05517578125,0.01,0.9999422707758546
eval_001,prefill__C1,16384,512,0.01,adaptive_joint,16384,0.03515625,spike,0.03515625,0.009999997289632287,0.9999427354261837
eval_001,prefill__C1,16384,512,0.01,adaptive_joint,16384,0.03515625,energy,0.03515625,0.009999997289632287,0.9999427354261837
eval_001,prefill__C1,16384,512,0.01,adaptive_joint,16384,0.03515625,directional,0.02294921875,0.009999997289632287,0.9999427354261837
eval_001,prefill__C1,16384,512,0.01,adaptive_joint,16384,0.03515625,combined,0.04248046875,0.009999997289632287,0.9999427354261837
eval_001,prefill__C1,16384,512,0.02,fixed_diffuse,16384,0.185546875,spike,0.03515625,0.020000000000000007,0.99979055871203
eval_001,prefill__C1,16384,512,0.02,fixed_diffuse,16384,0.185546875,energy,0.03515625,0.020000000000000007,0.99979055871203
eval_001,prefill__C1,16384,512,0.02,fixed_diffuse,16384,0.185546875,directional,0.19091796875,0.020000000000000007,0.99979055871203
eval_001,prefill__C1,16384,512,0.02,fixed_diffuse,16384,0.185546875,combined,0.2041015625,0.020000000000000007,0.99979055871203
eval_001,prefill__C1,16384,512,0.02,fixed_directional,16371,1.0,spike,0.03515625,0.020000000000000018,0.9997931136434115
eval_001,prefill__C1,16384,512,0.02,fixed_directional,16371,1.0,energy,0.03515625,0.020000000000000018,0.9997931136434115
eval_001,prefill__C1,16384,512,0.02,fixed_directional,16371,1.0,directional,1.0,0.020000000000000018,0.9997931136434115
eval_001,prefill__C1,16384,512,0.02,fixed_directional,16371,1.0,combined,1.0,0.020000000000000018,0.9997931136434115
eval_001,prefill__C1,16384,512,0.02,fixed_sparse16,16,0.40625,spike,0.42626953125,0.020000000000000004,0.9997914564324121
eval_001,prefill__C1,16384,512,0.02,fixed_sparse16,16,0.40625,energy,0.42626953125,0.020000000000000004,0.9997914564324121
eval_001,prefill__C1,16384,512,0.02,fixed_sparse16,16,0.40625,directional,0.2509765625,0.020000000000000004,0.9997914564324121
eval_001,prefill__C1,16384,512,0.02,fixed_sparse16,16,0.40625,combined,0.42626953125,0.020000000000000004,0.9997914564324121
eval_001,prefill__C1,16384,512,0.02,adaptive_joint,16384,0.181640625,spike,0.03515625,0.02000000349545249,0.9997918076552617
eval_001,prefill__C1,16384,512,0.02,adaptive_joint,16384,0.181640625,energy,0.03515625,0.02000000349545249,0.9997918076552617
eval_001,prefill__C1,16384,512,0.02,adaptive_joint,16384,0.181640625,directional,0.15625,0.02000000349545249,0.9997918076552617
eval_001,prefill__C1,16384,512,0.02,adaptive_joint,16384,0.181640625,combined,0.173828125,0.02000000349545249,0.9997918076552617
eval_001,prefill__C1,16384,512,0.05,fixed_diffuse,16384,1.0,spike,0.03515625,0.05000000000000002,0.9987303529174919
eval_001,prefill__C1,16384,512,0.05,fixed_diffuse,16384,1.0,energy,1.0,0.05000000000000002,0.9987303529174919
eval_001,prefill__C1,16384,512,0.05,fixed_diffuse,16384,1.0,directional,0.56787109375,0.05000000000000002,0.9987303529174919
eval_001,prefill__C1,16384,512,0.05,fixed_diffuse,16384,1.0,combined,1.0,0.05000000000000002,0.9987303529174919
eval_001,prefill__C1,16384,512,0.05,fixed_directional,16371,1.0,spike,0.03515625,0.050000000000000044,0.9987412609462031
eval_001,prefill__C1,16384,512,0.05,fixed_directional,16371,1.0,energy,1.0,0.050000000000000044,0.9987412609462031
eval_001,prefill__C1,16384,512,0.05,fixed_directional,16371,1.0,directional,1.0,0.050000000000000044,0.9987412609462031
eval_001,prefill__C1,16384,512,0.05,fixed_directional,16371,1.0,combined,1.0,0.050000000000000044,0.9987412609462031
eval_001,prefill__C1,16384,512,0.05,fixed_sparse16,16,0.380859375,spike,0.43359375,0.05,0.9987331199616122
eval_001,prefill__C1,16384,512,0.05,fixed_sparse16,16,0.380859375,energy,0.43359375,0.05,0.9987331199616122
eval_001,prefill__C1,16384,512,0.05,fixed_sparse16,16,0.380859375,directional,0.40625,0.05,0.9987331199616122
eval_001,prefill__C1,16384,512,0.05,fixed_sparse16,16,0.380859375,combined,0.43359375,0.05,0.9987331199616122
eval_001,prefill__C1,16384,512,0.05,adaptive_joint,16,0.357421875,spike,0.337890625,0.049999999845107244,0.9987336383513571
eval_001,prefill__C1,16384,512,0.05,adaptive_joint,16,0.357421875,energy,0.3388671875,0.049999999845107244,0.9987336383513571
eval_001,prefill__C1,16384,512,0.05,adaptive_joint,16,0.357421875,directional,0.31591796875,0.049999999845107244,0.9987336383513571
eval_001,prefill__C1,16384,512,0.05,adaptive_joint,16,0.357421875,combined,0.34521484375,0.049999999845107244,0.9987336383513571
eval_001,prefill__C2,16384,64,0.0,honest,0,,spike,0.00830078125,0.0,0.9999924775332905
eval_001,prefill__C2,16384,64,0.0,honest,0,,energy,0.0078125,0.0,0.9999924775332905
eval_001,prefill__C2,16384,64,0.0,honest,0,,directional,0.0078125,0.0,0.9999924775332905
eval_001,prefill__C2,16384,64,0.0,honest,0,,combined,0.0107421875,0.0,0.9999924775332905
eval_001,prefill__C2,16384,64,0.01,fixed_diffuse,16384,1.0,spike,0.0068359375,0.010000000000000004,0.9999420233034686
eval_001,prefill__C2,16384,64,0.01,fixed_diffuse,16384,1.0,energy,1.0,0.010000000000000004,0.9999420233034686
eval_001,prefill__C2,16384,64,0.01,fixed_diffuse,16384,1.0,directional,0.18359375,0.010000000000000004,0.9999420233034686
eval_001,prefill__C2,16384,64,0.01,fixed_diffuse,16384,1.0,combined,1.0,0.010000000000000004,0.9999420233034686
eval_001,prefill__C2,16384,64,0.01,fixed_directional,16378,1.0,spike,0.00439453125,0.010000000000000002,0.9999424553690464
eval_001,prefill__C2,16384,64,0.01,fixed_directional,16378,1.0,energy,1.0,0.010000000000000002,0.9999424553690464
eval_001,prefill__C2,16384,64,0.01,fixed_directional,16378,1.0,directional,0.99560546875,0.010000000000000002,0.9999424553690464
eval_001,prefill__C2,16384,64,0.01,fixed_directional,16378,1.0,combined,1.0,0.010000000000000002,0.9999424553690464
eval_001,prefill__C2,16384,64,0.01,fixed_sparse16,16,0.076171875,spike,0.07373046875,0.01,0.9999419878253438
eval_001,prefill__C2,16384,64,0.01,fixed_sparse16,16,0.076171875,energy,0.0732421875,0.01,0.9999419878253438
eval_001,prefill__C2,16384,64,0.01,fixed_sparse16,16,0.076171875,directional,0.07177734375,0.01,0.9999419878253438
eval_001,prefill__C2,16384,64,0.01,fixed_sparse16,16,0.076171875,combined,0.07568359375,0.01,0.9999419878253438
eval_001,prefill__C2,16384,64,0.01,adaptive_joint,16,0.06640625,spike,0.05859375,0.009999999531315513,0.9999420212552709
eval_001,prefill__C2,16384,64,0.01,adaptive_joint,16,0.06640625,energy,0.05810546875,0.009999999531315513,0.9999420212552709
eval_001,prefill__C2,16384,64,0.01,adaptive_joint,16,0.06640625,directional,0.05029296875,0.009999999531315513,0.9999420212552709
eval_001,prefill__C2,16384,64,0.01,adaptive_joint,16,0.06640625,combined,0.0615234375,0.009999999531315513,0.9999420212552709
eval_001,prefill__C2,16384,64,0.02,fixed_diffuse,16384,1.0,spike,0.02294921875,0.020000000000000007,0.9997913904693622
eval_001,prefill__C2,16384,64,0.02,fixed_diffuse,16384,1.0,energy,1.0,0.020000000000000007,0.9997913904693622
eval_001,prefill__C2,16384,64,0.02,fixed_diffuse,16384,1.0,directional,0.4716796875,0.020000000000000007,0.9997913904693622
eval_001,prefill__C2,16384,64,0.02,fixed_diffuse,16384,1.0,combined,1.0,0.020000000000000007,0.9997913904693622
eval_001,prefill__C2,16384,64,0.02,fixed_directional,16378,1.0,spike,0.0126953125,0.020000000000000004,0.999791831344652
eval_001,prefill__C2,16384,64,0.02,fixed_directional,16378,1.0,energy,1.0,0.020000000000000004,0.999791831344652
eval_001,prefill__C2,16384,64,0.02,fixed_directional,16378,1.0,directional,1.0,0.020000000000000004,0.999791831344652
eval_001,prefill__C2,16384,64,0.02,fixed_directional,16378,1.0,combined,1.0,0.020000000000000004,0.999791831344652
eval_001,prefill__C2,16384,64,0.02,fixed_sparse16,16,0.0703125,spike,0.064453125,0.02,0.9997907120989362
eval_001,prefill__C2,16384,64,0.02,fixed_sparse16,16,0.0703125,energy,0.06396484375,0.02,0.9997907120989362
eval_001,prefill__C2,16384,64,0.02,fixed_sparse16,16,0.0703125,directional,0.06396484375,0.02,0.9997907120989362
eval_001,prefill__C2,16384,64,0.02,fixed_sparse16,16,0.0703125,combined,0.06640625,0.02,0.9997907120989362
eval_001,prefill__C2,16384,64,0.02,adaptive_joint,16,0.052734375,spike,0.05322265625,0.0200000001140608,0.9997906259480303
eval_001,prefill__C2,16384,64,0.02,adaptive_joint,16,0.052734375,energy,0.05126953125,0.0200000001140608,0.9997906259480303
eval_001,prefill__C2,16384,64,0.02,adaptive_joint,16,0.052734375,directional,0.05029296875,0.0200000001140608,0.9997906259480303
eval_001,prefill__C2,16384,64,0.02,adaptive_joint,16,0.052734375,combined,0.05615234375,0.0200000001140608,0.9997906259480303
eval_001,prefill__C2,16384,64,0.05,fixed_diffuse,16384,1.0,spike,0.55517578125,0.05000000000000002,0.9987297516349114
eval_001,prefill__C2,16384,64,0.05,fixed_diffuse,16384,1.0,energy,1.0,0.05000000000000002,0.9987297516349114
eval_001,prefill__C2,16384,64,0.05,fixed_diffuse,16384,1.0,directional,0.7626953125,0.05000000000000002,0.9987297516349114
eval_001,prefill__C2,16384,64,0.05,fixed_diffuse,16384,1.0,combined,1.0,0.05000000000000002,0.9987297516349114
eval_001,prefill__C2,16384,64,0.05,fixed_directional,16378,1.0,spike,0.46630859375,0.05,0.9987401932590108
eval_001,prefill__C2,16384,64,0.05,fixed_directional,16378,1.0,energy,1.0,0.05,0.9987401932590108
eval_001,prefill__C2,16384,64,0.05,fixed_directional,16378,1.0,directional,1.0,0.05,0.9987401932590108
eval_001,prefill__C2,16384,64,0.05,fixed_directional,16378,1.0,combined,1.0,0.05,0.9987401932590108
eval_001,prefill__C2,16384,64,0.05,fixed_sparse16,16,0.078125,spike,0.0576171875,0.05,0.9987315174665424
eval_001,prefill__C2,16384,64,0.05,fixed_sparse16,16,0.078125,energy,0.05712890625,0.05,0.9987315174665424
eval_001,prefill__C2,16384,64,0.05,fixed_sparse16,16,0.078125,directional,0.0546875,0.05,0.9987315174665424
eval_001,prefill__C2,16384,64,0.05,fixed_sparse16,16,0.078125,combined,0.05908203125,0.05,0.9987315174665424
eval_001,prefill__C2,16384,64,0.05,adaptive_joint,16,0.068359375,spike,0.0791015625,0.05000000444089443,0.998730960426108
eval_001,prefill__C2,16384,64,0.05,adaptive_joint,16,0.068359375,energy,0.07861328125,0.05000000444089443,0.998730960426108
eval_001,prefill__C2,16384,64,0.05,adaptive_joint,16,0.068359375,directional,0.07275390625,0.05000000444089443,0.998730960426108
eval_001,prefill__C2,16384,64,0.05,adaptive_joint,16,0.068359375,combined,0.0810546875,0.05000000444089443,0.998730960426108
eval_001,prefill__C2,16384,128,0.0,honest,0,,spike,0.009765625,0.0,0.9999924775332905
eval_001,prefill__C2,16384,128,0.0,honest,0,,energy,0.009765625,0.0,0.9999924775332905
eval_001,prefill__C2,16384,128,0.0,honest,0,,directional,0.009765625,0.0,0.9999924775332905
eval_001,prefill__C2,16384,128,0.0,honest,0,,combined,0.009765625,0.0,0.9999924775332905
eval_001,prefill__C2,16384,128,0.01,fixed_diffuse,16384,0.00390625,spike,0.009765625,0.010000000000000004,0.9999420134588002
eval_001,prefill__C2,16384,128,0.01,fixed_diffuse,16384,0.00390625,energy,0.009765625,0.010000000000000004,0.9999420134588002
eval_001,prefill__C2,16384,128,0.01,fixed_diffuse,16384,0.00390625,directional,0.00927734375,0.010000000000000004,0.9999420134588002
eval_001,prefill__C2,16384,128,0.01,fixed_diffuse,16384,0.00390625,combined,0.009765625,0.010000000000000004,0.9999420134588002
eval_001,prefill__C2,16384,128,0.01,fixed_directional,16378,1.0,spike,0.009765625,0.010000000000000002,0.9999424553690464
eval_001,prefill__C2,16384,128,0.01,fixed_directional,16378,1.0,energy,0.009765625,0.010000000000000002,0.9999424553690464
eval_001,prefill__C2,16384,128,0.01,fixed_directional,16378,1.0,directional,1.0,0.010000000000000002,0.9999424553690464
eval_001,prefill__C2,16384,128,0.01,fixed_directional,16378,1.0,combined,1.0,0.010000000000000002,0.9999424553690464
eval_001,prefill__C2,16384,128,0.01,fixed_sparse16,16,0.009765625,spike,0.009765625,0.010000000000000002,0.9999419127914783
eval_001,prefill__C2,16384,128,0.01,fixed_sparse16,16,0.009765625,energy,0.01025390625,0.010000000000000002,0.9999419127914783
eval_001,prefill__C2,16384,128,0.01,fixed_sparse16,16,0.009765625,directional,0.01220703125,0.010000000000000002,0.9999419127914783
eval_001,prefill__C2,16384,128,0.01,fixed_sparse16,16,0.009765625,combined,0.0126953125,0.010000000000000002,0.9999419127914783
eval_001,prefill__C2,16384,128,0.01,adaptive_joint,256,0.00390625,spike,0.009765625,0.009999999632097191,0.9999418531545611
eval_001,prefill__C2,16384,128,0.01,adaptive_joint,256,0.00390625,energy,0.009765625,0.009999999632097191,0.9999418531545611
eval_001,prefill__C2,16384,128,0.01,adaptive_joint,256,0.00390625,directional,0.00927734375,0.009999999632097191,0.9999418531545611
eval_001,prefill__C2,16384,128,0.01,adaptive_joint,256,0.00390625,combined,0.009765625,0.009999999632097191,0.9999418531545611
eval_001,prefill__C2,16384,128,0.02,fixed_diffuse,16384,0.03515625,spike,0.009765625,0.020000000000000007,0.9997902808346173
eval_001,prefill__C2,16384,128,0.02,fixed_diffuse,16384,0.03515625,energy,0.009765625,0.020000000000000007,0.9997902808346173
eval_001,prefill__C2,16384,128,0.02,fixed_diffuse,16384,0.03515625,directional,0.05029296875,0.020000000000000007,0.9997902808346173
eval_001,prefill__C2,16384,128,0.02,fixed_diffuse,16384,0.03515625,combined,0.0537109375,0.020000000000000007,0.9997902808346173
eval_001,prefill__C2,16384,128,0.02,fixed_directional,16378,1.0,spike,0.009765625,0.020000000000000004,0.999791831344652
eval_001,prefill__C2,16384,128,0.02,fixed_directional,16378,1.0,energy,0.009765625,0.020000000000000004,0.999791831344652
eval_001,prefill__C2,16384,128,0.02,fixed_directional,16378,1.0,directional,1.0,0.020000000000000004,0.999791831344652
eval_001,prefill__C2,16384,128,0.02,fixed_directional,16378,1.0,combined,1.0,0.020000000000000004,0.999791831344652
eval_001,prefill__C2,16384,128,0.02,fixed_sparse16,16,0.111328125,spike,0.12841796875,0.02,0.9997906844647391
eval_001,prefill__C2,16384,128,0.02,fixed_sparse16,16,0.111328125,energy,0.12841796875,0.02,0.9997906844647391
eval_001,prefill__C2,16384,128,0.02,fixed_sparse16,16,0.111328125,directional,0.12353515625,0.02,0.9997906844647391
eval_001,prefill__C2,16384,128,0.02,fixed_sparse16,16,0.111328125,combined,0.12841796875,0.02,0.9997906844647391
eval_001,prefill__C2,16384,128,0.02,adaptive_joint,16384,0.0234375,spike,0.009765625,0.019999994103649114,0.9997910031449211
eval_001,prefill__C2,16384,128,0.02,adaptive_joint,16384,0.0234375,energy,0.009765625,0.019999994103649114,0.9997910031449211
eval_001,prefill__C2,16384,128,0.02,adaptive_joint,16384,0.0234375,directional,0.04541015625,0.019999994103649114,0.9997910031449211
eval_001,prefill__C2,16384,128,0.02,adaptive_joint,16384,0.0234375,combined,0.0478515625,0.019999994103649114,0.9997910031449211
eval_001,prefill__C2,16384,128,0.05,fixed_diffuse,16384,1.0,spike,0.009765625,0.05000000000000002,0.9987338941287873
eval_001,prefill__C2,16384,128,0.05,fixed_diffuse,16384,1.0,energy,1.0,0.05000000000000002,0.9987338941287873
eval_001,prefill__C2,16384,128,0.05,fixed_diffuse,16384,1.0,directional,0.39599609375,0.05000000000000002,0.9987338941287873
eval_001,prefill__C2,16384,128,0.05,fixed_diffuse,16384,1.0,combined,1.0,0.05000000000000002,0.9987338941287873
eval_001,prefill__C2,16384,128,0.05,fixed_directional,16378,1.0,spike,0.009765625,0.05,0.9987401932590108
eval_001,prefill__C2,16384,128,0.05,fixed_directional,16378,1.0,energy,1.0,0.05,0.9987401932590108
eval_001,prefill__C2,16384,128,0.05,fixed_directional,16378,1.0,directional,1.0,0.05,0.9987401932590108
eval_001,prefill__C2,16384,128,0.05,fixed_directional,16378,1.0,combined,1.0,0.05,0.9987401932590108
eval_001,prefill__C2,16384,128,0.05,fixed_sparse16,16,0.11328125,spike,0.12451171875,0.05,0.9987321305211906
eval_001,prefill__C2,16384,128,0.05,fixed_sparse16,16,0.11328125,energy,0.12451171875,0.05,0.9987321305211906
eval_001,prefill__C2,16384,128,0.05,fixed_sparse16,16,0.11328125,directional,0.12060546875,0.05,0.9987321305211906
eval_001,prefill__C2,16384,128,0.05,fixed_sparse16,16,0.11328125,combined,0.12451171875,0.05,0.9987321305211906
eval_001,prefill__C2,16384,128,0.05,adaptive_joint,16,0.09375,spike,0.10107421875,0.050000002432018145,0.9987327678759548
eval_001,prefill__C2,16384,128,0.05,adaptive_joint,16,0.09375,energy,0.10107421875,0.050000002432018145,0.9987327678759548
eval_001,prefill__C2,16384,128,0.05,adaptive_joint,16,0.09375,directional,0.0986328125,0.050000002432018145,0.9987327678759548
eval_001,prefill__C2,16384,128,0.05,adaptive_joint,16,0.09375,combined,0.10107421875,0.050000002432018145,0.9987327678759548
eval_001,prefill__C2,16384,256,0.0,honest,0,,spike,0.01318359375,0.0,0.9999924775332905
eval_001,prefill__C2,16384,256,0.0,honest,0,,energy,0.01318359375,0.0,0.9999924775332905
eval_001,prefill__C2,16384,256,0.0,honest,0,,directional,0.01318359375,0.0,0.9999924775332905
eval_001,prefill__C2,16384,256,0.0,honest,0,,combined,0.01318359375,0.0,0.9999924775332905
eval_001,prefill__C2,16384,256,0.01,fixed_diffuse,16384,0.01953125,spike,0.01318359375,0.010000000000000004,0.9999420660820546
eval_001,prefill__C2,16384,256,0.01,fixed_diffuse,16384,0.01953125,energy,0.01318359375,0.010000000000000004,0.9999420660820546
eval_001,prefill__C2,16384,256,0.01,fixed_diffuse,16384,0.01953125,directional,0.01025390625,0.010000000000000004,0.9999420660820546
eval_001,prefill__C2,16384,256,0.01,fixed_diffuse,16384,0.01953125,combined,0.01318359375,0.010000000000000004,0.9999420660820546
eval_001,prefill__C2,16384,256,0.01,fixed_directional,16378,1.0,spike,0.01318359375,0.010000000000000002,0.9999424553690464
eval_001,prefill__C2,16384,256,0.01,fixed_directional,16378,1.0,energy,0.01318359375,0.010000000000000002,0.9999424553690464
eval_001,prefill__C2,16384,256,0.01,fixed_directional,16378,1.0,directional,1.0,0.010000000000000002,0.9999424553690464
eval_001,prefill__C2,16384,256,0.01,fixed_directional,16378,1.0,combined,1.0,0.010000000000000002,0.9999424553690464
eval_001,prefill__C2,16384,256,0.01,fixed_sparse16,16,0.025390625,spike,0.01318359375,0.01,0.9999415405693998
eval_001,prefill__C2,16384,256,0.01,fixed_sparse16,16,0.025390625,energy,0.01416015625,0.01,0.9999415405693998
eval_001,prefill__C2,16384,256,0.01,fixed_sparse16,16,0.025390625,directional,0.0205078125,0.01,0.9999415405693998
eval_001,prefill__C2,16384,256,0.01,fixed_sparse16,16,0.025390625,combined,0.02294921875,0.01,0.9999415405693998
eval_001,prefill__C2,16384,256,0.01,adaptive_joint,16384,0.017578125,spike,0.01318359375,0.010000000139003925,0.9999422125975612
eval_001,prefill__C2,16384,256,0.01,adaptive_joint,16384,0.017578125,energy,0.01318359375,0.010000000139003925,0.9999422125975612
eval_001,prefill__C2,16384,256,0.01,adaptive_joint,16384,0.017578125,directional,0.0126953125,0.010000000139003925,0.9999422125975612
eval_001,prefill__C2,16384,256,0.01,adaptive_joint,16384,0.017578125,combined,0.0146484375,0.010000000139003925,0.9999422125975612
eval_001,prefill__C2,16384,256,0.02,fixed_diffuse,16384,0.08984375,spike,0.01318359375,0.020000000000000007,0.9997900407583139
eval_001,prefill__C2,16384,256,0.02,fixed_diffuse,16384,0.08984375,energy,0.01318359375,0.020000000000000007,0.9997900407583139
eval_001,prefill__C2,16384,256,0.02,fixed_diffuse,16384,0.08984375,directional,0.1083984375,0.020000000000000007,0.9997900407583139
eval_001,prefill__C2,16384,256,0.02,fixed_diffuse,16384,0.08984375,combined,0.11279296875,0.020000000000000007,0.9997900407583139
eval_001,prefill__C2,16384,256,0.02,fixed_directional,16378,1.0,spike,0.01318359375,0.020000000000000004,0.999791831344652
eval_001,prefill__C2,16384,256,0.02,fixed_directional,16378,1.0,energy,0.01318359375,0.020000000000000004,0.999791831344652
eval_001,prefill__C2,16384,256,0.02,fixed_directional,16378,1.0,directional,1.0,0.020000000000000004,0.999791831344652
eval_001,prefill__C2,16384,256,0.02,fixed_directional,16378,1.0,combined,1.0,0.020000000000000004,0.999791831344652
eval_001,prefill__C2,16384,256,0.02,fixed_sparse16,16,0.220703125,spike,0.23974609375,0.02,0.9997913406453408
eval_001,prefill__C2,16384,256,0.02,fixed_sparse16,16,0.220703125,energy,0.23974609375,0.02,0.9997913406453408
eval_001,prefill__C2,16384,256,0.02,fixed_sparse16,16,0.220703125,directional,0.19580078125,0.02,0.9997913406453408
eval_001,prefill__C2,16384,256,0.02,fixed_sparse16,16,0.220703125,combined,0.23974609375,0.02,0.9997913406453408
eval_001,prefill__C2,16384,256,0.02,adaptive_joint,16384,0.080078125,spike,0.01318359375,0.020000003263229347,0.9997905282120202
eval_001,prefill__C2,16384,256,0.02,adaptive_joint,16384,0.080078125,energy,0.01318359375,0.020000003263229347,0.9997905282120202
eval_001,prefill__C2,16384,256,0.02,adaptive_joint,16384,0.080078125,directional,0.08740234375,0.020000003263229347,0.9997905282120202
eval_001,prefill__C2,16384,256,0.02,adaptive_joint,16384,0.080078125,combined,0.08984375,0.020000003263229347,0.9997905282120202
eval_001,prefill__C2,16384,256,0.05,fixed_diffuse,16384,1.0,spike,0.01318359375,0.05000000000000002,0.9987334976363998
eval_001,prefill__C2,16384,256,0.05,fixed_diffuse,16384,1.0,energy,1.0,0.05000000000000002,0.9987334976363998
eval_001,prefill__C2,16384,256,0.05,fixed_diffuse,16384,1.0,directional,0.486328125,0.05000000000000002,0.9987334976363998
eval_001,prefill__C2,16384,256,0.05,fixed_diffuse,16384,1.0,combined,1.0,0.05000000000000002,0.9987334976363998
eval_001,prefill__C2,16384,256,0.05,fixed_directional,16378,1.0,spike,0.01318359375,0.05,0.9987401932590108
eval_001,prefill__C2,16384,256,0.05,fixed_directional,16378,1.0,energy,1.0,0.05,0.9987401932590108
eval_001,prefill__C2,16384,256,0.05,fixed_directional,16378,1.0,directional,1.0,0.05,0.9987401932590108
eval_001,prefill__C2,16384,256,0.05,fixed_directional,16378,1.0,combined,1.0,0.05,0.9987401932590108
eval_001,prefill__C2,16384,256,0.05,fixed_sparse16,16,0.19921875,spike,0.22119140625,0.05000000000000001,0.998736249203481
eval_001,prefill__C2,16384,256,0.05,fixed_sparse16,16,0.19921875,energy,0.22119140625,0.05000000000000001,0.998736249203481
eval_001,prefill__C2,16384,256,0.05,fixed_sparse16,16,0.19921875,directional,0.20849609375,0.05000000000000001,0.998736249203481
eval_001,prefill__C2,16384,256,0.05,fixed_sparse16,16,0.19921875,combined,0.22119140625,0.05000000000000001,0.998736249203481
eval_001,prefill__C2,16384,256,0.05,adaptive_joint,16,0.134765625,spike,0.15576171875,0.050000002445308694,0.9987329673602848
eval_001,prefill__C2,16384,256,0.05,adaptive_joint,16,0.134765625,energy,0.15576171875,0.050000002445308694,0.9987329673602848
eval_001,prefill__C2,16384,256,0.05,adaptive_joint,16,0.134765625,directional,0.154296875,0.050000002445308694,0.9987329673602848
eval_001,prefill__C2,16384,256,0.05,adaptive_joint,16,0.134765625,combined,0.15576171875,0.050000002445308694,0.9987329673602848
eval_001,prefill__C2,16384,512,0.0,honest,0,,spike,0.02734375,0.0,0.9999924775332905
eval_001,prefill__C2,16384,512,0.0,honest,0,,energy,0.02734375,0.0,0.9999924775332905
eval_001,prefill__C2,16384,512,0.0,honest,0,,directional,0.02197265625,0.0,0.9999924775332905
eval_001,prefill__C2,16384,512,0.0,honest,0,,combined,0.02734375,0.0,0.9999924775332905
eval_001,prefill__C2,16384,512,0.01,fixed_diffuse,16384,0.029296875,spike,0.02734375,0.010000000000000004,0.9999417295597778
eval_001,prefill__C2,16384,512,0.01,fixed_diffuse,16384,0.029296875,energy,0.02734375,0.010000000000000004,0.9999417295597778
eval_001,prefill__C2,16384,512,0.01,fixed_diffuse,16384,0.029296875,directional,0.02490234375,0.010000000000000004,0.9999417295597778
eval_001,prefill__C2,16384,512,0.01,fixed_diffuse,16384,0.029296875,combined,0.03857421875,0.010000000000000004,0.9999417295597778
eval_001,prefill__C2,16384,512,0.01,fixed_directional,16378,1.0,spike,0.02734375,0.010000000000000002,0.9999424553690464
eval_001,prefill__C2,16384,512,0.01,fixed_directional,16378,1.0,energy,0.02734375,0.010000000000000002,0.9999424553690464
eval_001,prefill__C2,16384,512,0.01,fixed_directional,16378,1.0,directional,1.0,0.010000000000000002,0.9999424553690464
eval_001,prefill__C2,16384,512,0.01,fixed_directional,16378,1.0,combined,1.0,0.010000000000000002,0.9999424553690464
eval_001,prefill__C2,16384,512,0.01,fixed_sparse16,16,0.048828125,spike,0.02734375,0.01,0.9999426320778766
eval_001,prefill__C2,16384,512,0.01,fixed_sparse16,16,0.048828125,energy,0.02880859375,0.01,0.9999426320778766
eval_001,prefill__C2,16384,512,0.01,fixed_sparse16,16,0.048828125,directional,0.033203125,0.01,0.9999426320778766
eval_001,prefill__C2,16384,512,0.01,fixed_sparse16,16,0.048828125,combined,0.046875,0.01,0.9999426320778766
eval_001,prefill__C2,16384,512,0.01,adaptive_joint,16384,0.03515625,spike,0.02734375,0.009999999842837854,0.9999420373294726
eval_001,prefill__C2,16384,512,0.01,adaptive_joint,16384,0.03515625,energy,0.02734375,0.009999999842837854,0.9999420373294726
eval_001,prefill__C2,16384,512,0.01,adaptive_joint,16384,0.03515625,directional,0.01953125,0.009999999842837854,0.9999420373294726
eval_001,prefill__C2,16384,512,0.01,adaptive_joint,16384,0.03515625,combined,0.03662109375,0.009999999842837854,0.9999420373294726
eval_001,prefill__C2,16384,512,0.02,fixed_diffuse,16384,0.189453125,spike,0.02734375,0.020000000000000007,0.9997896013178508
eval_001,prefill__C2,16384,512,0.02,fixed_diffuse,16384,0.189453125,energy,0.02734375,0.020000000000000007,0.9997896013178508
eval_001,prefill__C2,16384,512,0.02,fixed_diffuse,16384,0.189453125,directional,0.171875,0.020000000000000007,0.9997896013178508
eval_001,prefill__C2,16384,512,0.02,fixed_diffuse,16384,0.189453125,combined,0.185546875,0.020000000000000007,0.9997896013178508
eval_001,prefill__C2,16384,512,0.02,fixed_directional,16378,1.0,spike,0.02734375,0.020000000000000004,0.999791831344652
eval_001,prefill__C2,16384,512,0.02,fixed_directional,16378,1.0,energy,0.02734375,0.020000000000000004,0.999791831344652
eval_001,prefill__C2,16384,512,0.02,fixed_directional,16378,1.0,directional,1.0,0.020000000000000004,0.999791831344652
eval_001,prefill__C2,16384,512,0.02,fixed_directional,16378,1.0,combined,1.0,0.020000000000000004,0.999791831344652
eval_001,prefill__C2,16384,512,0.02,fixed_sparse16,16,0.43359375,spike,0.4130859375,0.02,0.9997892864958996
eval_001,prefill__C2,16384,512,0.02,fixed_sparse16,16,0.43359375,energy,0.4130859375,0.02,0.9997892864958996
eval_001,prefill__C2,16384,512,0.02,fixed_sparse16,16,0.43359375,directional,0.21728515625,0.02,0.9997892864958996
eval_001,prefill__C2,16384,512,0.02,fixed_sparse16,16,0.43359375,combined,0.4130859375,0.02,0.9997892864958996
eval_001,prefill__C2,16384,512,0.02,adaptive_joint,16384,0.166015625,spike,0.0,0.020000002706893675,0.999793236638105
eval_001,prefill__C2,16384,512,0.02,adaptive_joint,16384,0.166015625,energy,0.02734375,0.020000002706893675,0.999793236638105
eval_001,prefill__C2,16384,512,0.02,adaptive_joint,16384,0.166015625,directional,0.16650390625,0.020000002706893675,0.999793236638105
eval_001,prefill__C2,16384,512,0.02,adaptive_joint,16384,0.166015625,combined,0.18310546875,0.020000002706893675,0.999793236638105
eval_001,prefill__C2,16384,512,0.05,fixed_diffuse,16384,1.0,spike,0.02734375,0.05000000000000002,0.9987324697506614
eval_001,prefill__C2,16384,512,0.05,fixed_diffuse,16384,1.0,energy,1.0,0.05000000000000002,0.9987324697506614
eval_001,prefill__C2,16384,512,0.05,fixed_diffuse,16384,1.0,directional,0.5703125,0.05000000000000002,0.9987324697506614
eval_001,prefill__C2,16384,512,0.05,fixed_diffuse,16384,1.0,combined,1.0,0.05000000000000002,0.9987324697506614
eval_001,prefill__C2,16384,512,0.05,fixed_directional,16378,1.0,spike,0.02734375,0.05,0.9987401932590108
eval_001,prefill__C2,16384,512,0.05,fixed_directional,16378,1.0,energy,1.0,0.05,0.9987401932590108
eval_001,prefill__C2,16384,512,0.05,fixed_directional,16378,1.0,directional,1.0,0.05,0.9987401932590108
eval_001,prefill__C2,16384,512,0.05,fixed_directional,16378,1.0,combined,1.0,0.05,0.9987401932590108
eval_001,prefill__C2,16384,512,0.05,fixed_sparse16,16,0.416015625,spike,0.427734375,0.05,0.9987328259932978
eval_001,prefill__C2,16384,512,0.05,fixed_sparse16,16,0.416015625,energy,0.427734375,0.05,0.9987328259932978
eval_001,prefill__C2,16384,512,0.05,fixed_sparse16,16,0.416015625,directional,0.3876953125,0.05,0.9987328259932978
eval_001,prefill__C2,16384,512,0.05,fixed_sparse16,16,0.416015625,combined,0.427734375,0.05,0.9987328259932978
eval_001,prefill__C2,16384,512,0.05,adaptive_joint,16,0.244140625,spike,0.24853515625,0.05000000213716162,0.9987327491433595
eval_001,prefill__C2,16384,512,0.05,adaptive_joint,16,0.244140625,energy,0.25244140625,0.05000000213716162,0.9987327491433595
eval_001,prefill__C2,16384,512,0.05,adaptive_joint,16,0.244140625,directional,0.22021484375,0.05000000213716162,0.9987327491433595
eval_001,prefill__C2,16384,512,0.05,adaptive_joint,16,0.244140625,combined,0.25927734375,0.05000000213716162,0.9987327491433595
eval_001,prefill__C3,16384,64,0.0,honest,0,,spike,0.01171875,0.0,0.9998359238882945
eval_001,prefill__C3,16384,64,0.0,honest,0,,energy,0.01513671875,0.0,0.9998359238882945
eval_001,prefill__C3,16384,64,0.0,honest,0,,directional,0.00244140625,0.0,0.9998359238882945
eval_001,prefill__C3,16384,64,0.0,honest,0,,combined,0.02197265625,0.0,0.9998359238882945
eval_001,prefill__C3,16384,64,0.01,fixed_diffuse,16384,0.05859375,spike,0.01171875,0.010000000000000004,0.9997866091634692
eval_001,prefill__C3,16384,64,0.01,fixed_diffuse,16384,0.05859375,energy,0.03759765625,0.010000000000000004,0.9997866091634692
eval_001,prefill__C3,16384,64,0.01,fixed_diffuse,16384,0.05859375,directional,0.0078125,0.010000000000000004,0.9997866091634692
eval_001,prefill__C3,16384,64,0.01,fixed_diffuse,16384,0.05859375,combined,0.0458984375,0.010000000000000004,0.9997866091634692
eval_001,prefill__C3,16384,64,0.01,fixed_directional,16384,0.7890625,spike,0.01123046875,0.010000000000000004,0.9998050727133605
eval_001,prefill__C3,16384,64,0.01,fixed_directional,16384,0.7890625,energy,0.02978515625,0.010000000000000004,0.9998050727133605
eval_001,prefill__C3,16384,64,0.01,fixed_directional,16384,0.7890625,directional,0.7861328125,0.010000000000000004,0.9998050727133605
eval_001,prefill__C3,16384,64,0.01,fixed_directional,16384,0.7890625,combined,0.7900390625,0.010000000000000004,0.9998050727133605
eval_001,prefill__C3,16384,64,0.01,fixed_sparse16,16,0.08203125,spike,0.05859375,0.01,0.9997862993511089
eval_001,prefill__C3,16384,64,0.01,fixed_sparse16,16,0.08203125,energy,0.06201171875,0.01,0.9997862993511089
eval_001,prefill__C3,16384,64,0.01,fixed_sparse16,16,0.08203125,directional,0.01416015625,0.01,0.9997862993511089
eval_001,prefill__C3,16384,64,0.01,fixed_sparse16,16,0.08203125,combined,0.06787109375,0.01,0.9997862993511089
eval_001,prefill__C3,16384,64,0.01,adaptive_joint,16384,0.0234375,spike,0.00732421875,0.010000000357247884,0.9998153298683033
eval_001,prefill__C3,16384,64,0.01,adaptive_joint,16384,0.0234375,energy,0.01904296875,0.010000000357247884,0.9998153298683033
eval_001,prefill__C3,16384,64,0.01,adaptive_joint,16384,0.0234375,directional,0.0029296875,0.010000000357247884,0.9998153298683033
eval_001,prefill__C3,16384,64,0.01,adaptive_joint,16384,0.0234375,combined,0.0224609375,0.010000000357247884,0.9998153298683033
eval_001,prefill__C3,16384,64,0.02,fixed_diffuse,16384,0.572265625,spike,0.0185546875,0.020000000000000007,0.9996359428680445
eval_001,prefill__C3,16384,64,0.02,fixed_diffuse,16384,0.572265625,energy,0.56201171875,0.020000000000000007,0.9996359428680445
eval_001,prefill__C3,16384,64,0.02,fixed_diffuse,16384,0.572265625,directional,0.0390625,0.020000000000000007,0.9996359428680445
eval_001,prefill__C3,16384,64,0.02,fixed_diffuse,16384,0.572265625,combined,0.56982421875,0.020000000000000007,0.9996359428680445
eval_001,prefill__C3,16384,64,0.02,fixed_directional,16384,1.0,spike,0.01708984375,0.020000000000000007,0.9997085610661364
eval_001,prefill__C3,16384,64,0.02,fixed_directional,16384,1.0,energy,0.4306640625,0.020000000000000007,0.9997085610661364
eval_001,prefill__C3,16384,64,0.02,fixed_directional,16384,1.0,directional,1.0,0.020000000000000007,0.9997085610661364
eval_001,prefill__C3,16384,64,0.02,fixed_directional,16384,1.0,combined,1.0,0.020000000000000007,0.9997085610661364
eval_001,prefill__C3,16384,64,0.02,fixed_sparse16,16,0.111328125,spike,0.0693359375,0.02,0.9996372342236121
eval_001,prefill__C3,16384,64,0.02,fixed_sparse16,16,0.111328125,energy,0.0732421875,0.02,0.9996372342236121
eval_001,prefill__C3,16384,64,0.02,fixed_sparse16,16,0.111328125,directional,0.052734375,0.02,0.9996372342236121
eval_001,prefill__C3,16384,64,0.02,fixed_sparse16,16,0.111328125,combined,0.07958984375,0.02,0.9996372342236121
eval_001,prefill__C3,16384,64,0.02,adaptive_joint,16,0.0625,spike,0.06396484375,0.019999999649333338,0.9996372234158329
eval_001,prefill__C3,16384,64,0.02,adaptive_joint,16,0.0625,energy,0.0673828125,0.019999999649333338,0.9996372234158329
eval_001,prefill__C3,16384,64,0.02,adaptive_joint,16,0.0625,directional,0.0322265625,0.019999999649333338,0.9996372234158329
eval_001,prefill__C3,16384,64,0.02,adaptive_joint,16,0.0625,combined,0.07373046875,0.019999999649333338,0.9996372234158329
eval_001,prefill__C3,16384,64,0.05,fixed_diffuse,16384,1.0,spike,0.02734375,0.05000000000000002,0.9985833629856783
eval_001,prefill__C3,16384,64,0.05,fixed_diffuse,16384,1.0,energy,1.0,0.05000000000000002,0.9985833629856783
eval_001,prefill__C3,16384,64,0.05,fixed_diffuse,16384,1.0,directional,0.27978515625,0.05000000000000002,0.9985833629856783
eval_001,prefill__C3,16384,64,0.05,fixed_diffuse,16384,1.0,combined,1.0,0.05000000000000002,0.9985833629856783
eval_001,prefill__C3,16384,64,0.05,fixed_directional,16384,1.0,spike,0.03271484375,0.05000000000000002,0.9990474577934984
eval_001,prefill__C3,16384,64,0.05,fixed_directional,16384,1.0,energy,1.0,0.05000000000000002,0.9990474577934984
eval_001,prefill__C3,16384,64,0.05,fixed_directional,16384,1.0,directional,1.0,0.05000000000000002,0.9990474577934984
eval_001,prefill__C3,16384,64,0.05,fixed_directional,16384,1.0,combined,1.0,0.05000000000000002,0.9990474577934984
eval_001,prefill__C3,16384,64,0.05,fixed_sparse16,16,0.07421875,spike,0.0634765625,0.05,0.9985946587306789
eval_001,prefill__C3,16384,64,0.05,fixed_sparse16,16,0.07421875,energy,0.06640625,0.05,0.9985946587306789
eval_001,prefill__C3,16384,64,0.05,fixed_sparse16,16,0.07421875,directional,0.05322265625,0.05,0.9985946587306789
eval_001,prefill__C3,16384,64,0.05,fixed_sparse16,16,0.07421875,combined,0.0732421875,0.05,0.9985946587306789
eval_001,prefill__C3,16384,64,0.05,adaptive_joint,16,0.09375,spike,0.05615234375,0.04999999995039199,0.9985883019962524
eval_001,prefill__C3,16384,64,0.05,adaptive_joint,16,0.09375,energy,0.06005859375,0.04999999995039199,0.9985883019962524
eval_001,prefill__C3,16384,64,0.05,adaptive_joint,16,0.09375,directional,0.0439453125,0.04999999995039199,0.9985883019962524
eval_001,prefill__C3,16384,64,0.05,adaptive_joint,16,0.09375,combined,0.06640625,0.04999999995039199,0.9985883019962524
eval_001,prefill__C3,16384,128,0.0,honest,0,,spike,0.017578125,0.0,0.9998359238882945
eval_001,prefill__C3,16384,128,0.0,honest,0,,energy,0.01318359375,0.0,0.9998359238882945
eval_001,prefill__C3,16384,128,0.0,honest,0,,directional,0.00341796875,0.0,0.9998359238882945
eval_001,prefill__C3,16384,128,0.0,honest,0,,combined,0.0263671875,0.0,0.9998359238882945
eval_001,prefill__C3,16384,128,0.01,fixed_diffuse,16384,0.0625,spike,0.021484375,0.010000000000000004,0.9997847052143386
eval_001,prefill__C3,16384,128,0.01,fixed_diffuse,16384,0.0625,energy,0.0732421875,0.010000000000000004,0.9997847052143386
eval_001,prefill__C3,16384,128,0.01,fixed_diffuse,16384,0.0625,directional,0.00830078125,0.010000000000000004,0.9997847052143386
eval_001,prefill__C3,16384,128,0.01,fixed_diffuse,16384,0.0625,combined,0.08251953125,0.010000000000000004,0.9997847052143386
eval_001,prefill__C3,16384,128,0.01,fixed_directional,16384,0.986328125,spike,0.025390625,0.010000000000000004,0.9998050727133605
eval_001,prefill__C3,16384,128,0.01,fixed_directional,16384,0.986328125,energy,0.04541015625,0.010000000000000004,0.9998050727133605
eval_001,prefill__C3,16384,128,0.01,fixed_directional,16384,0.986328125,directional,0.98046875,0.010000000000000004,0.9998050727133605
eval_001,prefill__C3,16384,128,0.01,fixed_directional,16384,0.986328125,combined,0.98095703125,0.010000000000000004,0.9998050727133605
eval_001,prefill__C3,16384,128,0.01,fixed_sparse16,16,0.126953125,spike,0.13134765625,0.01,0.9997858402151527
eval_001,prefill__C3,16384,128,0.01,fixed_sparse16,16,0.126953125,energy,0.12744140625,0.01,0.9997858402151527
eval_001,prefill__C3,16384,128,0.01,fixed_sparse16,16,0.126953125,directional,0.00732421875,0.01,0.9997858402151527
eval_001,prefill__C3,16384,128,0.01,fixed_sparse16,16,0.126953125,combined,0.13916015625,0.01,0.9997858402151527
eval_001,prefill__C3,16384,128,0.01,adaptive_joint,16384,0.009765625,spike,0.005859375,0.009999998999119892,0.9998376586602211
eval_001,prefill__C3,16384,128,0.01,adaptive_joint,16384,0.009765625,energy,0.00732421875,0.009999998999119892,0.9998376586602211
eval_001,prefill__C3,16384,128,0.01,adaptive_joint,16384,0.009765625,directional,0.001953125,0.009999998999119892,0.9998376586602211
eval_001,prefill__C3,16384,128,0.01,adaptive_joint,16384,0.009765625,combined,0.01171875,0.009999998999119892,0.9998376586602211
eval_001,prefill__C3,16384,128,0.02,fixed_diffuse,16384,0.966796875,spike,0.017578125,0.020000000000000007,0.9996359483502812
eval_001,prefill__C3,16384,128,0.02,fixed_diffuse,16384,0.966796875,energy,0.9677734375,0.020000000000000007,0.9996359483502812
eval_001,prefill__C3,16384,128,0.02,fixed_diffuse,16384,0.966796875,directional,0.02587890625,0.020000000000000007,0.9996359483502812
eval_001,prefill__C3,16384,128,0.02,fixed_diffuse,16384,0.966796875,combined,0.96826171875,0.020000000000000007,0.9996359483502812
eval_001,prefill__C3,16384,128,0.02,fixed_directional,16384,1.0,spike,0.025390625,0.020000000000000007,0.9997085610661364
eval_001,prefill__C3,16384,128,0.02,fixed_directional,16384,1.0,energy,0.91162109375,0.020000000000000007,0.9997085610661364
eval_001,prefill__C3,16384,128,0.02,fixed_directional,16384,1.0,directional,1.0,0.020000000000000007,0.9997085610661364
eval_001,prefill__C3,16384,128,0.02,fixed_directional,16384,1.0,combined,1.0,0.020000000000000007,0.9997085610661364
eval_001,prefill__C3,16384,128,0.02,fixed_sparse16,16,0.15625,spike,0.12744140625,0.02,0.9996353332606699
eval_001,prefill__C3,16384,128,0.02,fixed_sparse16,16,0.15625,energy,0.12353515625,0.02,0.9996353332606699
eval_001,prefill__C3,16384,128,0.02,fixed_sparse16,16,0.15625,directional,0.05517578125,0.02,0.9996353332606699
eval_001,prefill__C3,16384,128,0.02,fixed_sparse16,16,0.15625,combined,0.13623046875,0.02,0.9996353332606699
eval_001,prefill__C3,16384,128,0.02,adaptive_joint,16,0.103515625,spike,0.1142578125,0.01999999926570606,0.999638348666718
eval_001,prefill__C3,16384,128,0.02,adaptive_joint,16,0.103515625,energy,0.10400390625,0.01999999926570606,0.999638348666718
eval_001,prefill__C3,16384,128,0.02,adaptive_joint,16,0.103515625,directional,0.0439453125,0.01999999926570606,0.999638348666718
eval_001,prefill__C3,16384,128,0.02,adaptive_joint,16,0.103515625,combined,0.123046875,0.01999999926570606,0.999638348666718
eval_001,prefill__C3,16384,128,0.05,fixed_diffuse,16384,1.0,spike,0.06201171875,0.05000000000000002,0.9985998190969024
eval_001,prefill__C3,16384,128,0.05,fixed_diffuse,16384,1.0,energy,1.0,0.05000000000000002,0.9985998190969024
eval_001,prefill__C3,16384,128,0.05,fixed_diffuse,16384,1.0,directional,0.27978515625,0.05000000000000002,0.9985998190969024
eval_001,prefill__C3,16384,128,0.05,fixed_diffuse,16384,1.0,combined,1.0,0.05000000000000002,0.9985998190969024
eval_001,prefill__C3,16384,128,0.05,fixed_directional,16384,1.0,spike,0.04736328125,0.05000000000000002,0.9990474577934984
eval_001,prefill__C3,16384,128,0.05,fixed_directional,16384,1.0,energy,1.0,0.05000000000000002,0.9990474577934984
eval_001,prefill__C3,16384,128,0.05,fixed_directional,16384,1.0,directional,1.0,0.05000000000000002,0.9990474577934984
eval_001,prefill__C3,16384,128,0.05,fixed_directional,16384,1.0,combined,1.0,0.05000000000000002,0.9990474577934984
eval_001,prefill__C3,16384,128,0.05,fixed_sparse16,16,0.126953125,spike,0.13427734375,0.05000000000000001,0.9985911796935627
eval_001,prefill__C3,16384,128,0.05,fixed_sparse16,16,0.126953125,energy,0.1298828125,0.05000000000000001,0.9985911796935627
eval_001,prefill__C3,16384,128,0.05,fixed_sparse16,16,0.126953125,directional,0.11865234375,0.05000000000000001,0.9985911796935627
eval_001,prefill__C3,16384,128,0.05,fixed_sparse16,16,0.126953125,combined,0.1416015625,0.05000000000000001,0.9985911796935627
eval_001,prefill__C3,16384,128,0.05,adaptive_joint,16,0.130859375,spike,0.1044921875,0.05000000297946903,0.9985858994537766
eval_001,prefill__C3,16384,128,0.05,adaptive_joint,16,0.130859375,energy,0.1005859375,0.05000000297946903,0.9985858994537766
eval_001,prefill__C3,16384,128,0.05,adaptive_joint,16,0.130859375,directional,0.076171875,0.05000000297946903,0.9985858994537766
eval_001,prefill__C3,16384,128,0.05,adaptive_joint,16,0.130859375,combined,0.1123046875,0.05000000297946903,0.9985858994537766
eval_001,prefill__C3,16384,256,0.0,honest,0,,spike,0.0205078125,0.0,0.9998359238882945
eval_001,prefill__C3,16384,256,0.0,honest,0,,energy,0.0107421875,0.0,0.9998359238882945
eval_001,prefill__C3,16384,256,0.0,honest,0,,directional,0.00048828125,0.0,0.9998359238882945
eval_001,prefill__C3,16384,256,0.0,honest,0,,combined,0.02880859375,0.0,0.9998359238882945
eval_001,prefill__C3,16384,256,0.01,fixed_diffuse,16384,0.1484375,spike,0.03662109375,0.010000000000000004,0.9997854009573734
eval_001,prefill__C3,16384,256,0.01,fixed_diffuse,16384,0.1484375,energy,0.1259765625,0.010000000000000004,0.9997854009573734
eval_001,prefill__C3,16384,256,0.01,fixed_diffuse,16384,0.1484375,directional,0.00146484375,0.010000000000000004,0.9997854009573734
eval_001,prefill__C3,16384,256,0.01,fixed_diffuse,16384,0.1484375,combined,0.134765625,0.010000000000000004,0.9997854009573734
eval_001,prefill__C3,16384,256,0.01,fixed_directional,16384,1.0,spike,0.03857421875,0.010000000000000004,0.9998050727133605
eval_001,prefill__C3,16384,256,0.01,fixed_directional,16384,1.0,energy,0.07958984375,0.010000000000000004,0.9998050727133605
eval_001,prefill__C3,16384,256,0.01,fixed_directional,16384,1.0,directional,1.0,0.010000000000000004,0.9998050727133605
eval_001,prefill__C3,16384,256,0.01,fixed_directional,16384,1.0,combined,1.0,0.010000000000000004,0.9998050727133605
eval_001,prefill__C3,16384,256,0.01,fixed_sparse16,16,0.24609375,spike,0.24169921875,0.01,0.9997858620319227
eval_001,prefill__C3,16384,256,0.01,fixed_sparse16,16,0.24609375,energy,0.2353515625,0.01,0.9997858620319227
eval_001,prefill__C3,16384,256,0.01,fixed_sparse16,16,0.24609375,directional,0.0029296875,0.01,0.9997858620319227
eval_001,prefill__C3,16384,256,0.01,fixed_sparse16,16,0.24609375,combined,0.2490234375,0.01,0.9997858620319227
eval_001,prefill__C3,16384,256,0.01,adaptive_joint,16384,0.0,spike,0.0,0.010000000241934762,0.9998695653677272
eval_001,prefill__C3,16384,256,0.01,adaptive_joint,16384,0.0,energy,0.0,0.010000000241934762,0.9998695653677272
eval_001,prefill__C3,16384,256,0.01,adaptive_joint,16384,0.0,directional,0.0,0.010000000241934762,0.9998695653677272
eval_001,prefill__C3,16384,256,0.01,adaptive_joint,16384,0.0,combined,0.0,0.010000000241934762,0.9998695653677272
eval_001,prefill__C3,16384,256,0.02,fixed_diffuse,16384,1.0,spike,0.0673828125,0.020000000000000007,0.9996388127049368
eval_001,prefill__C3,16384,256,0.02,fixed_diffuse,16384,1.0,energy,1.0,0.020000000000000007,0.9996388127049368
eval_001,prefill__C3,16384,256,0.02,fixed_diffuse,16384,1.0,directional,0.02490234375,0.020000000000000007,0.9996388127049368
eval_001,prefill__C3,16384,256,0.02,fixed_diffuse,16384,1.0,combined,1.0,0.020000000000000007,0.9996388127049368
eval_001,prefill__C3,16384,256,0.02,fixed_directional,16384,1.0,spike,0.0517578125,0.020000000000000007,0.9997085610661364
eval_001,prefill__C3,16384,256,0.02,fixed_directional,16384,1.0,energy,0.99951171875,0.020000000000000007,0.9997085610661364
eval_001,prefill__C3,16384,256,0.02,fixed_directional,16384,1.0,directional,1.0,0.020000000000000007,0.9997085610661364
eval_001,prefill__C3,16384,256,0.02,fixed_directional,16384,1.0,combined,1.0,0.020000000000000007,0.9997085610661364
eval_001,prefill__C3,16384,256,0.02,fixed_sparse16,16,0.265625,spike,0.24169921875,0.02,0.9996322466542222
eval_001,prefill__C3,16384,256,0.02,fixed_sparse16,16,0.265625,energy,0.234375,0.02,0.9996322466542222
eval_001,prefill__C3,16384,256,0.02,fixed_sparse16,16,0.265625,directional,0.03662109375,0.02,0.9996322466542222
eval_001,prefill__C3,16384,256,0.02,fixed_sparse16,16,0.265625,combined,0.24755859375,0.02,0.9996322466542222
eval_001,prefill__C3,16384,256,0.02,adaptive_joint,16384,0.021484375,spike,0.0205078125,0.019999999155980917,0.9998330018689674
eval_001,prefill__C3,16384,256,0.02,adaptive_joint,16384,0.021484375,energy,0.013671875,0.019999999155980917,0.9998330018689674
eval_001,prefill__C3,16384,256,0.02,adaptive_joint,16384,0.021484375,directional,0.0,0.019999999155980917,0.9998330018689674
eval_001,prefill__C3,16384,256,0.02,adaptive_joint,16384,0.021484375,combined,0.02099609375,0.019999999155980917,0.9998330018689674
eval_001,prefill__C3,16384,256,0.05,fixed_diffuse,16384,1.0,spike,0.06005859375,0.05000000000000002,0.9985935348693257
eval_001,prefill__C3,16384,256,0.05,fixed_diffuse,16384,1.0,energy,1.0,0.05000000000000002,0.9985935348693257
eval_001,prefill__C3,16384,256,0.05,fixed_diffuse,16384,1.0,directional,0.197265625,0.05000000000000002,0.9985935348693257
eval_001,prefill__C3,16384,256,0.05,fixed_diffuse,16384,1.0,combined,1.0,0.05000000000000002,0.9985935348693257
eval_001,prefill__C3,16384,256,0.05,fixed_directional,16384,1.0,spike,0.0927734375,0.05000000000000002,0.9990474577934984
eval_001,prefill__C3,16384,256,0.05,fixed_directional,16384,1.0,energy,1.0,0.05000000000000002,0.9990474577934984
eval_001,prefill__C3,16384,256,0.05,fixed_directional,16384,1.0,directional,1.0,0.05000000000000002,0.9990474577934984
eval_001,prefill__C3,16384,256,0.05,fixed_directional,16384,1.0,combined,1.0,0.05000000000000002,0.9990474577934984
eval_001,prefill__C3,16384,256,0.05,fixed_sparse16,16,0.23828125,spike,0.25,0.05,0.9985802727240798
eval_001,prefill__C3,16384,256,0.05,fixed_sparse16,16,0.23828125,energy,0.2470703125,0.05,0.9985802727240798
eval_001,prefill__C3,16384,256,0.05,fixed_sparse16,16,0.23828125,directional,0.1904296875,0.05,0.9985802727240798
eval_001,prefill__C3,16384,256,0.05,fixed_sparse16,16,0.23828125,combined,0.25830078125,0.05,0.9985802727240798
eval_001,prefill__C3,16384,256,0.05,adaptive_joint,16,0.216796875,spike,0.2099609375,0.04999999992192116,0.9985744515470502
eval_001,prefill__C3,16384,256,0.05,adaptive_joint,16,0.216796875,energy,0.20263671875,0.04999999992192116,0.9985744515470502
eval_001,prefill__C3,16384,256,0.05,adaptive_joint,16,0.216796875,directional,0.140625,0.04999999992192116,0.9985744515470502
eval_001,prefill__C3,16384,256,0.05,adaptive_joint,16,0.216796875,combined,0.21826171875,0.04999999992192116,0.9985744515470502
eval_001,prefill__C3,16384,512,0.0,honest,0,,spike,0.0,0.0,0.9998359238882945
eval_001,prefill__C3,16384,512,0.0,honest,0,,energy,0.01171875,0.0,0.9998359238882945
eval_001,prefill__C3,16384,512,0.0,honest,0,,directional,0.00146484375,0.0,0.9998359238882945
eval_001,prefill__C3,16384,512,0.0,honest,0,,combined,0.01318359375,0.0,0.9998359238882945
eval_001,prefill__C3,16384,512,0.01,fixed_diffuse,16384,0.3671875,spike,0.0,0.010000000000000004,0.9997862207536876
eval_001,prefill__C3,16384,512,0.01,fixed_diffuse,16384,0.3671875,energy,0.3955078125,0.010000000000000004,0.9997862207536876
eval_001,prefill__C3,16384,512,0.01,fixed_diffuse,16384,0.3671875,directional,0.0048828125,0.010000000000000004,0.9997862207536876
eval_001,prefill__C3,16384,512,0.01,fixed_diffuse,16384,0.3671875,combined,0.39697265625,0.010000000000000004,0.9997862207536876
eval_001,prefill__C3,16384,512,0.01,fixed_directional,16384,1.0,spike,0.0,0.010000000000000004,0.9998050727133605
eval_001,prefill__C3,16384,512,0.01,fixed_directional,16384,1.0,energy,0.24658203125,0.010000000000000004,0.9998050727133605
eval_001,prefill__C3,16384,512,0.01,fixed_directional,16384,1.0,directional,1.0,0.010000000000000004,0.9998050727133605
eval_001,prefill__C3,16384,512,0.01,fixed_directional,16384,1.0,combined,1.0,0.010000000000000004,0.9998050727133605
eval_001,prefill__C3,16384,512,0.01,fixed_sparse16,16,0.39453125,spike,0.41259765625,0.010000000000000002,0.9997863837983799
eval_001,prefill__C3,16384,512,0.01,fixed_sparse16,16,0.39453125,energy,0.41845703125,0.010000000000000002,0.9997863837983799
eval_001,prefill__C3,16384,512,0.01,fixed_sparse16,16,0.39453125,directional,0.00341796875,0.010000000000000002,0.9997863837983799
eval_001,prefill__C3,16384,512,0.01,fixed_sparse16,16,0.39453125,combined,0.42041015625,0.010000000000000002,0.9997863837983799
eval_001,prefill__C3,16384,512,0.01,adaptive_joint,16384,0.0,spike,0.0,0.010000000522525362,0.9998651525596619
eval_001,prefill__C3,16384,512,0.01,adaptive_joint,16384,0.0,energy,0.0,0.010000000522525362,0.9998651525596619
eval_001,prefill__C3,16384,512,0.01,adaptive_joint,16384,0.0,directional,0.0,0.010000000522525362,0.9998651525596619
eval_001,prefill__C3,16384,512,0.01,adaptive_joint,16384,0.0,combined,0.0,0.010000000522525362,0.9998651525596619
eval_001,prefill__C3,16384,512,0.02,fixed_diffuse,16384,1.0,spike,0.0,0.020000000000000007,0.9996354350744981
eval_001,prefill__C3,16384,512,0.02,fixed_diffuse,16384,1.0,energy,1.0,0.020000000000000007,0.9996354350744981
eval_001,prefill__C3,16384,512,0.02,fixed_diffuse,16384,1.0,directional,0.0146484375,0.020000000000000007,0.9996354350744981
eval_001,prefill__C3,16384,512,0.02,fixed_diffuse,16384,1.0,combined,1.0,0.020000000000000007,0.9996354350744981
eval_001,prefill__C3,16384,512,0.02,fixed_directional,16384,1.0,spike,0.0,0.020000000000000007,0.9997085610661364
eval_001,prefill__C3,16384,512,0.02,fixed_directional,16384,1.0,energy,1.0,0.020000000000000007,0.9997085610661364
eval_001,prefill__C3,16384,512,0.02,fixed_directional,16384,1.0,directional,1.0,0.020000000000000007,0.9997085610661364
eval_001,prefill__C3,16384,512,0.02,fixed_directional,16384,1.0,combined,1.0,0.020000000000000007,0.9997085610661364
eval_001,prefill__C3,16384,512,0.02,fixed_sparse16,16,0.408203125,spike,0.392578125,0.02,0.9996368424731249
eval_001,prefill__C3,16384,512,0.02,fixed_sparse16,16,0.408203125,energy,0.39990234375,0.02,0.9996368424731249
eval_001,prefill__C3,16384,512,0.02,fixed_sparse16,16,0.408203125,directional,0.00732421875,0.02,0.9996368424731249
eval_001,prefill__C3,16384,512,0.02,fixed_sparse16,16,0.408203125,combined,0.400390625,0.02,0.9996368424731249
eval_001,prefill__C3,16384,512,0.02,adaptive_joint,16384,0.0,spike,0.0,0.02000000236093844,0.9998406765607764
eval_001,prefill__C3,16384,512,0.02,adaptive_joint,16384,0.0,energy,0.00048828125,0.02000000236093844,0.9998406765607764
eval_001,prefill__C3,16384,512,0.02,adaptive_joint,16384,0.0,directional,0.0,0.02000000236093844,0.9998406765607764
eval_001,prefill__C3,16384,512,0.02,adaptive_joint,16384,0.0,combined,0.00048828125,0.02000000236093844,0.9998406765607764
eval_001,prefill__C3,16384,512,0.05,fixed_diffuse,16384,1.0,spike,0.03076171875,0.05000000000000002,0.9985925682666874
eval_001,prefill__C3,16384,512,0.05,fixed_diffuse,16384,1.0,energy,1.0,0.05000000000000002,0.9985925682666874
eval_001,prefill__C3,16384,512,0.05,fixed_diffuse,16384,1.0,directional,0.13671875,0.05000000000000002,0.9985925682666874
eval_001,prefill__C3,16384,512,0.05,fixed_diffuse,16384,1.0,combined,1.0,0.05000000000000002,0.9985925682666874
eval_001,prefill__C3,16384,512,0.05,fixed_directional,16384,1.0,spike,0.03076171875,0.05000000000000002,0.9990474577934984
eval_001,prefill__C3,16384,512,0.05,fixed_directional,16384,1.0,energy,1.0,0.05000000000000002,0.9990474577934984
eval_001,prefill__C3,16384,512,0.05,fixed_directional,16384,1.0,directional,1.0,0.05000000000000002,0.9990474577934984
eval_001,prefill__C3,16384,512,0.05,fixed_directional,16384,1.0,combined,1.0,0.05000000000000002,0.9990474577934984
eval_001,prefill__C3,16384,512,0.05,fixed_sparse16,16,0.40625,spike,0.3955078125,0.05,0.9985970732846178
eval_001,prefill__C3,16384,512,0.05,fixed_sparse16,16,0.40625,energy,0.40283203125,0.05,0.9985970732846178
eval_001,prefill__C3,16384,512,0.05,fixed_sparse16,16,0.40625,directional,0.1083984375,0.05,0.9985970732846178
eval_001,prefill__C3,16384,512,0.05,fixed_sparse16,16,0.40625,combined,0.4033203125,0.05,0.9985970732846178
eval_001,prefill__C3,16384,512,0.05,adaptive_joint,16,0.361328125,spike,0.35888671875,0.05000000247362399,0.9985787786909237
eval_001,prefill__C3,16384,512,0.05,adaptive_joint,16,0.361328125,energy,0.36865234375,0.05000000247362399,0.9985787786909237
eval_001,prefill__C3,16384,512,0.05,adaptive_joint,16,0.361328125,directional,0.1572265625,0.05000000247362399,0.9985787786909237
eval_001,prefill__C3,16384,512,0.05,adaptive_joint,16,0.361328125,combined,0.37109375,0.05000000247362399,0.9985787786909237
eval_005,prefill__C1,15360,64,0.0,honest,0,,spike,0.00439453125,0.0,0.9999929503297903
eval_005,prefill__C1,15360,64,0.0,honest,0,,energy,0.00390625,0.0,0.9999929503297903
eval_005,prefill__C1,15360,64,0.0,honest,0,,directional,0.00390625,0.0,0.9999929503297903
eval_005,prefill__C1,15360,64,0.0,honest,0,,combined,0.0068359375,0.0,0.9999929503297903
eval_005,prefill__C1,15360,64,0.01,fixed_diffuse,15360,1.0,spike,0.0,0.010000000000000004,0.9999431912436908
eval_005,prefill__C1,15360,64,0.01,fixed_diffuse,15360,1.0,energy,1.0,0.010000000000000004,0.9999431912436908
eval_005,prefill__C1,15360,64,0.01,fixed_diffuse,15360,1.0,directional,0.19140625,0.010000000000000004,0.9999431912436908
eval_005,prefill__C1,15360,64,0.01,fixed_diffuse,15360,1.0,combined,1.0,0.010000000000000004,0.9999431912436908
eval_005,prefill__C1,15360,64,0.01,fixed_directional,15347,1.0,spike,0.0,0.010000000000000002,0.999944627952004
eval_005,prefill__C1,15360,64,0.01,fixed_directional,15347,1.0,energy,1.0,0.010000000000000002,0.999944627952004
eval_005,prefill__C1,15360,64,0.01,fixed_directional,15347,1.0,directional,1.0,0.010000000000000002,0.999944627952004
eval_005,prefill__C1,15360,64,0.01,fixed_directional,15347,1.0,combined,1.0,0.010000000000000002,0.999944627952004
eval_005,prefill__C1,15360,64,0.01,fixed_sparse16,16,0.06640625,spike,0.0732421875,0.01,0.9999428578933925
eval_005,prefill__C1,15360,64,0.01,fixed_sparse16,16,0.06640625,energy,0.07275390625,0.01,0.9999428578933925
eval_005,prefill__C1,15360,64,0.01,fixed_sparse16,16,0.06640625,directional,0.07080078125,0.01,0.9999428578933925
eval_005,prefill__C1,15360,64,0.01,fixed_sparse16,16,0.06640625,combined,0.07568359375,0.01,0.9999428578933925
eval_005,prefill__C1,15360,64,0.01,adaptive_joint,16,0.037109375,spike,0.04541015625,0.01000000037942958,0.9999429939704665
eval_005,prefill__C1,15360,64,0.01,adaptive_joint,16,0.037109375,energy,0.0458984375,0.01000000037942958,0.9999429939704665
eval_005,prefill__C1,15360,64,0.01,adaptive_joint,16,0.037109375,directional,0.03857421875,0.01000000037942958,0.9999429939704665
eval_005,prefill__C1,15360,64,0.01,adaptive_joint,16,0.037109375,combined,0.048828125,0.01000000037942958,0.9999429939704665
eval_005,prefill__C1,15360,64,0.02,fixed_diffuse,15360,1.0,spike,0.009765625,0.020000000000000007,0.9997933874546493
eval_005,prefill__C1,15360,64,0.02,fixed_diffuse,15360,1.0,energy,1.0,0.020000000000000007,0.9997933874546493
eval_005,prefill__C1,15360,64,0.02,fixed_diffuse,15360,1.0,directional,0.4951171875,0.020000000000000007,0.9997933874546493
eval_005,prefill__C1,15360,64,0.02,fixed_diffuse,15360,1.0,combined,1.0,0.020000000000000007,0.9997933874546493
eval_005,prefill__C1,15360,64,0.02,fixed_directional,15347,1.0,spike,0.01513671875,0.020000000000000004,0.9997965335626109
eval_005,prefill__C1,15360,64,0.02,fixed_directional,15347,1.0,energy,1.0,0.020000000000000004,0.9997965335626109
eval_005,prefill__C1,15360,64,0.02,fixed_directional,15347,1.0,directional,1.0,0.020000000000000004,0.9997965335626109
eval_005,prefill__C1,15360,64,0.02,fixed_directional,15347,1.0,combined,1.0,0.020000000000000004,0.9997965335626109
eval_005,prefill__C1,15360,64,0.02,fixed_sparse16,16,0.056640625,spike,0.06494140625,0.02,0.9997929944075954
eval_005,prefill__C1,15360,64,0.02,fixed_sparse16,16,0.056640625,energy,0.064453125,0.02,0.9997929944075954
eval_005,prefill__C1,15360,64,0.02,fixed_sparse16,16,0.056640625,directional,0.064453125,0.02,0.9997929944075954
eval_005,prefill__C1,15360,64,0.02,fixed_sparse16,16,0.056640625,combined,0.0673828125,0.02,0.9997929944075954
eval_005,prefill__C1,15360,64,0.02,adaptive_joint,16,0.0703125,spike,0.06591796875,0.01999999970964936,0.9997930067420304
eval_005,prefill__C1,15360,64,0.02,adaptive_joint,16,0.0703125,energy,0.0654296875,0.01999999970964936,0.9997930067420304
eval_005,prefill__C1,15360,64,0.02,adaptive_joint,16,0.0703125,directional,0.0654296875,0.01999999970964936,0.9997930067420304
eval_005,prefill__C1,15360,64,0.02,adaptive_joint,16,0.0703125,combined,0.068359375,0.01999999970964936,0.9997930067420304
eval_005,prefill__C1,15360,64,0.05,fixed_diffuse,15360,1.0,spike,0.5263671875,0.05000000000000002,0.9987456451263259
eval_005,prefill__C1,15360,64,0.05,fixed_diffuse,15360,1.0,energy,1.0,0.05000000000000002,0.9987456451263259
eval_005,prefill__C1,15360,64,0.05,fixed_diffuse,15360,1.0,directional,0.77490234375,0.05000000000000002,0.9987456451263259
eval_005,prefill__C1,15360,64,0.05,fixed_diffuse,15360,1.0,combined,1.0,0.05000000000000002,0.9987456451263259
eval_005,prefill__C1,15360,64,0.05,fixed_directional,15347,1.0,spike,0.47314453125,0.05000000000000002,0.9987566978572957
eval_005,prefill__C1,15360,64,0.05,fixed_directional,15347,1.0,energy,1.0,0.05000000000000002,0.9987566978572957
eval_005,prefill__C1,15360,64,0.05,fixed_directional,15347,1.0,directional,1.0,0.05000000000000002,0.9987566978572957
eval_005,prefill__C1,15360,64,0.05,fixed_directional,15347,1.0,combined,1.0,0.05000000000000002,0.9987566978572957
eval_005,prefill__C1,15360,64,0.05,fixed_sparse16,16,0.0625,spike,0.0751953125,0.05,0.9987436614486395
eval_005,prefill__C1,15360,64,0.05,fixed_sparse16,16,0.0625,energy,0.0751953125,0.05,0.9987436614486395
eval_005,prefill__C1,15360,64,0.05,fixed_sparse16,16,0.0625,directional,0.07373046875,0.05,0.9987436614486395
eval_005,prefill__C1,15360,64,0.05,fixed_sparse16,16,0.0625,combined,0.07763671875,0.05,0.9987436614486395
eval_005,prefill__C1,15360,64,0.05,adaptive_joint,16,0.03125,spike,0.0576171875,0.05000000231372748,0.9987449866915645
eval_005,prefill__C1,15360,64,0.05,adaptive_joint,16,0.03125,energy,0.05810546875,0.05000000231372748,0.9987449866915645
eval_005,prefill__C1,15360,64,0.05,adaptive_joint,16,0.03125,directional,0.05810546875,0.05000000231372748,0.9987449866915645
eval_005,prefill__C1,15360,64,0.05,adaptive_joint,16,0.03125,combined,0.060546875,0.05000000231372748,0.9987449866915645
eval_005,prefill__C1,15360,128,0.0,honest,0,,spike,0.0,0.0,0.9999929503297903
eval_005,prefill__C1,15360,128,0.0,honest,0,,energy,0.0,0.0,0.9999929503297903
eval_005,prefill__C1,15360,128,0.0,honest,0,,directional,0.0,0.0,0.9999929503297903
eval_005,prefill__C1,15360,128,0.0,honest,0,,combined,0.0,0.0,0.9999929503297903
eval_005,prefill__C1,15360,128,0.01,fixed_diffuse,15360,0.0,spike,0.0,0.010000000000000004,0.999943420273473
eval_005,prefill__C1,15360,128,0.01,fixed_diffuse,15360,0.0,energy,0.0,0.010000000000000004,0.999943420273473
eval_005,prefill__C1,15360,128,0.01,fixed_diffuse,15360,0.0,directional,0.0,0.010000000000000004,0.999943420273473
eval_005,prefill__C1,15360,128,0.01,fixed_diffuse,15360,0.0,combined,0.0,0.010000000000000004,0.999943420273473
eval_005,prefill__C1,15360,128,0.01,fixed_directional,15347,1.0,spike,0.0,0.010000000000000002,0.999944627952004
eval_005,prefill__C1,15360,128,0.01,fixed_directional,15347,1.0,energy,0.0,0.010000000000000002,0.999944627952004
eval_005,prefill__C1,15360,128,0.01,fixed_directional,15347,1.0,directional,1.0,0.010000000000000002,0.999944627952004
eval_005,prefill__C1,15360,128,0.01,fixed_directional,15347,1.0,combined,1.0,0.010000000000000002,0.999944627952004
eval_005,prefill__C1,15360,128,0.01,fixed_sparse16,16,0.001953125,spike,0.0,0.01,0.9999426766512076
eval_005,prefill__C1,15360,128,0.01,fixed_sparse16,16,0.001953125,energy,0.0,0.01,0.9999426766512076
eval_005,prefill__C1,15360,128,0.01,fixed_sparse16,16,0.001953125,directional,0.00439453125,0.01,0.9999426766512076
eval_005,prefill__C1,15360,128,0.01,fixed_sparse16,16,0.001953125,combined,0.00439453125,0.01,0.9999426766512076
eval_005,prefill__C1,15360,128,0.01,adaptive_joint,256,0.0,spike,0.0,0.010000000150123315,0.9999428908594631
eval_005,prefill__C1,15360,128,0.01,adaptive_joint,256,0.0,energy,0.0,0.010000000150123315,0.9999428908594631
eval_005,prefill__C1,15360,128,0.01,adaptive_joint,256,0.0,directional,0.0,0.010000000150123315,0.9999428908594631
eval_005,prefill__C1,15360,128,0.01,adaptive_joint,256,0.0,combined,0.0,0.010000000150123315,0.9999428908594631
eval_005,prefill__C1,15360,128,0.02,fixed_diffuse,15360,0.02734375,spike,0.0,0.020000000000000007,0.9997933997966059
eval_005,prefill__C1,15360,128,0.02,fixed_diffuse,15360,0.02734375,energy,0.0,0.020000000000000007,0.9997933997966059
eval_005,prefill__C1,15360,128,0.02,fixed_diffuse,15360,0.02734375,directional,0.02294921875,0.020000000000000007,0.9997933997966059
eval_005,prefill__C1,15360,128,0.02,fixed_diffuse,15360,0.02734375,combined,0.02294921875,0.020000000000000007,0.9997933997966059
eval_005,prefill__C1,15360,128,0.02,fixed_directional,15347,1.0,spike,0.0,0.020000000000000004,0.9997965335626109
eval_005,prefill__C1,15360,128,0.02,fixed_directional,15347,1.0,energy,0.0,0.020000000000000004,0.9997965335626109
eval_005,prefill__C1,15360,128,0.02,fixed_directional,15347,1.0,directional,1.0,0.020000000000000004,0.9997965335626109
eval_005,prefill__C1,15360,128,0.02,fixed_directional,15347,1.0,combined,1.0,0.020000000000000004,0.9997965335626109
eval_005,prefill__C1,15360,128,0.02,fixed_sparse16,16,0.109375,spike,0.12451171875,0.02,0.9997923797543933
eval_005,prefill__C1,15360,128,0.02,fixed_sparse16,16,0.109375,energy,0.12451171875,0.02,0.9997923797543933
eval_005,prefill__C1,15360,128,0.02,fixed_sparse16,16,0.109375,directional,0.11865234375,0.02,0.9997923797543933
eval_005,prefill__C1,15360,128,0.02,fixed_sparse16,16,0.109375,combined,0.12451171875,0.02,0.9997923797543933
eval_005,prefill__C1,15360,128,0.02,adaptive_joint,256,0.017578125,spike,0.0,0.020000001704322715,0.9997940638816306
eval_005,prefill__C1,15360,128,0.02,adaptive_joint,256,0.017578125,energy,0.00048828125,0.020000001704322715,0.9997940638816306
eval_005,prefill__C1,15360,128,0.02,adaptive_joint,256,0.017578125,directional,0.0302734375,0.020000001704322715,0.9997940638816306
eval_005,prefill__C1,15360,128,0.02,adaptive_joint,256,0.017578125,combined,0.03076171875,0.020000001704322715,0.9997940638816306
eval_005,prefill__C1,15360,128,0.05,fixed_diffuse,15360,1.0,spike,0.0,0.05000000000000002,0.9987464747491942
eval_005,prefill__C1,15360,128,0.05,fixed_diffuse,15360,1.0,energy,1.0,0.05000000000000002,0.9987464747491942
eval_005,prefill__C1,15360,128,0.05,fixed_diffuse,15360,1.0,directional,0.35205078125,0.05000000000000002,0.9987464747491942
eval_005,prefill__C1,15360,128,0.05,fixed_diffuse,15360,1.0,combined,1.0,0.05000000000000002,0.9987464747491942
eval_005,prefill__C1,15360,128,0.05,fixed_directional,15347,1.0,spike,0.0,0.05000000000000002,0.9987566978572957
eval_005,prefill__C1,15360,128,0.05,fixed_directional,15347,1.0,energy,1.0,0.05000000000000002,0.9987566978572957
eval_005,prefill__C1,15360,128,0.05,fixed_directional,15347,1.0,directional,1.0,0.05000000000000002,0.9987566978572957
eval_005,prefill__C1,15360,128,0.05,fixed_directional,15347,1.0,combined,1.0,0.05000000000000002,0.9987566978572957
eval_005,prefill__C1,15360,128,0.05,fixed_sparse16,16,0.115234375,spike,0.12060546875,0.05,0.9987451570152862
eval_005,prefill__C1,15360,128,0.05,fixed_sparse16,16,0.115234375,energy,0.12060546875,0.05,0.9987451570152862
eval_005,prefill__C1,15360,128,0.05,fixed_sparse16,16,0.115234375,directional,0.11572265625,0.05,0.9987451570152862
eval_005,prefill__C1,15360,128,0.05,fixed_sparse16,16,0.115234375,combined,0.12060546875,0.05,0.9987451570152862
eval_005,prefill__C1,15360,128,0.05,adaptive_joint,16,0.08984375,spike,0.123046875,0.05000000337132234,0.9987472070311078
eval_005,prefill__C1,15360,128,0.05,adaptive_joint,16,0.08984375,energy,0.123046875,0.05000000337132234,0.9987472070311078
eval_005,prefill__C1,15360,128,0.05,adaptive_joint,16,0.08984375,directional,0.1220703125,0.05000000337132234,0.9987472070311078
eval_005,prefill__C1,15360,128,0.05,adaptive_joint,16,0.08984375,combined,0.123046875,0.05000000337132234,0.9987472070311078
eval_005,prefill__C1,15360,256,0.0,honest,0,,spike,0.0,0.0,0.9999929503297903
eval_005,prefill__C1,15360,256,0.0,honest,0,,energy,0.0,0.0,0.9999929503297903
eval_005,prefill__C1,15360,256,0.0,honest,0,,directional,0.0,0.0,0.9999929503297903
eval_005,prefill__C1,15360,256,0.0,honest,0,,combined,0.0,0.0,0.9999929503297903
eval_005,prefill__C1,15360,256,0.01,fixed_diffuse,15360,0.0,spike,0.0,0.010000000000000004,0.9999427498423341
eval_005,prefill__C1,15360,256,0.01,fixed_diffuse,15360,0.0,energy,0.0,0.010000000000000004,0.9999427498423341
eval_005,prefill__C1,15360,256,0.01,fixed_diffuse,15360,0.0,directional,0.00146484375,0.010000000000000004,0.9999427498423341
eval_005,prefill__C1,15360,256,0.01,fixed_diffuse,15360,0.0,combined,0.00146484375,0.010000000000000004,0.9999427498423341
eval_005,prefill__C1,15360,256,0.01,fixed_directional,15347,1.0,spike,0.0,0.010000000000000002,0.999944627952004
eval_005,prefill__C1,15360,256,0.01,fixed_directional,15347,1.0,energy,0.0,0.010000000000000002,0.999944627952004
eval_005,prefill__C1,15360,256,0.01,fixed_directional,15347,1.0,directional,1.0,0.010000000000000002,0.999944627952004
eval_005,prefill__C1,15360,256,0.01,fixed_directional,15347,1.0,combined,1.0,0.010000000000000002,0.999944627952004
eval_005,prefill__C1,15360,256,0.01,fixed_sparse16,16,0.009765625,spike,0.0,0.01,0.9999429608313816
eval_005,prefill__C1,15360,256,0.01,fixed_sparse16,16,0.009765625,energy,0.0009765625,0.01,0.9999429608313816
eval_005,prefill__C1,15360,256,0.01,fixed_sparse16,16,0.009765625,directional,0.015625,0.01,0.9999429608313816
eval_005,prefill__C1,15360,256,0.01,fixed_sparse16,16,0.009765625,combined,0.01611328125,0.01,0.9999429608313816
eval_005,prefill__C1,15360,256,0.01,adaptive_joint,15360,0.0,spike,0.0,0.010000002026433506,0.9999426201916221
eval_005,prefill__C1,15360,256,0.01,adaptive_joint,15360,0.0,energy,0.0,0.010000002026433506,0.9999426201916221
eval_005,prefill__C1,15360,256,0.01,adaptive_joint,15360,0.0,directional,0.00439453125,0.010000002026433506,0.9999426201916221
eval_005,prefill__C1,15360,256,0.01,adaptive_joint,15360,0.0,combined,0.00439453125,0.010000002026433506,0.9999426201916221
eval_005,prefill__C1,15360,256,0.02,fixed_diffuse,15360,0.138671875,spike,0.0,0.020000000000000007,0.9997934893424523
eval_005,prefill__C1,15360,256,0.02,fixed_diffuse,15360,0.138671875,energy,0.0,0.020000000000000007,0.9997934893424523
eval_005,prefill__C1,15360,256,0.02,fixed_diffuse,15360,0.138671875,directional,0.11572265625,0.020000000000000007,0.9997934893424523
eval_005,prefill__C1,15360,256,0.02,fixed_diffuse,15360,0.138671875,combined,0.11572265625,0.020000000000000007,0.9997934893424523
eval_005,prefill__C1,15360,256,0.02,fixed_directional,15347,1.0,spike,0.0,0.020000000000000004,0.9997965335626109
eval_005,prefill__C1,15360,256,0.02,fixed_directional,15347,1.0,energy,0.0,0.020000000000000004,0.9997965335626109
eval_005,prefill__C1,15360,256,0.02,fixed_directional,15347,1.0,directional,1.0,0.020000000000000004,0.9997965335626109
eval_005,prefill__C1,15360,256,0.02,fixed_directional,15347,1.0,combined,1.0,0.020000000000000004,0.9997965335626109
eval_005,prefill__C1,15360,256,0.02,fixed_sparse16,16,0.232421875,spike,0.2392578125,0.02,0.9997915705813094
eval_005,prefill__C1,15360,256,0.02,fixed_sparse16,16,0.232421875,energy,0.2392578125,0.02,0.9997915705813094
eval_005,prefill__C1,15360,256,0.02,fixed_sparse16,16,0.232421875,directional,0.20458984375,0.02,0.9997915705813094
eval_005,prefill__C1,15360,256,0.02,fixed_sparse16,16,0.232421875,combined,0.2392578125,0.02,0.9997915705813094
eval_005,prefill__C1,15360,256,0.02,adaptive_joint,15360,0.103515625,spike,0.0,0.02000000183374241,0.9997928979082279
eval_005,prefill__C1,15360,256,0.02,adaptive_joint,15360,0.103515625,energy,0.0,0.02000000183374241,0.9997928979082279
eval_005,prefill__C1,15360,256,0.02,adaptive_joint,15360,0.103515625,directional,0.09521484375,0.02000000183374241,0.9997928979082279
eval_005,prefill__C1,15360,256,0.02,adaptive_joint,15360,0.103515625,combined,0.09521484375,0.02000000183374241,0.9997928979082279
eval_005,prefill__C1,15360,256,0.05,fixed_diffuse,15360,1.0,spike,0.0,0.05000000000000002,0.9987446689362106
eval_005,prefill__C1,15360,256,0.05,fixed_diffuse,15360,1.0,energy,1.0,0.05000000000000002,0.9987446689362106
eval_005,prefill__C1,15360,256,0.05,fixed_diffuse,15360,1.0,directional,0.5107421875,0.05000000000000002,0.9987446689362106
eval_005,prefill__C1,15360,256,0.05,fixed_diffuse,15360,1.0,combined,1.0,0.05000000000000002,0.9987446689362106
eval_005,prefill__C1,15360,256,0.05,fixed_directional,15347,1.0,spike,0.0,0.05000000000000002,0.9987566978572957
eval_005,prefill__C1,15360,256,0.05,fixed_directional,15347,1.0,energy,1.0,0.05000000000000002,0.9987566978572957
eval_005,prefill__C1,15360,256,0.05,fixed_directional,15347,1.0,directional,1.0,0.05000000000000002,0.9987566978572957
eval_005,prefill__C1,15360,256,0.05,fixed_directional,15347,1.0,combined,1.0,0.05000000000000002,0.9987566978572957
eval_005,prefill__C1,15360,256,0.05,fixed_sparse16,16,0.208984375,spike,0.24072265625,0.05,0.9987460037870465
eval_005,prefill__C1,15360,256,0.05,fixed_sparse16,16,0.208984375,energy,0.24072265625,0.05,0.9987460037870465
eval_005,prefill__C1,15360,256,0.05,fixed_sparse16,16,0.208984375,directional,0.22802734375,0.05,0.9987460037870465
eval_005,prefill__C1,15360,256,0.05,fixed_sparse16,16,0.208984375,combined,0.24072265625,0.05,0.9987460037870465
eval_005,prefill__C1,15360,256,0.05,adaptive_joint,16,0.19140625,spike,0.18212890625,0.050000006186104395,0.9987425671386401
eval_005,prefill__C1,15360,256,0.05,adaptive_joint,16,0.19140625,energy,0.18212890625,0.050000006186104395,0.9987425671386401
eval_005,prefill__C1,15360,256,0.05,adaptive_joint,16,0.19140625,directional,0.1787109375,0.050000006186104395,0.9987425671386401
eval_005,prefill__C1,15360,256,0.05,adaptive_joint,16,0.19140625,combined,0.1826171875,0.050000006186104395,0.9987425671386401
eval_005,prefill__C1,15360,512,0.0,honest,0,,spike,0.0,0.0,0.9999929503297903
eval_005,prefill__C1,15360,512,0.0,honest,0,,energy,0.0,0.0,0.9999929503297903
eval_005,prefill__C1,15360,512,0.0,honest,0,,directional,0.0,0.0,0.9999929503297903
eval_005,prefill__C1,15360,512,0.0,honest,0,,combined,0.0,0.0,0.9999929503297903
eval_005,prefill__C1,15360,512,0.01,fixed_diffuse,15360,0.009765625,spike,0.0,0.010000000000000004,0.9999430937262759
eval_005,prefill__C1,15360,512,0.01,fixed_diffuse,15360,0.009765625,energy,0.0,0.010000000000000004,0.9999430937262759
eval_005,prefill__C1,15360,512,0.01,fixed_diffuse,15360,0.009765625,directional,0.00927734375,0.010000000000000004,0.9999430937262759
eval_005,prefill__C1,15360,512,0.01,fixed_diffuse,15360,0.009765625,combined,0.00927734375,0.010000000000000004,0.9999430937262759
eval_005,prefill__C1,15360,512,0.01,fixed_directional,15347,1.0,spike,0.0,0.010000000000000002,0.999944627952004
eval_005,prefill__C1,15360,512,0.01,fixed_directional,15347,1.0,energy,0.0,0.010000000000000002,0.999944627952004
eval_005,prefill__C1,15360,512,0.01,fixed_directional,15347,1.0,directional,1.0,0.010000000000000002,0.999944627952004
eval_005,prefill__C1,15360,512,0.01,fixed_directional,15347,1.0,combined,1.0,0.010000000000000002,0.999944627952004
eval_005,prefill__C1,15360,512,0.01,fixed_sparse16,16,0.021484375,spike,0.0,0.01,0.9999427222475556
eval_005,prefill__C1,15360,512,0.01,fixed_sparse16,16,0.021484375,energy,0.00146484375,0.01,0.9999427222475556
eval_005,prefill__C1,15360,512,0.01,fixed_sparse16,16,0.021484375,directional,0.021484375,0.01,0.9999427222475556
eval_005,prefill__C1,15360,512,0.01,fixed_sparse16,16,0.021484375,combined,0.02294921875,0.01,0.9999427222475556
eval_005,prefill__C1,15360,512,0.01,adaptive_joint,15360,0.0,spike,0.0,0.010000002574483758,0.9999433711869719
eval_005,prefill__C1,15360,512,0.01,adaptive_joint,15360,0.0,energy,0.0,0.010000002574483758,0.9999433711869719
eval_005,prefill__C1,15360,512,0.01,adaptive_joint,15360,0.0,directional,0.00537109375,0.010000002574483758,0.9999433711869719
eval_005,prefill__C1,15360,512,0.01,adaptive_joint,15360,0.0,combined,0.00537109375,0.010000002574483758,0.9999433711869719
eval_005,prefill__C1,15360,512,0.02,fixed_diffuse,15360,0.16796875,spike,0.0,0.020000000000000007,0.9997934763856047
eval_005,prefill__C1,15360,512,0.02,fixed_diffuse,15360,0.16796875,energy,0.0,0.020000000000000007,0.9997934763856047
eval_005,prefill__C1,15360,512,0.02,fixed_diffuse,15360,0.16796875,directional,0.1572265625,0.020000000000000007,0.9997934763856047
eval_005,prefill__C1,15360,512,0.02,fixed_diffuse,15360,0.16796875,combined,0.1572265625,0.020000000000000007,0.9997934763856047
eval_005,prefill__C1,15360,512,0.02,fixed_directional,15347,1.0,spike,0.0,0.020000000000000004,0.9997965335626109
eval_005,prefill__C1,15360,512,0.02,fixed_directional,15347,1.0,energy,0.0,0.020000000000000004,0.9997965335626109
eval_005,prefill__C1,15360,512,0.02,fixed_directional,15347,1.0,directional,1.0,0.020000000000000004,0.9997965335626109
eval_005,prefill__C1,15360,512,0.02,fixed_directional,15347,1.0,combined,1.0,0.020000000000000004,0.9997965335626109
eval_005,prefill__C1,15360,512,0.02,fixed_sparse16,16,0.404296875,spike,0.40869140625,0.02,0.9997938732671104
eval_005,prefill__C1,15360,512,0.02,fixed_sparse16,16,0.404296875,energy,0.40869140625,0.02,0.9997938732671104
eval_005,prefill__C1,15360,512,0.02,fixed_sparse16,16,0.404296875,directional,0.20556640625,0.02,0.9997938732671104
eval_005,prefill__C1,15360,512,0.02,fixed_sparse16,16,0.404296875,combined,0.40869140625,0.02,0.9997938732671104
eval_005,prefill__C1,15360,512,0.02,adaptive_joint,15360,0.111328125,spike,0.0,0.02000000161162929,0.9997946268631664
eval_005,prefill__C1,15360,512,0.02,adaptive_joint,15360,0.111328125,energy,0.0,0.02000000161162929,0.9997946268631664
eval_005,prefill__C1,15360,512,0.02,adaptive_joint,15360,0.111328125,directional,0.14794921875,0.02000000161162929,0.9997946268631664
eval_005,prefill__C1,15360,512,0.02,adaptive_joint,15360,0.111328125,combined,0.14794921875,0.02000000161162929,0.9997946268631664
eval_005,prefill__C1,15360,512,0.05,fixed_diffuse,15360,1.0,spike,0.0,0.05000000000000002,0.9987478232347029
eval_005,prefill__C1,15360,512,0.05,fixed_diffuse,15360,1.0,energy,1.0,0.05000000000000002,0.9987478232347029
eval_005,prefill__C1,15360,512,0.05,fixed_diffuse,15360,1.0,directional,0.5810546875,0.05000000000000002,0.9987478232347029
eval_005,prefill__C1,15360,512,0.05,fixed_diffuse,15360,1.0,combined,1.0,0.05000000000000002,0.9987478232347029
eval_005,prefill__C1,15360,512,0.05,fixed_directional,15347,1.0,spike,0.0,0.05000000000000002,0.9987566978572957
eval_005,prefill__C1,15360,512,0.05,fixed_directional,15347,1.0,energy,1.0,0.05000000000000002,0.9987566978572957
eval_005,prefill__C1,15360,512,0.05,fixed_directional,15347,1.0,directional,1.0,0.05000000000000002,0.9987566978572957
eval_005,prefill__C1,15360,512,0.05,fixed_directional,15347,1.0,combined,1.0,0.05000000000000002,0.9987566978572957
eval_005,prefill__C1,15360,512,0.05,fixed_sparse16,16,0.419921875,spike,0.41845703125,0.05,0.9987432214284527
eval_005,prefill__C1,15360,512,0.05,fixed_sparse16,16,0.419921875,energy,0.41845703125,0.05,0.9987432214284527
eval_005,prefill__C1,15360,512,0.05,fixed_sparse16,16,0.419921875,directional,0.37109375,0.05,0.9987432214284527
eval_005,prefill__C1,15360,512,0.05,fixed_sparse16,16,0.419921875,combined,0.41845703125,0.05,0.9987432214284527
eval_005,prefill__C1,15360,512,0.05,adaptive_joint,16,0.345703125,spike,0.35302734375,0.050000003331079644,0.9987454962946761
eval_005,prefill__C1,15360,512,0.05,adaptive_joint,16,0.345703125,energy,0.35302734375,0.050000003331079644,0.9987454962946761
eval_005,prefill__C1,15360,512,0.05,adaptive_joint,16,0.345703125,directional,0.3349609375,0.050000003331079644,0.9987454962946761
eval_005,prefill__C1,15360,512,0.05,adaptive_joint,16,0.345703125,combined,0.35302734375,0.050000003331079644,0.9987454962946761
eval_005,prefill__C2,15360,64,0.0,honest,0,,spike,0.0048828125,0.0,0.9999927080218672
eval_005,prefill__C2,15360,64,0.0,honest,0,,energy,0.00244140625,0.0,0.9999927080218672
eval_005,prefill__C2,15360,64,0.0,honest,0,,directional,0.0,0.0,0.9999927080218672
eval_005,prefill__C2,15360,64,0.0,honest,0,,combined,0.005859375,0.0,0.9999927080218672
eval_005,prefill__C2,15360,64,0.01,fixed_diffuse,15360,1.0,spike,0.0,0.010000000000000004,0.9999434940662301
eval_005,prefill__C2,15360,64,0.01,fixed_diffuse,15360,1.0,energy,1.0,0.010000000000000004,0.9999434940662301
eval_005,prefill__C2,15360,64,0.01,fixed_diffuse,15360,1.0,directional,0.150390625,0.010000000000000004,0.9999434940662301
eval_005,prefill__C2,15360,64,0.01,fixed_diffuse,15360,1.0,combined,1.0,0.010000000000000004,0.9999434940662301
eval_005,prefill__C2,15360,64,0.01,fixed_directional,15346,1.0,spike,0.0,0.009999999999999997,0.9999442093704596
eval_005,prefill__C2,15360,64,0.01,fixed_directional,15346,1.0,energy,1.0,0.009999999999999997,0.9999442093704596
eval_005,prefill__C2,15360,64,0.01,fixed_directional,15346,1.0,directional,1.0,0.009999999999999997,0.9999442093704596
eval_005,prefill__C2,15360,64,0.01,fixed_directional,15346,1.0,combined,1.0,0.009999999999999997,0.9999442093704596
eval_005,prefill__C2,15360,64,0.01,fixed_sparse16,16,0.0625,spike,0.0703125,0.01,0.9999424538287833
eval_005,prefill__C2,15360,64,0.01,fixed_sparse16,16,0.0625,energy,0.0673828125,0.01,0.9999424538287833
eval_005,prefill__C2,15360,64,0.01,fixed_sparse16,16,0.0625,directional,0.06396484375,0.01,0.9999424538287833
eval_005,prefill__C2,15360,64,0.01,fixed_sparse16,16,0.0625,combined,0.07080078125,0.01,0.9999424538287833
eval_005,prefill__C2,15360,64,0.01,adaptive_joint,16,0.037109375,spike,0.05908203125,0.010000000129570273,0.9999427885307776
eval_005,prefill__C2,15360,64,0.01,adaptive_joint,16,0.037109375,energy,0.056640625,0.010000000129570273,0.9999427885307776
eval_005,prefill__C2,15360,64,0.01,adaptive_joint,16,0.037109375,directional,0.0517578125,0.010000000129570273,0.9999427885307776
eval_005,prefill__C2,15360,64,0.01,adaptive_joint,16,0.037109375,combined,0.06005859375,0.010000000129570273,0.9999427885307776
eval_005,prefill__C2,15360,64,0.02,fixed_diffuse,15360,1.0,spike,0.017578125,0.020000000000000007,0.9997926132917779
eval_005,prefill__C2,15360,64,0.02,fixed_diffuse,15360,1.0,energy,1.0,0.020000000000000007,0.9997926132917779
eval_005,prefill__C2,15360,64,0.02,fixed_diffuse,15360,1.0,directional,0.48046875,0.020000000000000007,0.9997926132917779
eval_005,prefill__C2,15360,64,0.02,fixed_diffuse,15360,1.0,combined,1.0,0.020000000000000007,0.9997926132917779
eval_005,prefill__C2,15360,64,0.02,fixed_directional,15346,1.0,spike,0.0126953125,0.019999999999999993,0.9997960713502064
eval_005,prefill__C2,15360,64,0.02,fixed_directional,15346,1.0,energy,1.0,0.019999999999999993,0.9997960713502064
eval_005,prefill__C2,15360,64,0.02,fixed_directional,15346,1.0,directional,1.0,0.019999999999999993,0.9997960713502064
eval_005,prefill__C2,15360,64,0.02,fixed_directional,15346,1.0,combined,1.0,0.019999999999999993,0.9997960713502064
eval_005,prefill__C2,15360,64,0.02,fixed_sparse16,16,0.0625,spike,0.06591796875,0.02,0.999792784437532
eval_005,prefill__C2,15360,64,0.02,fixed_sparse16,16,0.0625,energy,0.0634765625,0.02,0.999792784437532
eval_005,prefill__C2,15360,64,0.02,fixed_sparse16,16,0.0625,directional,0.06005859375,0.02,0.999792784437532
eval_005,prefill__C2,15360,64,0.02,fixed_sparse16,16,0.0625,combined,0.06689453125,0.02,0.999792784437532
eval_005,prefill__C2,15360,64,0.02,adaptive_joint,16,0.064453125,spike,0.07373046875,0.02000000116902308,0.9997934601323247
eval_005,prefill__C2,15360,64,0.02,adaptive_joint,16,0.064453125,energy,0.0712890625,0.02000000116902308,0.9997934601323247
eval_005,prefill__C2,15360,64,0.02,adaptive_joint,16,0.064453125,directional,0.06591796875,0.02000000116902308,0.9997934601323247
eval_005,prefill__C2,15360,64,0.02,adaptive_joint,16,0.064453125,combined,0.07470703125,0.02000000116902308,0.9997934601323247
eval_005,prefill__C2,15360,64,0.05,fixed_diffuse,15360,1.0,spike,0.5380859375,0.05000000000000002,0.9987479459588926
eval_005,prefill__C2,15360,64,0.05,fixed_diffuse,15360,1.0,energy,1.0,0.05000000000000002,0.9987479459588926
eval_005,prefill__C2,15360,64,0.05,fixed_diffuse,15360,1.0,directional,0.755859375,0.05000000000000002,0.9987479459588926
eval_005,prefill__C2,15360,64,0.05,fixed_diffuse,15360,1.0,combined,1.0,0.05000000000000002,0.9987479459588926
eval_005,prefill__C2,15360,64,0.05,fixed_directional,15346,1.0,spike,0.49853515625,0.05000000000000002,0.9987575805696649
eval_005,prefill__C2,15360,64,0.05,fixed_directional,15346,1.0,energy,1.0,0.05000000000000002,0.9987575805696649
eval_005,prefill__C2,15360,64,0.05,fixed_directional,15346,1.0,directional,1.0,0.05000000000000002,0.9987575805696649
eval_005,prefill__C2,15360,64,0.05,fixed_directional,15346,1.0,combined,1.0,0.05000000000000002,0.9987575805696649
eval_005,prefill__C2,15360,64,0.05,fixed_sparse16,16,0.060546875,spike,0.068359375,0.05,0.9987454617953808
eval_005,prefill__C2,15360,64,0.05,fixed_sparse16,16,0.060546875,energy,0.06591796875,0.05,0.9987454617953808
eval_005,prefill__C2,15360,64,0.05,fixed_sparse16,16,0.060546875,directional,0.0625,0.05,0.9987454617953808
eval_005,prefill__C2,15360,64,0.05,fixed_sparse16,16,0.060546875,combined,0.0693359375,0.05,0.9987454617953808
eval_005,prefill__C2,15360,64,0.05,adaptive_joint,16,0.056640625,spike,0.06884765625,0.05000000419291318,0.998744918662383
eval_005,prefill__C2,15360,64,0.05,adaptive_joint,16,0.056640625,energy,0.06787109375,0.05000000419291318,0.998744918662383
eval_005,prefill__C2,15360,64,0.05,adaptive_joint,16,0.056640625,directional,0.06396484375,0.05000000419291318,0.998744918662383
eval_005,prefill__C2,15360,64,0.05,adaptive_joint,16,0.056640625,combined,0.06982421875,0.05000000419291318,0.998744918662383
eval_005,prefill__C2,15360,128,0.0,honest,0,,spike,0.0,0.0,0.9999927080218672
eval_005,prefill__C2,15360,128,0.0,honest,0,,energy,0.0,0.0,0.9999927080218672
eval_005,prefill__C2,15360,128,0.0,honest,0,,directional,0.0,0.0,0.9999927080218672
eval_005,prefill__C2,15360,128,0.0,honest,0,,combined,0.0,0.0,0.9999927080218672
eval_005,prefill__C2,15360,128,0.01,fixed_diffuse,15360,0.0,spike,0.0,0.010000000000000004,0.9999428104350591
eval_005,prefill__C2,15360,128,0.01,fixed_diffuse,15360,0.0,energy,0.0,0.010000000000000004,0.9999428104350591
eval_005,prefill__C2,15360,128,0.01,fixed_diffuse,15360,0.0,directional,0.0,0.010000000000000004,0.9999428104350591
eval_005,prefill__C2,15360,128,0.01,fixed_diffuse,15360,0.0,combined,0.0,0.010000000000000004,0.9999428104350591
eval_005,prefill__C2,15360,128,0.01,fixed_directional,15346,1.0,spike,0.0,0.009999999999999997,0.9999442093704596
eval_005,prefill__C2,15360,128,0.01,fixed_directional,15346,1.0,energy,0.0,0.009999999999999997,0.9999442093704596
eval_005,prefill__C2,15360,128,0.01,fixed_directional,15346,1.0,directional,1.0,0.009999999999999997,0.9999442093704596
eval_005,prefill__C2,15360,128,0.01,fixed_directional,15346,1.0,combined,1.0,0.009999999999999997,0.9999442093704596
eval_005,prefill__C2,15360,128,0.01,fixed_sparse16,16,0.001953125,spike,0.0,0.01,0.9999428880759454
eval_005,prefill__C2,15360,128,0.01,fixed_sparse16,16,0.001953125,energy,0.0,0.01,0.9999428880759454
eval_005,prefill__C2,15360,128,0.01,fixed_sparse16,16,0.001953125,directional,0.005859375,0.01,0.9999428880759454
eval_005,prefill__C2,15360,128,0.01,fixed_sparse16,16,0.001953125,combined,0.005859375,0.01,0.9999428880759454
eval_005,prefill__C2,15360,128,0.01,adaptive_joint,256,0.0,spike,0.0,0.010000000255485485,0.9999426244007235
eval_005,prefill__C2,15360,128,0.01,adaptive_joint,256,0.0,energy,0.0,0.010000000255485485,0.9999426244007235
eval_005,prefill__C2,15360,128,0.01,adaptive_joint,256,0.0,directional,0.0,0.010000000255485485,0.9999426244007235
eval_005,prefill__C2,15360,128,0.01,adaptive_joint,256,0.0,combined,0.0,0.010000000255485485,0.9999426244007235
eval_005,prefill__C2,15360,128,0.02,fixed_diffuse,15360,0.041015625,spike,0.0,0.020000000000000007,0.9997929880017314
eval_005,prefill__C2,15360,128,0.02,fixed_diffuse,15360,0.041015625,energy,0.0,0.020000000000000007,0.9997929880017314
eval_005,prefill__C2,15360,128,0.02,fixed_diffuse,15360,0.041015625,directional,0.03662109375,0.020000000000000007,0.9997929880017314
eval_005,prefill__C2,15360,128,0.02,fixed_diffuse,15360,0.041015625,combined,0.03662109375,0.020000000000000007,0.9997929880017314
eval_005,prefill__C2,15360,128,0.02,fixed_directional,15346,1.0,spike,0.0,0.019999999999999993,0.9997960713502064
eval_005,prefill__C2,15360,128,0.02,fixed_directional,15346,1.0,energy,0.0,0.019999999999999993,0.9997960713502064
eval_005,prefill__C2,15360,128,0.02,fixed_directional,15346,1.0,directional,1.0,0.019999999999999993,0.9997960713502064
eval_005,prefill__C2,15360,128,0.02,fixed_directional,15346,1.0,combined,1.0,0.019999999999999993,0.9997960713502064
eval_005,prefill__C2,15360,128,0.02,fixed_sparse16,16,0.1328125,spike,0.1123046875,0.02,0.9997928142707933
eval_005,prefill__C2,15360,128,0.02,fixed_sparse16,16,0.1328125,energy,0.1123046875,0.02,0.9997928142707933
eval_005,prefill__C2,15360,128,0.02,fixed_sparse16,16,0.1328125,directional,0.10791015625,0.02,0.9997928142707933
eval_005,prefill__C2,15360,128,0.02,fixed_sparse16,16,0.1328125,combined,0.1123046875,0.02,0.9997928142707933
eval_005,prefill__C2,15360,128,0.02,adaptive_joint,16,0.0390625,spike,0.04296875,0.019999999975315003,0.9997926323819221
eval_005,prefill__C2,15360,128,0.02,adaptive_joint,16,0.0390625,energy,0.04296875,0.019999999975315003,0.9997926323819221
eval_005,prefill__C2,15360,128,0.02,adaptive_joint,16,0.0390625,directional,0.04248046875,0.019999999975315003,0.9997926323819221
eval_005,prefill__C2,15360,128,0.02,adaptive_joint,16,0.0390625,combined,0.04296875,0.019999999975315003,0.9997926323819221
eval_005,prefill__C2,15360,128,0.05,fixed_diffuse,15360,1.0,spike,0.0,0.05000000000000002,0.9987421130030321
eval_005,prefill__C2,15360,128,0.05,fixed_diffuse,15360,1.0,energy,1.0,0.05000000000000002,0.9987421130030321
eval_005,prefill__C2,15360,128,0.05,fixed_diffuse,15360,1.0,directional,0.38720703125,0.05000000000000002,0.9987421130030321
eval_005,prefill__C2,15360,128,0.05,fixed_diffuse,15360,1.0,combined,1.0,0.05000000000000002,0.9987421130030321
eval_005,prefill__C2,15360,128,0.05,fixed_directional,15346,1.0,spike,0.0,0.05000000000000002,0.9987575805696649
eval_005,prefill__C2,15360,128,0.05,fixed_directional,15346,1.0,energy,1.0,0.05000000000000002,0.9987575805696649
eval_005,prefill__C2,15360,128,0.05,fixed_directional,15346,1.0,directional,1.0,0.05000000000000002,0.9987575805696649
eval_005,prefill__C2,15360,128,0.05,fixed_directional,15346,1.0,combined,1.0,0.05000000000000002,0.9987575805696649
eval_005,prefill__C2,15360,128,0.05,fixed_sparse16,16,0.103515625,spike,0.1240234375,0.05,0.9987453210703272
eval_005,prefill__C2,15360,128,0.05,fixed_sparse16,16,0.103515625,energy,0.1240234375,0.05,0.9987453210703272
eval_005,prefill__C2,15360,128,0.05,fixed_sparse16,16,0.103515625,directional,0.12060546875,0.05,0.9987453210703272
eval_005,prefill__C2,15360,128,0.05,fixed_sparse16,16,0.103515625,combined,0.1240234375,0.05,0.9987453210703272
eval_005,prefill__C2,15360,128,0.05,adaptive_joint,16,0.08203125,spike,0.08154296875,0.04999999982595145,0.998745121246604
eval_005,prefill__C2,15360,128,0.05,adaptive_joint,16,0.08203125,energy,0.08154296875,0.04999999982595145,0.998745121246604
eval_005,prefill__C2,15360,128,0.05,adaptive_joint,16,0.08203125,directional,0.08154296875,0.04999999982595145,0.998745121246604
eval_005,prefill__C2,15360,128,0.05,adaptive_joint,16,0.08203125,combined,0.08154296875,0.04999999982595145,0.998745121246604
eval_005,prefill__C2,15360,256,0.0,honest,0,,spike,0.0,0.0,0.9999927080218672
eval_005,prefill__C2,15360,256,0.0,honest,0,,energy,0.0,0.0,0.9999927080218672
eval_005,prefill__C2,15360,256,0.0,honest,0,,directional,0.0,0.0,0.9999927080218672
eval_005,prefill__C2,15360,256,0.0,honest,0,,combined,0.0,0.0,0.9999927080218672
eval_005,prefill__C2,15360,256,0.01,fixed_diffuse,15360,0.00390625,spike,0.0,0.010000000000000004,0.9999428806442165
eval_005,prefill__C2,15360,256,0.01,fixed_diffuse,15360,0.00390625,energy,0.0,0.010000000000000004,0.9999428806442165
eval_005,prefill__C2,15360,256,0.01,fixed_diffuse,15360,0.00390625,directional,0.00146484375,0.010000000000000004,0.9999428806442165
eval_005,prefill__C2,15360,256,0.01,fixed_diffuse,15360,0.00390625,combined,0.00146484375,0.010000000000000004,0.9999428806442165
eval_005,prefill__C2,15360,256,0.01,fixed_directional,15346,1.0,spike,0.0,0.009999999999999997,0.9999442093704596
eval_005,prefill__C2,15360,256,0.01,fixed_directional,15346,1.0,energy,0.0,0.009999999999999997,0.9999442093704596
eval_005,prefill__C2,15360,256,0.01,fixed_directional,15346,1.0,directional,1.0,0.009999999999999997,0.9999442093704596
eval_005,prefill__C2,15360,256,0.01,fixed_directional,15346,1.0,combined,1.0,0.009999999999999997,0.9999442093704596
eval_005,prefill__C2,15360,256,0.01,fixed_sparse16,16,0.013671875,spike,0.0,0.01,0.999942665334205
eval_005,prefill__C2,15360,256,0.01,fixed_sparse16,16,0.013671875,energy,0.00048828125,0.01,0.999942665334205
eval_005,prefill__C2,15360,256,0.01,fixed_sparse16,16,0.013671875,directional,0.01025390625,0.01,0.999942665334205
eval_005,prefill__C2,15360,256,0.01,fixed_sparse16,16,0.013671875,combined,0.0107421875,0.01,0.999942665334205
eval_005,prefill__C2,15360,256,0.01,adaptive_joint,256,0.0,spike,0.0,0.010000000895545405,0.9999424073799699
eval_005,prefill__C2,15360,256,0.01,adaptive_joint,256,0.0,energy,0.0,0.010000000895545405,0.9999424073799699
eval_005,prefill__C2,15360,256,0.01,adaptive_joint,256,0.0,directional,0.00146484375,0.010000000895545405,0.9999424073799699
eval_005,prefill__C2,15360,256,0.01,adaptive_joint,256,0.0,combined,0.00146484375,0.010000000895545405,0.9999424073799699
eval_005,prefill__C2,15360,256,0.02,fixed_diffuse,15360,0.08203125,spike,0.0,0.020000000000000007,0.9997938490682272
eval_005,prefill__C2,15360,256,0.02,fixed_diffuse,15360,0.08203125,energy,0.0,0.020000000000000007,0.9997938490682272
eval_005,prefill__C2,15360,256,0.02,fixed_diffuse,15360,0.08203125,directional,0.09228515625,0.020000000000000007,0.9997938490682272
eval_005,prefill__C2,15360,256,0.02,fixed_diffuse,15360,0.08203125,combined,0.09228515625,0.020000000000000007,0.9997938490682272
eval_005,prefill__C2,15360,256,0.02,fixed_directional,15346,1.0,spike,0.0,0.019999999999999993,0.9997960713502064
eval_005,prefill__C2,15360,256,0.02,fixed_directional,15346,1.0,energy,0.0,0.019999999999999993,0.9997960713502064
eval_005,prefill__C2,15360,256,0.02,fixed_directional,15346,1.0,directional,1.0,0.019999999999999993,0.9997960713502064
eval_005,prefill__C2,15360,256,0.02,fixed_directional,15346,1.0,combined,1.0,0.019999999999999993,0.9997960713502064
eval_005,prefill__C2,15360,256,0.02,fixed_sparse16,16,0.22265625,spike,0.2294921875,0.02,0.9997928338029619
eval_005,prefill__C2,15360,256,0.02,fixed_sparse16,16,0.22265625,energy,0.2294921875,0.02,0.9997928338029619
eval_005,prefill__C2,15360,256,0.02,fixed_sparse16,16,0.22265625,directional,0.1669921875,0.02,0.9997928338029619
eval_005,prefill__C2,15360,256,0.02,fixed_sparse16,16,0.22265625,combined,0.2294921875,0.02,0.9997928338029619
eval_005,prefill__C2,15360,256,0.02,adaptive_joint,15360,0.068359375,spike,0.0,0.019999998055731823,0.9997939731228299
eval_005,prefill__C2,15360,256,0.02,adaptive_joint,15360,0.068359375,energy,0.0,0.019999998055731823,0.9997939731228299
eval_005,prefill__C2,15360,256,0.02,adaptive_joint,15360,0.068359375,directional,0.0810546875,0.019999998055731823,0.9997939731228299
eval_005,prefill__C2,15360,256,0.02,adaptive_joint,15360,0.068359375,combined,0.0810546875,0.019999998055731823,0.9997939731228299
eval_005,prefill__C2,15360,256,0.05,fixed_diffuse,15360,1.0,spike,0.0,0.05000000000000002,0.9987478123041775
eval_005,prefill__C2,15360,256,0.05,fixed_diffuse,15360,1.0,energy,1.0,0.05000000000000002,0.9987478123041775
eval_005,prefill__C2,15360,256,0.05,fixed_diffuse,15360,1.0,directional,0.4794921875,0.05000000000000002,0.9987478123041775
eval_005,prefill__C2,15360,256,0.05,fixed_diffuse,15360,1.0,combined,1.0,0.05000000000000002,0.9987478123041775
eval_005,prefill__C2,15360,256,0.05,fixed_directional,15346,1.0,spike,0.0,0.05000000000000002,0.9987575805696649
eval_005,prefill__C2,15360,256,0.05,fixed_directional,15346,1.0,energy,1.0,0.05000000000000002,0.9987575805696649
eval_005,prefill__C2,15360,256,0.05,fixed_directional,15346,1.0,directional,1.0,0.05000000000000002,0.9987575805696649
eval_005,prefill__C2,15360,256,0.05,fixed_directional,15346,1.0,combined,1.0,0.05000000000000002,0.9987575805696649
eval_005,prefill__C2,15360,256,0.05,fixed_sparse16,16,0.220703125,spike,0.22705078125,0.05,0.9987440555151249
eval_005,prefill__C2,15360,256,0.05,fixed_sparse16,16,0.220703125,energy,0.22705078125,0.05,0.9987440555151249
eval_005,prefill__C2,15360,256,0.05,fixed_sparse16,16,0.220703125,directional,0.21142578125,0.05,0.9987440555151249
eval_005,prefill__C2,15360,256,0.05,fixed_sparse16,16,0.220703125,combined,0.22705078125,0.05,0.9987440555151249
eval_005,prefill__C2,15360,256,0.05,adaptive_joint,16,0.177734375,spike,0.1689453125,0.050000002746035985,0.9987449628650955
eval_005,prefill__C2,15360,256,0.05,adaptive_joint,16,0.177734375,energy,0.1689453125,0.050000002746035985,0.9987449628650955
eval_005,prefill__C2,15360,256,0.05,adaptive_joint,16,0.177734375,directional,0.1669921875,0.050000002746035985,0.9987449628650955
eval_005,prefill__C2,15360,256,0.05,adaptive_joint,16,0.177734375,combined,0.1689453125,0.050000002746035985,0.9987449628650955
eval_005,prefill__C2,15360,512,0.0,honest,0,,spike,0.0,0.0,0.9999927080218672
eval_005,prefill__C2,15360,512,0.0,honest,0,,energy,0.0,0.0,0.9999927080218672
eval_005,prefill__C2,15360,512,0.0,honest,0,,directional,0.0,0.0,0.9999927080218672
eval_005,prefill__C2,15360,512,0.0,honest,0,,combined,0.0,0.0,0.9999927080218672
eval_005,prefill__C2,15360,512,0.01,fixed_diffuse,15360,0.005859375,spike,0.0,0.010000000000000004,0.999942713929772
eval_005,prefill__C2,15360,512,0.01,fixed_diffuse,15360,0.005859375,energy,0.0,0.010000000000000004,0.999942713929772
eval_005,prefill__C2,15360,512,0.01,fixed_diffuse,15360,0.005859375,directional,0.01416015625,0.010000000000000004,0.999942713929772
eval_005,prefill__C2,15360,512,0.01,fixed_diffuse,15360,0.005859375,combined,0.01416015625,0.010000000000000004,0.999942713929772
eval_005,prefill__C2,15360,512,0.01,fixed_directional,15346,1.0,spike,0.0,0.009999999999999997,0.9999442093704596
eval_005,prefill__C2,15360,512,0.01,fixed_directional,15346,1.0,energy,0.0,0.009999999999999997,0.9999442093704596
eval_005,prefill__C2,15360,512,0.01,fixed_directional,15346,1.0,directional,1.0,0.009999999999999997,0.9999442093704596
eval_005,prefill__C2,15360,512,0.01,fixed_directional,15346,1.0,combined,1.0,0.009999999999999997,0.9999442093704596
eval_005,prefill__C2,15360,512,0.01,fixed_sparse16,16,0.01953125,spike,0.0,0.01,0.9999424491733706
eval_005,prefill__C2,15360,512,0.01,fixed_sparse16,16,0.01953125,energy,0.0,0.01,0.9999424491733706
eval_005,prefill__C2,15360,512,0.01,fixed_sparse16,16,0.01953125,directional,0.01123046875,0.01,0.9999424491733706
eval_005,prefill__C2,15360,512,0.01,fixed_sparse16,16,0.01953125,combined,0.01123046875,0.01,0.9999424491733706
eval_005,prefill__C2,15360,512,0.01,adaptive_joint,15360,0.00390625,spike,0.0,0.010000003294162646,0.9999428860184353
eval_005,prefill__C2,15360,512,0.01,adaptive_joint,15360,0.00390625,energy,0.0,0.010000003294162646,0.9999428860184353
eval_005,prefill__C2,15360,512,0.01,adaptive_joint,15360,0.00390625,directional,0.0107421875,0.010000003294162646,0.9999428860184353
eval_005,prefill__C2,15360,512,0.01,adaptive_joint,15360,0.00390625,combined,0.0107421875,0.010000003294162646,0.9999428860184353
eval_005,prefill__C2,15360,512,0.02,fixed_diffuse,15360,0.162109375,spike,0.0,0.020000000000000007,0.9997934025131746
eval_005,prefill__C2,15360,512,0.02,fixed_diffuse,15360,0.162109375,energy,0.0,0.020000000000000007,0.9997934025131746
eval_005,prefill__C2,15360,512,0.02,fixed_diffuse,15360,0.162109375,directional,0.1650390625,0.020000000000000007,0.9997934025131746
eval_005,prefill__C2,15360,512,0.02,fixed_diffuse,15360,0.162109375,combined,0.1650390625,0.020000000000000007,0.9997934025131746
eval_005,prefill__C2,15360,512,0.02,fixed_directional,15346,1.0,spike,0.0,0.019999999999999993,0.9997960713502064
eval_005,prefill__C2,15360,512,0.02,fixed_directional,15346,1.0,energy,0.0,0.019999999999999993,0.9997960713502064
eval_005,prefill__C2,15360,512,0.02,fixed_directional,15346,1.0,directional,1.0,0.019999999999999993,0.9997960713502064
eval_005,prefill__C2,15360,512,0.02,fixed_directional,15346,1.0,combined,1.0,0.019999999999999993,0.9997960713502064
eval_005,prefill__C2,15360,512,0.02,fixed_sparse16,16,0.416015625,spike,0.41015625,0.02,0.9997927560299427
eval_005,prefill__C2,15360,512,0.02,fixed_sparse16,16,0.416015625,energy,0.41015625,0.02,0.9997927560299427
eval_005,prefill__C2,15360,512,0.02,fixed_sparse16,16,0.416015625,directional,0.2138671875,0.02,0.9997927560299427
eval_005,prefill__C2,15360,512,0.02,fixed_sparse16,16,0.416015625,combined,0.41015625,0.02,0.9997927560299427
eval_005,prefill__C2,15360,512,0.02,adaptive_joint,16,0.171875,spike,0.19921875,0.02000000019699954,0.9997915400632807
eval_005,prefill__C2,15360,512,0.02,adaptive_joint,16,0.171875,energy,0.19921875,0.02000000019699954,0.9997915400632807
eval_005,prefill__C2,15360,512,0.02,adaptive_joint,16,0.171875,directional,0.18896484375,0.02000000019699954,0.9997915400632807
eval_005,prefill__C2,15360,512,0.02,adaptive_joint,16,0.171875,combined,0.19970703125,0.02000000019699954,0.9997915400632807
eval_005,prefill__C2,15360,512,0.05,fixed_diffuse,15360,1.0,spike,0.0,0.05000000000000002,0.998744491095512
eval_005,prefill__C2,15360,512,0.05,fixed_diffuse,15360,1.0,energy,1.0,0.05000000000000002,0.998744491095512
eval_005,prefill__C2,15360,512,0.05,fixed_diffuse,15360,1.0,directional,0.56103515625,0.05000000000000002,0.998744491095512
eval_005,prefill__C2,15360,512,0.05,fixed_diffuse,15360,1.0,combined,1.0,0.05000000000000002,0.998744491095512
eval_005,prefill__C2,15360,512,0.05,fixed_directional,15346,1.0,spike,0.0,0.05000000000000002,0.9987575805696649
eval_005,prefill__C2,15360,512,0.05,fixed_directional,15346,1.0,energy,1.0,0.05000000000000002,0.9987575805696649
eval_005,prefill__C2,15360,512,0.05,fixed_directional,15346,1.0,directional,1.0,0.05000000000000002,0.9987575805696649
eval_005,prefill__C2,15360,512,0.05,fixed_directional,15346,1.0,combined,1.0,0.05000000000000002,0.9987575805696649
eval_005,prefill__C2,15360,512,0.05,fixed_sparse16,16,0.42578125,spike,0.41162109375,0.05,0.998744824163675
eval_005,prefill__C2,15360,512,0.05,fixed_sparse16,16,0.42578125,energy,0.41162109375,0.05,0.998744824163675
eval_005,prefill__C2,15360,512,0.05,fixed_sparse16,16,0.42578125,directional,0.37255859375,0.05,0.998744824163675
eval_005,prefill__C2,15360,512,0.05,fixed_sparse16,16,0.42578125,combined,0.41162109375,0.05,0.998744824163675
eval_005,prefill__C2,15360,512,0.05,adaptive_joint,16,0.287109375,spike,0.30712890625,0.05000000120927449,0.9987446329023245
eval_005,prefill__C2,15360,512,0.05,adaptive_joint,16,0.287109375,energy,0.30712890625,0.05000000120927449,0.9987446329023245
eval_005,prefill__C2,15360,512,0.05,adaptive_joint,16,0.287109375,directional,0.30078125,0.05000000120927449,0.9987446329023245
eval_005,prefill__C2,15360,512,0.05,adaptive_joint,16,0.287109375,combined,0.30712890625,0.05000000120927449,0.9987446329023245
eval_005,prefill__C3,15360,64,0.0,honest,0,,spike,0.09033203125,0.0,0.9997518144625058
eval_005,prefill__C3,15360,64,0.0,honest,0,,energy,0.1689453125,0.0,0.9997518144625058
eval_005,prefill__C3,15360,64,0.0,honest,0,,directional,0.01416015625,0.0,0.9997518144625058
eval_005,prefill__C3,15360,64,0.0,honest,0,,combined,0.1806640625,0.0,0.9997518144625058
eval_005,prefill__C3,15360,64,0.01,fixed_diffuse,15360,0.224609375,spike,0.08837890625,0.010000000000000004,0.9997010823935252
eval_005,prefill__C3,15360,64,0.01,fixed_diffuse,15360,0.224609375,energy,0.2763671875,0.010000000000000004,0.9997010823935252
eval_005,prefill__C3,15360,64,0.01,fixed_diffuse,15360,0.224609375,directional,0.02099609375,0.010000000000000004,0.9997010823935252
eval_005,prefill__C3,15360,64,0.01,fixed_diffuse,15360,0.224609375,combined,0.28564453125,0.010000000000000004,0.9997010823935252
eval_005,prefill__C3,15360,64,0.01,fixed_directional,15360,0.880859375,spike,0.09521484375,0.010000000000000004,0.999717459923118
eval_005,prefill__C3,15360,64,0.01,fixed_directional,15360,0.880859375,energy,0.2783203125,0.010000000000000004,0.999717459923118
eval_005,prefill__C3,15360,64,0.01,fixed_directional,15360,0.880859375,directional,0.85205078125,0.010000000000000004,0.999717459923118
eval_005,prefill__C3,15360,64,0.01,fixed_directional,15360,0.880859375,combined,0.88916015625,0.010000000000000004,0.999717459923118
eval_005,prefill__C3,15360,64,0.01,fixed_sparse16,16,0.171875,spike,0.14453125,0.01,0.9997022465016475
eval_005,prefill__C3,15360,64,0.01,fixed_sparse16,16,0.171875,energy,0.216796875,0.01,0.9997022465016475
eval_005,prefill__C3,15360,64,0.01,fixed_sparse16,16,0.171875,directional,0.02978515625,0.01,0.9997022465016475
eval_005,prefill__C3,15360,64,0.01,fixed_sparse16,16,0.171875,combined,0.228515625,0.01,0.9997022465016475
eval_005,prefill__C3,15360,64,0.01,adaptive_joint,15360,0.13671875,spike,0.07958984375,0.009999999849387722,0.9997472417395458
eval_005,prefill__C3,15360,64,0.01,adaptive_joint,15360,0.13671875,energy,0.16357421875,0.009999999849387722,0.9997472417395458
eval_005,prefill__C3,15360,64,0.01,adaptive_joint,15360,0.13671875,directional,0.015625,0.009999999849387722,0.9997472417395458
eval_005,prefill__C3,15360,64,0.01,adaptive_joint,15360,0.13671875,combined,0.173828125,0.009999999849387722,0.9997472417395458
eval_005,prefill__C3,15360,64,0.02,fixed_diffuse,15360,0.794921875,spike,0.11669921875,0.020000000000000007,0.9995487781697564
eval_005,prefill__C3,15360,64,0.02,fixed_diffuse,15360,0.794921875,energy,0.82177734375,0.020000000000000007,0.9995487781697564
eval_005,prefill__C3,15360,64,0.02,fixed_diffuse,15360,0.794921875,directional,0.0517578125,0.020000000000000007,0.9995487781697564
eval_005,prefill__C3,15360,64,0.02,fixed_diffuse,15360,0.794921875,combined,0.82568359375,0.020000000000000007,0.9995487781697564
eval_005,prefill__C3,15360,64,0.02,fixed_directional,15360,1.0,spike,0.123046875,0.020000000000000007,0.9996176425235119
eval_005,prefill__C3,15360,64,0.02,fixed_directional,15360,1.0,energy,0.79052734375,0.020000000000000007,0.9996176425235119
eval_005,prefill__C3,15360,64,0.02,fixed_directional,15360,1.0,directional,1.0,0.020000000000000007,0.9996176425235119
eval_005,prefill__C3,15360,64,0.02,fixed_directional,15360,1.0,combined,1.0,0.020000000000000007,0.9996176425235119
eval_005,prefill__C3,15360,64,0.02,fixed_sparse16,16,0.201171875,spike,0.1455078125,0.02,0.9995466788795639
eval_005,prefill__C3,15360,64,0.02,fixed_sparse16,16,0.201171875,energy,0.2197265625,0.02,0.9995466788795639
eval_005,prefill__C3,15360,64,0.02,fixed_sparse16,16,0.201171875,directional,0.06396484375,0.02,0.9995466788795639
eval_005,prefill__C3,15360,64,0.02,fixed_sparse16,16,0.201171875,combined,0.23095703125,0.02,0.9995466788795639
eval_005,prefill__C3,15360,64,0.02,adaptive_joint,16,0.16015625,spike,0.13525390625,0.020000000740566366,0.9995486970045443
eval_005,prefill__C3,15360,64,0.02,adaptive_joint,16,0.16015625,energy,0.212890625,0.020000000740566366,0.9995486970045443
eval_005,prefill__C3,15360,64,0.02,adaptive_joint,16,0.16015625,directional,0.04443359375,0.020000000740566366,0.9995486970045443
eval_005,prefill__C3,15360,64,0.02,adaptive_joint,16,0.16015625,combined,0.224609375,0.020000000740566366,0.9995486970045443
eval_005,prefill__C3,15360,64,0.05,fixed_diffuse,15360,1.0,spike,0.1923828125,0.05000000000000002,0.9985059331940793
eval_005,prefill__C3,15360,64,0.05,fixed_diffuse,15360,1.0,energy,1.0,0.05000000000000002,0.9985059331940793
eval_005,prefill__C3,15360,64,0.05,fixed_diffuse,15360,1.0,directional,0.302734375,0.05000000000000002,0.9985059331940793
eval_005,prefill__C3,15360,64,0.05,fixed_diffuse,15360,1.0,combined,1.0,0.05000000000000002,0.9985059331940793
eval_005,prefill__C3,15360,64,0.05,fixed_directional,15360,1.0,spike,0.23583984375,0.05000000000000002,0.9989477263339687
eval_005,prefill__C3,15360,64,0.05,fixed_directional,15360,1.0,energy,1.0,0.05000000000000002,0.9989477263339687
eval_005,prefill__C3,15360,64,0.05,fixed_directional,15360,1.0,directional,1.0,0.05000000000000002,0.9989477263339687
eval_005,prefill__C3,15360,64,0.05,fixed_directional,15360,1.0,combined,1.0,0.05000000000000002,0.9989477263339687
eval_005,prefill__C3,15360,64,0.05,fixed_sparse16,16,0.1953125,spike,0.1591796875,0.05,0.9984952846130227
eval_005,prefill__C3,15360,64,0.05,fixed_sparse16,16,0.1953125,energy,0.232421875,0.05,0.9984952846130227
eval_005,prefill__C3,15360,64,0.05,fixed_sparse16,16,0.1953125,directional,0.08642578125,0.05,0.9984952846130227
eval_005,prefill__C3,15360,64,0.05,fixed_sparse16,16,0.1953125,combined,0.24365234375,0.05,0.9984952846130227
eval_005,prefill__C3,15360,64,0.05,adaptive_joint,16,0.166015625,spike,0.15087890625,0.0500000014033355,0.9985016058783664
eval_005,prefill__C3,15360,64,0.05,adaptive_joint,16,0.166015625,energy,0.22607421875,0.0500000014033355,0.9985016058783664
eval_005,prefill__C3,15360,64,0.05,adaptive_joint,16,0.166015625,directional,0.0732421875,0.0500000014033355,0.9985016058783664
eval_005,prefill__C3,15360,64,0.05,adaptive_joint,16,0.166015625,combined,0.23681640625,0.0500000014033355,0.9985016058783664
eval_005,prefill__C3,15360,128,0.0,honest,0,,spike,0.12255859375,0.0,0.9997518144625058
eval_005,prefill__C3,15360,128,0.0,honest,0,,energy,0.25341796875,0.0,0.9997518144625058
eval_005,prefill__C3,15360,128,0.0,honest,0,,directional,0.0078125,0.0,0.9997518144625058
eval_005,prefill__C3,15360,128,0.0,honest,0,,combined,0.27197265625,0.0,0.9997518144625058
eval_005,prefill__C3,15360,128,0.01,fixed_diffuse,15360,0.466796875,spike,0.11767578125,0.010000000000000004,0.9997009328955655
eval_005,prefill__C3,15360,128,0.01,fixed_diffuse,15360,0.466796875,energy,0.49169921875,0.010000000000000004,0.9997009328955655
eval_005,prefill__C3,15360,128,0.01,fixed_diffuse,15360,0.466796875,directional,0.009765625,0.010000000000000004,0.9997009328955655
eval_005,prefill__C3,15360,128,0.01,fixed_diffuse,15360,0.466796875,combined,0.494140625,0.010000000000000004,0.9997009328955655
eval_005,prefill__C3,15360,128,0.01,fixed_directional,15360,0.994140625,spike,0.130859375,0.010000000000000004,0.999717459923118
eval_005,prefill__C3,15360,128,0.01,fixed_directional,15360,0.994140625,energy,0.47998046875,0.010000000000000004,0.999717459923118
eval_005,prefill__C3,15360,128,0.01,fixed_directional,15360,0.994140625,directional,0.98974609375,0.010000000000000004,0.999717459923118
eval_005,prefill__C3,15360,128,0.01,fixed_directional,15360,0.994140625,combined,0.99462890625,0.010000000000000004,0.999717459923118
eval_005,prefill__C3,15360,128,0.01,fixed_sparse16,16,0.375,spike,0.2314453125,0.01,0.9997007318597103
eval_005,prefill__C3,15360,128,0.01,fixed_sparse16,16,0.375,energy,0.34765625,0.01,0.9997007318597103
eval_005,prefill__C3,15360,128,0.01,fixed_sparse16,16,0.375,directional,0.0126953125,0.01,0.9997007318597103
eval_005,prefill__C3,15360,128,0.01,fixed_sparse16,16,0.375,combined,0.36474609375,0.01,0.9997007318597103
eval_005,prefill__C3,15360,128,0.01,adaptive_joint,15360,0.142578125,spike,0.0966796875,0.010000001262703874,0.9997924471570685
eval_005,prefill__C3,15360,128,0.01,adaptive_joint,15360,0.142578125,energy,0.1220703125,0.010000001262703874,0.9997924471570685
eval_005,prefill__C3,15360,128,0.01,adaptive_joint,15360,0.142578125,directional,0.00390625,0.010000001262703874,0.9997924471570685
eval_005,prefill__C3,15360,128,0.01,adaptive_joint,15360,0.142578125,combined,0.1533203125,0.010000001262703874,0.9997924471570685
eval_005,prefill__C3,15360,128,0.02,fixed_diffuse,15360,0.99609375,spike,0.11865234375,0.020000000000000007,0.9995504571240547
eval_005,prefill__C3,15360,128,0.02,fixed_diffuse,15360,0.99609375,energy,0.99560546875,0.020000000000000007,0.9995504571240547
eval_005,prefill__C3,15360,128,0.02,fixed_diffuse,15360,0.99609375,directional,0.03173828125,0.020000000000000007,0.9995504571240547
eval_005,prefill__C3,15360,128,0.02,fixed_diffuse,15360,0.99609375,combined,0.99560546875,0.020000000000000007,0.9995504571240547
eval_005,prefill__C3,15360,128,0.02,fixed_directional,15360,1.0,spike,0.12109375,0.020000000000000007,0.9996176425235119
eval_005,prefill__C3,15360,128,0.02,fixed_directional,15360,1.0,energy,0.99560546875,0.020000000000000007,0.9996176425235119
eval_005,prefill__C3,15360,128,0.02,fixed_directional,15360,1.0,directional,1.0,0.020000000000000007,0.9996176425235119
eval_005,prefill__C3,15360,128,0.02,fixed_directional,15360,1.0,combined,1.0,0.020000000000000007,0.9996176425235119
eval_005,prefill__C3,15360,128,0.02,fixed_sparse16,16,0.3515625,spike,0.23828125,0.02,0.9995478757795287
eval_005,prefill__C3,15360,128,0.02,fixed_sparse16,16,0.3515625,energy,0.3505859375,0.02,0.9995478757795287
eval_005,prefill__C3,15360,128,0.02,fixed_sparse16,16,0.3515625,directional,0.05615234375,0.02,0.9995478757795287
eval_005,prefill__C3,15360,128,0.02,fixed_sparse16,16,0.3515625,combined,0.36669921875,0.02,0.9995478757795287
eval_005,prefill__C3,15360,128,0.02,adaptive_joint,16,0.357421875,spike,0.20556640625,0.0200000010142412,0.9995514103343238
eval_005,prefill__C3,15360,128,0.02,adaptive_joint,16,0.357421875,energy,0.33056640625,0.0200000010142412,0.9995514103343238
eval_005,prefill__C3,15360,128,0.02,adaptive_joint,16,0.357421875,directional,0.0498046875,0.0200000010142412,0.9995514103343238
eval_005,prefill__C3,15360,128,0.02,adaptive_joint,16,0.357421875,combined,0.34765625,0.0200000010142412,0.9995514103343238
eval_005,prefill__C3,15360,128,0.05,fixed_diffuse,15360,1.0,spike,0.27685546875,0.05000000000000002,0.9984864085994187
eval_005,prefill__C3,15360,128,0.05,fixed_diffuse,15360,1.0,energy,1.0,0.05000000000000002,0.9984864085994187
eval_005,prefill__C3,15360,128,0.05,fixed_diffuse,15360,1.0,directional,0.24609375,0.05000000000000002,0.9984864085994187
eval_005,prefill__C3,15360,128,0.05,fixed_diffuse,15360,1.0,combined,1.0,0.05000000000000002,0.9984864085994187
eval_005,prefill__C3,15360,128,0.05,fixed_directional,15360,1.0,spike,0.279296875,0.05000000000000002,0.9989477263339687
eval_005,prefill__C3,15360,128,0.05,fixed_directional,15360,1.0,energy,1.0,0.05000000000000002,0.9989477263339687
eval_005,prefill__C3,15360,128,0.05,fixed_directional,15360,1.0,directional,1.0,0.05000000000000002,0.9989477263339687
eval_005,prefill__C3,15360,128,0.05,fixed_directional,15360,1.0,combined,1.0,0.05000000000000002,0.9989477263339687
eval_005,prefill__C3,15360,128,0.05,fixed_sparse16,16,0.3828125,spike,0.23046875,0.05,0.9984957825108329
eval_005,prefill__C3,15360,128,0.05,fixed_sparse16,16,0.3828125,energy,0.3408203125,0.05,0.9984957825108329
eval_005,prefill__C3,15360,128,0.05,fixed_sparse16,16,0.3828125,directional,0.1298828125,0.05,0.9984957825108329
eval_005,prefill__C3,15360,128,0.05,fixed_sparse16,16,0.3828125,combined,0.35693359375,0.05,0.9984957825108329
eval_005,prefill__C3,15360,128,0.05,adaptive_joint,16,0.3515625,spike,0.205078125,0.04999999808824408,0.9985063635529069
eval_005,prefill__C3,15360,128,0.05,adaptive_joint,16,0.3515625,energy,0.328125,0.04999999808824408,0.9985063635529069
eval_005,prefill__C3,15360,128,0.05,adaptive_joint,16,0.3515625,directional,0.078125,0.04999999808824408,0.9985063635529069
eval_005,prefill__C3,15360,128,0.05,adaptive_joint,16,0.3515625,combined,0.34423828125,0.04999999808824408,0.9985063635529069
eval_005,prefill__C3,15360,256,0.0,honest,0,,spike,0.2236328125,0.0,0.9997518144625058
eval_005,prefill__C3,15360,256,0.0,honest,0,,energy,0.42822265625,0.0,0.9997518144625058
eval_005,prefill__C3,15360,256,0.0,honest,0,,directional,0.00244140625,0.0,0.9997518144625058
eval_005,prefill__C3,15360,256,0.0,honest,0,,combined,0.4580078125,0.0,0.9997518144625058
eval_005,prefill__C3,15360,256,0.01,fixed_diffuse,15360,0.833984375,spike,0.236328125,0.010000000000000004,0.999700640835886
eval_005,prefill__C3,15360,256,0.01,fixed_diffuse,15360,0.833984375,energy,0.80419921875,0.010000000000000004,0.999700640835886
eval_005,prefill__C3,15360,256,0.01,fixed_diffuse,15360,0.833984375,directional,0.00390625,0.010000000000000004,0.999700640835886
eval_005,prefill__C3,15360,256,0.01,fixed_diffuse,15360,0.833984375,combined,0.806640625,0.010000000000000004,0.999700640835886
eval_005,prefill__C3,15360,256,0.01,fixed_directional,15360,1.0,spike,0.232421875,0.010000000000000004,0.999717459923118
eval_005,prefill__C3,15360,256,0.01,fixed_directional,15360,1.0,energy,0.79931640625,0.010000000000000004,0.999717459923118
eval_005,prefill__C3,15360,256,0.01,fixed_directional,15360,1.0,directional,1.0,0.010000000000000004,0.999717459923118
eval_005,prefill__C3,15360,256,0.01,fixed_directional,15360,1.0,combined,1.0,0.010000000000000004,0.999717459923118
eval_005,prefill__C3,15360,256,0.01,fixed_sparse16,16,0.607421875,spike,0.3916015625,0.01,0.999702147103952
eval_005,prefill__C3,15360,256,0.01,fixed_sparse16,16,0.607421875,energy,0.5517578125,0.01,0.999702147103952
eval_005,prefill__C3,15360,256,0.01,fixed_sparse16,16,0.607421875,directional,0.00537109375,0.01,0.999702147103952
eval_005,prefill__C3,15360,256,0.01,fixed_sparse16,16,0.607421875,combined,0.57666015625,0.01,0.999702147103952
eval_005,prefill__C3,15360,256,0.01,adaptive_joint,15360,0.095703125,spike,0.09423828125,0.010000001794780139,0.9998425174998379
eval_005,prefill__C3,15360,256,0.01,adaptive_joint,15360,0.095703125,energy,0.048828125,0.010000001794780139,0.9998425174998379
eval_005,prefill__C3,15360,256,0.01,adaptive_joint,15360,0.095703125,directional,0.00048828125,0.010000001794780139,0.9998425174998379
eval_005,prefill__C3,15360,256,0.01,adaptive_joint,15360,0.095703125,combined,0.103515625,0.010000001794780139,0.9998425174998379
eval_005,prefill__C3,15360,256,0.02,fixed_diffuse,15360,1.0,spike,0.2470703125,0.020000000000000007,0.999554863117066
eval_005,prefill__C3,15360,256,0.02,fixed_diffuse,15360,1.0,energy,1.0,0.020000000000000007,0.999554863117066
eval_005,prefill__C3,15360,256,0.02,fixed_diffuse,15360,1.0,directional,0.017578125,0.020000000000000007,0.999554863117066
eval_005,prefill__C3,15360,256,0.02,fixed_diffuse,15360,1.0,combined,1.0,0.020000000000000007,0.999554863117066
eval_005,prefill__C3,15360,256,0.02,fixed_directional,15360,1.0,spike,0.2373046875,0.020000000000000007,0.9996176425235119
eval_005,prefill__C3,15360,256,0.02,fixed_directional,15360,1.0,energy,1.0,0.020000000000000007,0.9996176425235119
eval_005,prefill__C3,15360,256,0.02,fixed_directional,15360,1.0,directional,1.0,0.020000000000000007,0.9996176425235119
eval_005,prefill__C3,15360,256,0.02,fixed_directional,15360,1.0,combined,1.0,0.020000000000000007,0.9996176425235119
eval_005,prefill__C3,15360,256,0.02,fixed_sparse16,16,0.603515625,spike,0.42041015625,0.02,0.9995555791918302
eval_005,prefill__C3,15360,256,0.02,fixed_sparse16,16,0.603515625,energy,0.5673828125,0.02,0.9995555791918302
eval_005,prefill__C3,15360,256,0.02,fixed_sparse16,16,0.603515625,directional,0.029296875,0.02,0.9995555791918302
eval_005,prefill__C3,15360,256,0.02,fixed_sparse16,16,0.603515625,combined,0.59033203125,0.02,0.9995555791918302
eval_005,prefill__C3,15360,256,0.02,adaptive_joint,16,0.6171875,spike,0.384765625,0.02000000150661322,0.9995532023108957
eval_005,prefill__C3,15360,256,0.02,adaptive_joint,16,0.6171875,energy,0.55078125,0.02000000150661322,0.9995532023108957
eval_005,prefill__C3,15360,256,0.02,adaptive_joint,16,0.6171875,directional,0.02587890625,0.02000000150661322,0.9995532023108957
eval_005,prefill__C3,15360,256,0.02,adaptive_joint,16,0.6171875,combined,0.57275390625,0.02000000150661322,0.9995532023108957
eval_005,prefill__C3,15360,256,0.05,fixed_diffuse,15360,1.0,spike,0.37890625,0.05000000000000002,0.9985224404840125
eval_005,prefill__C3,15360,256,0.05,fixed_diffuse,15360,1.0,energy,1.0,0.05000000000000002,0.9985224404840125
eval_005,prefill__C3,15360,256,0.05,fixed_diffuse,15360,1.0,directional,0.18701171875,0.05000000000000002,0.9985224404840125
eval_005,prefill__C3,15360,256,0.05,fixed_diffuse,15360,1.0,combined,1.0,0.05000000000000002,0.9985224404840125
eval_005,prefill__C3,15360,256,0.05,fixed_directional,15360,1.0,spike,0.48095703125,0.05000000000000002,0.9989477263339687
eval_005,prefill__C3,15360,256,0.05,fixed_directional,15360,1.0,energy,1.0,0.05000000000000002,0.9989477263339687
eval_005,prefill__C3,15360,256,0.05,fixed_directional,15360,1.0,directional,1.0,0.05000000000000002,0.9989477263339687
eval_005,prefill__C3,15360,256,0.05,fixed_directional,15360,1.0,combined,1.0,0.05000000000000002,0.9989477263339687
eval_005,prefill__C3,15360,256,0.05,fixed_sparse16,16,0.595703125,spike,0.39306640625,0.05,0.998500391249344
eval_005,prefill__C3,15360,256,0.05,fixed_sparse16,16,0.595703125,energy,0.55126953125,0.05,0.998500391249344
eval_005,prefill__C3,15360,256,0.05,fixed_sparse16,16,0.595703125,directional,0.19189453125,0.05,0.998500391249344
eval_005,prefill__C3,15360,256,0.05,fixed_sparse16,16,0.595703125,combined,0.5732421875,0.05,0.998500391249344
eval_005,prefill__C3,15360,256,0.05,adaptive_joint,16,0.595703125,spike,0.38427734375,0.05000000086965548,0.9985106692933426
eval_005,prefill__C3,15360,256,0.05,adaptive_joint,16,0.595703125,energy,0.55029296875,0.05000000086965548,0.9985106692933426
eval_005,prefill__C3,15360,256,0.05,adaptive_joint,16,0.595703125,directional,0.12744140625,0.05000000086965548,0.9985106692933426
eval_005,prefill__C3,15360,256,0.05,adaptive_joint,16,0.595703125,combined,0.57568359375,0.05000000086965548,0.9985106692933426
eval_005,prefill__C3,15360,512,0.0,honest,0,,spike,0.06396484375,0.0,0.9997518144625058
eval_005,prefill__C3,15360,512,0.0,honest,0,,energy,0.75244140625,0.0,0.9997518144625058
eval_005,prefill__C3,15360,512,0.0,honest,0,,directional,0.00048828125,0.0,0.9997518144625058
eval_005,prefill__C3,15360,512,0.0,honest,0,,combined,0.75244140625,0.0,0.9997518144625058
eval_005,prefill__C3,15360,512,0.01,fixed_diffuse,15360,0.98828125,spike,0.06396484375,0.010000000000000004,0.999702934873668
eval_005,prefill__C3,15360,512,0.01,fixed_diffuse,15360,0.98828125,energy,0.9921875,0.010000000000000004,0.999702934873668
eval_005,prefill__C3,15360,512,0.01,fixed_diffuse,15360,0.98828125,directional,0.0009765625,0.010000000000000004,0.999702934873668
eval_005,prefill__C3,15360,512,0.01,fixed_diffuse,15360,0.98828125,combined,0.9921875,0.010000000000000004,0.999702934873668
eval_005,prefill__C3,15360,512,0.01,fixed_directional,15360,1.0,spike,0.06396484375,0.010000000000000004,0.999717459923118
eval_005,prefill__C3,15360,512,0.01,fixed_directional,15360,1.0,energy,0.9873046875,0.010000000000000004,0.999717459923118
eval_005,prefill__C3,15360,512,0.01,fixed_directional,15360,1.0,directional,1.0,0.010000000000000004,0.999717459923118
eval_005,prefill__C3,15360,512,0.01,fixed_directional,15360,1.0,combined,1.0,0.010000000000000004,0.999717459923118
eval_005,prefill__C3,15360,512,0.01,fixed_sparse16,16,0.853515625,spike,0.45361328125,0.01,0.9996997045453304
eval_005,prefill__C3,15360,512,0.01,fixed_sparse16,16,0.853515625,energy,0.85693359375,0.01,0.9996997045453304
eval_005,prefill__C3,15360,512,0.01,fixed_sparse16,16,0.853515625,directional,0.0009765625,0.01,0.9996997045453304
eval_005,prefill__C3,15360,512,0.01,fixed_sparse16,16,0.853515625,combined,0.85693359375,0.01,0.9996997045453304
eval_005,prefill__C3,15360,512,0.01,adaptive_joint,15360,0.029296875,spike,0.02978515625,0.010000001678982256,0.9998743592675011
eval_005,prefill__C3,15360,512,0.01,adaptive_joint,15360,0.029296875,energy,0.01513671875,0.010000001678982256,0.9998743592675011
eval_005,prefill__C3,15360,512,0.01,adaptive_joint,15360,0.029296875,directional,0.0,0.010000001678982256,0.9998743592675011
eval_005,prefill__C3,15360,512,0.01,adaptive_joint,15360,0.029296875,combined,0.03173828125,0.010000001678982256,0.9998743592675011
eval_005,prefill__C3,15360,512,0.02,fixed_diffuse,15360,1.0,spike,0.06396484375,0.020000000000000007,0.9995509026106176
eval_005,prefill__C3,15360,512,0.02,fixed_diffuse,15360,1.0,energy,1.0,0.020000000000000007,0.9995509026106176
eval_005,prefill__C3,15360,512,0.02,fixed_diffuse,15360,1.0,directional,0.00732421875,0.020000000000000007,0.9995509026106176
eval_005,prefill__C3,15360,512,0.02,fixed_diffuse,15360,1.0,combined,1.0,0.020000000000000007,0.9995509026106176
eval_005,prefill__C3,15360,512,0.02,fixed_directional,15360,1.0,spike,0.06396484375,0.020000000000000007,0.9996176425235119
eval_005,prefill__C3,15360,512,0.02,fixed_directional,15360,1.0,energy,1.0,0.020000000000000007,0.9996176425235119
eval_005,prefill__C3,15360,512,0.02,fixed_directional,15360,1.0,directional,1.0,0.020000000000000007,0.9996176425235119
eval_005,prefill__C3,15360,512,0.02,fixed_directional,15360,1.0,combined,1.0,0.020000000000000007,0.9996176425235119
eval_005,prefill__C3,15360,512,0.02,fixed_sparse16,16,0.82421875,spike,0.46826171875,0.02,0.9995533315730186
eval_005,prefill__C3,15360,512,0.02,fixed_sparse16,16,0.82421875,energy,0.8564453125,0.02,0.9995533315730186
eval_005,prefill__C3,15360,512,0.02,fixed_sparse16,16,0.82421875,directional,0.01123046875,0.02,0.9995533315730186
eval_005,prefill__C3,15360,512,0.02,fixed_sparse16,16,0.82421875,combined,0.8564453125,0.02,0.9995533315730186
eval_005,prefill__C3,15360,512,0.02,adaptive_joint,15360,0.158203125,spike,0.02978515625,0.019999995956868268,0.9998060362095568
eval_005,prefill__C3,15360,512,0.02,adaptive_joint,15360,0.158203125,energy,0.17626953125,0.019999995956868268,0.9998060362095568
eval_005,prefill__C3,15360,512,0.02,adaptive_joint,15360,0.158203125,directional,0.00048828125,0.019999995956868268,0.9998060362095568
eval_005,prefill__C3,15360,512,0.02,adaptive_joint,15360,0.158203125,combined,0.17626953125,0.019999995956868268,0.9998060362095568
eval_005,prefill__C3,15360,512,0.05,fixed_diffuse,15360,1.0,spike,0.1953125,0.05000000000000002,0.9985119787506875
eval_005,prefill__C3,15360,512,0.05,fixed_diffuse,15360,1.0,energy,1.0,0.05000000000000002,0.9985119787506875
eval_005,prefill__C3,15360,512,0.05,fixed_diffuse,15360,1.0,directional,0.13427734375,0.05000000000000002,0.9985119787506875
eval_005,prefill__C3,15360,512,0.05,fixed_diffuse,15360,1.0,combined,1.0,0.05000000000000002,0.9985119787506875
eval_005,prefill__C3,15360,512,0.05,fixed_directional,15360,1.0,spike,0.24169921875,0.05000000000000002,0.9989477263339687
eval_005,prefill__C3,15360,512,0.05,fixed_directional,15360,1.0,energy,1.0,0.05000000000000002,0.9989477263339687
eval_005,prefill__C3,15360,512,0.05,fixed_directional,15360,1.0,directional,1.0,0.05000000000000002,0.9989477263339687
eval_005,prefill__C3,15360,512,0.05,fixed_directional,15360,1.0,combined,1.0,0.05000000000000002,0.9989477263339687
eval_005,prefill__C3,15360,512,0.05,fixed_sparse16,16,0.828125,spike,0.45849609375,0.05,0.998510355157186
eval_005,prefill__C3,15360,512,0.05,fixed_sparse16,16,0.828125,energy,0.85498046875,0.05,0.998510355157186
eval_005,prefill__C3,15360,512,0.05,fixed_sparse16,16,0.828125,directional,0.14013671875,0.05,0.998510355157186
eval_005,prefill__C3,15360,512,0.05,fixed_sparse16,16,0.828125,combined,0.85498046875,0.05,0.998510355157186
eval_005,prefill__C3,15360,512,0.05,adaptive_joint,16,0.810546875,spike,0.37841796875,0.05000000216674196,0.9984971538958897
eval_005,prefill__C3,15360,512,0.05,adaptive_joint,16,0.810546875,energy,0.83251953125,0.05000000216674196,0.9984971538958897
eval_005,prefill__C3,15360,512,0.05,adaptive_joint,16,0.810546875,directional,0.16552734375,0.05000000216674196,0.9984971538958897
eval_005,prefill__C3,15360,512,0.05,adaptive_joint,16,0.810546875,combined,0.83251953125,0.05000000216674196,0.9984971538958897
